park_id,park_name,province,fiscal_year,calendar_year,month,thai_visitors,foreign_visitors,total_visitors,source_name,source_url,retrieved_at,schema_version,avg_temperature_2m_c,avg_relative_humidity_pct,total_precipitation_mm,avg_wind_speed_10m_kmh,weather_observations,pm25_max_ug_m3,pm25_exceed_days,hotspot_count
doi_inthanon,ดอยอินทนนท์,เชียงใหม่,2559,2015,10,,,72189,dnp_tourism,https://catalog.dnp.go.th/dataset/91d66c6a-5b88-41ee-8597-11be8aec5aa6/resource/be300299-f9a3-4eac-b558-0c088dd77a64/download/tourism59-68.csv,2026-09-16T11:38:42.034893+00:00,1.0,11.331,85.294,105.3,3.428,744,,,
doi_inthanon,ดอยอินทนนท์,เชียงใหม่,2559,2015,11,,,74266,dnp_tourism,https://catalog.dnp.go.th/dataset/91d66c6a-5b88-41ee-8597-11be8aec5aa6/resource/be300299-f9a3-4eac-b558-0c088dd77a64/download/tourism59-68.csv,2026-09-16T11:38:42.035068+00:00,1.0,11.111,79.165,41.0,3.409,720,,,
doi_inthanon,ดอยอินทนนท์,เชียงใหม่,2559,2015,12,,,197431,dnp_tourism,https://catalog.dnp.go.th/dataset/91d66c6a-5b88-41ee-8597-11be8aec5aa6/resource/be300299-f9a3-4eac-b558-0c088dd77a64/download/tourism59-68.csv,2026-09-16T11:38:42.035074+00:00,1.0,9.093,77.431,32.1,3.434,744,,,
doi_inthanon,ดอยอินทนนท์,เชียงใหม่,2559,2016,1,,,180865,dnp_tourism,https://catalog.dnp.go.th/dataset/91d66c6a-5b88-41ee-8597-11be8aec5aa6/resource/be300299-f9a3-4eac-b558-0c088dd77a64/download/tourism59-68.csv,2026-09-16T11:38:42.035080+00:00,1.0,7.046,66.823,32.3,4.631,744,,,
doi_inthanon,ดอยอินทนนท์,เชียงใหม่,2559,2016,2,,,78238,dnp_tourism,https://catalog.dnp.go.th/dataset/91d66c6a-5b88-41ee-8597-11be8aec5aa6/resource/be300299-f9a3-4eac-b558-0c088dd77a64/download/tourism59-68.csv,2026-09-16T11:38:42.035083+00:00,1.0,9.235,61.996,10.2,4.712,696,,,
doi_inthanon,ดอยอินทนนท์,เชียงใหม่,2559,2016,3,,,32137,dnp_tourism,https://catalog.dnp.go.th/dataset/91d66c6a-5b88-41ee-8597-11be8aec5aa6/resource/be300299-f9a3-4eac-b558-0c088dd77a64/download/tourism59-68.csv,2026-09-16T11:38:42.035087+00:00,1.0,13.661,51.503,0.9,5.558,744,,,
doi_inthanon,ดอยอินทนนท์,เชียงใหม่,2559,2016,4,,,44143,dnp_tourism,https://catalog.dnp.go.th/dataset/91d66c6a-5b88-41ee-8597-11be8aec5aa6/resource/be300299-f9a3-4eac-b558-0c088dd77a64/download/tourism59-68.csv,2026-09-16T11:38:42.035089+00:00,1.0,16.894,45.782,8.4,7.097,720,,,
doi_inthanon,ดอยอินทนนท์,เชียงใหม่,2559,2016,5,,,23508,dnp_tourism,https://catalog.dnp.go.th/dataset/91d66c6a-5b88-41ee-8597-11be8aec5aa6/resource/be300299-f9a3-4eac-b558-0c088dd77a64/download/tourism59-68.csv,2026-09-16T11:38:42.035092+00:00,1.0,15.404,64.204,117.5,5.221,744,,,
doi_inthanon,ดอยอินทนนท์,เชียงใหม่,2559,2016,6,,,18138,dnp_tourism,https://catalog.dnp.go.th/dataset/91d66c6a-5b88-41ee-8597-11be8aec5aa6/resource/be300299-f9a3-4eac-b558-0c088dd77a64/download/tourism59-68.csv,2026-09-16T11:38:42.035094+00:00,1.0,12.592,88.176,324.0,4.62,720,,,
doi_inthanon,ดอยอินทนนท์,เชียงใหม่,2559,2016,7,,,32868,dnp_tourism,https://catalog.dnp.go.th/dataset/91d66c6a-5b88-41ee-8597-11be8aec5aa6/resource/be300299-f9a3-4eac-b558-0c088dd77a64/download/tourism59-68.csv,2026-09-16T11:38:42.035097+00:00,1.0,12.255,89.692,293.7,4.993,744,,,
doi_inthanon,ดอยอินทนนท์,เชียงใหม่,2559,2016,8,,,31722,dnp_tourism,https://catalog.dnp.go.th/dataset/91d66c6a-5b88-41ee-8597-11be8aec5aa6/resource/be300299-f9a3-4eac-b558-0c088dd77a64/download/tourism59-68.csv,2026-09-16T11:38:42.035100+00:00,1.0,12.379,89.297,252.1,5.506,744,,,
doi_inthanon,ดอยอินทนนท์,เชียงใหม่,2559,2016,9,,,20628,dnp_tourism,https://catalog.dnp.go.th/dataset/91d66c6a-5b88-41ee-8597-11be8aec5aa6/resource/be300299-f9a3-4eac-b558-0c088dd77a64/download/tourism59-68.csv,2026-09-16T11:38:42.035102+00:00,1.0,12.116,88.85,220.1,3.93,720,,,
doi_suthep_pui,ดอยสุเทพ-ปุย,เชียงใหม่,2559,2015,10,,,33241,dnp_tourism,https://catalog.dnp.go.th/dataset/91d66c6a-5b88-41ee-8597-11be8aec5aa6/resource/be300299-f9a3-4eac-b558-0c088dd77a64/download/tourism59-68.csv,2026-09-16T11:38:42.035115+00:00,1.0,20.381,84.017,57.7,3.355,744,,,
doi_suthep_pui,ดอยสุเทพ-ปุย,เชียงใหม่,2559,2015,11,,,30278,dnp_tourism,https://catalog.dnp.go.th/dataset/91d66c6a-5b88-41ee-8597-11be8aec5aa6/resource/be300299-f9a3-4eac-b558-0c088dd77a64/download/tourism59-68.csv,2026-09-16T11:38:42.035118+00:00,1.0,20.23,76.706,16.7,3.681,720,,,
doi_suthep_pui,ดอยสุเทพ-ปุย,เชียงใหม่,2559,2015,12,,,41483,dnp_tourism,https://catalog.dnp.go.th/dataset/91d66c6a-5b88-41ee-8597-11be8aec5aa6/resource/be300299-f9a3-4eac-b558-0c088dd77a64/download/tourism59-68.csv,2026-09-16T11:38:42.035120+00:00,1.0,18.167,74.315,16.6,4.049,744,,,
doi_suthep_pui,ดอยสุเทพ-ปุย,เชียงใหม่,2559,2016,1,,,37322,dnp_tourism,https://catalog.dnp.go.th/dataset/91d66c6a-5b88-41ee-8597-11be8aec5aa6/resource/be300299-f9a3-4eac-b558-0c088dd77a64/download/tourism59-68.csv,2026-09-16T11:38:42.035125+00:00,1.0,16.022,64.996,8.8,4.609,744,,,
doi_suthep_pui,ดอยสุเทพ-ปุย,เชียงใหม่,2559,2016,2,,,26232,dnp_tourism,https://catalog.dnp.go.th/dataset/91d66c6a-5b88-41ee-8597-11be8aec5aa6/resource/be300299-f9a3-4eac-b558-0c088dd77a64/download/tourism59-68.csv,2026-09-16T11:38:42.035128+00:00,1.0,18.782,57.537,11.1,5.18,696,,,
doi_suthep_pui,ดอยสุเทพ-ปุย,เชียงใหม่,2559,2016,3,,,29283,dnp_tourism,https://catalog.dnp.go.th/dataset/91d66c6a-5b88-41ee-8597-11be8aec5aa6/resource/be300299-f9a3-4eac-b558-0c088dd77a64/download/tourism59-68.csv,2026-09-16T11:38:42.035131+00:00,1.0,23.556,47.849,0.1,5.602,744,,,
doi_suthep_pui,ดอยสุเทพ-ปุย,เชียงใหม่,2559,2016,4,,,45488,dnp_tourism,https://catalog.dnp.go.th/dataset/91d66c6a-5b88-41ee-8597-11be8aec5aa6/resource/be300299-f9a3-4eac-b558-0c088dd77a64/download/tourism59-68.csv,2026-09-16T11:38:42.035134+00:00,1.0,27.032,40.432,1.8,6.516,720,,,
doi_suthep_pui,ดอยสุเทพ-ปุย,เชียงใหม่,2559,2016,5,,,21216,dnp_tourism,https://catalog.dnp.go.th/dataset/91d66c6a-5b88-41ee-8597-11be8aec5aa6/resource/be300299-f9a3-4eac-b558-0c088dd77a64/download/tourism59-68.csv,2026-09-16T11:38:42.035136+00:00,1.0,25.042,62.265,53.2,5.382,744,,,
doi_suthep_pui,ดอยสุเทพ-ปุย,เชียงใหม่,2559,2016,6,,,13170,dnp_tourism,https://catalog.dnp.go.th/dataset/91d66c6a-5b88-41ee-8597-11be8aec5aa6/resource/be300299-f9a3-4eac-b558-0c088dd77a64/download/tourism59-68.csv,2026-09-16T11:38:42.035139+00:00,1.0,21.724,85.426,181.6,4.703,720,,,
doi_suthep_pui,ดอยสุเทพ-ปุย,เชียงใหม่,2559,2016,7,,,23813,dnp_tourism,https://catalog.dnp.go.th/dataset/91d66c6a-5b88-41ee-8597-11be8aec5aa6/resource/be300299-f9a3-4eac-b558-0c088dd77a64/download/tourism59-68.csv,2026-09-16T11:38:42.035141+00:00,1.0,21.271,88.144,181.8,4.413,744,,,
doi_suthep_pui,ดอยสุเทพ-ปุย,เชียงใหม่,2559,2016,8,,,20204,dnp_tourism,https://catalog.dnp.go.th/dataset/91d66c6a-5b88-41ee-8597-11be8aec5aa6/resource/be300299-f9a3-4eac-b558-0c088dd77a64/download/tourism59-68.csv,2026-09-16T11:38:42.035143+00:00,1.0,21.382,87.859,224.4,3.993,744,,,
doi_suthep_pui,ดอยสุเทพ-ปุย,เชียงใหม่,2559,2016,9,,,13261,dnp_tourism,https://catalog.dnp.go.th/dataset/91d66c6a-5b88-41ee-8597-11be8aec5aa6/resource/be300299-f9a3-4eac-b558-0c088dd77a64/download/tourism59-68.csv,2026-09-16T11:38:42.035146+00:00,1.0,21.099,87.846,300.6,3.139,720,,,
mae_ping,แม่ปิง,เชียงใหม่,2559,2015,10,,,2149,dnp_tourism,https://catalog.dnp.go.th/dataset/91d66c6a-5b88-41ee-8597-11be8aec5aa6/resource/be300299-f9a3-4eac-b558-0c088dd77a64/download/tourism59-68.csv,2026-09-16T11:38:42.035156+00:00,1.0,22.395,85.434,74.9,3.663,744,,,
mae_ping,แม่ปิง,เชียงใหม่,2559,2015,11,,,1842,dnp_tourism,https://catalog.dnp.go.th/dataset/91d66c6a-5b88-41ee-8597-11be8aec5aa6/resource/be300299-f9a3-4eac-b558-0c088dd77a64/download/tourism59-68.csv,2026-09-16T11:38:42.035159+00:00,1.0,22.735,78.303,13.7,4.048,720,,,
mae_ping,แม่ปิง,เชียงใหม่,2559,2015,12,,,5859,dnp_tourism,https://catalog.dnp.go.th/dataset/91d66c6a-5b88-41ee-8597-11be8aec5aa6/resource/be300299-f9a3-4eac-b558-0c088dd77a64/download/tourism59-68.csv,2026-09-16T11:38:42.035161+00:00,1.0,20.813,74.507,29.3,4.081,744,,,
mae_ping,แม่ปิง,เชียงใหม่,2559,2016,1,,,4402,dnp_tourism,https://catalog.dnp.go.th/dataset/91d66c6a-5b88-41ee-8597-11be8aec5aa6/resource/be300299-f9a3-4eac-b558-0c088dd77a64/download/tourism59-68.csv,2026-09-16T11:38:42.035164+00:00,1.0,19.278,63.657,19.4,4.721,744,,,
mae_ping,แม่ปิง,เชียงใหม่,2559,2016,2,,,1897,dnp_tourism,https://catalog.dnp.go.th/dataset/91d66c6a-5b88-41ee-8597-11be8aec5aa6/resource/be300299-f9a3-4eac-b558-0c088dd77a64/download/tourism59-68.csv,2026-09-16T11:38:42.035166+00:00,1.0,21.457,56.431,1.6,5.427,696,,,
mae_ping,แม่ปิง,เชียงใหม่,2559,2016,3,,,1877,dnp_tourism,https://catalog.dnp.go.th/dataset/91d66c6a-5b88-41ee-8597-11be8aec5aa6/resource/be300299-f9a3-4eac-b558-0c088dd77a64/download/tourism59-68.csv,2026-09-16T11:38:42.035169+00:00,1.0,26.177,49.835,0.1,5.561,744,,,
mae_ping,แม่ปิง,เชียงใหม่,2559,2016,4,,,9265,dnp_tourism,https://catalog.dnp.go.th/dataset/91d66c6a-5b88-41ee-8597-11be8aec5aa6/resource/be300299-f9a3-4eac-b558-0c088dd77a64/download/tourism59-68.csv,2026-09-16T11:38:42.035171+00:00,1.0,28.9,46.025,5.1,6.297,720,,,
mae_ping,แม่ปิง,เชียงใหม่,2559,2016,5,,,2033,dnp_tourism,https://catalog.dnp.go.th/dataset/91d66c6a-5b88-41ee-8597-11be8aec5aa6/resource/be300299-f9a3-4eac-b558-0c088dd77a64/download/tourism59-68.csv,2026-09-16T11:38:42.035174+00:00,1.0,27.154,62.559,107.7,5.001,744,,,
mae_ping,แม่ปิง,เชียงใหม่,2559,2016,6,,,497,dnp_tourism,https://catalog.dnp.go.th/dataset/91d66c6a-5b88-41ee-8597-11be8aec5aa6/resource/be300299-f9a3-4eac-b558-0c088dd77a64/download/tourism59-68.csv,2026-09-16T11:38:42.035176+00:00,1.0,23.339,85.825,220.7,4.605,720,,,
mae_ping,แม่ปิง,เชียงใหม่,2559,2016,7,,,573,dnp_tourism,https://catalog.dnp.go.th/dataset/91d66c6a-5b88-41ee-8597-11be8aec5aa6/resource/be300299-f9a3-4eac-b558-0c088dd77a64/download/tourism59-68.csv,2026-09-16T11:38:42.035178+00:00,1.0,23.022,87.035,210.3,4.648,744,,,
mae_ping,แม่ปิง,เชียงใหม่,2559,2016,8,,,467,dnp_tourism,https://catalog.dnp.go.th/dataset/91d66c6a-5b88-41ee-8597-11be8aec5aa6/resource/be300299-f9a3-4eac-b558-0c088dd77a64/download/tourism59-68.csv,2026-09-16T11:38:42.035181+00:00,1.0,23.036,86.644,173.6,5.034,744,,,
mae_ping,แม่ปิง,เชียงใหม่,2559,2016,9,,,836,dnp_tourism,https://catalog.dnp.go.th/dataset/91d66c6a-5b88-41ee-8597-11be8aec5aa6/resource/be300299-f9a3-4eac-b558-0c088dd77a64/download/tourism59-68.csv,2026-09-16T11:38:42.035183+00:00,1.0,22.763,88.576,180.8,3.766,720,,,
sri_lanna,ศรีลานนา,เชียงใหม่,2559,2015,10,,,8707,dnp_tourism,https://catalog.dnp.go.th/dataset/91d66c6a-5b88-41ee-8597-11be8aec5aa6/resource/be300299-f9a3-4eac-b558-0c088dd77a64/download/tourism59-68.csv,2026-09-16T11:38:42.035192+00:00,1.0,24.543,86.012,56.1,3.163,744,,,
sri_lanna,ศรีลานนา,เชียงใหม่,2559,2015,11,,,5653,dnp_tourism,https://catalog.dnp.go.th/dataset/91d66c6a-5b88-41ee-8597-11be8aec5aa6/resource/be300299-f9a3-4eac-b558-0c088dd77a64/download/tourism59-68.csv,2026-09-16T11:38:42.035194+00:00,1.0,24.521,79.583,20.4,3.278,720,,,
sri_lanna,ศรีลานนา,เชียงใหม่,2559,2015,12,,,11648,dnp_tourism,https://catalog.dnp.go.th/dataset/91d66c6a-5b88-41ee-8597-11be8aec5aa6/resource/be300299-f9a3-4eac-b558-0c088dd77a64/download/tourism59-68.csv,2026-09-16T11:38:42.035197+00:00,1.0,22.513,75.745,22.7,3.717,744,,,
sri_lanna,ศรีลานนา,เชียงใหม่,2559,2016,1,,,7483,dnp_tourism,https://catalog.dnp.go.th/dataset/91d66c6a-5b88-41ee-8597-11be8aec5aa6/resource/be300299-f9a3-4eac-b558-0c088dd77a64/download/tourism59-68.csv,2026-09-16T11:38:42.035199+00:00,1.0,20.655,65.134,18.1,4.316,744,,,
sri_lanna,ศรีลานนา,เชียงใหม่,2559,2016,2,,,4363,dnp_tourism,https://catalog.dnp.go.th/dataset/91d66c6a-5b88-41ee-8597-11be8aec5aa6/resource/be300299-f9a3-4eac-b558-0c088dd77a64/download/tourism59-68.csv,2026-09-16T11:38:42.035225+00:00,1.0,23.86,57.372,10.0,4.947,696,,,
sri_lanna,ศรีลานนา,เชียงใหม่,2559,2016,3,,,7266,dnp_tourism,https://catalog.dnp.go.th/dataset/91d66c6a-5b88-41ee-8597-11be8aec5aa6/resource/be300299-f9a3-4eac-b558-0c088dd77a64/download/tourism59-68.csv,2026-09-16T11:38:42.035237+00:00,1.0,28.68,47.624,0.6,5.643,744,,,
sri_lanna,ศรีลานนา,เชียงใหม่,2559,2016,4,,,13008,dnp_tourism,https://catalog.dnp.go.th/dataset/91d66c6a-5b88-41ee-8597-11be8aec5aa6/resource/be300299-f9a3-4eac-b558-0c088dd77a64/download/tourism59-68.csv,2026-09-16T11:38:42.035242+00:00,1.0,31.979,40.568,1.8,6.061,720,,,
sri_lanna,ศรีลานนา,เชียงใหม่,2559,2016,5,,,9811,dnp_tourism,https://catalog.dnp.go.th/dataset/91d66c6a-5b88-41ee-8597-11be8aec5aa6/resource/be300299-f9a3-4eac-b558-0c088dd77a64/download/tourism59-68.csv,2026-09-16T11:38:42.035256+00:00,1.0,29.453,64.868,102.0,4.997,744,,,
sri_lanna,ศรีลานนา,เชียงใหม่,2559,2016,6,,,4450,dnp_tourism,https://catalog.dnp.go.th/dataset/91d66c6a-5b88-41ee-8597-11be8aec5aa6/resource/be300299-f9a3-4eac-b558-0c088dd77a64/download/tourism59-68.csv,2026-09-16T11:38:42.035262+00:00,1.0,25.743,87.385,223.1,4.407,720,,,
sri_lanna,ศรีลานนา,เชียงใหม่,2559,2016,7,,,6558,dnp_tourism,https://catalog.dnp.go.th/dataset/91d66c6a-5b88-41ee-8597-11be8aec5aa6/resource/be300299-f9a3-4eac-b558-0c088dd77a64/download/tourism59-68.csv,2026-09-16T11:38:42.035274+00:00,1.0,25.216,89.931,258.6,4.117,744,,,
sri_lanna,ศรีลานนา,เชียงใหม่,2559,2016,8,,,4329,dnp_tourism,https://catalog.dnp.go.th/dataset/91d66c6a-5b88-41ee-8597-11be8aec5aa6/resource/be300299-f9a3-4eac-b558-0c088dd77a64/download/tourism59-68.csv,2026-09-16T11:38:42.035279+00:00,1.0,25.427,89.277,270.2,3.635,744,,,
sri_lanna,ศรีลานนา,เชียงใหม่,2559,2016,9,,,3410,dnp_tourism,https://catalog.dnp.go.th/dataset/91d66c6a-5b88-41ee-8597-11be8aec5aa6/resource/be300299-f9a3-4eac-b558-0c088dd77a64/download/tourism59-68.csv,2026-09-16T11:38:42.035315+00:00,1.0,25.252,89.358,261.0,3.037,720,,,
ob_luang,ออบหลวง,เชียงใหม่,2559,2015,10,,,3254,dnp_tourism,https://catalog.dnp.go.th/dataset/91d66c6a-5b88-41ee-8597-11be8aec5aa6/resource/be300299-f9a3-4eac-b558-0c088dd77a64/download/tourism59-68.csv,2026-09-16T11:38:42.035362+00:00,1.0,22.241,86.427,90.7,3.772,744,,,
ob_luang,ออบหลวง,เชียงใหม่,2559,2015,11,,,4914,dnp_tourism,https://catalog.dnp.go.th/dataset/91d66c6a-5b88-41ee-8597-11be8aec5aa6/resource/be300299-f9a3-4eac-b558-0c088dd77a64/download/tourism59-68.csv,2026-09-16T11:38:42.035366+00:00,1.0,22.711,79.253,38.0,3.798,720,,,
ob_luang,ออบหลวง,เชียงใหม่,2559,2015,12,,,12060,dnp_tourism,https://catalog.dnp.go.th/dataset/91d66c6a-5b88-41ee-8597-11be8aec5aa6/resource/be300299-f9a3-4eac-b558-0c088dd77a64/download/tourism59-68.csv,2026-09-16T11:38:42.035369+00:00,1.0,20.476,76.254,48.0,3.783,744,,,
ob_luang,ออบหลวง,เชียงใหม่,2559,2016,1,,,8287,dnp_tourism,https://catalog.dnp.go.th/dataset/91d66c6a-5b88-41ee-8597-11be8aec5aa6/resource/be300299-f9a3-4eac-b558-0c088dd77a64/download/tourism59-68.csv,2026-09-16T11:38:42.035371+00:00,1.0,18.405,67.789,36.5,5.01,744,,,
ob_luang,ออบหลวง,เชียงใหม่,2559,2016,2,,,3406,dnp_tourism,https://catalog.dnp.go.th/dataset/91d66c6a-5b88-41ee-8597-11be8aec5aa6/resource/be300299-f9a3-4eac-b558-0c088dd77a64/download/tourism59-68.csv,2026-09-16T11:38:42.035374+00:00,1.0,20.882,62.483,7.9,5.324,696,,,
ob_luang,ออบหลวง,เชียงใหม่,2559,2016,3,,,1897,dnp_tourism,https://catalog.dnp.go.th/dataset/91d66c6a-5b88-41ee-8597-11be8aec5aa6/resource/be300299-f9a3-4eac-b558-0c088dd77a64/download/tourism59-68.csv,2026-09-16T11:38:42.035376+00:00,1.0,25.454,54.749,0.5,6.054,744,,,
ob_luang,ออบหลวง,เชียงใหม่,2559,2016,4,,,3149,dnp_tourism,https://catalog.dnp.go.th/dataset/91d66c6a-5b88-41ee-8597-11be8aec5aa6/resource/be300299-f9a3-4eac-b558-0c088dd77a64/download/tourism59-68.csv,2026-09-16T11:38:42.035379+00:00,1.0,28.06,51.947,8.8,7.798,720,,,
ob_luang,ออบหลวง,เชียงใหม่,2559,2016,5,,,1511,dnp_tourism,https://catalog.dnp.go.th/dataset/91d66c6a-5b88-41ee-8597-11be8aec5aa6/resource/be300299-f9a3-4eac-b558-0c088dd77a64/download/tourism59-68.csv,2026-09-16T11:38:42.035381+00:00,1.0,26.558,67.063,120.3,5.795,744,,,
ob_luang,ออบหลวง,เชียงใหม่,2559,2016,6,,,956,dnp_tourism,https://catalog.dnp.go.th/dataset/91d66c6a-5b88-41ee-8597-11be8aec5aa6/resource/be300299-f9a3-4eac-b558-0c088dd77a64/download/tourism59-68.csv,2026-09-16T11:38:42.035384+00:00,1.0,23.031,89.671,308.4,5.011,720,,,
ob_luang,ออบหลวง,เชียงใหม่,2559,2016,7,,,2021,dnp_tourism,https://catalog.dnp.go.th/dataset/91d66c6a-5b88-41ee-8597-11be8aec5aa6/resource/be300299-f9a3-4eac-b558-0c088dd77a64/download/tourism59-68.csv,2026-09-16T11:38:42.035386+00:00,1.0,22.688,90.548,282.5,5.703,744,,,
ob_luang,ออบหลวง,เชียงใหม่,2559,2016,8,,,1852,dnp_tourism,https://catalog.dnp.go.th/dataset/91d66c6a-5b88-41ee-8597-11be8aec5aa6/resource/be300299-f9a3-4eac-b558-0c088dd77a64/download/tourism59-68.csv,2026-09-16T11:38:42.035389+00:00,1.0,22.668,90.241,191.8,6.73,744,,,
ob_luang,ออบหลวง,เชียงใหม่,2559,2016,9,,,1549,dnp_tourism,https://catalog.dnp.go.th/dataset/91d66c6a-5b88-41ee-8597-11be8aec5aa6/resource/be300299-f9a3-4eac-b558-0c088dd77a64/download/tourism59-68.csv,2026-09-16T11:38:42.035391+00:00,1.0,22.595,90.213,176.8,4.636,720,,,
huai_nam_dang,ห้วยน้ำดัง,เชียงใหม่,2559,2015,10,,,15191,dnp_tourism,https://catalog.dnp.go.th/dataset/91d66c6a-5b88-41ee-8597-11be8aec5aa6/resource/be300299-f9a3-4eac-b558-0c088dd77a64/download/tourism59-68.csv,2026-09-16T11:38:42.035400+00:00,1.0,18.353,87.047,106.2,3.094,744,,,
huai_nam_dang,ห้วยน้ำดัง,เชียงใหม่,2559,2015,11,,,19046,dnp_tourism,https://catalog.dnp.go.th/dataset/91d66c6a-5b88-41ee-8597-11be8aec5aa6/resource/be300299-f9a3-4eac-b558-0c088dd77a64/download/tourism59-68.csv,2026-09-16T11:38:42.035403+00:00,1.0,17.756,84.412,49.3,2.848,720,,,
huai_nam_dang,ห้วยน้ำดัง,เชียงใหม่,2559,2015,12,,,61408,dnp_tourism,https://catalog.dnp.go.th/dataset/91d66c6a-5b88-41ee-8597-11be8aec5aa6/resource/be300299-f9a3-4eac-b558-0c088dd77a64/download/tourism59-68.csv,2026-09-16T11:38:42.035406+00:00,1.0,15.752,81.219,30.8,3.467,744,,,
huai_nam_dang,ห้วยน้ำดัง,เชียงใหม่,2559,2016,1,,,39480,dnp_tourism,https://catalog.dnp.go.th/dataset/91d66c6a-5b88-41ee-8597-11be8aec5aa6/resource/be300299-f9a3-4eac-b558-0c088dd77a64/download/tourism59-68.csv,2026-09-16T11:38:42.035408+00:00,1.0,13.811,70.336,34.8,4.141,744,,,
huai_nam_dang,ห้วยน้ำดัง,เชียงใหม่,2559,2016,2,,,15915,dnp_tourism,https://catalog.dnp.go.th/dataset/91d66c6a-5b88-41ee-8597-11be8aec5aa6/resource/be300299-f9a3-4eac-b558-0c088dd77a64/download/tourism59-68.csv,2026-09-16T11:38:42.035411+00:00,1.0,16.416,64.8,6.0,4.671,696,,,
huai_nam_dang,ห้วยน้ำดัง,เชียงใหม่,2559,2016,3,,,7916,dnp_tourism,https://catalog.dnp.go.th/dataset/91d66c6a-5b88-41ee-8597-11be8aec5aa6/resource/be300299-f9a3-4eac-b558-0c088dd77a64/download/tourism59-68.csv,2026-09-16T11:38:42.035414+00:00,1.0,21.077,51.819,0.3,5.978,744,,,
huai_nam_dang,ห้วยน้ำดัง,เชียงใหม่,2559,2016,4,,,17066,dnp_tourism,https://catalog.dnp.go.th/dataset/91d66c6a-5b88-41ee-8597-11be8aec5aa6/resource/be300299-f9a3-4eac-b558-0c088dd77a64/download/tourism59-68.csv,2026-09-16T11:38:42.035416+00:00,1.0,24.379,44.165,2.5,7.211,720,,,
huai_nam_dang,ห้วยน้ำดัง,เชียงใหม่,2559,2016,5,,,3846,dnp_tourism,https://catalog.dnp.go.th/dataset/91d66c6a-5b88-41ee-8597-11be8aec5aa6/resource/be300299-f9a3-4eac-b558-0c088dd77a64/download/tourism59-68.csv,2026-09-16T11:38:42.035418+00:00,1.0,22.342,69.522,157.4,5.035,744,,,
huai_nam_dang,ห้วยน้ำดัง,เชียงใหม่,2559,2016,6,,,3542,dnp_tourism,https://catalog.dnp.go.th/dataset/91d66c6a-5b88-41ee-8597-11be8aec5aa6/resource/be300299-f9a3-4eac-b558-0c088dd77a64/download/tourism59-68.csv,2026-09-16T11:38:42.035421+00:00,1.0,19.737,89.306,375.8,3.929,720,,,
huai_nam_dang,ห้วยน้ำดัง,เชียงใหม่,2559,2016,7,,,7152,dnp_tourism,https://catalog.dnp.go.th/dataset/91d66c6a-5b88-41ee-8597-11be8aec5aa6/resource/be300299-f9a3-4eac-b558-0c088dd77a64/download/tourism59-68.csv,2026-09-16T11:38:42.035423+00:00,1.0,19.442,89.853,328.5,4.47,744,,,
huai_nam_dang,ห้วยน้ำดัง,เชียงใหม่,2559,2016,8,,,5439,dnp_tourism,https://catalog.dnp.go.th/dataset/91d66c6a-5b88-41ee-8597-11be8aec5aa6/resource/be300299-f9a3-4eac-b558-0c088dd77a64/download/tourism59-68.csv,2026-09-16T11:38:42.035426+00:00,1.0,19.467,89.642,335.2,4.873,744,,,
huai_nam_dang,ห้วยน้ำดัง,เชียงใหม่,2559,2016,9,,,3758,dnp_tourism,https://catalog.dnp.go.th/dataset/91d66c6a-5b88-41ee-8597-11be8aec5aa6/resource/be300299-f9a3-4eac-b558-0c088dd77a64/download/tourism59-68.csv,2026-09-16T11:38:42.035428+00:00,1.0,19.366,89.201,218.3,3.691,720,,,
doi_pha_hom_pok,ดอยผ้าห่มปก,เชียงใหม่,2559,2015,10,,,8520,dnp_tourism,https://catalog.dnp.go.th/dataset/91d66c6a-5b88-41ee-8597-11be8aec5aa6/resource/be300299-f9a3-4eac-b558-0c088dd77a64/download/tourism59-68.csv,2026-09-16T11:38:42.035485+00:00,1.0,23.288,87.823,79.2,2.732,744,,,
doi_pha_hom_pok,ดอยผ้าห่มปก,เชียงใหม่,2559,2015,11,,,8522,dnp_tourism,https://catalog.dnp.go.th/dataset/91d66c6a-5b88-41ee-8597-11be8aec5aa6/resource/be300299-f9a3-4eac-b558-0c088dd77a64/download/tourism59-68.csv,2026-09-16T11:38:42.035513+00:00,1.0,22.431,85.471,49.4,2.625,720,,,
doi_pha_hom_pok,ดอยผ้าห่มปก,เชียงใหม่,2559,2015,12,,,27131,dnp_tourism,https://catalog.dnp.go.th/dataset/91d66c6a-5b88-41ee-8597-11be8aec5aa6/resource/be300299-f9a3-4eac-b558-0c088dd77a64/download/tourism59-68.csv,2026-09-16T11:38:42.035521+00:00,1.0,20.187,82.364,32.2,3.607,744,,,
doi_pha_hom_pok,ดอยผ้าห่มปก,เชียงใหม่,2559,2016,1,,,29628,dnp_tourism,https://catalog.dnp.go.th/dataset/91d66c6a-5b88-41ee-8597-11be8aec5aa6/resource/be300299-f9a3-4eac-b558-0c088dd77a64/download/tourism59-68.csv,2026-09-16T11:38:42.035525+00:00,1.0,18.489,70.202,18.5,4.259,744,,,
doi_pha_hom_pok,ดอยผ้าห่มปก,เชียงใหม่,2559,2016,2,,,12818,dnp_tourism,https://catalog.dnp.go.th/dataset/91d66c6a-5b88-41ee-8597-11be8aec5aa6/resource/be300299-f9a3-4eac-b558-0c088dd77a64/download/tourism59-68.csv,2026-09-16T11:38:42.035530+00:00,1.0,21.409,63.121,9.8,4.962,696,,,
doi_pha_hom_pok,ดอยผ้าห่มปก,เชียงใหม่,2559,2016,3,,,10427,dnp_tourism,https://catalog.dnp.go.th/dataset/91d66c6a-5b88-41ee-8597-11be8aec5aa6/resource/be300299-f9a3-4eac-b558-0c088dd77a64/download/tourism59-68.csv,2026-09-16T11:38:42.035534+00:00,1.0,26.491,50.214,0.0,5.628,744,,,
doi_pha_hom_pok,ดอยผ้าห่มปก,เชียงใหม่,2559,2016,4,,,23951,dnp_tourism,https://catalog.dnp.go.th/dataset/91d66c6a-5b88-41ee-8597-11be8aec5aa6/resource/be300299-f9a3-4eac-b558-0c088dd77a64/download/tourism59-68.csv,2026-09-16T11:38:42.035537+00:00,1.0,29.91,42.356,7.7,6.477,720,,,
doi_pha_hom_pok,ดอยผ้าห่มปก,เชียงใหม่,2559,2016,5,,,5416,dnp_tourism,https://catalog.dnp.go.th/dataset/91d66c6a-5b88-41ee-8597-11be8aec5aa6/resource/be300299-f9a3-4eac-b558-0c088dd77a64/download/tourism59-68.csv,2026-09-16T11:38:42.035539+00:00,1.0,27.536,70.79,113.0,4.717,744,,,
doi_pha_hom_pok,ดอยผ้าห่มปก,เชียงใหม่,2559,2016,6,,,3228,dnp_tourism,https://catalog.dnp.go.th/dataset/91d66c6a-5b88-41ee-8597-11be8aec5aa6/resource/be300299-f9a3-4eac-b558-0c088dd77a64/download/tourism59-68.csv,2026-09-16T11:38:42.035568+00:00,1.0,25.202,87.039,175.6,4.326,720,,,
doi_pha_hom_pok,ดอยผ้าห่มปก,เชียงใหม่,2559,2016,7,,,4704,dnp_tourism,https://catalog.dnp.go.th/dataset/91d66c6a-5b88-41ee-8597-11be8aec5aa6/resource/be300299-f9a3-4eac-b558-0c088dd77a64/download/tourism59-68.csv,2026-09-16T11:38:42.035578+00:00,1.0,24.729,88.817,256.5,4.307,744,,,
doi_pha_hom_pok,ดอยผ้าห่มปก,เชียงใหม่,2559,2016,8,,,4151,dnp_tourism,https://catalog.dnp.go.th/dataset/91d66c6a-5b88-41ee-8597-11be8aec5aa6/resource/be300299-f9a3-4eac-b558-0c088dd77a64/download/tourism59-68.csv,2026-09-16T11:38:42.035581+00:00,1.0,24.938,88.464,224.8,4.335,744,,,
doi_pha_hom_pok,ดอยผ้าห่มปก,เชียงใหม่,2559,2016,9,,,3641,dnp_tourism,https://catalog.dnp.go.th/dataset/91d66c6a-5b88-41ee-8597-11be8aec5aa6/resource/be300299-f9a3-4eac-b558-0c088dd77a64/download/tourism59-68.csv,2026-09-16T11:38:42.035588+00:00,1.0,24.657,88.537,193.8,3.39,720,,,
pha_daeng,ผาแดง,เชียงใหม่,2559,2015,10,,,2975,dnp_tourism,https://catalog.dnp.go.th/dataset/91d66c6a-5b88-41ee-8597-11be8aec5aa6/resource/be300299-f9a3-4eac-b558-0c088dd77a64/download/tourism59-68.csv,2026-09-16T11:38:42.035620+00:00,1.0,23.854,86.815,64.9,3.158,744,,,
pha_daeng,ผาแดง,เชียงใหม่,2559,2015,11,,,3066,dnp_tourism,https://catalog.dnp.go.th/dataset/91d66c6a-5b88-41ee-8597-11be8aec5aa6/resource/be300299-f9a3-4eac-b558-0c088dd77a64/download/tourism59-68.csv,2026-09-16T11:38:42.035624+00:00,1.0,23.418,83.792,53.6,3.073,720,,,
pha_daeng,ผาแดง,เชียงใหม่,2559,2015,12,,,7160,dnp_tourism,https://catalog.dnp.go.th/dataset/91d66c6a-5b88-41ee-8597-11be8aec5aa6/resource/be300299-f9a3-4eac-b558-0c088dd77a64/download/tourism59-68.csv,2026-09-16T11:38:42.035627+00:00,1.0,21.268,80.474,38.4,3.839,744,,,
pha_daeng,ผาแดง,เชียงใหม่,2559,2016,1,,,5810,dnp_tourism,https://catalog.dnp.go.th/dataset/91d66c6a-5b88-41ee-8597-11be8aec5aa6/resource/be300299-f9a3-4eac-b558-0c088dd77a64/download/tourism59-68.csv,2026-09-16T11:38:42.035629+00:00,1.0,19.393,68.198,22.4,4.423,744,,,
pha_daeng,ผาแดง,เชียงใหม่,2559,2016,2,,,4393,dnp_tourism,https://catalog.dnp.go.th/dataset/91d66c6a-5b88-41ee-8597-11be8aec5aa6/resource/be300299-f9a3-4eac-b558-0c088dd77a64/download/tourism59-68.csv,2026-09-16T11:38:42.035632+00:00,1.0,22.475,61.454,3.8,5.297,696,,,
pha_daeng,ผาแดง,เชียงใหม่,2559,2016,3,,,4068,dnp_tourism,https://catalog.dnp.go.th/dataset/91d66c6a-5b88-41ee-8597-11be8aec5aa6/resource/be300299-f9a3-4eac-b558-0c088dd77a64/download/tourism59-68.csv,2026-09-16T11:38:42.035634+00:00,1.0,27.709,48.696,0.3,5.651,744,,,
pha_daeng,ผาแดง,เชียงใหม่,2559,2016,4,,,6813,dnp_tourism,https://catalog.dnp.go.th/dataset/91d66c6a-5b88-41ee-8597-11be8aec5aa6/resource/be300299-f9a3-4eac-b558-0c088dd77a64/download/tourism59-68.csv,2026-09-16T11:38:42.035637+00:00,1.0,30.759,43.289,7.9,6.197,720,,,
pha_daeng,ผาแดง,เชียงใหม่,2559,2016,5,,,1696,dnp_tourism,https://catalog.dnp.go.th/dataset/91d66c6a-5b88-41ee-8597-11be8aec5aa6/resource/be300299-f9a3-4eac-b558-0c088dd77a64/download/tourism59-68.csv,2026-09-16T11:38:42.035639+00:00,1.0,28.442,68.665,138.7,4.971,744,,,
pha_daeng,ผาแดง,เชียงใหม่,2559,2016,6,,,888,dnp_tourism,https://catalog.dnp.go.th/dataset/91d66c6a-5b88-41ee-8597-11be8aec5aa6/resource/be300299-f9a3-4eac-b558-0c088dd77a64/download/tourism59-68.csv,2026-09-16T11:38:42.035642+00:00,1.0,25.328,87.713,197.3,4.556,720,,,
pha_daeng,ผาแดง,เชียงใหม่,2559,2016,7,,,1813,dnp_tourism,https://catalog.dnp.go.th/dataset/91d66c6a-5b88-41ee-8597-11be8aec5aa6/resource/be300299-f9a3-4eac-b558-0c088dd77a64/download/tourism59-68.csv,2026-09-16T11:38:42.035647+00:00,1.0,24.75,89.848,260.1,4.185,744,,,
pha_daeng,ผาแดง,เชียงใหม่,2559,2016,8,,,1288,dnp_tourism,https://catalog.dnp.go.th/dataset/91d66c6a-5b88-41ee-8597-11be8aec5aa6/resource/be300299-f9a3-4eac-b558-0c088dd77a64/download/tourism59-68.csv,2026-09-16T11:38:42.035651+00:00,1.0,24.887,89.284,239.8,3.957,744,,,
pha_daeng,ผาแดง,เชียงใหม่,2559,2016,9,,,917,dnp_tourism,https://catalog.dnp.go.th/dataset/91d66c6a-5b88-41ee-8597-11be8aec5aa6/resource/be300299-f9a3-4eac-b558-0c088dd77a64/download/tourism59-68.csv,2026-09-16T11:38:42.035653+00:00,1.0,24.829,88.918,164.6,3.341,720,,,
khun_khan,ขุนขาน,เชียงใหม่,2559,2015,10,,,38,dnp_tourism,https://catalog.dnp.go.th/dataset/91d66c6a-5b88-41ee-8597-11be8aec5aa6/resource/be300299-f9a3-4eac-b558-0c088dd77a64/download/tourism59-68.csv,2026-09-16T11:38:42.035692+00:00,1.0,21.901,87.105,148.8,3.441,744,,,
khun_khan,ขุนขาน,เชียงใหม่,2559,2015,11,,,53,dnp_tourism,https://catalog.dnp.go.th/dataset/91d66c6a-5b88-41ee-8597-11be8aec5aa6/resource/be300299-f9a3-4eac-b558-0c088dd77a64/download/tourism59-68.csv,2026-09-16T11:38:42.035695+00:00,1.0,21.635,82.282,80.7,3.43,720,,,
khun_khan,ขุนขาน,เชียงใหม่,2559,2015,12,,,124,dnp_tourism,https://catalog.dnp.go.th/dataset/91d66c6a-5b88-41ee-8597-11be8aec5aa6/resource/be300299-f9a3-4eac-b558-0c088dd77a64/download/tourism59-68.csv,2026-09-16T11:38:42.035697+00:00,1.0,19.417,82.087,64.1,3.708,744,,,
khun_khan,ขุนขาน,เชียงใหม่,2559,2016,1,,,82,dnp_tourism,https://catalog.dnp.go.th/dataset/91d66c6a-5b88-41ee-8597-11be8aec5aa6/resource/be300299-f9a3-4eac-b558-0c088dd77a64/download/tourism59-68.csv,2026-09-16T11:38:42.035700+00:00,1.0,17.232,74.039,40.9,4.409,744,,,
khun_khan,ขุนขาน,เชียงใหม่,2559,2016,2,,,12,dnp_tourism,https://catalog.dnp.go.th/dataset/91d66c6a-5b88-41ee-8597-11be8aec5aa6/resource/be300299-f9a3-4eac-b558-0c088dd77a64/download/tourism59-68.csv,2026-09-16T11:38:42.035702+00:00,1.0,19.73,68.043,5.7,4.673,696,,,
khun_khan,ขุนขาน,เชียงใหม่,2559,2016,3,,,20,dnp_tourism,https://catalog.dnp.go.th/dataset/91d66c6a-5b88-41ee-8597-11be8aec5aa6/resource/be300299-f9a3-4eac-b558-0c088dd77a64/download/tourism59-68.csv,2026-09-16T11:38:42.035705+00:00,1.0,24.71,55.335,0.7,5.305,744,,,
khun_khan,ขุนขาน,เชียงใหม่,2559,2016,4,,,94,dnp_tourism,https://catalog.dnp.go.th/dataset/91d66c6a-5b88-41ee-8597-11be8aec5aa6/resource/be300299-f9a3-4eac-b558-0c088dd77a64/download/tourism59-68.csv,2026-09-16T11:38:42.035707+00:00,1.0,28.204,47.406,21.7,5.709,720,,,
khun_khan,ขุนขาน,เชียงใหม่,2559,2016,5,,,16,dnp_tourism,https://catalog.dnp.go.th/dataset/91d66c6a-5b88-41ee-8597-11be8aec5aa6/resource/be300299-f9a3-4eac-b558-0c088dd77a64/download/tourism59-68.csv,2026-09-16T11:38:42.035710+00:00,1.0,25.969,71.849,286.4,4.375,744,,,
khun_khan,ขุนขาน,เชียงใหม่,2559,2016,6,,,17,dnp_tourism,https://catalog.dnp.go.th/dataset/91d66c6a-5b88-41ee-8597-11be8aec5aa6/resource/be300299-f9a3-4eac-b558-0c088dd77a64/download/tourism59-68.csv,2026-09-16T11:38:42.035712+00:00,1.0,23.173,90.8,576.7,3.728,720,,,
khun_khan,ขุนขาน,เชียงใหม่,2559,2016,7,,,23,dnp_tourism,https://catalog.dnp.go.th/dataset/91d66c6a-5b88-41ee-8597-11be8aec5aa6/resource/be300299-f9a3-4eac-b558-0c088dd77a64/download/tourism59-68.csv,2026-09-16T11:38:42.035715+00:00,1.0,22.961,91.138,490.4,3.725,744,,,
khun_khan,ขุนขาน,เชียงใหม่,2559,2016,8,,,49,dnp_tourism,https://catalog.dnp.go.th/dataset/91d66c6a-5b88-41ee-8597-11be8aec5aa6/resource/be300299-f9a3-4eac-b558-0c088dd77a64/download/tourism59-68.csv,2026-09-16T11:38:42.035717+00:00,1.0,23.102,90.02,365.1,4.035,744,,,
khun_khan,ขุนขาน,เชียงใหม่,2559,2016,9,,,16,dnp_tourism,https://catalog.dnp.go.th/dataset/91d66c6a-5b88-41ee-8597-11be8aec5aa6/resource/be300299-f9a3-4eac-b558-0c088dd77a64/download/tourism59-68.csv,2026-09-16T11:38:42.035719+00:00,1.0,22.846,89.539,245.0,3.329,720,,,
mae_wang,แม่วาง,เชียงใหม่,2559,2015,10,,,8264,dnp_tourism,https://catalog.dnp.go.th/dataset/91d66c6a-5b88-41ee-8597-11be8aec5aa6/resource/be300299-f9a3-4eac-b558-0c088dd77a64/download/tourism59-68.csv,2026-09-16T11:38:42.035729+00:00,1.0,23.917,82.585,61.8,3.316,744,,,
mae_wang,แม่วาง,เชียงใหม่,2559,2015,11,,,7531,dnp_tourism,https://catalog.dnp.go.th/dataset/91d66c6a-5b88-41ee-8597-11be8aec5aa6/resource/be300299-f9a3-4eac-b558-0c088dd77a64/download/tourism59-68.csv,2026-09-16T11:38:42.035732+00:00,1.0,24.185,73.985,11.9,3.622,720,,,
mae_wang,แม่วาง,เชียงใหม่,2559,2015,12,,,14674,dnp_tourism,https://catalog.dnp.go.th/dataset/91d66c6a-5b88-41ee-8597-11be8aec5aa6/resource/be300299-f9a3-4eac-b558-0c088dd77a64/download/tourism59-68.csv,2026-09-16T11:38:42.035735+00:00,1.0,21.773,74.816,26.9,3.67,744,,,
mae_wang,แม่วาง,เชียงใหม่,2559,2016,1,,,12392,dnp_tourism,https://catalog.dnp.go.th/dataset/91d66c6a-5b88-41ee-8597-11be8aec5aa6/resource/be300299-f9a3-4eac-b558-0c088dd77a64/download/tourism59-68.csv,2026-09-16T11:38:42.035738+00:00,1.0,19.73,65.468,18.5,4.593,744,,,
mae_wang,แม่วาง,เชียงใหม่,2559,2016,2,,,6464,dnp_tourism,https://catalog.dnp.go.th/dataset/91d66c6a-5b88-41ee-8597-11be8aec5aa6/resource/be300299-f9a3-4eac-b558-0c088dd77a64/download/tourism59-68.csv,2026-09-16T11:38:42.035740+00:00,1.0,22.111,61.016,5.0,4.555,696,,,
mae_wang,แม่วาง,เชียงใหม่,2559,2016,3,,,3226,dnp_tourism,https://catalog.dnp.go.th/dataset/91d66c6a-5b88-41ee-8597-11be8aec5aa6/resource/be300299-f9a3-4eac-b558-0c088dd77a64/download/tourism59-68.csv,2026-09-16T11:38:42.035743+00:00,1.0,27.298,48.999,0.0,5.119,744,,,
mae_wang,แม่วาง,เชียงใหม่,2559,2016,4,,,2589,dnp_tourism,https://catalog.dnp.go.th/dataset/91d66c6a-5b88-41ee-8597-11be8aec5aa6/resource/be300299-f9a3-4eac-b558-0c088dd77a64/download/tourism59-68.csv,2026-09-16T11:38:42.035745+00:00,1.0,30.686,42.082,4.9,6.303,720,,,
mae_wang,แม่วาง,เชียงใหม่,2559,2016,5,,,2409,dnp_tourism,https://catalog.dnp.go.th/dataset/91d66c6a-5b88-41ee-8597-11be8aec5aa6/resource/be300299-f9a3-4eac-b558-0c088dd77a64/download/tourism59-68.csv,2026-09-16T11:38:42.035748+00:00,1.0,28.658,63.132,70.5,4.956,744,,,
mae_wang,แม่วาง,เชียงใหม่,2559,2016,6,,,2004,dnp_tourism,https://catalog.dnp.go.th/dataset/91d66c6a-5b88-41ee-8597-11be8aec5aa6/resource/be300299-f9a3-4eac-b558-0c088dd77a64/download/tourism59-68.csv,2026-09-16T11:38:42.035751+00:00,1.0,25.072,86.456,248.1,4.184,720,,,
mae_wang,แม่วาง,เชียงใหม่,2559,2016,7,,,3694,dnp_tourism,https://catalog.dnp.go.th/dataset/91d66c6a-5b88-41ee-8597-11be8aec5aa6/resource/be300299-f9a3-4eac-b558-0c088dd77a64/download/tourism59-68.csv,2026-09-16T11:38:42.035756+00:00,1.0,24.603,88.358,222.1,4.117,744,,,
mae_wang,แม่วาง,เชียงใหม่,2559,2016,8,,,2572,dnp_tourism,https://catalog.dnp.go.th/dataset/91d66c6a-5b88-41ee-8597-11be8aec5aa6/resource/be300299-f9a3-4eac-b558-0c088dd77a64/download/tourism59-68.csv,2026-09-16T11:38:42.035758+00:00,1.0,24.685,87.968,197.6,4.12,744,,,
mae_wang,แม่วาง,เชียงใหม่,2559,2016,9,,,2047,dnp_tourism,https://catalog.dnp.go.th/dataset/91d66c6a-5b88-41ee-8597-11be8aec5aa6/resource/be300299-f9a3-4eac-b558-0c088dd77a64/download/tourism59-68.csv,2026-09-16T11:38:42.035761+00:00,1.0,24.453,87.176,193.7,3.256,720,,,
doi_inthanon,ดอยอินทนนท์,เชียงใหม่,2560,2016,10,,,62691,dnp_tourism,https://catalog.dnp.go.th/dataset/91d66c6a-5b88-41ee-8597-11be8aec5aa6/resource/be300299-f9a3-4eac-b558-0c088dd77a64/download/tourism59-68.csv,2026-09-16T11:38:42.036508+00:00,1.0,11.803,87.156,118.8,3.505,744,,,
doi_inthanon,ดอยอินทนนท์,เชียงใหม่,2560,2016,11,,,85669,dnp_tourism,https://catalog.dnp.go.th/dataset/91d66c6a-5b88-41ee-8597-11be8aec5aa6/resource/be300299-f9a3-4eac-b558-0c088dd77a64/download/tourism59-68.csv,2026-09-16T11:38:42.036513+00:00,1.0,10.726,83.508,67.0,3.432,720,,,
doi_inthanon,ดอยอินทนนท์,เชียงใหม่,2560,2016,12,,,210013,dnp_tourism,https://catalog.dnp.go.th/dataset/91d66c6a-5b88-41ee-8597-11be8aec5aa6/resource/be300299-f9a3-4eac-b558-0c088dd77a64/download/tourism59-68.csv,2026-09-16T11:38:42.036516+00:00,1.0,9.32,73.07,2.9,4.153,744,,,
doi_inthanon,ดอยอินทนนท์,เชียงใหม่,2560,2017,1,,,158754,dnp_tourism,https://catalog.dnp.go.th/dataset/91d66c6a-5b88-41ee-8597-11be8aec5aa6/resource/be300299-f9a3-4eac-b558-0c088dd77a64/download/tourism59-68.csv,2026-09-16T11:38:42.036522+00:00,1.0,8.832,77.819,34.3,4.021,744,,,
doi_inthanon,ดอยอินทนนท์,เชียงใหม่,2560,2017,2,,,86776,dnp_tourism,https://catalog.dnp.go.th/dataset/91d66c6a-5b88-41ee-8597-11be8aec5aa6/resource/be300299-f9a3-4eac-b558-0c088dd77a64/download/tourism59-68.csv,2026-09-16T11:38:42.036525+00:00,1.0,10.662,52.949,5.4,5.308,672,,,
doi_inthanon,ดอยอินทนนท์,เชียงใหม่,2560,2017,3,,,32590,dnp_tourism,https://catalog.dnp.go.th/dataset/91d66c6a-5b88-41ee-8597-11be8aec5aa6/resource/be300299-f9a3-4eac-b558-0c088dd77a64/download/tourism59-68.csv,2026-09-16T11:38:42.036527+00:00,1.0,13.384,46.789,1.6,6.455,744,,,
doi_inthanon,ดอยอินทนนท์,เชียงใหม่,2560,2017,4,,,39583,dnp_tourism,https://catalog.dnp.go.th/dataset/91d66c6a-5b88-41ee-8597-11be8aec5aa6/resource/be300299-f9a3-4eac-b558-0c088dd77a64/download/tourism59-68.csv,2026-09-16T11:38:42.036530+00:00,1.0,13.388,69.218,82.4,5.547,720,,,
doi_inthanon,ดอยอินทนนท์,เชียงใหม่,2560,2017,5,,,19461,dnp_tourism,https://catalog.dnp.go.th/dataset/91d66c6a-5b88-41ee-8597-11be8aec5aa6/resource/be300299-f9a3-4eac-b558-0c088dd77a64/download/tourism59-68.csv,2026-09-16T11:38:42.036532+00:00,1.0,13.22,84.039,248.0,4.226,744,,,
doi_inthanon,ดอยอินทนนท์,เชียงใหม่,2560,2017,6,,,16686,dnp_tourism,https://catalog.dnp.go.th/dataset/91d66c6a-5b88-41ee-8597-11be8aec5aa6/resource/be300299-f9a3-4eac-b558-0c088dd77a64/download/tourism59-68.csv,2026-09-16T11:38:42.036535+00:00,1.0,12.082,90.744,287.2,6.446,720,,,
doi_inthanon,ดอยอินทนนท์,เชียงใหม่,2560,2017,7,,,32320,dnp_tourism,https://catalog.dnp.go.th/dataset/91d66c6a-5b88-41ee-8597-11be8aec5aa6/resource/be300299-f9a3-4eac-b558-0c088dd77a64/download/tourism59-68.csv,2026-09-16T11:38:42.036538+00:00,1.0,11.214,94.484,532.4,5.491,744,,,
doi_inthanon,ดอยอินทนนท์,เชียงใหม่,2560,2017,8,,,28571,dnp_tourism,https://catalog.dnp.go.th/dataset/91d66c6a-5b88-41ee-8597-11be8aec5aa6/resource/be300299-f9a3-4eac-b558-0c088dd77a64/download/tourism59-68.csv,2026-09-16T11:38:42.036540+00:00,1.0,11.658,92.405,271.2,5.469,744,,,
doi_inthanon,ดอยอินทนนท์,เชียงใหม่,2560,2017,9,,,24321,dnp_tourism,https://catalog.dnp.go.th/dataset/91d66c6a-5b88-41ee-8597-11be8aec5aa6/resource/be300299-f9a3-4eac-b558-0c088dd77a64/download/tourism59-68.csv,2026-09-16T11:38:42.036543+00:00,1.0,12.333,89.517,262.8,3.958,720,,,
mae_ping,แม่ปิง,เชียงใหม่,2560,2016,10,,,1008,dnp_tourism,https://catalog.dnp.go.th/dataset/91d66c6a-5b88-41ee-8597-11be8aec5aa6/resource/be300299-f9a3-4eac-b558-0c088dd77a64/download/tourism59-68.csv,2026-09-16T11:38:42.036552+00:00,1.0,22.632,86.782,118.0,3.799,744,,,
mae_ping,แม่ปิง,เชียงใหม่,2560,2016,11,,,1218,dnp_tourism,https://catalog.dnp.go.th/dataset/91d66c6a-5b88-41ee-8597-11be8aec5aa6/resource/be300299-f9a3-4eac-b558-0c088dd77a64/download/tourism59-68.csv,2026-09-16T11:38:42.036555+00:00,1.0,21.874,82.546,33.5,3.973,720,,,
mae_ping,แม่ปิง,เชียงใหม่,2560,2016,12,,,4710,dnp_tourism,https://catalog.dnp.go.th/dataset/91d66c6a-5b88-41ee-8597-11be8aec5aa6/resource/be300299-f9a3-4eac-b558-0c088dd77a64/download/tourism59-68.csv,2026-09-16T11:38:42.036557+00:00,1.0,20.701,72.464,5.2,4.645,744,,,
mae_ping,แม่ปิง,เชียงใหม่,2560,2017,1,,,5080,dnp_tourism,https://catalog.dnp.go.th/dataset/91d66c6a-5b88-41ee-8597-11be8aec5aa6/resource/be300299-f9a3-4eac-b558-0c088dd77a64/download/tourism59-68.csv,2026-09-16T11:38:42.036560+00:00,1.0,19.577,80.267,47.9,3.779,744,,,
mae_ping,แม่ปิง,เชียงใหม่,2560,2017,2,,,4145,dnp_tourism,https://catalog.dnp.go.th/dataset/91d66c6a-5b88-41ee-8597-11be8aec5aa6/resource/be300299-f9a3-4eac-b558-0c088dd77a64/download/tourism59-68.csv,2026-09-16T11:38:42.036562+00:00,1.0,20.555,62.838,0.1,4.944,672,,,
mae_ping,แม่ปิง,เชียงใหม่,2560,2017,3,,,3442,dnp_tourism,https://catalog.dnp.go.th/dataset/91d66c6a-5b88-41ee-8597-11be8aec5aa6/resource/be300299-f9a3-4eac-b558-0c088dd77a64/download/tourism59-68.csv,2026-09-16T11:38:42.036565+00:00,1.0,24.245,53.25,0.8,5.442,744,,,
mae_ping,แม่ปิง,เชียงใหม่,2560,2017,4,,,6767,dnp_tourism,https://catalog.dnp.go.th/dataset/91d66c6a-5b88-41ee-8597-11be8aec5aa6/resource/be300299-f9a3-4eac-b558-0c088dd77a64/download/tourism59-68.csv,2026-09-16T11:38:42.036567+00:00,1.0,24.682,67.992,47.9,4.583,720,,,
mae_ping,แม่ปิง,เชียงใหม่,2560,2017,5,,,1270,dnp_tourism,https://catalog.dnp.go.th/dataset/91d66c6a-5b88-41ee-8597-11be8aec5aa6/resource/be300299-f9a3-4eac-b558-0c088dd77a64/download/tourism59-68.csv,2026-09-16T11:38:42.036569+00:00,1.0,24.275,81.453,266.0,4.196,744,,,
mae_ping,แม่ปิง,เชียงใหม่,2560,2017,6,,,463,dnp_tourism,https://catalog.dnp.go.th/dataset/91d66c6a-5b88-41ee-8597-11be8aec5aa6/resource/be300299-f9a3-4eac-b558-0c088dd77a64/download/tourism59-68.csv,2026-09-16T11:38:42.036572+00:00,1.0,23.597,83.393,188.2,4.815,720,,,
mae_ping,แม่ปิง,เชียงใหม่,2560,2017,7,,,1176,dnp_tourism,https://catalog.dnp.go.th/dataset/91d66c6a-5b88-41ee-8597-11be8aec5aa6/resource/be300299-f9a3-4eac-b558-0c088dd77a64/download/tourism59-68.csv,2026-09-16T11:38:42.036574+00:00,1.0,22.612,89.488,374.9,3.936,744,,,
mae_ping,แม่ปิง,เชียงใหม่,2560,2017,8,,,1267,dnp_tourism,https://catalog.dnp.go.th/dataset/91d66c6a-5b88-41ee-8597-11be8aec5aa6/resource/be300299-f9a3-4eac-b558-0c088dd77a64/download/tourism59-68.csv,2026-09-16T11:38:42.036577+00:00,1.0,22.936,87.172,276.1,4.055,744,,,
mae_ping,แม่ปิง,เชียงใหม่,2560,2017,9,,,1841,dnp_tourism,https://catalog.dnp.go.th/dataset/91d66c6a-5b88-41ee-8597-11be8aec5aa6/resource/be300299-f9a3-4eac-b558-0c088dd77a64/download/tourism59-68.csv,2026-09-16T11:38:42.036579+00:00,1.0,23.223,88.412,211.8,3.568,720,,,
pha_daeng,ผาแดง,เชียงใหม่,2560,2016,10,,,3777,dnp_tourism,https://catalog.dnp.go.th/dataset/91d66c6a-5b88-41ee-8597-11be8aec5aa6/resource/be300299-f9a3-4eac-b558-0c088dd77a64/download/tourism59-68.csv,2026-09-16T11:38:42.036589+00:00,1.0,24.611,87.683,65.4,3.18,744,,,
pha_daeng,ผาแดง,เชียงใหม่,2560,2016,11,,,2792,dnp_tourism,https://catalog.dnp.go.th/dataset/91d66c6a-5b88-41ee-8597-11be8aec5aa6/resource/be300299-f9a3-4eac-b558-0c088dd77a64/download/tourism59-68.csv,2026-09-16T11:38:42.036591+00:00,1.0,23.071,86.2,83.1,3.077,720,,,
pha_daeng,ผาแดง,เชียงใหม่,2560,2016,12,,,7269,dnp_tourism,https://catalog.dnp.go.th/dataset/91d66c6a-5b88-41ee-8597-11be8aec5aa6/resource/be300299-f9a3-4eac-b558-0c088dd77a64/download/tourism59-68.csv,2026-09-16T11:38:42.036594+00:00,1.0,21.617,76.039,0.5,3.965,744,,,
pha_daeng,ผาแดง,เชียงใหม่,2560,2017,1,,,7634,dnp_tourism,https://catalog.dnp.go.th/dataset/91d66c6a-5b88-41ee-8597-11be8aec5aa6/resource/be300299-f9a3-4eac-b558-0c088dd77a64/download/tourism59-68.csv,2026-09-16T11:38:42.036596+00:00,1.0,20.626,77.579,63.0,3.932,744,,,
pha_daeng,ผาแดง,เชียงใหม่,2560,2017,2,,,3923,dnp_tourism,https://catalog.dnp.go.th/dataset/91d66c6a-5b88-41ee-8597-11be8aec5aa6/resource/be300299-f9a3-4eac-b558-0c088dd77a64/download/tourism59-68.csv,2026-09-16T11:38:42.036599+00:00,1.0,21.825,62.423,0.1,4.638,672,,,
pha_daeng,ผาแดง,เชียงใหม่,2560,2017,3,,,2942,dnp_tourism,https://catalog.dnp.go.th/dataset/91d66c6a-5b88-41ee-8597-11be8aec5aa6/resource/be300299-f9a3-4eac-b558-0c088dd77a64/download/tourism59-68.csv,2026-09-16T11:38:42.036601+00:00,1.0,24.695,55.472,2.3,4.907,744,,,
pha_daeng,ผาแดง,เชียงใหม่,2560,2017,4,,,4894,dnp_tourism,https://catalog.dnp.go.th/dataset/91d66c6a-5b88-41ee-8597-11be8aec5aa6/resource/be300299-f9a3-4eac-b558-0c088dd77a64/download/tourism59-68.csv,2026-09-16T11:38:42.036604+00:00,1.0,25.846,70.564,59.9,4.389,720,,,
pha_daeng,ผาแดง,เชียงใหม่,2560,2017,5,,,1280,dnp_tourism,https://catalog.dnp.go.th/dataset/91d66c6a-5b88-41ee-8597-11be8aec5aa6/resource/be300299-f9a3-4eac-b558-0c088dd77a64/download/tourism59-68.csv,2026-09-16T11:38:42.036606+00:00,1.0,26.084,80.134,117.5,3.749,744,,,
pha_daeng,ผาแดง,เชียงใหม่,2560,2017,6,,,943,dnp_tourism,https://catalog.dnp.go.th/dataset/91d66c6a-5b88-41ee-8597-11be8aec5aa6/resource/be300299-f9a3-4eac-b558-0c088dd77a64/download/tourism59-68.csv,2026-09-16T11:38:42.036609+00:00,1.0,25.419,86.251,313.1,4.778,720,,,
pha_daeng,ผาแดง,เชียงใหม่,2560,2017,7,,,1334,dnp_tourism,https://catalog.dnp.go.th/dataset/91d66c6a-5b88-41ee-8597-11be8aec5aa6/resource/be300299-f9a3-4eac-b558-0c088dd77a64/download/tourism59-68.csv,2026-09-16T11:38:42.036611+00:00,1.0,24.309,91.612,532.8,4.323,744,,,
pha_daeng,ผาแดง,เชียงใหม่,2560,2017,8,,,595,dnp_tourism,https://catalog.dnp.go.th/dataset/91d66c6a-5b88-41ee-8597-11be8aec5aa6/resource/be300299-f9a3-4eac-b558-0c088dd77a64/download/tourism59-68.csv,2026-09-16T11:38:42.036613+00:00,1.0,24.545,90.565,410.9,4.025,744,,,
pha_daeng,ผาแดง,เชียงใหม่,2560,2017,9,,,805,dnp_tourism,https://catalog.dnp.go.th/dataset/91d66c6a-5b88-41ee-8597-11be8aec5aa6/resource/be300299-f9a3-4eac-b558-0c088dd77a64/download/tourism59-68.csv,2026-09-16T11:38:42.036616+00:00,1.0,24.659,90.796,302.9,3.443,720,,,
doi_pha_hom_pok,ดอยผ้าห่มปก,เชียงใหม่,2560,2016,10,,,6927,dnp_tourism,https://catalog.dnp.go.th/dataset/91d66c6a-5b88-41ee-8597-11be8aec5aa6/resource/be300299-f9a3-4eac-b558-0c088dd77a64/download/tourism59-68.csv,2026-09-16T11:38:42.036625+00:00,1.0,24.083,88.673,93.5,2.893,744,,,
doi_pha_hom_pok,ดอยผ้าห่มปก,เชียงใหม่,2560,2016,11,,,5785,dnp_tourism,https://catalog.dnp.go.th/dataset/91d66c6a-5b88-41ee-8597-11be8aec5aa6/resource/be300299-f9a3-4eac-b558-0c088dd77a64/download/tourism59-68.csv,2026-09-16T11:38:42.036627+00:00,1.0,22.342,87.143,56.8,3.065,720,,,
doi_pha_hom_pok,ดอยผ้าห่มปก,เชียงใหม่,2560,2016,12,,,29015,dnp_tourism,https://catalog.dnp.go.th/dataset/91d66c6a-5b88-41ee-8597-11be8aec5aa6/resource/be300299-f9a3-4eac-b558-0c088dd77a64/download/tourism59-68.csv,2026-09-16T11:38:42.036630+00:00,1.0,20.855,75.216,0.2,4.148,744,,,
doi_pha_hom_pok,ดอยผ้าห่มปก,เชียงใหม่,2560,2017,1,,,25957,dnp_tourism,https://catalog.dnp.go.th/dataset/91d66c6a-5b88-41ee-8597-11be8aec5aa6/resource/be300299-f9a3-4eac-b558-0c088dd77a64/download/tourism59-68.csv,2026-09-16T11:38:42.036632+00:00,1.0,20.11,73.071,54.2,3.448,744,,,
doi_pha_hom_pok,ดอยผ้าห่มปก,เชียงใหม่,2560,2017,2,,,9789,dnp_tourism,https://catalog.dnp.go.th/dataset/91d66c6a-5b88-41ee-8597-11be8aec5aa6/resource/be300299-f9a3-4eac-b558-0c088dd77a64/download/tourism59-68.csv,2026-09-16T11:38:42.036635+00:00,1.0,21.988,55.76,0.6,4.696,672,,,
doi_pha_hom_pok,ดอยผ้าห่มปก,เชียงใหม่,2560,2017,3,,,7606,dnp_tourism,https://catalog.dnp.go.th/dataset/91d66c6a-5b88-41ee-8597-11be8aec5aa6/resource/be300299-f9a3-4eac-b558-0c088dd77a64/download/tourism59-68.csv,2026-09-16T11:38:42.036637+00:00,1.0,25.087,47.84,4.6,5.45,744,,,
doi_pha_hom_pok,ดอยผ้าห่มปก,เชียงใหม่,2560,2017,4,,,15591,dnp_tourism,https://catalog.dnp.go.th/dataset/91d66c6a-5b88-41ee-8597-11be8aec5aa6/resource/be300299-f9a3-4eac-b558-0c088dd77a64/download/tourism59-68.csv,2026-09-16T11:38:42.036640+00:00,1.0,25.482,66.151,90.5,4.544,720,,,
doi_pha_hom_pok,ดอยผ้าห่มปก,เชียงใหม่,2560,2017,5,,,4314,dnp_tourism,https://catalog.dnp.go.th/dataset/91d66c6a-5b88-41ee-8597-11be8aec5aa6/resource/be300299-f9a3-4eac-b558-0c088dd77a64/download/tourism59-68.csv,2026-09-16T11:38:42.036644+00:00,1.0,25.842,74.005,119.2,3.87,744,,,
doi_pha_hom_pok,ดอยผ้าห่มปก,เชียงใหม่,2560,2017,6,,,4162,dnp_tourism,https://catalog.dnp.go.th/dataset/91d66c6a-5b88-41ee-8597-11be8aec5aa6/resource/be300299-f9a3-4eac-b558-0c088dd77a64/download/tourism59-68.csv,2026-09-16T11:38:42.036646+00:00,1.0,25.5,79.628,229.2,4.723,720,,,
doi_pha_hom_pok,ดอยผ้าห่มปก,เชียงใหม่,2560,2017,7,,,6026,dnp_tourism,https://catalog.dnp.go.th/dataset/91d66c6a-5b88-41ee-8597-11be8aec5aa6/resource/be300299-f9a3-4eac-b558-0c088dd77a64/download/tourism59-68.csv,2026-09-16T11:38:42.036649+00:00,1.0,24.374,84.902,358.6,3.781,744,,,
doi_pha_hom_pok,ดอยผ้าห่มปก,เชียงใหม่,2560,2017,8,,,4950,dnp_tourism,https://catalog.dnp.go.th/dataset/91d66c6a-5b88-41ee-8597-11be8aec5aa6/resource/be300299-f9a3-4eac-b558-0c088dd77a64/download/tourism59-68.csv,2026-09-16T11:38:42.036651+00:00,1.0,24.594,83.919,261.3,3.662,744,,,
doi_pha_hom_pok,ดอยผ้าห่มปก,เชียงใหม่,2560,2017,9,,,3196,dnp_tourism,https://catalog.dnp.go.th/dataset/91d66c6a-5b88-41ee-8597-11be8aec5aa6/resource/be300299-f9a3-4eac-b558-0c088dd77a64/download/tourism59-68.csv,2026-09-16T11:38:42.036654+00:00,1.0,24.509,84.71,301.1,3.122,720,,,
huai_nam_dang,ห้วยน้ำดัง,เชียงใหม่,2560,2016,10,,,14401,dnp_tourism,https://catalog.dnp.go.th/dataset/91d66c6a-5b88-41ee-8597-11be8aec5aa6/resource/be300299-f9a3-4eac-b558-0c088dd77a64/download/tourism59-68.csv,2026-09-16T11:38:42.036663+00:00,1.0,19.008,88.32,129.6,3.441,744,,,
huai_nam_dang,ห้วยน้ำดัง,เชียงใหม่,2560,2016,11,,,17773,dnp_tourism,https://catalog.dnp.go.th/dataset/91d66c6a-5b88-41ee-8597-11be8aec5aa6/resource/be300299-f9a3-4eac-b558-0c088dd77a64/download/tourism59-68.csv,2026-09-16T11:38:42.036666+00:00,1.0,17.716,86.021,76.4,3.224,720,,,
huai_nam_dang,ห้วยน้ำดัง,เชียงใหม่,2560,2016,12,,,52726,dnp_tourism,https://catalog.dnp.go.th/dataset/91d66c6a-5b88-41ee-8597-11be8aec5aa6/resource/be300299-f9a3-4eac-b558-0c088dd77a64/download/tourism59-68.csv,2026-09-16T11:38:42.036668+00:00,1.0,16.163,76.422,0.3,4.166,744,,,
huai_nam_dang,ห้วยน้ำดัง,เชียงใหม่,2560,2017,1,,,39996,dnp_tourism,https://catalog.dnp.go.th/dataset/91d66c6a-5b88-41ee-8597-11be8aec5aa6/resource/be300299-f9a3-4eac-b558-0c088dd77a64/download/tourism59-68.csv,2026-09-16T11:38:42.036671+00:00,1.0,15.638,77.991,40.6,4.406,744,,,
huai_nam_dang,ห้วยน้ำดัง,เชียงใหม่,2560,2017,2,,,15318,dnp_tourism,https://catalog.dnp.go.th/dataset/91d66c6a-5b88-41ee-8597-11be8aec5aa6/resource/be300299-f9a3-4eac-b558-0c088dd77a64/download/tourism59-68.csv,2026-09-16T11:38:42.036673+00:00,1.0,17.478,55.003,4.9,5.507,672,,,
huai_nam_dang,ห้วยน้ำดัง,เชียงใหม่,2560,2017,3,,,5387,dnp_tourism,https://catalog.dnp.go.th/dataset/91d66c6a-5b88-41ee-8597-11be8aec5aa6/resource/be300299-f9a3-4eac-b558-0c088dd77a64/download/tourism59-68.csv,2026-09-16T11:38:42.036676+00:00,1.0,20.169,48.785,2.0,6.534,744,,,
huai_nam_dang,ห้วยน้ำดัง,เชียงใหม่,2560,2017,4,,,12035,dnp_tourism,https://catalog.dnp.go.th/dataset/91d66c6a-5b88-41ee-8597-11be8aec5aa6/resource/be300299-f9a3-4eac-b558-0c088dd77a64/download/tourism59-68.csv,2026-09-16T11:38:42.036679+00:00,1.0,20.631,67.096,55.4,5.994,720,,,
huai_nam_dang,ห้วยน้ำดัง,เชียงใหม่,2560,2017,5,,,3089,dnp_tourism,https://catalog.dnp.go.th/dataset/91d66c6a-5b88-41ee-8597-11be8aec5aa6/resource/be300299-f9a3-4eac-b558-0c088dd77a64/download/tourism59-68.csv,2026-09-16T11:38:42.036681+00:00,1.0,20.4,80.989,153.4,4.985,744,,,
huai_nam_dang,ห้วยน้ำดัง,เชียงใหม่,2560,2017,6,,,3229,dnp_tourism,https://catalog.dnp.go.th/dataset/91d66c6a-5b88-41ee-8597-11be8aec5aa6/resource/be300299-f9a3-4eac-b558-0c088dd77a64/download/tourism59-68.csv,2026-09-16T11:38:42.036683+00:00,1.0,19.661,85.768,228.2,6.938,720,,,
huai_nam_dang,ห้วยน้ำดัง,เชียงใหม่,2560,2017,7,,,6200,dnp_tourism,https://catalog.dnp.go.th/dataset/91d66c6a-5b88-41ee-8597-11be8aec5aa6/resource/be300299-f9a3-4eac-b558-0c088dd77a64/download/tourism59-68.csv,2026-09-16T11:38:42.036686+00:00,1.0,18.58,91.238,370.5,5.534,744,,,
huai_nam_dang,ห้วยน้ำดัง,เชียงใหม่,2560,2017,8,,,6525,dnp_tourism,https://catalog.dnp.go.th/dataset/91d66c6a-5b88-41ee-8597-11be8aec5aa6/resource/be300299-f9a3-4eac-b558-0c088dd77a64/download/tourism59-68.csv,2026-09-16T11:38:42.036688+00:00,1.0,18.945,89.747,266.0,5.613,744,,,
huai_nam_dang,ห้วยน้ำดัง,เชียงใหม่,2560,2017,9,,,4586,dnp_tourism,https://catalog.dnp.go.th/dataset/91d66c6a-5b88-41ee-8597-11be8aec5aa6/resource/be300299-f9a3-4eac-b558-0c088dd77a64/download/tourism59-68.csv,2026-09-16T11:38:42.036691+00:00,1.0,19.292,89.692,231.6,4.087,720,,,
doi_suthep_pui,ดอยสุเทพ-ปุย,เชียงใหม่,2560,2016,10,,,28662,dnp_tourism,https://catalog.dnp.go.th/dataset/91d66c6a-5b88-41ee-8597-11be8aec5aa6/resource/be300299-f9a3-4eac-b558-0c088dd77a64/download/tourism59-68.csv,2026-09-16T11:38:42.036700+00:00,1.0,20.744,86.922,194.8,3.292,744,,,
doi_suthep_pui,ดอยสุเทพ-ปุย,เชียงใหม่,2560,2016,11,,,29222,dnp_tourism,https://catalog.dnp.go.th/dataset/91d66c6a-5b88-41ee-8597-11be8aec5aa6/resource/be300299-f9a3-4eac-b558-0c088dd77a64/download/tourism59-68.csv,2026-09-16T11:38:42.036702+00:00,1.0,19.251,84.65,50.2,3.482,720,,,
doi_suthep_pui,ดอยสุเทพ-ปุย,เชียงใหม่,2560,2016,12,,,42047,dnp_tourism,https://catalog.dnp.go.th/dataset/91d66c6a-5b88-41ee-8597-11be8aec5aa6/resource/be300299-f9a3-4eac-b558-0c088dd77a64/download/tourism59-68.csv,2026-09-16T11:38:42.036705+00:00,1.0,17.675,75.883,1.8,3.732,744,,,
doi_suthep_pui,ดอยสุเทพ-ปุย,เชียงใหม่,2560,2017,1,,,38544,dnp_tourism,https://catalog.dnp.go.th/dataset/91d66c6a-5b88-41ee-8597-11be8aec5aa6/resource/be300299-f9a3-4eac-b558-0c088dd77a64/download/tourism59-68.csv,2026-09-16T11:38:42.036707+00:00,1.0,18.453,76.063,51.4,3.575,744,,,
doi_suthep_pui,ดอยสุเทพ-ปุย,เชียงใหม่,2560,2017,2,,,27726,dnp_tourism,https://catalog.dnp.go.th/dataset/91d66c6a-5b88-41ee-8597-11be8aec5aa6/resource/be300299-f9a3-4eac-b558-0c088dd77a64/download/tourism59-68.csv,2026-09-16T11:38:42.036710+00:00,1.0,20.225,54.921,1.6,4.466,672,,,
doi_suthep_pui,ดอยสุเทพ-ปุย,เชียงใหม่,2560,2017,3,,,30500,dnp_tourism,https://catalog.dnp.go.th/dataset/91d66c6a-5b88-41ee-8597-11be8aec5aa6/resource/be300299-f9a3-4eac-b558-0c088dd77a64/download/tourism59-68.csv,2026-09-16T11:38:42.036712+00:00,1.0,23.158,48.347,1.9,5.213,744,,,
doi_suthep_pui,ดอยสุเทพ-ปุย,เชียงใหม่,2560,2017,4,,,38341,dnp_tourism,https://catalog.dnp.go.th/dataset/91d66c6a-5b88-41ee-8597-11be8aec5aa6/resource/be300299-f9a3-4eac-b558-0c088dd77a64/download/tourism59-68.csv,2026-09-16T11:38:42.036715+00:00,1.0,23.191,66.606,87.8,4.527,720,,,
doi_suthep_pui,ดอยสุเทพ-ปุย,เชียงใหม่,2560,2017,5,,,19941,dnp_tourism,https://catalog.dnp.go.th/dataset/91d66c6a-5b88-41ee-8597-11be8aec5aa6/resource/be300299-f9a3-4eac-b558-0c088dd77a64/download/tourism59-68.csv,2026-09-16T11:38:42.036717+00:00,1.0,22.732,80.63,232.3,3.87,744,,,
doi_suthep_pui,ดอยสุเทพ-ปุย,เชียงใหม่,2560,2017,6,,,16243,dnp_tourism,https://catalog.dnp.go.th/dataset/91d66c6a-5b88-41ee-8597-11be8aec5aa6/resource/be300299-f9a3-4eac-b558-0c088dd77a64/download/tourism59-68.csv,2026-09-16T11:38:42.036720+00:00,1.0,21.82,87.871,324.8,3.559,720,,,
doi_suthep_pui,ดอยสุเทพ-ปุย,เชียงใหม่,2560,2017,7,,,23018,dnp_tourism,https://catalog.dnp.go.th/dataset/91d66c6a-5b88-41ee-8597-11be8aec5aa6/resource/be300299-f9a3-4eac-b558-0c088dd77a64/download/tourism59-68.csv,2026-09-16T11:38:42.036722+00:00,1.0,20.757,93.048,556.1,3.006,744,,,
doi_suthep_pui,ดอยสุเทพ-ปุย,เชียงใหม่,2560,2017,8,,,19185,dnp_tourism,https://catalog.dnp.go.th/dataset/91d66c6a-5b88-41ee-8597-11be8aec5aa6/resource/be300299-f9a3-4eac-b558-0c088dd77a64/download/tourism59-68.csv,2026-09-16T11:38:42.036724+00:00,1.0,21.217,90.339,325.9,3.215,744,,,
doi_suthep_pui,ดอยสุเทพ-ปุย,เชียงใหม่,2560,2017,9,,,13575,dnp_tourism,https://catalog.dnp.go.th/dataset/91d66c6a-5b88-41ee-8597-11be8aec5aa6/resource/be300299-f9a3-4eac-b558-0c088dd77a64/download/tourism59-68.csv,2026-09-16T11:38:42.036727+00:00,1.0,21.562,89.506,333.4,3.06,720,,,
ob_luang,ออบหลวง,เชียงใหม่,2560,2016,10,,,3846,dnp_tourism,https://catalog.dnp.go.th/dataset/91d66c6a-5b88-41ee-8597-11be8aec5aa6/resource/be300299-f9a3-4eac-b558-0c088dd77a64/download/tourism59-68.csv,2026-09-16T11:38:42.036735+00:00,1.0,22.623,87.792,88.1,3.932,744,,,
ob_luang,ออบหลวง,เชียงใหม่,2560,2016,11,,,4418,dnp_tourism,https://catalog.dnp.go.th/dataset/91d66c6a-5b88-41ee-8597-11be8aec5aa6/resource/be300299-f9a3-4eac-b558-0c088dd77a64/download/tourism59-68.csv,2026-09-16T11:38:42.036738+00:00,1.0,21.885,82.806,68.6,3.815,720,,,
ob_luang,ออบหลวง,เชียงใหม่,2560,2016,12,,,13772,dnp_tourism,https://catalog.dnp.go.th/dataset/91d66c6a-5b88-41ee-8597-11be8aec5aa6/resource/be300299-f9a3-4eac-b558-0c088dd77a64/download/tourism59-68.csv,2026-09-16T11:38:42.036740+00:00,1.0,20.923,71.601,1.6,4.701,744,,,
ob_luang,ออบหลวง,เชียงใหม่,2560,2017,1,,,8011,dnp_tourism,https://catalog.dnp.go.th/dataset/91d66c6a-5b88-41ee-8597-11be8aec5aa6/resource/be300299-f9a3-4eac-b558-0c088dd77a64/download/tourism59-68.csv,2026-09-16T11:38:42.036743+00:00,1.0,19.457,79.983,29.0,4.981,744,,,
ob_luang,ออบหลวง,เชียงใหม่,2560,2017,2,,,3272,dnp_tourism,https://catalog.dnp.go.th/dataset/91d66c6a-5b88-41ee-8597-11be8aec5aa6/resource/be300299-f9a3-4eac-b558-0c088dd77a64/download/tourism59-68.csv,2026-09-16T11:38:42.036745+00:00,1.0,20.367,60.597,0.0,6.063,672,,,
ob_luang,ออบหลวง,เชียงใหม่,2560,2017,3,,,2706,dnp_tourism,https://catalog.dnp.go.th/dataset/91d66c6a-5b88-41ee-8597-11be8aec5aa6/resource/be300299-f9a3-4eac-b558-0c088dd77a64/download/tourism59-68.csv,2026-09-16T11:38:42.036748+00:00,1.0,23.068,56.223,2.4,7.186,744,,,
ob_luang,ออบหลวง,เชียงใหม่,2560,2017,4,,,3093,dnp_tourism,https://catalog.dnp.go.th/dataset/91d66c6a-5b88-41ee-8597-11be8aec5aa6/resource/be300299-f9a3-4eac-b558-0c088dd77a64/download/tourism59-68.csv,2026-09-16T11:38:42.036750+00:00,1.0,24.416,69.571,71.7,6.333,720,,,
ob_luang,ออบหลวง,เชียงใหม่,2560,2017,5,,,1642,dnp_tourism,https://catalog.dnp.go.th/dataset/91d66c6a-5b88-41ee-8597-11be8aec5aa6/resource/be300299-f9a3-4eac-b558-0c088dd77a64/download/tourism59-68.csv,2026-09-16T11:38:42.036753+00:00,1.0,23.938,85.116,232.8,5.228,744,,,
ob_luang,ออบหลวง,เชียงใหม่,2560,2017,6,,,1206,dnp_tourism,https://catalog.dnp.go.th/dataset/91d66c6a-5b88-41ee-8597-11be8aec5aa6/resource/be300299-f9a3-4eac-b558-0c088dd77a64/download/tourism59-68.csv,2026-09-16T11:38:42.036755+00:00,1.0,23.382,85.858,204.0,7.101,720,,,
ob_luang,ออบหลวง,เชียงใหม่,2560,2017,7,,,1889,dnp_tourism,https://catalog.dnp.go.th/dataset/91d66c6a-5b88-41ee-8597-11be8aec5aa6/resource/be300299-f9a3-4eac-b558-0c088dd77a64/download/tourism59-68.csv,2026-09-16T11:38:42.036758+00:00,1.0,22.249,91.38,484.3,6.654,744,,,
ob_luang,ออบหลวง,เชียงใหม่,2560,2017,8,,,1744,dnp_tourism,https://catalog.dnp.go.th/dataset/91d66c6a-5b88-41ee-8597-11be8aec5aa6/resource/be300299-f9a3-4eac-b558-0c088dd77a64/download/tourism59-68.csv,2026-09-16T11:38:42.036760+00:00,1.0,22.781,88.839,180.9,6.892,744,,,
ob_luang,ออบหลวง,เชียงใหม่,2560,2017,9,,,1565,dnp_tourism,https://catalog.dnp.go.th/dataset/91d66c6a-5b88-41ee-8597-11be8aec5aa6/resource/be300299-f9a3-4eac-b558-0c088dd77a64/download/tourism59-68.csv,2026-09-16T11:38:42.036764+00:00,1.0,23.187,88.912,221.0,5.279,720,,,
sri_lanna,ศรีลานนา,เชียงใหม่,2560,2016,10,,,6095,dnp_tourism,https://catalog.dnp.go.th/dataset/91d66c6a-5b88-41ee-8597-11be8aec5aa6/resource/be300299-f9a3-4eac-b558-0c088dd77a64/download/tourism59-68.csv,2026-09-16T11:38:42.036773+00:00,1.0,25.08,88.194,138.6,3.111,744,,,
sri_lanna,ศรีลานนา,เชียงใหม่,2560,2016,11,,,4528,dnp_tourism,https://catalog.dnp.go.th/dataset/91d66c6a-5b88-41ee-8597-11be8aec5aa6/resource/be300299-f9a3-4eac-b558-0c088dd77a64/download/tourism59-68.csv,2026-09-16T11:38:42.036775+00:00,1.0,23.691,85.482,68.0,3.285,720,,,
sri_lanna,ศรีลานนา,เชียงใหม่,2560,2016,12,,,8880,dnp_tourism,https://catalog.dnp.go.th/dataset/91d66c6a-5b88-41ee-8597-11be8aec5aa6/resource/be300299-f9a3-4eac-b558-0c088dd77a64/download/tourism59-68.csv,2026-09-16T11:38:42.036778+00:00,1.0,22.388,76.059,2.2,3.579,744,,,
sri_lanna,ศรีลานนา,เชียงใหม่,2560,2017,1,,,6882,dnp_tourism,https://catalog.dnp.go.th/dataset/91d66c6a-5b88-41ee-8597-11be8aec5aa6/resource/be300299-f9a3-4eac-b558-0c088dd77a64/download/tourism59-68.csv,2026-09-16T11:38:42.036780+00:00,1.0,21.058,79.981,55.0,4.94,744,,,
sri_lanna,ศรีลานนา,เชียงใหม่,2560,2017,2,,,5089,dnp_tourism,https://catalog.dnp.go.th/dataset/91d66c6a-5b88-41ee-8597-11be8aec5aa6/resource/be300299-f9a3-4eac-b558-0c088dd77a64/download/tourism59-68.csv,2026-09-16T11:38:42.036783+00:00,1.0,23.04,59.805,1.6,5.164,672,,,
sri_lanna,ศรีลานนา,เชียงใหม่,2560,2017,3,,,7702,dnp_tourism,https://catalog.dnp.go.th/dataset/91d66c6a-5b88-41ee-8597-11be8aec5aa6/resource/be300299-f9a3-4eac-b558-0c088dd77a64/download/tourism59-68.csv,2026-09-16T11:38:42.036786+00:00,1.0,26.729,48.69,4.0,5.9,744,,,
sri_lanna,ศรีลานนา,เชียงใหม่,2560,2017,4,,,14024,dnp_tourism,https://catalog.dnp.go.th/dataset/91d66c6a-5b88-41ee-8597-11be8aec5aa6/resource/be300299-f9a3-4eac-b558-0c088dd77a64/download/tourism59-68.csv,2026-09-16T11:38:42.036788+00:00,1.0,26.672,67.771,66.0,4.967,720,,,
sri_lanna,ศรีลานนา,เชียงใหม่,2560,2017,5,,,9569,dnp_tourism,https://catalog.dnp.go.th/dataset/91d66c6a-5b88-41ee-8597-11be8aec5aa6/resource/be300299-f9a3-4eac-b558-0c088dd77a64/download/tourism59-68.csv,2026-09-16T11:38:42.036790+00:00,1.0,26.637,78.304,138.1,4.556,744,,,
sri_lanna,ศรีลานนา,เชียงใหม่,2560,2017,6,,,4260,dnp_tourism,https://catalog.dnp.go.th/dataset/91d66c6a-5b88-41ee-8597-11be8aec5aa6/resource/be300299-f9a3-4eac-b558-0c088dd77a64/download/tourism59-68.csv,2026-09-16T11:38:42.036793+00:00,1.0,25.531,84.929,299.9,5.053,720,,,
sri_lanna,ศรีลานนา,เชียงใหม่,2560,2017,7,,,4824,dnp_tourism,https://catalog.dnp.go.th/dataset/91d66c6a-5b88-41ee-8597-11be8aec5aa6/resource/be300299-f9a3-4eac-b558-0c088dd77a64/download/tourism59-68.csv,2026-09-16T11:38:42.036795+00:00,1.0,24.319,90.86,472.5,4.454,744,,,
sri_lanna,ศรีลานนา,เชียงใหม่,2560,2017,8,,,3577,dnp_tourism,https://catalog.dnp.go.th/dataset/91d66c6a-5b88-41ee-8597-11be8aec5aa6/resource/be300299-f9a3-4eac-b558-0c088dd77a64/download/tourism59-68.csv,2026-09-16T11:38:42.036798+00:00,1.0,24.797,88.691,306.3,4.13,744,,,
sri_lanna,ศรีลานนา,เชียงใหม่,2560,2017,9,,,3824,dnp_tourism,https://catalog.dnp.go.th/dataset/91d66c6a-5b88-41ee-8597-11be8aec5aa6/resource/be300299-f9a3-4eac-b558-0c088dd77a64/download/tourism59-68.csv,2026-09-16T11:38:42.036800+00:00,1.0,25.184,88.972,303.4,3.316,720,,,
khun_khan,ขุนขาน,เชียงใหม่,2560,2016,10,,,20,dnp_tourism,https://catalog.dnp.go.th/dataset/91d66c6a-5b88-41ee-8597-11be8aec5aa6/resource/be300299-f9a3-4eac-b558-0c088dd77a64/download/tourism59-68.csv,2026-09-16T11:38:42.036831+00:00,1.0,22.387,88.739,137.6,3.402,744,,,
khun_khan,ขุนขาน,เชียงใหม่,2560,2016,11,,,35,dnp_tourism,https://catalog.dnp.go.th/dataset/91d66c6a-5b88-41ee-8597-11be8aec5aa6/resource/be300299-f9a3-4eac-b558-0c088dd77a64/download/tourism59-68.csv,2026-09-16T11:38:42.036834+00:00,1.0,20.976,86.656,132.9,3.664,720,,,
khun_khan,ขุนขาน,เชียงใหม่,2560,2016,12,,,701,dnp_tourism,https://catalog.dnp.go.th/dataset/91d66c6a-5b88-41ee-8597-11be8aec5aa6/resource/be300299-f9a3-4eac-b558-0c088dd77a64/download/tourism59-68.csv,2026-09-16T11:38:42.036836+00:00,1.0,19.403,78.555,5.7,3.866,744,,,
khun_khan,ขุนขาน,เชียงใหม่,2560,2017,1,,,652,dnp_tourism,https://catalog.dnp.go.th/dataset/91d66c6a-5b88-41ee-8597-11be8aec5aa6/resource/be300299-f9a3-4eac-b558-0c088dd77a64/download/tourism59-68.csv,2026-09-16T11:38:42.036841+00:00,1.0,18.627,82.132,47.4,4.693,744,,,
khun_khan,ขุนขาน,เชียงใหม่,2560,2017,2,,,62,dnp_tourism,https://catalog.dnp.go.th/dataset/91d66c6a-5b88-41ee-8597-11be8aec5aa6/resource/be300299-f9a3-4eac-b558-0c088dd77a64/download/tourism59-68.csv,2026-09-16T11:38:42.036844+00:00,1.0,19.791,63.368,0.6,6.022,672,,,
khun_khan,ขุนขาน,เชียงใหม่,2560,2017,3,,,17,dnp_tourism,https://catalog.dnp.go.th/dataset/91d66c6a-5b88-41ee-8597-11be8aec5aa6/resource/be300299-f9a3-4eac-b558-0c088dd77a64/download/tourism59-68.csv,2026-09-16T11:38:42.036846+00:00,1.0,22.803,54.832,1.0,7.019,744,,,
khun_khan,ขุนขาน,เชียงใหม่,2560,2017,4,,,118,dnp_tourism,https://catalog.dnp.go.th/dataset/91d66c6a-5b88-41ee-8597-11be8aec5aa6/resource/be300299-f9a3-4eac-b558-0c088dd77a64/download/tourism59-68.csv,2026-09-16T11:38:42.036849+00:00,1.0,23.865,70.978,55.5,6.265,720,,,
khun_khan,ขุนขาน,เชียงใหม่,2560,2017,5,,,20,dnp_tourism,https://catalog.dnp.go.th/dataset/91d66c6a-5b88-41ee-8597-11be8aec5aa6/resource/be300299-f9a3-4eac-b558-0c088dd77a64/download/tourism59-68.csv,2026-09-16T11:38:42.036851+00:00,1.0,23.834,83.927,226.6,4.902,744,,,
khun_khan,ขุนขาน,เชียงใหม่,2560,2017,6,,,18,dnp_tourism,https://catalog.dnp.go.th/dataset/91d66c6a-5b88-41ee-8597-11be8aec5aa6/resource/be300299-f9a3-4eac-b558-0c088dd77a64/download/tourism59-68.csv,2026-09-16T11:38:42.036854+00:00,1.0,23.51,86.429,306.0,4.986,720,,,
khun_khan,ขุนขาน,เชียงใหม่,2560,2017,7,,,52,dnp_tourism,https://catalog.dnp.go.th/dataset/91d66c6a-5b88-41ee-8597-11be8aec5aa6/resource/be300299-f9a3-4eac-b558-0c088dd77a64/download/tourism59-68.csv,2026-09-16T11:38:42.036857+00:00,1.0,22.57,91.406,507.3,4.522,744,,,
khun_khan,ขุนขาน,เชียงใหม่,2560,2017,8,,,59,dnp_tourism,https://catalog.dnp.go.th/dataset/91d66c6a-5b88-41ee-8597-11be8aec5aa6/resource/be300299-f9a3-4eac-b558-0c088dd77a64/download/tourism59-68.csv,2026-09-16T11:38:42.036859+00:00,1.0,22.909,89.246,338.9,4.568,744,,,
khun_khan,ขุนขาน,เชียงใหม่,2560,2017,9,,,7,dnp_tourism,https://catalog.dnp.go.th/dataset/91d66c6a-5b88-41ee-8597-11be8aec5aa6/resource/be300299-f9a3-4eac-b558-0c088dd77a64/download/tourism59-68.csv,2026-09-16T11:38:42.036863+00:00,1.0,22.978,90.156,286.6,4.335,720,,,
mae_wang,แม่วาง,เชียงใหม่,2560,2016,10,,,5620,dnp_tourism,https://catalog.dnp.go.th/dataset/91d66c6a-5b88-41ee-8597-11be8aec5aa6/resource/be300299-f9a3-4eac-b558-0c088dd77a64/download/tourism59-68.csv,2026-09-16T11:38:42.036872+00:00,1.0,24.156,85.524,115.9,3.397,744,,,
mae_wang,แม่วาง,เชียงใหม่,2560,2016,11,,,4918,dnp_tourism,https://catalog.dnp.go.th/dataset/91d66c6a-5b88-41ee-8597-11be8aec5aa6/resource/be300299-f9a3-4eac-b558-0c088dd77a64/download/tourism59-68.csv,2026-09-16T11:38:42.036875+00:00,1.0,22.846,82.683,59.2,3.462,720,,,
mae_wang,แม่วาง,เชียงใหม่,2560,2016,12,,,16536,dnp_tourism,https://catalog.dnp.go.th/dataset/91d66c6a-5b88-41ee-8597-11be8aec5aa6/resource/be300299-f9a3-4eac-b558-0c088dd77a64/download/tourism59-68.csv,2026-09-16T11:38:42.036877+00:00,1.0,21.598,73.403,3.0,4.137,744,,,
mae_wang,แม่วาง,เชียงใหม่,2560,2017,1,,,15226,dnp_tourism,https://catalog.dnp.go.th/dataset/91d66c6a-5b88-41ee-8597-11be8aec5aa6/resource/be300299-f9a3-4eac-b558-0c088dd77a64/download/tourism59-68.csv,2026-09-16T11:38:42.036880+00:00,1.0,20.437,76.973,39.1,3.434,744,,,
mae_wang,แม่วาง,เชียงใหม่,2560,2017,2,,,7706,dnp_tourism,https://catalog.dnp.go.th/dataset/91d66c6a-5b88-41ee-8597-11be8aec5aa6/resource/be300299-f9a3-4eac-b558-0c088dd77a64/download/tourism59-68.csv,2026-09-16T11:38:42.036882+00:00,1.0,21.289,58.821,0.0,4.746,672,,,
mae_wang,แม่วาง,เชียงใหม่,2560,2017,3,,,3179,dnp_tourism,https://catalog.dnp.go.th/dataset/91d66c6a-5b88-41ee-8597-11be8aec5aa6/resource/be300299-f9a3-4eac-b558-0c088dd77a64/download/tourism59-68.csv,2026-09-16T11:38:42.036885+00:00,1.0,24.747,49.767,0.7,5.791,744,,,
mae_wang,แม่วาง,เชียงใหม่,2560,2017,4,,,4313,dnp_tourism,https://catalog.dnp.go.th/dataset/91d66c6a-5b88-41ee-8597-11be8aec5aa6/resource/be300299-f9a3-4eac-b558-0c088dd77a64/download/tourism59-68.csv,2026-09-16T11:38:42.036887+00:00,1.0,25.774,65.722,50.9,4.747,720,,,
mae_wang,แม่วาง,เชียงใหม่,2560,2017,5,,,2937,dnp_tourism,https://catalog.dnp.go.th/dataset/91d66c6a-5b88-41ee-8597-11be8aec5aa6/resource/be300299-f9a3-4eac-b558-0c088dd77a64/download/tourism59-68.csv,2026-09-16T11:38:42.036890+00:00,1.0,25.721,77.581,207.5,4.059,744,,,
mae_wang,แม่วาง,เชียงใหม่,2560,2017,6,,,2798,dnp_tourism,https://catalog.dnp.go.th/dataset/91d66c6a-5b88-41ee-8597-11be8aec5aa6/resource/be300299-f9a3-4eac-b558-0c088dd77a64/download/tourism59-68.csv,2026-09-16T11:38:42.036892+00:00,1.0,25.137,81.624,186.8,4.551,720,,,
mae_wang,แม่วาง,เชียงใหม่,2560,2017,7,,,4388,dnp_tourism,https://catalog.dnp.go.th/dataset/91d66c6a-5b88-41ee-8597-11be8aec5aa6/resource/be300299-f9a3-4eac-b558-0c088dd77a64/download/tourism59-68.csv,2026-09-16T11:38:42.036895+00:00,1.0,23.963,88.465,480.1,3.808,744,,,
mae_wang,แม่วาง,เชียงใหม่,2560,2017,8,,,4106,dnp_tourism,https://catalog.dnp.go.th/dataset/91d66c6a-5b88-41ee-8597-11be8aec5aa6/resource/be300299-f9a3-4eac-b558-0c088dd77a64/download/tourism59-68.csv,2026-09-16T11:38:42.036897+00:00,1.0,24.261,86.07,257.3,3.904,744,,,
mae_wang,แม่วาง,เชียงใหม่,2560,2017,9,,,4302,dnp_tourism,https://catalog.dnp.go.th/dataset/91d66c6a-5b88-41ee-8597-11be8aec5aa6/resource/be300299-f9a3-4eac-b558-0c088dd77a64/download/tourism59-68.csv,2026-09-16T11:38:42.036900+00:00,1.0,24.389,85.633,176.3,3.247,720,,,
doi_inthanon,ดอยอินทนนท์,เชียงใหม่,2561,2017,10,,,1948,dnp_tourism,https://catalog.dnp.go.th/dataset/91d66c6a-5b88-41ee-8597-11be8aec5aa6/resource/be300299-f9a3-4eac-b558-0c088dd77a64/download/tourism59-68.csv,2026-09-16T11:38:42.037501+00:00,1.0,11.085,91.343,356.6,3.387,744,,,
doi_inthanon,ดอยอินทนนท์,เชียงใหม่,2561,2017,11,,,2463,dnp_tourism,https://catalog.dnp.go.th/dataset/91d66c6a-5b88-41ee-8597-11be8aec5aa6/resource/be300299-f9a3-4eac-b558-0c088dd77a64/download/tourism59-68.csv,2026-09-16T11:38:42.037505+00:00,1.0,10.041,84.942,70.6,3.849,720,,,
doi_inthanon,ดอยอินทนนท์,เชียงใหม่,2561,2017,12,,,6141,dnp_tourism,https://catalog.dnp.go.th/dataset/91d66c6a-5b88-41ee-8597-11be8aec5aa6/resource/be300299-f9a3-4eac-b558-0c088dd77a64/download/tourism59-68.csv,2026-09-16T11:38:42.037508+00:00,1.0,8.051,79.965,36.3,4.571,744,,,
doi_inthanon,ดอยอินทนนท์,เชียงใหม่,2561,2018,1,,,6254,dnp_tourism,https://catalog.dnp.go.th/dataset/91d66c6a-5b88-41ee-8597-11be8aec5aa6/resource/be300299-f9a3-4eac-b558-0c088dd77a64/download/tourism59-68.csv,2026-09-16T11:38:42.037512+00:00,1.0,8.928,71.93,13.3,5.185,744,,,
doi_inthanon,ดอยอินทนนท์,เชียงใหม่,2561,2018,2,,,5021,dnp_tourism,https://catalog.dnp.go.th/dataset/91d66c6a-5b88-41ee-8597-11be8aec5aa6/resource/be300299-f9a3-4eac-b558-0c088dd77a64/download/tourism59-68.csv,2026-09-16T11:38:42.037515+00:00,1.0,10.819,55.743,7.8,5.362,672,,,
doi_inthanon,ดอยอินทนนท์,เชียงใหม่,2561,2018,3,,,7796,dnp_tourism,https://catalog.dnp.go.th/dataset/91d66c6a-5b88-41ee-8597-11be8aec5aa6/resource/be300299-f9a3-4eac-b558-0c088dd77a64/download/tourism59-68.csv,2026-09-16T11:38:42.037517+00:00,1.0,12.711,54.973,15.0,5.115,744,,,
doi_inthanon,ดอยอินทนนท์,เชียงใหม่,2561,2018,4,,,15614,dnp_tourism,https://catalog.dnp.go.th/dataset/91d66c6a-5b88-41ee-8597-11be8aec5aa6/resource/be300299-f9a3-4eac-b558-0c088dd77a64/download/tourism59-68.csv,2026-09-16T11:38:42.037520+00:00,1.0,13.004,69.897,74.4,4.657,720,,,
doi_inthanon,ดอยอินทนนท์,เชียงใหม่,2561,2018,5,,,2695,dnp_tourism,https://catalog.dnp.go.th/dataset/91d66c6a-5b88-41ee-8597-11be8aec5aa6/resource/be300299-f9a3-4eac-b558-0c088dd77a64/download/tourism59-68.csv,2026-09-16T11:38:42.037523+00:00,1.0,12.513,84.88,252.6,4.799,744,,,
doi_inthanon,ดอยอินทนนท์,เชียงใหม่,2561,2018,6,,,918,dnp_tourism,https://catalog.dnp.go.th/dataset/91d66c6a-5b88-41ee-8597-11be8aec5aa6/resource/be300299-f9a3-4eac-b558-0c088dd77a64/download/tourism59-68.csv,2026-09-16T11:38:42.037525+00:00,1.0,11.732,93.429,378.6,6.898,720,,,
doi_inthanon,ดอยอินทนนท์,เชียงใหม่,2561,2018,7,,,1519,dnp_tourism,https://catalog.dnp.go.th/dataset/91d66c6a-5b88-41ee-8597-11be8aec5aa6/resource/be300299-f9a3-4eac-b558-0c088dd77a64/download/tourism59-68.csv,2026-09-16T11:38:42.037528+00:00,1.0,11.549,94.766,466.9,7.274,744,,,
doi_inthanon,ดอยอินทนนท์,เชียงใหม่,2561,2018,8,,,1479,dnp_tourism,https://catalog.dnp.go.th/dataset/91d66c6a-5b88-41ee-8597-11be8aec5aa6/resource/be300299-f9a3-4eac-b558-0c088dd77a64/download/tourism59-68.csv,2026-09-16T11:38:42.037530+00:00,1.0,11.237,95.253,557.0,6.666,744,,,
doi_inthanon,ดอยอินทนนท์,เชียงใหม่,2561,2018,9,,,1567,dnp_tourism,https://catalog.dnp.go.th/dataset/91d66c6a-5b88-41ee-8597-11be8aec5aa6/resource/be300299-f9a3-4eac-b558-0c088dd77a64/download/tourism59-68.csv,2026-09-16T11:38:42.037533+00:00,1.0,12.008,89.487,253.8,3.765,720,,,
mae_ping,แม่ปิง,เชียงใหม่,2561,2017,10,,,2753,dnp_tourism,https://catalog.dnp.go.th/dataset/91d66c6a-5b88-41ee-8597-11be8aec5aa6/resource/be300299-f9a3-4eac-b558-0c088dd77a64/download/tourism59-68.csv,2026-09-16T11:38:42.037541+00:00,1.0,21.969,90.282,382.6,3.168,744,,,
mae_ping,แม่ปิง,เชียงใหม่,2561,2017,11,,,2614,dnp_tourism,https://catalog.dnp.go.th/dataset/91d66c6a-5b88-41ee-8597-11be8aec5aa6/resource/be300299-f9a3-4eac-b558-0c088dd77a64/download/tourism59-68.csv,2026-09-16T11:38:42.037544+00:00,1.0,21.076,83.572,55.0,3.869,720,,,
mae_ping,แม่ปิง,เชียงใหม่,2561,2017,12,,,7761,dnp_tourism,https://catalog.dnp.go.th/dataset/91d66c6a-5b88-41ee-8597-11be8aec5aa6/resource/be300299-f9a3-4eac-b558-0c088dd77a64/download/tourism59-68.csv,2026-09-16T11:38:42.037546+00:00,1.0,19.178,76.399,20.1,4.206,744,,,
mae_ping,แม่ปิง,เชียงใหม่,2561,2018,1,,,7150,dnp_tourism,https://catalog.dnp.go.th/dataset/91d66c6a-5b88-41ee-8597-11be8aec5aa6/resource/be300299-f9a3-4eac-b558-0c088dd77a64/download/tourism59-68.csv,2026-09-16T11:38:42.037549+00:00,1.0,19.482,74.628,13.2,4.003,744,,,
mae_ping,แม่ปิง,เชียงใหม่,2561,2018,2,,,4376,dnp_tourism,https://catalog.dnp.go.th/dataset/91d66c6a-5b88-41ee-8597-11be8aec5aa6/resource/be300299-f9a3-4eac-b558-0c088dd77a64/download/tourism59-68.csv,2026-09-16T11:38:42.037551+00:00,1.0,21.009,66.016,7.3,4.994,672,,,
mae_ping,แม่ปิง,เชียงใหม่,2561,2018,3,,,4118,dnp_tourism,https://catalog.dnp.go.th/dataset/91d66c6a-5b88-41ee-8597-11be8aec5aa6/resource/be300299-f9a3-4eac-b558-0c088dd77a64/download/tourism59-68.csv,2026-09-16T11:38:42.037554+00:00,1.0,23.012,61.558,15.3,4.523,744,,,
mae_ping,แม่ปิง,เชียงใหม่,2561,2018,4,,,7787,dnp_tourism,https://catalog.dnp.go.th/dataset/91d66c6a-5b88-41ee-8597-11be8aec5aa6/resource/be300299-f9a3-4eac-b558-0c088dd77a64/download/tourism59-68.csv,2026-09-16T11:38:42.037556+00:00,1.0,23.913,70.781,60.6,4.257,720,,,
mae_ping,แม่ปิง,เชียงใหม่,2561,2018,5,,,2189,dnp_tourism,https://catalog.dnp.go.th/dataset/91d66c6a-5b88-41ee-8597-11be8aec5aa6/resource/be300299-f9a3-4eac-b558-0c088dd77a64/download/tourism59-68.csv,2026-09-16T11:38:42.037558+00:00,1.0,23.93,79.907,135.9,3.992,744,,,
mae_ping,แม่ปิง,เชียงใหม่,2561,2018,6,,,1246,dnp_tourism,https://catalog.dnp.go.th/dataset/91d66c6a-5b88-41ee-8597-11be8aec5aa6/resource/be300299-f9a3-4eac-b558-0c088dd77a64/download/tourism59-68.csv,2026-09-16T11:38:42.037561+00:00,1.0,23.098,86.589,238.9,4.928,720,,,
mae_ping,แม่ปิง,เชียงใหม่,2561,2018,7,,,1566,dnp_tourism,https://catalog.dnp.go.th/dataset/91d66c6a-5b88-41ee-8597-11be8aec5aa6/resource/be300299-f9a3-4eac-b558-0c088dd77a64/download/tourism59-68.csv,2026-09-16T11:38:42.037563+00:00,1.0,22.999,86.073,256.4,4.758,744,,,
mae_ping,แม่ปิง,เชียงใหม่,2561,2018,8,,,1434,dnp_tourism,https://catalog.dnp.go.th/dataset/91d66c6a-5b88-41ee-8597-11be8aec5aa6/resource/be300299-f9a3-4eac-b558-0c088dd77a64/download/tourism59-68.csv,2026-09-16T11:38:42.037566+00:00,1.0,22.751,86.973,286.9,4.876,744,,,
mae_ping,แม่ปิง,เชียงใหม่,2561,2018,9,,,1628,dnp_tourism,https://catalog.dnp.go.th/dataset/91d66c6a-5b88-41ee-8597-11be8aec5aa6/resource/be300299-f9a3-4eac-b558-0c088dd77a64/download/tourism59-68.csv,2026-09-16T11:38:42.037568+00:00,1.0,23.016,87.256,191.7,3.723,720,,,
pha_daeng,ผาแดง,เชียงใหม่,2561,2017,10,,,4987,dnp_tourism,https://catalog.dnp.go.th/dataset/91d66c6a-5b88-41ee-8597-11be8aec5aa6/resource/be300299-f9a3-4eac-b558-0c088dd77a64/download/tourism59-68.csv,2026-09-16T11:38:42.037576+00:00,1.0,23.638,89.382,186.2,3.304,744,,,
pha_daeng,ผาแดง,เชียงใหม่,2561,2017,11,,,4628,dnp_tourism,https://catalog.dnp.go.th/dataset/91d66c6a-5b88-41ee-8597-11be8aec5aa6/resource/be300299-f9a3-4eac-b558-0c088dd77a64/download/tourism59-68.csv,2026-09-16T11:38:42.037579+00:00,1.0,21.999,85.19,75.2,3.878,720,,,
pha_daeng,ผาแดง,เชียงใหม่,2561,2017,12,,,21916,dnp_tourism,https://catalog.dnp.go.th/dataset/91d66c6a-5b88-41ee-8597-11be8aec5aa6/resource/be300299-f9a3-4eac-b558-0c088dd77a64/download/tourism59-68.csv,2026-09-16T11:38:42.037582+00:00,1.0,19.339,82.503,40.3,4.218,744,,,
pha_daeng,ผาแดง,เชียงใหม่,2561,2018,1,,,18482,dnp_tourism,https://catalog.dnp.go.th/dataset/91d66c6a-5b88-41ee-8597-11be8aec5aa6/resource/be300299-f9a3-4eac-b558-0c088dd77a64/download/tourism59-68.csv,2026-09-16T11:38:42.037584+00:00,1.0,19.047,82.427,28.7,3.656,744,,,
pha_daeng,ผาแดง,เชียงใหม่,2561,2018,2,,,10558,dnp_tourism,https://catalog.dnp.go.th/dataset/91d66c6a-5b88-41ee-8597-11be8aec5aa6/resource/be300299-f9a3-4eac-b558-0c088dd77a64/download/tourism59-68.csv,2026-09-16T11:38:42.037587+00:00,1.0,21.179,66.671,2.3,4.285,672,,,
pha_daeng,ผาแดง,เชียงใหม่,2561,2018,3,,,5761,dnp_tourism,https://catalog.dnp.go.th/dataset/91d66c6a-5b88-41ee-8597-11be8aec5aa6/resource/be300299-f9a3-4eac-b558-0c088dd77a64/download/tourism59-68.csv,2026-09-16T11:38:42.037589+00:00,1.0,23.508,64.116,8.5,4.259,744,,,
pha_daeng,ผาแดง,เชียงใหม่,2561,2018,4,,,11040,dnp_tourism,https://catalog.dnp.go.th/dataset/91d66c6a-5b88-41ee-8597-11be8aec5aa6/resource/be300299-f9a3-4eac-b558-0c088dd77a64/download/tourism59-68.csv,2026-09-16T11:38:42.037592+00:00,1.0,25.034,72.26,51.7,3.857,720,,,
pha_daeng,ผาแดง,เชียงใหม่,2561,2018,5,,,3019,dnp_tourism,https://catalog.dnp.go.th/dataset/91d66c6a-5b88-41ee-8597-11be8aec5aa6/resource/be300299-f9a3-4eac-b558-0c088dd77a64/download/tourism59-68.csv,2026-09-16T11:38:42.037594+00:00,1.0,25.271,82.806,163.0,4.039,744,,,
pha_daeng,ผาแดง,เชียงใหม่,2561,2018,6,,,3900,dnp_tourism,https://catalog.dnp.go.th/dataset/91d66c6a-5b88-41ee-8597-11be8aec5aa6/resource/be300299-f9a3-4eac-b558-0c088dd77a64/download/tourism59-68.csv,2026-09-16T11:38:42.037597+00:00,1.0,24.653,91.032,447.0,4.881,720,,,
pha_daeng,ผาแดง,เชียงใหม่,2561,2018,7,,,5135,dnp_tourism,https://catalog.dnp.go.th/dataset/91d66c6a-5b88-41ee-8597-11be8aec5aa6/resource/be300299-f9a3-4eac-b558-0c088dd77a64/download/tourism59-68.csv,2026-09-16T11:38:42.037599+00:00,1.0,24.8,90.526,617.8,4.513,744,,,
pha_daeng,ผาแดง,เชียงใหม่,2561,2018,8,,,5054,dnp_tourism,https://catalog.dnp.go.th/dataset/91d66c6a-5b88-41ee-8597-11be8aec5aa6/resource/be300299-f9a3-4eac-b558-0c088dd77a64/download/tourism59-68.csv,2026-09-16T11:38:42.037602+00:00,1.0,24.263,92.321,591.3,4.394,744,,,
pha_daeng,ผาแดง,เชียงใหม่,2561,2018,9,,,3230,dnp_tourism,https://catalog.dnp.go.th/dataset/91d66c6a-5b88-41ee-8597-11be8aec5aa6/resource/be300299-f9a3-4eac-b558-0c088dd77a64/download/tourism59-68.csv,2026-09-16T11:38:42.037604+00:00,1.0,24.721,89.4,185.7,3.195,720,,,
doi_pha_hom_pok,ดอยผ้าห่มปก,เชียงใหม่,2561,2017,10,,,13520,dnp_tourism,https://catalog.dnp.go.th/dataset/91d66c6a-5b88-41ee-8597-11be8aec5aa6/resource/be300299-f9a3-4eac-b558-0c088dd77a64/download/tourism59-68.csv,2026-09-16T11:38:42.037613+00:00,1.0,23.415,81.585,150.4,3.505,744,,,
doi_pha_hom_pok,ดอยผ้าห่มปก,เชียงใหม่,2561,2017,11,,,17338,dnp_tourism,https://catalog.dnp.go.th/dataset/91d66c6a-5b88-41ee-8597-11be8aec5aa6/resource/be300299-f9a3-4eac-b558-0c088dd77a64/download/tourism59-68.csv,2026-09-16T11:38:42.037615+00:00,1.0,21.65,78.037,58.5,3.439,720,,,
doi_pha_hom_pok,ดอยผ้าห่มปก,เชียงใหม่,2561,2017,12,,,45493,dnp_tourism,https://catalog.dnp.go.th/dataset/91d66c6a-5b88-41ee-8597-11be8aec5aa6/resource/be300299-f9a3-4eac-b558-0c088dd77a64/download/tourism59-68.csv,2026-09-16T11:38:42.037618+00:00,1.0,18.915,74.894,59.8,3.634,744,,,
doi_pha_hom_pok,ดอยผ้าห่มปก,เชียงใหม่,2561,2018,1,,,28607,dnp_tourism,https://catalog.dnp.go.th/dataset/91d66c6a-5b88-41ee-8597-11be8aec5aa6/resource/be300299-f9a3-4eac-b558-0c088dd77a64/download/tourism59-68.csv,2026-09-16T11:38:42.037620+00:00,1.0,18.814,76.148,77.1,3.639,744,,,
doi_pha_hom_pok,ดอยผ้าห่มปก,เชียงใหม่,2561,2018,2,,,13131,dnp_tourism,https://catalog.dnp.go.th/dataset/91d66c6a-5b88-41ee-8597-11be8aec5aa6/resource/be300299-f9a3-4eac-b558-0c088dd77a64/download/tourism59-68.csv,2026-09-16T11:38:42.037622+00:00,1.0,20.804,64.176,1.1,4.333,672,,,
doi_pha_hom_pok,ดอยผ้าห่มปก,เชียงใหม่,2561,2018,3,,,6685,dnp_tourism,https://catalog.dnp.go.th/dataset/91d66c6a-5b88-41ee-8597-11be8aec5aa6/resource/be300299-f9a3-4eac-b558-0c088dd77a64/download/tourism59-68.csv,2026-09-16T11:38:42.037625+00:00,1.0,23.259,60.938,19.6,4.345,744,,,
doi_pha_hom_pok,ดอยผ้าห่มปก,เชียงใหม่,2561,2018,4,,,15408,dnp_tourism,https://catalog.dnp.go.th/dataset/91d66c6a-5b88-41ee-8597-11be8aec5aa6/resource/be300299-f9a3-4eac-b558-0c088dd77a64/download/tourism59-68.csv,2026-09-16T11:38:42.037627+00:00,1.0,24.549,68.279,59.4,4.32,720,,,
doi_pha_hom_pok,ดอยผ้าห่มปก,เชียงใหม่,2561,2018,5,,,3718,dnp_tourism,https://catalog.dnp.go.th/dataset/91d66c6a-5b88-41ee-8597-11be8aec5aa6/resource/be300299-f9a3-4eac-b558-0c088dd77a64/download/tourism59-68.csv,2026-09-16T11:38:42.037632+00:00,1.0,25.008,77.481,199.6,3.958,744,,,
doi_pha_hom_pok,ดอยผ้าห่มปก,เชียงใหม่,2561,2018,6,,,3803,dnp_tourism,https://catalog.dnp.go.th/dataset/91d66c6a-5b88-41ee-8597-11be8aec5aa6/resource/be300299-f9a3-4eac-b558-0c088dd77a64/download/tourism59-68.csv,2026-09-16T11:38:42.037634+00:00,1.0,24.55,85.119,282.6,4.124,720,,,
doi_pha_hom_pok,ดอยผ้าห่มปก,เชียงใหม่,2561,2018,7,,,4758,dnp_tourism,https://catalog.dnp.go.th/dataset/91d66c6a-5b88-41ee-8597-11be8aec5aa6/resource/be300299-f9a3-4eac-b558-0c088dd77a64/download/tourism59-68.csv,2026-09-16T11:38:42.037637+00:00,1.0,24.888,83.19,257.4,4.292,744,,,
doi_pha_hom_pok,ดอยผ้าห่มปก,เชียงใหม่,2561,2018,8,,,5709,dnp_tourism,https://catalog.dnp.go.th/dataset/91d66c6a-5b88-41ee-8597-11be8aec5aa6/resource/be300299-f9a3-4eac-b558-0c088dd77a64/download/tourism59-68.csv,2026-09-16T11:38:42.037639+00:00,1.0,24.301,85.569,350.2,4.044,744,,,
doi_pha_hom_pok,ดอยผ้าห่มปก,เชียงใหม่,2561,2018,9,,,4888,dnp_tourism,https://catalog.dnp.go.th/dataset/91d66c6a-5b88-41ee-8597-11be8aec5aa6/resource/be300299-f9a3-4eac-b558-0c088dd77a64/download/tourism59-68.csv,2026-09-16T11:38:42.037641+00:00,1.0,24.526,82.287,157.3,3.442,720,,,
huai_nam_dang,ห้วยน้ำดัง,เชียงใหม่,2561,2017,10,,,18073,dnp_tourism,https://catalog.dnp.go.th/dataset/91d66c6a-5b88-41ee-8597-11be8aec5aa6/resource/be300299-f9a3-4eac-b558-0c088dd77a64/download/tourism59-68.csv,2026-09-16T11:38:42.037650+00:00,1.0,18.177,89.794,213.9,4.18,744,,,
huai_nam_dang,ห้วยน้ำดัง,เชียงใหม่,2561,2017,11,,,28057,dnp_tourism,https://catalog.dnp.go.th/dataset/91d66c6a-5b88-41ee-8597-11be8aec5aa6/resource/be300299-f9a3-4eac-b558-0c088dd77a64/download/tourism59-68.csv,2026-09-16T11:38:42.037653+00:00,1.0,16.986,84.681,80.0,4.256,720,,,
huai_nam_dang,ห้วยน้ำดัง,เชียงใหม่,2561,2017,12,,,33300,dnp_tourism,https://catalog.dnp.go.th/dataset/91d66c6a-5b88-41ee-8597-11be8aec5aa6/resource/be300299-f9a3-4eac-b558-0c088dd77a64/download/tourism59-68.csv,2026-09-16T11:38:42.037655+00:00,1.0,14.794,78.956,43.5,4.715,744,,,
huai_nam_dang,ห้วยน้ำดัง,เชียงใหม่,2561,2018,1,,,28160,dnp_tourism,https://catalog.dnp.go.th/dataset/91d66c6a-5b88-41ee-8597-11be8aec5aa6/resource/be300299-f9a3-4eac-b558-0c088dd77a64/download/tourism59-68.csv,2026-09-16T11:38:42.037658+00:00,1.0,14.993,76.565,18.2,5.157,744,,,
huai_nam_dang,ห้วยน้ำดัง,เชียงใหม่,2561,2018,2,,,23563,dnp_tourism,https://catalog.dnp.go.th/dataset/91d66c6a-5b88-41ee-8597-11be8aec5aa6/resource/be300299-f9a3-4eac-b558-0c088dd77a64/download/tourism59-68.csv,2026-09-16T11:38:42.037660+00:00,1.0,17.29,58.095,2.8,5.489,672,,,
huai_nam_dang,ห้วยน้ำดัง,เชียงใหม่,2561,2018,3,,,30793,dnp_tourism,https://catalog.dnp.go.th/dataset/91d66c6a-5b88-41ee-8597-11be8aec5aa6/resource/be300299-f9a3-4eac-b558-0c088dd77a64/download/tourism59-68.csv,2026-09-16T11:38:42.037663+00:00,1.0,19.371,56.626,13.5,5.672,744,,,
huai_nam_dang,ห้วยน้ำดัง,เชียงใหม่,2561,2018,4,,,38305,dnp_tourism,https://catalog.dnp.go.th/dataset/91d66c6a-5b88-41ee-8597-11be8aec5aa6/resource/be300299-f9a3-4eac-b558-0c088dd77a64/download/tourism59-68.csv,2026-09-16T11:38:42.037665+00:00,1.0,19.779,70.283,50.0,5.316,720,,,
huai_nam_dang,ห้วยน้ำดัง,เชียงใหม่,2561,2018,5,,,20525,dnp_tourism,https://catalog.dnp.go.th/dataset/91d66c6a-5b88-41ee-8597-11be8aec5aa6/resource/be300299-f9a3-4eac-b558-0c088dd77a64/download/tourism59-68.csv,2026-09-16T11:38:42.037668+00:00,1.0,19.875,80.773,156.7,5.569,744,,,
huai_nam_dang,ห้วยน้ำดัง,เชียงใหม่,2561,2018,6,,,12170,dnp_tourism,https://catalog.dnp.go.th/dataset/91d66c6a-5b88-41ee-8597-11be8aec5aa6/resource/be300299-f9a3-4eac-b558-0c088dd77a64/download/tourism59-68.csv,2026-09-16T11:38:42.037670+00:00,1.0,19.012,90.289,309.4,6.874,720,,,
huai_nam_dang,ห้วยน้ำดัง,เชียงใหม่,2561,2018,7,,,16875,dnp_tourism,https://catalog.dnp.go.th/dataset/91d66c6a-5b88-41ee-8597-11be8aec5aa6/resource/be300299-f9a3-4eac-b558-0c088dd77a64/download/tourism59-68.csv,2026-09-16T11:38:42.037673+00:00,1.0,19.006,90.206,279.3,6.943,744,,,
huai_nam_dang,ห้วยน้ำดัง,เชียงใหม่,2561,2018,8,,,15644,dnp_tourism,https://catalog.dnp.go.th/dataset/91d66c6a-5b88-41ee-8597-11be8aec5aa6/resource/be300299-f9a3-4eac-b558-0c088dd77a64/download/tourism59-68.csv,2026-09-16T11:38:42.037675+00:00,1.0,18.659,91.421,383.5,6.269,744,,,
huai_nam_dang,ห้วยน้ำดัง,เชียงใหม่,2561,2018,9,,,14112,dnp_tourism,https://catalog.dnp.go.th/dataset/91d66c6a-5b88-41ee-8597-11be8aec5aa6/resource/be300299-f9a3-4eac-b558-0c088dd77a64/download/tourism59-68.csv,2026-09-16T11:38:42.037678+00:00,1.0,19.254,87.872,164.3,4.176,720,,,
doi_suthep_pui,ดอยสุเทพ-ปุย,เชียงใหม่,2561,2017,10,,,3407,dnp_tourism,https://catalog.dnp.go.th/dataset/91d66c6a-5b88-41ee-8597-11be8aec5aa6/resource/be300299-f9a3-4eac-b558-0c088dd77a64/download/tourism59-68.csv,2026-09-16T11:38:42.037686+00:00,1.0,20.497,88.54,261.1,3.185,744,,,
doi_suthep_pui,ดอยสุเทพ-ปุย,เชียงใหม่,2561,2017,11,,,3368,dnp_tourism,https://catalog.dnp.go.th/dataset/91d66c6a-5b88-41ee-8597-11be8aec5aa6/resource/be300299-f9a3-4eac-b558-0c088dd77a64/download/tourism59-68.csv,2026-09-16T11:38:42.037689+00:00,1.0,19.627,81.924,62.8,3.964,720,,,
doi_suthep_pui,ดอยสุเทพ-ปุย,เชียงใหม่,2561,2017,12,,,10752,dnp_tourism,https://catalog.dnp.go.th/dataset/91d66c6a-5b88-41ee-8597-11be8aec5aa6/resource/be300299-f9a3-4eac-b558-0c088dd77a64/download/tourism59-68.csv,2026-09-16T11:38:42.037691+00:00,1.0,17.46,77.122,42.3,3.868,744,,,
doi_suthep_pui,ดอยสุเทพ-ปุย,เชียงใหม่,2561,2018,1,,,5866,dnp_tourism,https://catalog.dnp.go.th/dataset/91d66c6a-5b88-41ee-8597-11be8aec5aa6/resource/be300299-f9a3-4eac-b558-0c088dd77a64/download/tourism59-68.csv,2026-09-16T11:38:42.037693+00:00,1.0,17.872,73.823,21.6,3.537,744,,,
doi_suthep_pui,ดอยสุเทพ-ปุย,เชียงใหม่,2561,2018,2,,,2473,dnp_tourism,https://catalog.dnp.go.th/dataset/91d66c6a-5b88-41ee-8597-11be8aec5aa6/resource/be300299-f9a3-4eac-b558-0c088dd77a64/download/tourism59-68.csv,2026-09-16T11:38:42.037696+00:00,1.0,20.103,59.927,6.6,4.47,672,,,
doi_suthep_pui,ดอยสุเทพ-ปุย,เชียงใหม่,2561,2018,3,,,1996,dnp_tourism,https://catalog.dnp.go.th/dataset/91d66c6a-5b88-41ee-8597-11be8aec5aa6/resource/be300299-f9a3-4eac-b558-0c088dd77a64/download/tourism59-68.csv,2026-09-16T11:38:42.037699+00:00,1.0,22.131,57.042,13.9,4.46,744,,,
doi_suthep_pui,ดอยสุเทพ-ปุย,เชียงใหม่,2561,2018,4,,,3027,dnp_tourism,https://catalog.dnp.go.th/dataset/91d66c6a-5b88-41ee-8597-11be8aec5aa6/resource/be300299-f9a3-4eac-b558-0c088dd77a64/download/tourism59-68.csv,2026-09-16T11:38:42.037709+00:00,1.0,22.156,71.246,66.4,4.128,720,,,
doi_suthep_pui,ดอยสุเทพ-ปุย,เชียงใหม่,2561,2018,5,,,1508,dnp_tourism,https://catalog.dnp.go.th/dataset/91d66c6a-5b88-41ee-8597-11be8aec5aa6/resource/be300299-f9a3-4eac-b558-0c088dd77a64/download/tourism59-68.csv,2026-09-16T11:38:42.037711+00:00,1.0,22.061,82.374,218.9,3.727,744,,,
doi_suthep_pui,ดอยสุเทพ-ปุย,เชียงใหม่,2561,2018,6,,,998,dnp_tourism,https://catalog.dnp.go.th/dataset/91d66c6a-5b88-41ee-8597-11be8aec5aa6/resource/be300299-f9a3-4eac-b558-0c088dd77a64/download/tourism59-68.csv,2026-09-16T11:38:42.037714+00:00,1.0,21.435,90.196,300.9,3.767,720,,,
doi_suthep_pui,ดอยสุเทพ-ปุย,เชียงใหม่,2561,2018,7,,,1627,dnp_tourism,https://catalog.dnp.go.th/dataset/91d66c6a-5b88-41ee-8597-11be8aec5aa6/resource/be300299-f9a3-4eac-b558-0c088dd77a64/download/tourism59-68.csv,2026-09-16T11:38:42.037717+00:00,1.0,21.4,91.066,334.3,3.263,744,,,
doi_suthep_pui,ดอยสุเทพ-ปุย,เชียงใหม่,2561,2018,8,,,1033,dnp_tourism,https://catalog.dnp.go.th/dataset/91d66c6a-5b88-41ee-8597-11be8aec5aa6/resource/be300299-f9a3-4eac-b558-0c088dd77a64/download/tourism59-68.csv,2026-09-16T11:38:42.037719+00:00,1.0,20.933,92.095,509.3,3.313,744,,,
doi_suthep_pui,ดอยสุเทพ-ปุย,เชียงใหม่,2561,2018,9,,,1170,dnp_tourism,https://catalog.dnp.go.th/dataset/91d66c6a-5b88-41ee-8597-11be8aec5aa6/resource/be300299-f9a3-4eac-b558-0c088dd77a64/download/tourism59-68.csv,2026-09-16T11:38:42.037721+00:00,1.0,21.744,86.571,197.3,3.36,720,,,
ob_luang,ออบหลวง,เชียงใหม่,2561,2017,10,,,7448,dnp_tourism,https://catalog.dnp.go.th/dataset/91d66c6a-5b88-41ee-8597-11be8aec5aa6/resource/be300299-f9a3-4eac-b558-0c088dd77a64/download/tourism59-68.csv,2026-09-16T11:38:42.037730+00:00,1.0,21.912,91.788,432.9,4.39,744,,,
ob_luang,ออบหลวง,เชียงใหม่,2561,2017,11,,,4004,dnp_tourism,https://catalog.dnp.go.th/dataset/91d66c6a-5b88-41ee-8597-11be8aec5aa6/resource/be300299-f9a3-4eac-b558-0c088dd77a64/download/tourism59-68.csv,2026-09-16T11:38:42.037732+00:00,1.0,20.859,86.304,55.0,4.858,720,,,
ob_luang,ออบหลวง,เชียงใหม่,2561,2017,12,,,7421,dnp_tourism,https://catalog.dnp.go.th/dataset/91d66c6a-5b88-41ee-8597-11be8aec5aa6/resource/be300299-f9a3-4eac-b558-0c088dd77a64/download/tourism59-68.csv,2026-09-16T11:38:42.037735+00:00,1.0,18.742,79.864,14.8,5.673,744,,,
ob_luang,ออบหลวง,เชียงใหม่,2561,2018,1,,,6449,dnp_tourism,https://catalog.dnp.go.th/dataset/91d66c6a-5b88-41ee-8597-11be8aec5aa6/resource/be300299-f9a3-4eac-b558-0c088dd77a64/download/tourism59-68.csv,2026-09-16T11:38:42.037737+00:00,1.0,18.968,76.007,6.7,5.76,744,,,
ob_luang,ออบหลวง,เชียงใหม่,2561,2018,2,,,5188,dnp_tourism,https://catalog.dnp.go.th/dataset/91d66c6a-5b88-41ee-8597-11be8aec5aa6/resource/be300299-f9a3-4eac-b558-0c088dd77a64/download/tourism59-68.csv,2026-09-16T11:38:42.037740+00:00,1.0,20.329,64.156,4.6,5.637,672,,,
ob_luang,ออบหลวง,เชียงใหม่,2561,2018,3,,,8364,dnp_tourism,https://catalog.dnp.go.th/dataset/91d66c6a-5b88-41ee-8597-11be8aec5aa6/resource/be300299-f9a3-4eac-b558-0c088dd77a64/download/tourism59-68.csv,2026-09-16T11:38:42.037742+00:00,1.0,22.411,62.23,10.6,6.178,744,,,
ob_luang,ออบหลวง,เชียงใหม่,2561,2018,4,,,12633,dnp_tourism,https://catalog.dnp.go.th/dataset/91d66c6a-5b88-41ee-8597-11be8aec5aa6/resource/be300299-f9a3-4eac-b558-0c088dd77a64/download/tourism59-68.csv,2026-09-16T11:38:42.037745+00:00,1.0,23.828,70.307,88.6,5.628,720,,,
ob_luang,ออบหลวง,เชียงใหม่,2561,2018,5,,,8281,dnp_tourism,https://catalog.dnp.go.th/dataset/91d66c6a-5b88-41ee-8597-11be8aec5aa6/resource/be300299-f9a3-4eac-b558-0c088dd77a64/download/tourism59-68.csv,2026-09-16T11:38:42.037747+00:00,1.0,23.503,84.531,289.8,4.938,744,,,
ob_luang,ออบหลวง,เชียงใหม่,2561,2018,6,,,4611,dnp_tourism,https://catalog.dnp.go.th/dataset/91d66c6a-5b88-41ee-8597-11be8aec5aa6/resource/be300299-f9a3-4eac-b558-0c088dd77a64/download/tourism59-68.csv,2026-09-16T11:38:42.037749+00:00,1.0,22.858,89.04,320.5,6.867,720,,,
ob_luang,ออบหลวง,เชียงใหม่,2561,2018,7,,,3812,dnp_tourism,https://catalog.dnp.go.th/dataset/91d66c6a-5b88-41ee-8597-11be8aec5aa6/resource/be300299-f9a3-4eac-b558-0c088dd77a64/download/tourism59-68.csv,2026-09-16T11:38:42.037754+00:00,1.0,22.723,88.688,255.0,9.021,744,,,
ob_luang,ออบหลวง,เชียงใหม่,2561,2018,8,,,3789,dnp_tourism,https://catalog.dnp.go.th/dataset/91d66c6a-5b88-41ee-8597-11be8aec5aa6/resource/be300299-f9a3-4eac-b558-0c088dd77a64/download/tourism59-68.csv,2026-09-16T11:38:42.037757+00:00,1.0,22.487,89.358,305.9,7.89,744,,,
ob_luang,ออบหลวง,เชียงใหม่,2561,2018,9,,,3643,dnp_tourism,https://catalog.dnp.go.th/dataset/91d66c6a-5b88-41ee-8597-11be8aec5aa6/resource/be300299-f9a3-4eac-b558-0c088dd77a64/download/tourism59-68.csv,2026-09-16T11:38:42.037761+00:00,1.0,23.003,88.558,154.1,5.461,720,,,
sri_lanna,ศรีลานนา,เชียงใหม่,2561,2017,10,,,124,dnp_tourism,https://catalog.dnp.go.th/dataset/91d66c6a-5b88-41ee-8597-11be8aec5aa6/resource/be300299-f9a3-4eac-b558-0c088dd77a64/download/tourism59-68.csv,2026-09-16T11:38:42.037769+00:00,1.0,24.097,88.276,266.1,3.703,744,,,
sri_lanna,ศรีลานนา,เชียงใหม่,2561,2017,11,,,118,dnp_tourism,https://catalog.dnp.go.th/dataset/91d66c6a-5b88-41ee-8597-11be8aec5aa6/resource/be300299-f9a3-4eac-b558-0c088dd77a64/download/tourism59-68.csv,2026-09-16T11:38:42.037772+00:00,1.0,22.774,84.082,83.1,5.034,720,,,
sri_lanna,ศรีลานนา,เชียงใหม่,2561,2017,12,,,463,dnp_tourism,https://catalog.dnp.go.th/dataset/91d66c6a-5b88-41ee-8597-11be8aec5aa6/resource/be300299-f9a3-4eac-b558-0c088dd77a64/download/tourism59-68.csv,2026-09-16T11:38:42.037775+00:00,1.0,20.316,80.376,53.4,5.6,744,,,
sri_lanna,ศรีลานนา,เชียงใหม่,2561,2018,1,,,279,dnp_tourism,https://catalog.dnp.go.th/dataset/91d66c6a-5b88-41ee-8597-11be8aec5aa6/resource/be300299-f9a3-4eac-b558-0c088dd77a64/download/tourism59-68.csv,2026-09-16T11:38:42.037777+00:00,1.0,20.624,76.398,17.6,4.703,744,,,
sri_lanna,ศรีลานนา,เชียงใหม่,2561,2018,2,,,516,dnp_tourism,https://catalog.dnp.go.th/dataset/91d66c6a-5b88-41ee-8597-11be8aec5aa6/resource/be300299-f9a3-4eac-b558-0c088dd77a64/download/tourism59-68.csv,2026-09-16T11:38:42.037780+00:00,1.0,23.091,62.812,1.4,5.396,672,,,
sri_lanna,ศรีลานนา,เชียงใหม่,2561,2018,3,,,102,dnp_tourism,https://catalog.dnp.go.th/dataset/91d66c6a-5b88-41ee-8597-11be8aec5aa6/resource/be300299-f9a3-4eac-b558-0c088dd77a64/download/tourism59-68.csv,2026-09-16T11:38:42.037782+00:00,1.0,25.465,58.324,16.8,5.271,744,,,
sri_lanna,ศรีลานนา,เชียงใหม่,2561,2018,4,,,131,dnp_tourism,https://catalog.dnp.go.th/dataset/91d66c6a-5b88-41ee-8597-11be8aec5aa6/resource/be300299-f9a3-4eac-b558-0c088dd77a64/download/tourism59-68.csv,2026-09-16T11:38:42.037785+00:00,1.0,26.201,68.326,56.6,4.964,720,,,
sri_lanna,ศรีลานนา,เชียงใหม่,2561,2018,5,,,56,dnp_tourism,https://catalog.dnp.go.th/dataset/91d66c6a-5b88-41ee-8597-11be8aec5aa6/resource/be300299-f9a3-4eac-b558-0c088dd77a64/download/tourism59-68.csv,2026-09-16T11:38:42.037787+00:00,1.0,25.781,80.651,189.7,4.292,744,,,
sri_lanna,ศรีลานนา,เชียงใหม่,2561,2018,6,,,76,dnp_tourism,https://catalog.dnp.go.th/dataset/91d66c6a-5b88-41ee-8597-11be8aec5aa6/resource/be300299-f9a3-4eac-b558-0c088dd77a64/download/tourism59-68.csv,2026-09-16T11:38:42.037790+00:00,1.0,25.043,88.01,324.0,5.076,720,,,
sri_lanna,ศรีลานนา,เชียงใหม่,2561,2018,7,,,55,dnp_tourism,https://catalog.dnp.go.th/dataset/91d66c6a-5b88-41ee-8597-11be8aec5aa6/resource/be300299-f9a3-4eac-b558-0c088dd77a64/download/tourism59-68.csv,2026-09-16T11:38:42.037792+00:00,1.0,24.914,88.552,331.9,4.909,744,,,
sri_lanna,ศรีลานนา,เชียงใหม่,2561,2018,8,,,55,dnp_tourism,https://catalog.dnp.go.th/dataset/91d66c6a-5b88-41ee-8597-11be8aec5aa6/resource/be300299-f9a3-4eac-b558-0c088dd77a64/download/tourism59-68.csv,2026-09-16T11:38:42.037795+00:00,1.0,24.451,89.763,471.4,5.015,744,,,
sri_lanna,ศรีลานนา,เชียงใหม่,2561,2018,9,,,58,dnp_tourism,https://catalog.dnp.go.th/dataset/91d66c6a-5b88-41ee-8597-11be8aec5aa6/resource/be300299-f9a3-4eac-b558-0c088dd77a64/download/tourism59-68.csv,2026-09-16T11:38:42.037797+00:00,1.0,25.251,86.999,226.5,3.649,720,,,
mae_takhrai,แม่ตะไคร้,เชียงใหม่,2561,2017,10,,,28,dnp_tourism,https://catalog.dnp.go.th/dataset/91d66c6a-5b88-41ee-8597-11be8aec5aa6/resource/be300299-f9a3-4eac-b558-0c088dd77a64/download/tourism59-68.csv,2026-09-16T11:38:42.037820+00:00,1.0,24.46,84.226,180.8,3.386,744,,,
mae_takhrai,แม่ตะไคร้,เชียงใหม่,2561,2017,11,,,52,dnp_tourism,https://catalog.dnp.go.th/dataset/91d66c6a-5b88-41ee-8597-11be8aec5aa6/resource/be300299-f9a3-4eac-b558-0c088dd77a64/download/tourism59-68.csv,2026-09-16T11:38:42.037823+00:00,1.0,23.005,81.81,68.9,4.057,720,,,
mae_takhrai,แม่ตะไคร้,เชียงใหม่,2561,2017,12,,,405,dnp_tourism,https://catalog.dnp.go.th/dataset/91d66c6a-5b88-41ee-8597-11be8aec5aa6/resource/be300299-f9a3-4eac-b558-0c088dd77a64/download/tourism59-68.csv,2026-09-16T11:38:42.037826+00:00,1.0,20.631,77.595,62.1,4.217,744,,,
mae_takhrai,แม่ตะไคร้,เชียงใหม่,2561,2018,1,,,248,dnp_tourism,https://catalog.dnp.go.th/dataset/91d66c6a-5b88-41ee-8597-11be8aec5aa6/resource/be300299-f9a3-4eac-b558-0c088dd77a64/download/tourism59-68.csv,2026-09-16T11:38:42.037828+00:00,1.0,21.3,71.32,11.9,4.372,744,,,
mae_takhrai,แม่ตะไคร้,เชียงใหม่,2561,2018,2,,,45,dnp_tourism,https://catalog.dnp.go.th/dataset/91d66c6a-5b88-41ee-8597-11be8aec5aa6/resource/be300299-f9a3-4eac-b558-0c088dd77a64/download/tourism59-68.csv,2026-09-16T11:38:42.037831+00:00,1.0,23.185,62.882,3.7,5.578,672,,,
mae_takhrai,แม่ตะไคร้,เชียงใหม่,2561,2018,3,,,18,dnp_tourism,https://catalog.dnp.go.th/dataset/91d66c6a-5b88-41ee-8597-11be8aec5aa6/resource/be300299-f9a3-4eac-b558-0c088dd77a64/download/tourism59-68.csv,2026-09-16T11:38:42.037833+00:00,1.0,25.761,55.843,16.8,5.469,744,,,
mae_takhrai,แม่ตะไคร้,เชียงใหม่,2561,2018,4,,,148,dnp_tourism,https://catalog.dnp.go.th/dataset/91d66c6a-5b88-41ee-8597-11be8aec5aa6/resource/be300299-f9a3-4eac-b558-0c088dd77a64/download/tourism59-68.csv,2026-09-16T11:38:42.037836+00:00,1.0,26.914,63.453,44.9,5.39,720,,,
mae_takhrai,แม่ตะไคร้,เชียงใหม่,2561,2018,5,,,19,dnp_tourism,https://catalog.dnp.go.th/dataset/91d66c6a-5b88-41ee-8597-11be8aec5aa6/resource/be300299-f9a3-4eac-b558-0c088dd77a64/download/tourism59-68.csv,2026-09-16T11:38:42.037838+00:00,1.0,26.572,74.964,155.5,4.756,744,,,
mae_takhrai,แม่ตะไคร้,เชียงใหม่,2561,2018,6,,,27,dnp_tourism,https://catalog.dnp.go.th/dataset/91d66c6a-5b88-41ee-8597-11be8aec5aa6/resource/be300299-f9a3-4eac-b558-0c088dd77a64/download/tourism59-68.csv,2026-09-16T11:38:42.037840+00:00,1.0,26.058,79.947,172.6,5.73,720,,,
mae_takhrai,แม่ตะไคร้,เชียงใหม่,2561,2018,7,,,39,dnp_tourism,https://catalog.dnp.go.th/dataset/91d66c6a-5b88-41ee-8597-11be8aec5aa6/resource/be300299-f9a3-4eac-b558-0c088dd77a64/download/tourism59-68.csv,2026-09-16T11:38:42.037843+00:00,1.0,25.799,80.547,167.5,4.876,744,,,
mae_takhrai,แม่ตะไคร้,เชียงใหม่,2561,2018,8,,,45,dnp_tourism,https://catalog.dnp.go.th/dataset/91d66c6a-5b88-41ee-8597-11be8aec5aa6/resource/be300299-f9a3-4eac-b558-0c088dd77a64/download/tourism59-68.csv,2026-09-16T11:38:42.037845+00:00,1.0,25.192,83.422,298.7,4.704,744,,,
mae_takhrai,แม่ตะไคร้,เชียงใหม่,2561,2018,9,,,8,dnp_tourism,https://catalog.dnp.go.th/dataset/91d66c6a-5b88-41ee-8597-11be8aec5aa6/resource/be300299-f9a3-4eac-b558-0c088dd77a64/download/tourism59-68.csv,2026-09-16T11:38:42.037848+00:00,1.0,25.714,81.424,153.7,4.017,720,,,
khun_khan,ขุนขาน,เชียงใหม่,2561,2017,10,,,7019,dnp_tourism,https://catalog.dnp.go.th/dataset/91d66c6a-5b88-41ee-8597-11be8aec5aa6/resource/be300299-f9a3-4eac-b558-0c088dd77a64/download/tourism59-68.csv,2026-09-16T11:38:42.037856+00:00,1.0,21.562,91.665,330.0,4.116,744,,,
khun_khan,ขุนขาน,เชียงใหม่,2561,2017,11,,,6889,dnp_tourism,https://catalog.dnp.go.th/dataset/91d66c6a-5b88-41ee-8597-11be8aec5aa6/resource/be300299-f9a3-4eac-b558-0c088dd77a64/download/tourism59-68.csv,2026-09-16T11:38:42.037859+00:00,1.0,20.316,87.122,102.8,4.721,720,,,
khun_khan,ขุนขาน,เชียงใหม่,2561,2017,12,,,19189,dnp_tourism,https://catalog.dnp.go.th/dataset/91d66c6a-5b88-41ee-8597-11be8aec5aa6/resource/be300299-f9a3-4eac-b558-0c088dd77a64/download/tourism59-68.csv,2026-09-16T11:38:42.037862+00:00,1.0,17.897,84.0,46.8,4.973,744,,,
khun_khan,ขุนขาน,เชียงใหม่,2561,2018,1,,,16242,dnp_tourism,https://catalog.dnp.go.th/dataset/91d66c6a-5b88-41ee-8597-11be8aec5aa6/resource/be300299-f9a3-4eac-b558-0c088dd77a64/download/tourism59-68.csv,2026-09-16T11:38:42.037864+00:00,1.0,17.907,81.618,19.2,5.645,744,,,
khun_khan,ขุนขาน,เชียงใหม่,2561,2018,2,,,5959,dnp_tourism,https://catalog.dnp.go.th/dataset/91d66c6a-5b88-41ee-8597-11be8aec5aa6/resource/be300299-f9a3-4eac-b558-0c088dd77a64/download/tourism59-68.csv,2026-09-16T11:38:42.037867+00:00,1.0,19.529,67.003,1.3,6.246,672,,,
khun_khan,ขุนขาน,เชียงใหม่,2561,2018,3,,,4308,dnp_tourism,https://catalog.dnp.go.th/dataset/91d66c6a-5b88-41ee-8597-11be8aec5aa6/resource/be300299-f9a3-4eac-b558-0c088dd77a64/download/tourism59-68.csv,2026-09-16T11:38:42.037869+00:00,1.0,21.627,65.79,11.5,5.942,744,,,
khun_khan,ขุนขาน,เชียงใหม่,2561,2018,4,,,4848,dnp_tourism,https://catalog.dnp.go.th/dataset/91d66c6a-5b88-41ee-8597-11be8aec5aa6/resource/be300299-f9a3-4eac-b558-0c088dd77a64/download/tourism59-68.csv,2026-09-16T11:38:42.037872+00:00,1.0,23.14,73.544,59.1,5.421,720,,,
khun_khan,ขุนขาน,เชียงใหม่,2561,2018,5,,,3291,dnp_tourism,https://catalog.dnp.go.th/dataset/91d66c6a-5b88-41ee-8597-11be8aec5aa6/resource/be300299-f9a3-4eac-b558-0c088dd77a64/download/tourism59-68.csv,2026-09-16T11:38:42.037874+00:00,1.0,23.052,86.114,234.6,4.768,744,,,
khun_khan,ขุนขาน,เชียงใหม่,2561,2018,6,,,2754,dnp_tourism,https://catalog.dnp.go.th/dataset/91d66c6a-5b88-41ee-8597-11be8aec5aa6/resource/be300299-f9a3-4eac-b558-0c088dd77a64/download/tourism59-68.csv,2026-09-16T11:38:42.037877+00:00,1.0,22.868,90.86,344.6,4.872,720,,,
khun_khan,ขุนขาน,เชียงใหม่,2561,2018,7,,,4178,dnp_tourism,https://catalog.dnp.go.th/dataset/91d66c6a-5b88-41ee-8597-11be8aec5aa6/resource/be300299-f9a3-4eac-b558-0c088dd77a64/download/tourism59-68.csv,2026-09-16T11:38:42.037881+00:00,1.0,23.245,86.999,291.3,5.851,744,,,
khun_khan,ขุนขาน,เชียงใหม่,2561,2018,8,,,4118,dnp_tourism,https://catalog.dnp.go.th/dataset/91d66c6a-5b88-41ee-8597-11be8aec5aa6/resource/be300299-f9a3-4eac-b558-0c088dd77a64/download/tourism59-68.csv,2026-09-16T11:38:42.037884+00:00,1.0,22.749,89.762,484.7,5.387,744,,,
khun_khan,ขุนขาน,เชียงใหม่,2561,2018,9,,,3805,dnp_tourism,https://catalog.dnp.go.th/dataset/91d66c6a-5b88-41ee-8597-11be8aec5aa6/resource/be300299-f9a3-4eac-b558-0c088dd77a64/download/tourism59-68.csv,2026-09-16T11:38:42.037886+00:00,1.0,22.855,88.846,170.0,4.799,720,,,
mae_wang,แม่วาง,เชียงใหม่,2561,2017,10,,,0,dnp_tourism,https://catalog.dnp.go.th/dataset/91d66c6a-5b88-41ee-8597-11be8aec5aa6/resource/be300299-f9a3-4eac-b558-0c088dd77a64/download/tourism59-68.csv,2026-09-16T11:38:42.037896+00:00,1.0,23.351,85.462,266.7,3.087,744,,,
mae_wang,แม่วาง,เชียงใหม่,2561,2017,11,,,0,dnp_tourism,https://catalog.dnp.go.th/dataset/91d66c6a-5b88-41ee-8597-11be8aec5aa6/resource/be300299-f9a3-4eac-b558-0c088dd77a64/download/tourism59-68.csv,2026-09-16T11:38:42.037899+00:00,1.0,22.261,79.947,51.7,3.553,720,,,
mae_wang,แม่วาง,เชียงใหม่,2561,2017,12,,,0,dnp_tourism,https://catalog.dnp.go.th/dataset/91d66c6a-5b88-41ee-8597-11be8aec5aa6/resource/be300299-f9a3-4eac-b558-0c088dd77a64/download/tourism59-68.csv,2026-09-16T11:38:42.037901+00:00,1.0,19.97,75.821,20.2,3.693,744,,,
mae_wang,แม่วาง,เชียงใหม่,2561,2018,1,,,12140,dnp_tourism,https://catalog.dnp.go.th/dataset/91d66c6a-5b88-41ee-8597-11be8aec5aa6/resource/be300299-f9a3-4eac-b558-0c088dd77a64/download/tourism59-68.csv,2026-09-16T11:38:42.037906+00:00,1.0,19.828,74.267,30.2,3.864,744,,,
mae_wang,แม่วาง,เชียงใหม่,2561,2018,2,,,10610,dnp_tourism,https://catalog.dnp.go.th/dataset/91d66c6a-5b88-41ee-8597-11be8aec5aa6/resource/be300299-f9a3-4eac-b558-0c088dd77a64/download/tourism59-68.csv,2026-09-16T11:38:42.037909+00:00,1.0,21.175,62.188,1.5,4.285,672,,,
mae_wang,แม่วาง,เชียงใหม่,2561,2018,3,,,14165,dnp_tourism,https://catalog.dnp.go.th/dataset/91d66c6a-5b88-41ee-8597-11be8aec5aa6/resource/be300299-f9a3-4eac-b558-0c088dd77a64/download/tourism59-68.csv,2026-09-16T11:38:42.037911+00:00,1.0,23.42,58.88,4.1,4.394,744,,,
mae_wang,แม่วาง,เชียงใหม่,2561,2018,4,,,21712,dnp_tourism,https://catalog.dnp.go.th/dataset/91d66c6a-5b88-41ee-8597-11be8aec5aa6/resource/be300299-f9a3-4eac-b558-0c088dd77a64/download/tourism59-68.csv,2026-09-16T11:38:42.037914+00:00,1.0,25.039,67.771,26.2,4.556,720,,,
mae_wang,แม่วาง,เชียงใหม่,2561,2018,5,,,0,dnp_tourism,https://catalog.dnp.go.th/dataset/91d66c6a-5b88-41ee-8597-11be8aec5aa6/resource/be300299-f9a3-4eac-b558-0c088dd77a64/download/tourism59-68.csv,2026-09-16T11:38:42.037916+00:00,1.0,25.036,78.552,151.4,3.82,744,,,
mae_wang,แม่วาง,เชียงใหม่,2561,2018,6,,,6979,dnp_tourism,https://catalog.dnp.go.th/dataset/91d66c6a-5b88-41ee-8597-11be8aec5aa6/resource/be300299-f9a3-4eac-b558-0c088dd77a64/download/tourism59-68.csv,2026-09-16T11:38:42.037918+00:00,1.0,24.684,84.229,226.6,4.77,720,,,
mae_wang,แม่วาง,เชียงใหม่,2561,2018,7,,,11370,dnp_tourism,https://catalog.dnp.go.th/dataset/91d66c6a-5b88-41ee-8597-11be8aec5aa6/resource/be300299-f9a3-4eac-b558-0c088dd77a64/download/tourism59-68.csv,2026-09-16T11:38:42.037921+00:00,1.0,24.781,83.129,268.9,4.867,744,,,
mae_wang,แม่วาง,เชียงใหม่,2561,2018,8,,,7603,dnp_tourism,https://catalog.dnp.go.th/dataset/91d66c6a-5b88-41ee-8597-11be8aec5aa6/resource/be300299-f9a3-4eac-b558-0c088dd77a64/download/tourism59-68.csv,2026-09-16T11:38:42.037923+00:00,1.0,24.122,86.477,385.8,4.374,744,,,
mae_wang,แม่วาง,เชียงใหม่,2561,2018,9,,,8392,dnp_tourism,https://catalog.dnp.go.th/dataset/91d66c6a-5b88-41ee-8597-11be8aec5aa6/resource/be300299-f9a3-4eac-b558-0c088dd77a64/download/tourism59-68.csv,2026-09-16T11:38:42.037926+00:00,1.0,24.406,83.253,122.1,3.402,720,,,
doi_inthanon,ดอยอินทนนท์,เชียงใหม่,2562,2018,10,,,13935,dnp_tourism,https://catalog.dnp.go.th/dataset/91d66c6a-5b88-41ee-8597-11be8aec5aa6/resource/be300299-f9a3-4eac-b558-0c088dd77a64/download/tourism59-68.csv,2026-09-16T11:38:42.038528+00:00,1.0,11.509,87.946,164.0,3.37,744,,,
doi_inthanon,ดอยอินทนนท์,เชียงใหม่,2562,2018,11,,,29927,dnp_tourism,https://catalog.dnp.go.th/dataset/91d66c6a-5b88-41ee-8597-11be8aec5aa6/resource/be300299-f9a3-4eac-b558-0c088dd77a64/download/tourism59-68.csv,2026-09-16T11:38:42.038532+00:00,1.0,10.368,78.34,50.3,3.682,720,,,
doi_inthanon,ดอยอินทนนท์,เชียงใหม่,2562,2018,12,,,60591,dnp_tourism,https://catalog.dnp.go.th/dataset/91d66c6a-5b88-41ee-8597-11be8aec5aa6/resource/be300299-f9a3-4eac-b558-0c088dd77a64/download/tourism59-68.csv,2026-09-16T11:38:42.038535+00:00,1.0,9.72,79.062,52.5,3.904,744,,,
doi_inthanon,ดอยอินทนนท์,เชียงใหม่,2562,2019,1,,,127860,dnp_tourism,https://catalog.dnp.go.th/dataset/91d66c6a-5b88-41ee-8597-11be8aec5aa6/resource/be300299-f9a3-4eac-b558-0c088dd77a64/download/tourism59-68.csv,2026-09-16T11:38:42.038537+00:00,1.0,8.927,73.747,52.6,4.459,744,,,
doi_inthanon,ดอยอินทนนท์,เชียงใหม่,2562,2019,2,,,25555,dnp_tourism,https://catalog.dnp.go.th/dataset/91d66c6a-5b88-41ee-8597-11be8aec5aa6/resource/be300299-f9a3-4eac-b558-0c088dd77a64/download/tourism59-68.csv,2026-09-16T11:38:42.038540+00:00,1.0,12.75,44.384,0.3,5.143,672,,,
doi_inthanon,ดอยอินทนนท์,เชียงใหม่,2562,2019,3,,,6622,dnp_tourism,https://catalog.dnp.go.th/dataset/91d66c6a-5b88-41ee-8597-11be8aec5aa6/resource/be300299-f9a3-4eac-b558-0c088dd77a64/download/tourism59-68.csv,2026-09-16T11:38:42.038542+00:00,1.0,13.69,46.761,2.4,5.812,744,,,
doi_inthanon,ดอยอินทนนท์,เชียงใหม่,2562,2019,4,,,4427,dnp_tourism,https://catalog.dnp.go.th/dataset/91d66c6a-5b88-41ee-8597-11be8aec5aa6/resource/be300299-f9a3-4eac-b558-0c088dd77a64/download/tourism59-68.csv,2026-09-16T11:38:42.038545+00:00,1.0,16.152,46.562,2.7,6.265,720,,,
doi_inthanon,ดอยอินทนนท์,เชียงใหม่,2562,2019,5,,,4155,dnp_tourism,https://catalog.dnp.go.th/dataset/91d66c6a-5b88-41ee-8597-11be8aec5aa6/resource/be300299-f9a3-4eac-b558-0c088dd77a64/download/tourism59-68.csv,2026-09-16T11:38:42.038548+00:00,1.0,14.268,80.488,211.7,5.192,744,,,
doi_inthanon,ดอยอินทนนท์,เชียงใหม่,2562,2019,6,,,4428,dnp_tourism,https://catalog.dnp.go.th/dataset/91d66c6a-5b88-41ee-8597-11be8aec5aa6/resource/be300299-f9a3-4eac-b558-0c088dd77a64/download/tourism59-68.csv,2026-09-16T11:38:42.038550+00:00,1.0,12.667,89.986,258.2,6.379,720,,,
doi_inthanon,ดอยอินทนนท์,เชียงใหม่,2562,2019,7,,,4355,dnp_tourism,https://catalog.dnp.go.th/dataset/91d66c6a-5b88-41ee-8597-11be8aec5aa6/resource/be300299-f9a3-4eac-b558-0c088dd77a64/download/tourism59-68.csv,2026-09-16T11:38:42.038552+00:00,1.0,11.601,94.141,345.9,6.999,744,,,
doi_inthanon,ดอยอินทนนท์,เชียงใหม่,2562,2019,8,,,4224,dnp_tourism,https://catalog.dnp.go.th/dataset/91d66c6a-5b88-41ee-8597-11be8aec5aa6/resource/be300299-f9a3-4eac-b558-0c088dd77a64/download/tourism59-68.csv,2026-09-16T11:38:42.038555+00:00,1.0,11.663,95.528,590.4,5.993,744,,,
doi_inthanon,ดอยอินทนนท์,เชียงใหม่,2562,2019,9,,,3676,dnp_tourism,https://catalog.dnp.go.th/dataset/91d66c6a-5b88-41ee-8597-11be8aec5aa6/resource/be300299-f9a3-4eac-b558-0c088dd77a64/download/tourism59-68.csv,2026-09-16T11:38:42.038557+00:00,1.0,11.647,89.093,268.3,4.721,720,,,
mae_ping,แม่ปิง,เชียงใหม่,2562,2018,10,,,85310,dnp_tourism,https://catalog.dnp.go.th/dataset/91d66c6a-5b88-41ee-8597-11be8aec5aa6/resource/be300299-f9a3-4eac-b558-0c088dd77a64/download/tourism59-68.csv,2026-09-16T11:38:42.038582+00:00,1.0,22.365,88.551,221.2,3.135,744,,,
mae_ping,แม่ปิง,เชียงใหม่,2562,2018,11,,,93308,dnp_tourism,https://catalog.dnp.go.th/dataset/91d66c6a-5b88-41ee-8597-11be8aec5aa6/resource/be300299-f9a3-4eac-b558-0c088dd77a64/download/tourism59-68.csv,2026-09-16T11:38:42.038585+00:00,1.0,21.336,82.093,68.5,3.042,720,,,
mae_ping,แม่ปิง,เชียงใหม่,2562,2018,12,,,211981,dnp_tourism,https://catalog.dnp.go.th/dataset/91d66c6a-5b88-41ee-8597-11be8aec5aa6/resource/be300299-f9a3-4eac-b558-0c088dd77a64/download/tourism59-68.csv,2026-09-16T11:38:42.038588+00:00,1.0,20.115,84.487,66.2,3.297,744,,,
mae_ping,แม่ปิง,เชียงใหม่,2562,2019,1,,,141621,dnp_tourism,https://catalog.dnp.go.th/dataset/91d66c6a-5b88-41ee-8597-11be8aec5aa6/resource/be300299-f9a3-4eac-b558-0c088dd77a64/download/tourism59-68.csv,2026-09-16T11:38:42.038590+00:00,1.0,19.908,79.427,45.7,3.317,744,,,
mae_ping,แม่ปิง,เชียงใหม่,2562,2019,2,,,73766,dnp_tourism,https://catalog.dnp.go.th/dataset/91d66c6a-5b88-41ee-8597-11be8aec5aa6/resource/be300299-f9a3-4eac-b558-0c088dd77a64/download/tourism59-68.csv,2026-09-16T11:38:42.038593+00:00,1.0,21.621,62.436,4.7,4.089,672,,,
mae_ping,แม่ปิง,เชียงใหม่,2562,2019,3,,,42311,dnp_tourism,https://catalog.dnp.go.th/dataset/91d66c6a-5b88-41ee-8597-11be8aec5aa6/resource/be300299-f9a3-4eac-b558-0c088dd77a64/download/tourism59-68.csv,2026-09-16T11:38:42.038595+00:00,1.0,23.84,57.05,3.6,4.795,744,,,
mae_ping,แม่ปิง,เชียงใหม่,2562,2019,4,,,45619,dnp_tourism,https://catalog.dnp.go.th/dataset/91d66c6a-5b88-41ee-8597-11be8aec5aa6/resource/be300299-f9a3-4eac-b558-0c088dd77a64/download/tourism59-68.csv,2026-09-16T11:38:42.038598+00:00,1.0,26.832,51.983,0.9,4.699,720,,,
mae_ping,แม่ปิง,เชียงใหม่,2562,2019,5,,,26588,dnp_tourism,https://catalog.dnp.go.th/dataset/91d66c6a-5b88-41ee-8597-11be8aec5aa6/resource/be300299-f9a3-4eac-b558-0c088dd77a64/download/tourism59-68.csv,2026-09-16T11:38:42.038600+00:00,1.0,26.128,71.7,135.8,4.718,744,,,
mae_ping,แม่ปิง,เชียงใหม่,2562,2019,6,,,29129,dnp_tourism,https://catalog.dnp.go.th/dataset/91d66c6a-5b88-41ee-8597-11be8aec5aa6/resource/be300299-f9a3-4eac-b558-0c088dd77a64/download/tourism59-68.csv,2026-09-16T11:38:42.038603+00:00,1.0,24.413,80.888,131.3,5.539,720,,,
mae_ping,แม่ปิง,เชียงใหม่,2562,2019,7,,,47875,dnp_tourism,https://catalog.dnp.go.th/dataset/91d66c6a-5b88-41ee-8597-11be8aec5aa6/resource/be300299-f9a3-4eac-b558-0c088dd77a64/download/tourism59-68.csv,2026-09-16T11:38:42.038605+00:00,1.0,23.698,81.648,144.0,5.1,744,,,
mae_ping,แม่ปิง,เชียงใหม่,2562,2019,8,,,41752,dnp_tourism,https://catalog.dnp.go.th/dataset/91d66c6a-5b88-41ee-8597-11be8aec5aa6/resource/be300299-f9a3-4eac-b558-0c088dd77a64/download/tourism59-68.csv,2026-09-16T11:38:42.038608+00:00,1.0,22.839,89.78,541.2,4.32,744,,,
mae_ping,แม่ปิง,เชียงใหม่,2562,2019,9,,,35112,dnp_tourism,https://catalog.dnp.go.th/dataset/91d66c6a-5b88-41ee-8597-11be8aec5aa6/resource/be300299-f9a3-4eac-b558-0c088dd77a64/download/tourism59-68.csv,2026-09-16T11:38:42.038610+00:00,1.0,22.804,87.476,234.5,3.862,720,,,
pha_daeng,ผาแดง,เชียงใหม่,2562,2018,10,,,2205,dnp_tourism,https://catalog.dnp.go.th/dataset/91d66c6a-5b88-41ee-8597-11be8aec5aa6/resource/be300299-f9a3-4eac-b558-0c088dd77a64/download/tourism59-68.csv,2026-09-16T11:38:42.038618+00:00,1.0,23.819,88.398,122.7,3.147,744,,,
pha_daeng,ผาแดง,เชียงใหม่,2562,2018,11,,,2011,dnp_tourism,https://catalog.dnp.go.th/dataset/91d66c6a-5b88-41ee-8597-11be8aec5aa6/resource/be300299-f9a3-4eac-b558-0c088dd77a64/download/tourism59-68.csv,2026-09-16T11:38:42.038621+00:00,1.0,22.173,79.571,19.2,3.471,720,,,
pha_daeng,ผาแดง,เชียงใหม่,2562,2018,12,,,7206,dnp_tourism,https://catalog.dnp.go.th/dataset/91d66c6a-5b88-41ee-8597-11be8aec5aa6/resource/be300299-f9a3-4eac-b558-0c088dd77a64/download/tourism59-68.csv,2026-09-16T11:38:42.038624+00:00,1.0,20.934,82.138,64.3,3.5,744,,,
pha_daeng,ผาแดง,เชียงใหม่,2562,2019,1,,,4626,dnp_tourism,https://catalog.dnp.go.th/dataset/91d66c6a-5b88-41ee-8597-11be8aec5aa6/resource/be300299-f9a3-4eac-b558-0c088dd77a64/download/tourism59-68.csv,2026-09-16T11:38:42.038626+00:00,1.0,19.684,81.281,83.8,3.769,744,,,
pha_daeng,ผาแดง,เชียงใหม่,2562,2019,2,,,3422,dnp_tourism,https://catalog.dnp.go.th/dataset/91d66c6a-5b88-41ee-8597-11be8aec5aa6/resource/be300299-f9a3-4eac-b558-0c088dd77a64/download/tourism59-68.csv,2026-09-16T11:38:42.038628+00:00,1.0,21.617,65.439,0.0,4.345,672,,,
pha_daeng,ผาแดง,เชียงใหม่,2562,2019,3,,,3773,dnp_tourism,https://catalog.dnp.go.th/dataset/91d66c6a-5b88-41ee-8597-11be8aec5aa6/resource/be300299-f9a3-4eac-b558-0c088dd77a64/download/tourism59-68.csv,2026-09-16T11:38:42.038631+00:00,1.0,24.329,55.992,0.0,4.524,744,,,
pha_daeng,ผาแดง,เชียงใหม่,2562,2019,4,,,9216,dnp_tourism,https://catalog.dnp.go.th/dataset/91d66c6a-5b88-41ee-8597-11be8aec5aa6/resource/be300299-f9a3-4eac-b558-0c088dd77a64/download/tourism59-68.csv,2026-09-16T11:38:42.038633+00:00,1.0,27.517,54.626,1.3,4.21,720,,,
pha_daeng,ผาแดง,เชียงใหม่,2562,2019,5,,,2778,dnp_tourism,https://catalog.dnp.go.th/dataset/91d66c6a-5b88-41ee-8597-11be8aec5aa6/resource/be300299-f9a3-4eac-b558-0c088dd77a64/download/tourism59-68.csv,2026-09-16T11:38:42.038638+00:00,1.0,28.65,66.423,128.2,3.953,744,,,
pha_daeng,ผาแดง,เชียงใหม่,2562,2019,6,,,1463,dnp_tourism,https://catalog.dnp.go.th/dataset/91d66c6a-5b88-41ee-8597-11be8aec5aa6/resource/be300299-f9a3-4eac-b558-0c088dd77a64/download/tourism59-68.csv,2026-09-16T11:38:42.038641+00:00,1.0,26.316,84.772,210.2,4.826,720,,,
pha_daeng,ผาแดง,เชียงใหม่,2562,2019,7,,,1941,dnp_tourism,https://catalog.dnp.go.th/dataset/91d66c6a-5b88-41ee-8597-11be8aec5aa6/resource/be300299-f9a3-4eac-b558-0c088dd77a64/download/tourism59-68.csv,2026-09-16T11:38:42.038643+00:00,1.0,25.43,87.286,340.0,4.392,744,,,
pha_daeng,ผาแดง,เชียงใหม่,2562,2019,8,,,521,dnp_tourism,https://catalog.dnp.go.th/dataset/91d66c6a-5b88-41ee-8597-11be8aec5aa6/resource/be300299-f9a3-4eac-b558-0c088dd77a64/download/tourism59-68.csv,2026-09-16T11:38:42.038645+00:00,1.0,24.853,91.427,518.4,4.154,744,,,
pha_daeng,ผาแดง,เชียงใหม่,2562,2019,9,,,733,dnp_tourism,https://catalog.dnp.go.th/dataset/91d66c6a-5b88-41ee-8597-11be8aec5aa6/resource/be300299-f9a3-4eac-b558-0c088dd77a64/download/tourism59-68.csv,2026-09-16T11:38:42.038648+00:00,1.0,24.529,87.406,185.4,3.489,720,,,
doi_pha_hom_pok,ดอยผ้าห่มปก,เชียงใหม่,2562,2018,10,,,3161,dnp_tourism,https://catalog.dnp.go.th/dataset/91d66c6a-5b88-41ee-8597-11be8aec5aa6/resource/be300299-f9a3-4eac-b558-0c088dd77a64/download/tourism59-68.csv,2026-09-16T11:38:42.038657+00:00,1.0,23.288,82.556,91.5,3.05,744,,,
doi_pha_hom_pok,ดอยผ้าห่มปก,เชียงใหม่,2562,2018,11,,,2976,dnp_tourism,https://catalog.dnp.go.th/dataset/91d66c6a-5b88-41ee-8597-11be8aec5aa6/resource/be300299-f9a3-4eac-b558-0c088dd77a64/download/tourism59-68.csv,2026-09-16T11:38:42.038659+00:00,1.0,21.713,73.901,34.5,3.397,720,,,
doi_pha_hom_pok,ดอยผ้าห่มปก,เชียงใหม่,2562,2018,12,,,7332,dnp_tourism,https://catalog.dnp.go.th/dataset/91d66c6a-5b88-41ee-8597-11be8aec5aa6/resource/be300299-f9a3-4eac-b558-0c088dd77a64/download/tourism59-68.csv,2026-09-16T11:38:42.038662+00:00,1.0,20.436,78.108,87.3,3.289,744,,,
doi_pha_hom_pok,ดอยผ้าห่มปก,เชียงใหม่,2562,2019,1,,,6942,dnp_tourism,https://catalog.dnp.go.th/dataset/91d66c6a-5b88-41ee-8597-11be8aec5aa6/resource/be300299-f9a3-4eac-b558-0c088dd77a64/download/tourism59-68.csv,2026-09-16T11:38:42.038664+00:00,1.0,19.446,75.883,100.3,3.316,744,,,
doi_pha_hom_pok,ดอยผ้าห่มปก,เชียงใหม่,2562,2019,2,,,5007,dnp_tourism,https://catalog.dnp.go.th/dataset/91d66c6a-5b88-41ee-8597-11be8aec5aa6/resource/be300299-f9a3-4eac-b558-0c088dd77a64/download/tourism59-68.csv,2026-09-16T11:38:42.038667+00:00,1.0,22.037,57.93,0.3,4.514,672,,,
doi_pha_hom_pok,ดอยผ้าห่มปก,เชียงใหม่,2562,2019,3,,,3542,dnp_tourism,https://catalog.dnp.go.th/dataset/91d66c6a-5b88-41ee-8597-11be8aec5aa6/resource/be300299-f9a3-4eac-b558-0c088dd77a64/download/tourism59-68.csv,2026-09-16T11:38:42.038669+00:00,1.0,24.614,48.425,0.4,5.021,744,,,
doi_pha_hom_pok,ดอยผ้าห่มปก,เชียงใหม่,2562,2019,4,,,7334,dnp_tourism,https://catalog.dnp.go.th/dataset/91d66c6a-5b88-41ee-8597-11be8aec5aa6/resource/be300299-f9a3-4eac-b558-0c088dd77a64/download/tourism59-68.csv,2026-09-16T11:38:42.038672+00:00,1.0,28.046,45.49,0.2,5.205,720,,,
doi_pha_hom_pok,ดอยผ้าห่มปก,เชียงใหม่,2562,2019,5,,,2674,dnp_tourism,https://catalog.dnp.go.th/dataset/91d66c6a-5b88-41ee-8597-11be8aec5aa6/resource/be300299-f9a3-4eac-b558-0c088dd77a64/download/tourism59-68.csv,2026-09-16T11:38:42.038674+00:00,1.0,28.749,59.206,94.5,4.944,744,,,
doi_pha_hom_pok,ดอยผ้าห่มปก,เชียงใหม่,2562,2019,6,,,1482,dnp_tourism,https://catalog.dnp.go.th/dataset/91d66c6a-5b88-41ee-8597-11be8aec5aa6/resource/be300299-f9a3-4eac-b558-0c088dd77a64/download/tourism59-68.csv,2026-09-16T11:38:42.038677+00:00,1.0,26.331,78.804,174.2,4.889,720,,,
doi_pha_hom_pok,ดอยผ้าห่มปก,เชียงใหม่,2562,2019,7,,,1951,dnp_tourism,https://catalog.dnp.go.th/dataset/91d66c6a-5b88-41ee-8597-11be8aec5aa6/resource/be300299-f9a3-4eac-b558-0c088dd77a64/download/tourism59-68.csv,2026-09-16T11:38:42.038679+00:00,1.0,25.537,80.434,190.5,4.878,744,,,
doi_pha_hom_pok,ดอยผ้าห่มปก,เชียงใหม่,2562,2019,8,,,1082,dnp_tourism,https://catalog.dnp.go.th/dataset/91d66c6a-5b88-41ee-8597-11be8aec5aa6/resource/be300299-f9a3-4eac-b558-0c088dd77a64/download/tourism59-68.csv,2026-09-16T11:38:42.038681+00:00,1.0,24.926,83.797,304.4,4.138,744,,,
doi_pha_hom_pok,ดอยผ้าห่มปก,เชียงใหม่,2562,2019,9,,,1258,dnp_tourism,https://catalog.dnp.go.th/dataset/91d66c6a-5b88-41ee-8597-11be8aec5aa6/resource/be300299-f9a3-4eac-b558-0c088dd77a64/download/tourism59-68.csv,2026-09-16T11:38:42.038684+00:00,1.0,24.744,76.542,105.6,3.919,720,,,
huai_nam_dang,ห้วยน้ำดัง,เชียงใหม่,2562,2018,10,,,11391,dnp_tourism,https://catalog.dnp.go.th/dataset/91d66c6a-5b88-41ee-8597-11be8aec5aa6/resource/be300299-f9a3-4eac-b558-0c088dd77a64/download/tourism59-68.csv,2026-09-16T11:38:42.038692+00:00,1.0,18.447,87.867,163.0,3.856,744,,,
huai_nam_dang,ห้วยน้ำดัง,เชียงใหม่,2562,2018,11,,,7764,dnp_tourism,https://catalog.dnp.go.th/dataset/91d66c6a-5b88-41ee-8597-11be8aec5aa6/resource/be300299-f9a3-4eac-b558-0c088dd77a64/download/tourism59-68.csv,2026-09-16T11:38:42.038695+00:00,1.0,17.069,78.826,35.1,3.842,720,,,
huai_nam_dang,ห้วยน้ำดัง,เชียงใหม่,2562,2018,12,,,16567,dnp_tourism,https://catalog.dnp.go.th/dataset/91d66c6a-5b88-41ee-8597-11be8aec5aa6/resource/be300299-f9a3-4eac-b558-0c088dd77a64/download/tourism59-68.csv,2026-09-16T11:38:42.038697+00:00,1.0,16.288,80.394,49.1,4.199,744,,,
huai_nam_dang,ห้วยน้ำดัง,เชียงใหม่,2562,2019,1,,,16212,dnp_tourism,https://catalog.dnp.go.th/dataset/91d66c6a-5b88-41ee-8597-11be8aec5aa6/resource/be300299-f9a3-4eac-b558-0c088dd77a64/download/tourism59-68.csv,2026-09-16T11:38:42.038702+00:00,1.0,15.24,77.196,116.1,4.378,744,,,
huai_nam_dang,ห้วยน้ำดัง,เชียงใหม่,2562,2019,2,,,8081,dnp_tourism,https://catalog.dnp.go.th/dataset/91d66c6a-5b88-41ee-8597-11be8aec5aa6/resource/be300299-f9a3-4eac-b558-0c088dd77a64/download/tourism59-68.csv,2026-09-16T11:38:42.038704+00:00,1.0,18.647,50.01,0.2,5.552,672,,,
huai_nam_dang,ห้วยน้ำดัง,เชียงใหม่,2562,2019,3,,,4685,dnp_tourism,https://catalog.dnp.go.th/dataset/91d66c6a-5b88-41ee-8597-11be8aec5aa6/resource/be300299-f9a3-4eac-b558-0c088dd77a64/download/tourism59-68.csv,2026-09-16T11:38:42.038707+00:00,1.0,20.48,47.306,0.9,6.154,744,,,
huai_nam_dang,ห้วยน้ำดัง,เชียงใหม่,2562,2019,4,,,9790,dnp_tourism,https://catalog.dnp.go.th/dataset/91d66c6a-5b88-41ee-8597-11be8aec5aa6/resource/be300299-f9a3-4eac-b558-0c088dd77a64/download/tourism59-68.csv,2026-09-16T11:38:42.038709+00:00,1.0,23.093,46.899,1.2,6.218,720,,,
huai_nam_dang,ห้วยน้ำดัง,เชียงใหม่,2562,2019,5,,,2711,dnp_tourism,https://catalog.dnp.go.th/dataset/91d66c6a-5b88-41ee-8597-11be8aec5aa6/resource/be300299-f9a3-4eac-b558-0c088dd77a64/download/tourism59-68.csv,2026-09-16T11:38:42.038712+00:00,1.0,22.174,72.323,117.1,6.069,744,,,
huai_nam_dang,ห้วยน้ำดัง,เชียงใหม่,2562,2019,6,,,2698,dnp_tourism,https://catalog.dnp.go.th/dataset/91d66c6a-5b88-41ee-8597-11be8aec5aa6/resource/be300299-f9a3-4eac-b558-0c088dd77a64/download/tourism59-68.csv,2026-09-16T11:38:42.038714+00:00,1.0,20.348,84.353,145.4,6.806,720,,,
huai_nam_dang,ห้วยน้ำดัง,เชียงใหม่,2562,2019,7,,,3681,dnp_tourism,https://catalog.dnp.go.th/dataset/91d66c6a-5b88-41ee-8597-11be8aec5aa6/resource/be300299-f9a3-4eac-b558-0c088dd77a64/download/tourism59-68.csv,2026-09-16T11:38:42.038717+00:00,1.0,19.285,88.337,263.6,7.059,744,,,
huai_nam_dang,ห้วยน้ำดัง,เชียงใหม่,2562,2019,8,,,4016,dnp_tourism,https://catalog.dnp.go.th/dataset/91d66c6a-5b88-41ee-8597-11be8aec5aa6/resource/be300299-f9a3-4eac-b558-0c088dd77a64/download/tourism59-68.csv,2026-09-16T11:38:42.038719+00:00,1.0,19.039,92.29,451.1,5.667,744,,,
huai_nam_dang,ห้วยน้ำดัง,เชียงใหม่,2562,2019,9,,,3248,dnp_tourism,https://catalog.dnp.go.th/dataset/91d66c6a-5b88-41ee-8597-11be8aec5aa6/resource/be300299-f9a3-4eac-b558-0c088dd77a64/download/tourism59-68.csv,2026-09-16T11:38:42.038722+00:00,1.0,18.927,86.831,181.3,4.761,720,,,
doi_suthep_pui,ดอยสุเทพ-ปุย,เชียงใหม่,2562,2018,10,,,14838,dnp_tourism,https://catalog.dnp.go.th/dataset/91d66c6a-5b88-41ee-8597-11be8aec5aa6/resource/be300299-f9a3-4eac-b558-0c088dd77a64/download/tourism59-68.csv,2026-09-16T11:38:42.038730+00:00,1.0,21.15,85.098,162.3,3.352,744,,,
doi_suthep_pui,ดอยสุเทพ-ปุย,เชียงใหม่,2562,2018,11,,,18474,dnp_tourism,https://catalog.dnp.go.th/dataset/91d66c6a-5b88-41ee-8597-11be8aec5aa6/resource/be300299-f9a3-4eac-b558-0c088dd77a64/download/tourism59-68.csv,2026-09-16T11:38:42.038733+00:00,1.0,19.945,77.256,47.0,2.992,720,,,
doi_suthep_pui,ดอยสุเทพ-ปุย,เชียงใหม่,2562,2018,12,,,46921,dnp_tourism,https://catalog.dnp.go.th/dataset/91d66c6a-5b88-41ee-8597-11be8aec5aa6/resource/be300299-f9a3-4eac-b558-0c088dd77a64/download/tourism59-68.csv,2026-09-16T11:38:42.038735+00:00,1.0,18.946,78.288,69.9,3.274,744,,,
doi_suthep_pui,ดอยสุเทพ-ปุย,เชียงใหม่,2562,2019,1,,,28259,dnp_tourism,https://catalog.dnp.go.th/dataset/91d66c6a-5b88-41ee-8597-11be8aec5aa6/resource/be300299-f9a3-4eac-b558-0c088dd77a64/download/tourism59-68.csv,2026-09-16T11:38:42.038738+00:00,1.0,18.153,77.926,69.2,3.146,744,,,
doi_suthep_pui,ดอยสุเทพ-ปุย,เชียงใหม่,2562,2019,2,,,15083,dnp_tourism,https://catalog.dnp.go.th/dataset/91d66c6a-5b88-41ee-8597-11be8aec5aa6/resource/be300299-f9a3-4eac-b558-0c088dd77a64/download/tourism59-68.csv,2026-09-16T11:38:42.038740+00:00,1.0,20.715,56.046,0.3,3.755,672,,,
doi_suthep_pui,ดอยสุเทพ-ปุย,เชียงใหม่,2562,2019,3,,,6609,dnp_tourism,https://catalog.dnp.go.th/dataset/91d66c6a-5b88-41ee-8597-11be8aec5aa6/resource/be300299-f9a3-4eac-b558-0c088dd77a64/download/tourism59-68.csv,2026-09-16T11:38:42.038743+00:00,1.0,23.139,47.042,0.8,4.875,744,,,
doi_suthep_pui,ดอยสุเทพ-ปุย,เชียงใหม่,2562,2019,4,,,11763,dnp_tourism,https://catalog.dnp.go.th/dataset/91d66c6a-5b88-41ee-8597-11be8aec5aa6/resource/be300299-f9a3-4eac-b558-0c088dd77a64/download/tourism59-68.csv,2026-09-16T11:38:42.038745+00:00,1.0,25.827,45.924,0.6,4.756,720,,,
doi_suthep_pui,ดอยสุเทพ-ปุย,เชียงใหม่,2562,2019,5,,,2255,dnp_tourism,https://catalog.dnp.go.th/dataset/91d66c6a-5b88-41ee-8597-11be8aec5aa6/resource/be300299-f9a3-4eac-b558-0c088dd77a64/download/tourism59-68.csv,2026-09-16T11:38:42.038748+00:00,1.0,24.999,68.392,185.3,4.446,744,,,
doi_suthep_pui,ดอยสุเทพ-ปุย,เชียงใหม่,2562,2019,6,,,4142,dnp_tourism,https://catalog.dnp.go.th/dataset/91d66c6a-5b88-41ee-8597-11be8aec5aa6/resource/be300299-f9a3-4eac-b558-0c088dd77a64/download/tourism59-68.csv,2026-09-16T11:38:42.038750+00:00,1.0,22.82,84.329,222.5,4.549,720,,,
doi_suthep_pui,ดอยสุเทพ-ปุย,เชียงใหม่,2562,2019,7,,,7132,dnp_tourism,https://catalog.dnp.go.th/dataset/91d66c6a-5b88-41ee-8597-11be8aec5aa6/resource/be300299-f9a3-4eac-b558-0c088dd77a64/download/tourism59-68.csv,2026-09-16T11:38:42.038752+00:00,1.0,21.952,86.724,285.0,3.571,744,,,
doi_suthep_pui,ดอยสุเทพ-ปุย,เชียงใหม่,2562,2019,8,,,4523,dnp_tourism,https://catalog.dnp.go.th/dataset/91d66c6a-5b88-41ee-8597-11be8aec5aa6/resource/be300299-f9a3-4eac-b558-0c088dd77a64/download/tourism59-68.csv,2026-09-16T11:38:42.038755+00:00,1.0,21.249,92.48,610.1,3.425,744,,,
doi_suthep_pui,ดอยสุเทพ-ปุย,เชียงใหม่,2562,2019,9,,,4064,dnp_tourism,https://catalog.dnp.go.th/dataset/91d66c6a-5b88-41ee-8597-11be8aec5aa6/resource/be300299-f9a3-4eac-b558-0c088dd77a64/download/tourism59-68.csv,2026-09-16T11:38:42.038759+00:00,1.0,21.395,86.828,301.1,3.291,720,,,
ob_luang,ออบหลวง,เชียงใหม่,2562,2018,10,,,20510,dnp_tourism,https://catalog.dnp.go.th/dataset/91d66c6a-5b88-41ee-8597-11be8aec5aa6/resource/be300299-f9a3-4eac-b558-0c088dd77a64/download/tourism59-68.csv,2026-09-16T11:38:42.038768+00:00,1.0,22.265,89.723,138.1,4.414,744,,,
ob_luang,ออบหลวง,เชียงใหม่,2562,2018,11,,,24941,dnp_tourism,https://catalog.dnp.go.th/dataset/91d66c6a-5b88-41ee-8597-11be8aec5aa6/resource/be300299-f9a3-4eac-b558-0c088dd77a64/download/tourism59-68.csv,2026-09-16T11:38:42.038770+00:00,1.0,20.838,83.167,65.7,4.184,720,,,
ob_luang,ออบหลวง,เชียงใหม่,2562,2018,12,,,26469,dnp_tourism,https://catalog.dnp.go.th/dataset/91d66c6a-5b88-41ee-8597-11be8aec5aa6/resource/be300299-f9a3-4eac-b558-0c088dd77a64/download/tourism59-68.csv,2026-09-16T11:38:42.038773+00:00,1.0,19.834,84.087,41.4,4.988,744,,,
ob_luang,ออบหลวง,เชียงใหม่,2562,2019,1,,,41027,dnp_tourism,https://catalog.dnp.go.th/dataset/91d66c6a-5b88-41ee-8597-11be8aec5aa6/resource/be300299-f9a3-4eac-b558-0c088dd77a64/download/tourism59-68.csv,2026-09-16T11:38:42.038775+00:00,1.0,19.306,78.664,40.4,4.577,744,,,
ob_luang,ออบหลวง,เชียงใหม่,2562,2019,2,,,32666,dnp_tourism,https://catalog.dnp.go.th/dataset/91d66c6a-5b88-41ee-8597-11be8aec5aa6/resource/be300299-f9a3-4eac-b558-0c088dd77a64/download/tourism59-68.csv,2026-09-16T11:38:42.038778+00:00,1.0,21.196,58.6,0.5,6.607,672,,,
ob_luang,ออบหลวง,เชียงใหม่,2562,2019,3,,,33477,dnp_tourism,https://catalog.dnp.go.th/dataset/91d66c6a-5b88-41ee-8597-11be8aec5aa6/resource/be300299-f9a3-4eac-b558-0c088dd77a64/download/tourism59-68.csv,2026-09-16T11:38:42.038780+00:00,1.0,23.314,56.278,1.1,7.039,744,,,
ob_luang,ออบหลวง,เชียงใหม่,2562,2019,4,,,41753,dnp_tourism,https://catalog.dnp.go.th/dataset/91d66c6a-5b88-41ee-8597-11be8aec5aa6/resource/be300299-f9a3-4eac-b558-0c088dd77a64/download/tourism59-68.csv,2026-09-16T11:38:42.038783+00:00,1.0,26.431,52.299,1.2,6.876,720,,,
ob_luang,ออบหลวง,เชียงใหม่,2562,2019,5,,,28131,dnp_tourism,https://catalog.dnp.go.th/dataset/91d66c6a-5b88-41ee-8597-11be8aec5aa6/resource/be300299-f9a3-4eac-b558-0c088dd77a64/download/tourism59-68.csv,2026-09-16T11:38:42.038785+00:00,1.0,26.04,74.906,185.1,7.613,744,,,
ob_luang,ออบหลวง,เชียงใหม่,2562,2019,6,,,20306,dnp_tourism,https://catalog.dnp.go.th/dataset/91d66c6a-5b88-41ee-8597-11be8aec5aa6/resource/be300299-f9a3-4eac-b558-0c088dd77a64/download/tourism59-68.csv,2026-09-16T11:38:42.038787+00:00,1.0,23.938,85.881,252.2,6.204,720,,,
ob_luang,ออบหลวง,เชียงใหม่,2562,2019,7,,,26672,dnp_tourism,https://catalog.dnp.go.th/dataset/91d66c6a-5b88-41ee-8597-11be8aec5aa6/resource/be300299-f9a3-4eac-b558-0c088dd77a64/download/tourism59-68.csv,2026-09-16T11:38:42.038790+00:00,1.0,22.805,88.609,241.3,8.447,744,,,
ob_luang,ออบหลวง,เชียงใหม่,2562,2019,8,,,17062,dnp_tourism,https://catalog.dnp.go.th/dataset/91d66c6a-5b88-41ee-8597-11be8aec5aa6/resource/be300299-f9a3-4eac-b558-0c088dd77a64/download/tourism59-68.csv,2026-09-16T11:38:42.038792+00:00,1.0,22.705,91.485,499.0,7.206,744,,,
ob_luang,ออบหลวง,เชียงใหม่,2562,2019,9,,,15645,dnp_tourism,https://catalog.dnp.go.th/dataset/91d66c6a-5b88-41ee-8597-11be8aec5aa6/resource/be300299-f9a3-4eac-b558-0c088dd77a64/download/tourism59-68.csv,2026-09-16T11:38:42.038795+00:00,1.0,22.609,88.151,210.1,6.079,720,,,
sri_lanna,ศรีลานนา,เชียงใหม่,2562,2018,10,,,3995,dnp_tourism,https://catalog.dnp.go.th/dataset/91d66c6a-5b88-41ee-8597-11be8aec5aa6/resource/be300299-f9a3-4eac-b558-0c088dd77a64/download/tourism59-68.csv,2026-09-16T11:38:42.038803+00:00,1.0,24.589,86.305,158.6,3.715,744,,,
sri_lanna,ศรีลานนา,เชียงใหม่,2562,2018,11,,,4519,dnp_tourism,https://catalog.dnp.go.th/dataset/91d66c6a-5b88-41ee-8597-11be8aec5aa6/resource/be300299-f9a3-4eac-b558-0c088dd77a64/download/tourism59-68.csv,2026-09-16T11:38:42.038806+00:00,1.0,22.929,80.263,34.1,4.568,720,,,
sri_lanna,ศรีลานนา,เชียงใหม่,2562,2018,12,,,11763,dnp_tourism,https://catalog.dnp.go.th/dataset/91d66c6a-5b88-41ee-8597-11be8aec5aa6/resource/be300299-f9a3-4eac-b558-0c088dd77a64/download/tourism59-68.csv,2026-09-16T11:38:42.038808+00:00,1.0,21.825,81.853,79.1,4.529,744,,,
sri_lanna,ศรีลานนา,เชียงใหม่,2562,2019,1,,,6845,dnp_tourism,https://catalog.dnp.go.th/dataset/91d66c6a-5b88-41ee-8597-11be8aec5aa6/resource/be300299-f9a3-4eac-b558-0c088dd77a64/download/tourism59-68.csv,2026-09-16T11:38:42.038811+00:00,1.0,20.864,81.172,71.4,4.376,744,,,
sri_lanna,ศรีลานนา,เชียงใหม่,2562,2019,2,,,3561,dnp_tourism,https://catalog.dnp.go.th/dataset/91d66c6a-5b88-41ee-8597-11be8aec5aa6/resource/be300299-f9a3-4eac-b558-0c088dd77a64/download/tourism59-68.csv,2026-09-16T11:38:42.038813+00:00,1.0,23.469,61.643,1.5,4.726,672,,,
sri_lanna,ศรีลานนา,เชียงใหม่,2562,2019,3,,,1862,dnp_tourism,https://catalog.dnp.go.th/dataset/91d66c6a-5b88-41ee-8597-11be8aec5aa6/resource/be300299-f9a3-4eac-b558-0c088dd77a64/download/tourism59-68.csv,2026-09-16T11:38:42.038816+00:00,1.0,26.156,52.163,0.0,5.228,744,,,
sri_lanna,ศรีลานนา,เชียงใหม่,2562,2019,4,,,2439,dnp_tourism,https://catalog.dnp.go.th/dataset/91d66c6a-5b88-41ee-8597-11be8aec5aa6/resource/be300299-f9a3-4eac-b558-0c088dd77a64/download/tourism59-68.csv,2026-09-16T11:38:42.038818+00:00,1.0,29.345,47.965,0.5,5.457,720,,,
sri_lanna,ศรีลานนา,เชียงใหม่,2562,2019,5,,,1332,dnp_tourism,https://catalog.dnp.go.th/dataset/91d66c6a-5b88-41ee-8597-11be8aec5aa6/resource/be300299-f9a3-4eac-b558-0c088dd77a64/download/tourism59-68.csv,2026-09-16T11:38:42.038821+00:00,1.0,29.31,63.852,126.6,5.389,744,,,
sri_lanna,ศรีลานนา,เชียงใหม่,2562,2019,6,,,1142,dnp_tourism,https://catalog.dnp.go.th/dataset/91d66c6a-5b88-41ee-8597-11be8aec5aa6/resource/be300299-f9a3-4eac-b558-0c088dd77a64/download/tourism59-68.csv,2026-09-16T11:38:42.038823+00:00,1.0,26.66,81.242,208.8,5.618,720,,,
sri_lanna,ศรีลานนา,เชียงใหม่,2562,2019,7,,,2081,dnp_tourism,https://catalog.dnp.go.th/dataset/91d66c6a-5b88-41ee-8597-11be8aec5aa6/resource/be300299-f9a3-4eac-b558-0c088dd77a64/download/tourism59-68.csv,2026-09-16T11:38:42.038825+00:00,1.0,25.635,83.762,259.3,5.506,744,,,
sri_lanna,ศรีลานนา,เชียงใหม่,2562,2019,8,,,1737,dnp_tourism,https://catalog.dnp.go.th/dataset/91d66c6a-5b88-41ee-8597-11be8aec5aa6/resource/be300299-f9a3-4eac-b558-0c088dd77a64/download/tourism59-68.csv,2026-09-16T11:38:42.038828+00:00,1.0,24.806,90.61,565.4,4.733,744,,,
sri_lanna,ศรีลานนา,เชียงใหม่,2562,2019,9,,,1432,dnp_tourism,https://catalog.dnp.go.th/dataset/91d66c6a-5b88-41ee-8597-11be8aec5aa6/resource/be300299-f9a3-4eac-b558-0c088dd77a64/download/tourism59-68.csv,2026-09-16T11:38:42.038830+00:00,1.0,24.735,88.174,278.3,3.909,720,,,
mae_takhrai,แม่ตะไคร้,เชียงใหม่,2562,2018,10,,,0,dnp_tourism,https://catalog.dnp.go.th/dataset/91d66c6a-5b88-41ee-8597-11be8aec5aa6/resource/be300299-f9a3-4eac-b558-0c088dd77a64/download/tourism59-68.csv,2026-09-16T11:38:42.038855+00:00,1.0,24.839,82.711,146.8,3.687,744,,,
mae_takhrai,แม่ตะไคร้,เชียงใหม่,2562,2018,11,,,6,dnp_tourism,https://catalog.dnp.go.th/dataset/91d66c6a-5b88-41ee-8597-11be8aec5aa6/resource/be300299-f9a3-4eac-b558-0c088dd77a64/download/tourism59-68.csv,2026-09-16T11:38:42.038857+00:00,1.0,23.243,76.817,34.8,4.192,720,,,
mae_takhrai,แม่ตะไคร้,เชียงใหม่,2562,2018,12,,,434,dnp_tourism,https://catalog.dnp.go.th/dataset/91d66c6a-5b88-41ee-8597-11be8aec5aa6/resource/be300299-f9a3-4eac-b558-0c088dd77a64/download/tourism59-68.csv,2026-09-16T11:38:42.038860+00:00,1.0,22.235,77.169,61.7,4.281,744,,,
mae_takhrai,แม่ตะไคร้,เชียงใหม่,2562,2019,1,,,227,dnp_tourism,https://catalog.dnp.go.th/dataset/91d66c6a-5b88-41ee-8597-11be8aec5aa6/resource/be300299-f9a3-4eac-b558-0c088dd77a64/download/tourism59-68.csv,2026-09-16T11:38:42.038862+00:00,1.0,21.467,75.181,50.1,4.321,744,,,
mae_takhrai,แม่ตะไคร้,เชียงใหม่,2562,2019,2,,,224,dnp_tourism,https://catalog.dnp.go.th/dataset/91d66c6a-5b88-41ee-8597-11be8aec5aa6/resource/be300299-f9a3-4eac-b558-0c088dd77a64/download/tourism59-68.csv,2026-09-16T11:38:42.038865+00:00,1.0,24.301,53.772,2.1,4.923,672,,,
mae_takhrai,แม่ตะไคร้,เชียงใหม่,2562,2019,3,,,43,dnp_tourism,https://catalog.dnp.go.th/dataset/91d66c6a-5b88-41ee-8597-11be8aec5aa6/resource/be300299-f9a3-4eac-b558-0c088dd77a64/download/tourism59-68.csv,2026-09-16T11:38:42.038867+00:00,1.0,26.913,46.309,0.0,5.865,744,,,
mae_takhrai,แม่ตะไคร้,เชียงใหม่,2562,2019,4,,,393,dnp_tourism,https://catalog.dnp.go.th/dataset/91d66c6a-5b88-41ee-8597-11be8aec5aa6/resource/be300299-f9a3-4eac-b558-0c088dd77a64/download/tourism59-68.csv,2026-09-16T11:38:42.038870+00:00,1.0,30.328,42.418,0.0,5.966,720,,,
mae_takhrai,แม่ตะไคร้,เชียงใหม่,2562,2019,5,,,0,dnp_tourism,https://catalog.dnp.go.th/dataset/91d66c6a-5b88-41ee-8597-11be8aec5aa6/resource/be300299-f9a3-4eac-b558-0c088dd77a64/download/tourism59-68.csv,2026-09-16T11:38:42.038872+00:00,1.0,30.023,60.132,126.5,6.267,744,,,
mae_takhrai,แม่ตะไคร้,เชียงใหม่,2562,2019,6,,,0,dnp_tourism,https://catalog.dnp.go.th/dataset/91d66c6a-5b88-41ee-8597-11be8aec5aa6/resource/be300299-f9a3-4eac-b558-0c088dd77a64/download/tourism59-68.csv,2026-09-16T11:38:42.038875+00:00,1.0,27.645,73.606,134.6,6.589,720,,,
mae_takhrai,แม่ตะไคร้,เชียงใหม่,2562,2019,7,,,0,dnp_tourism,https://catalog.dnp.go.th/dataset/91d66c6a-5b88-41ee-8597-11be8aec5aa6/resource/be300299-f9a3-4eac-b558-0c088dd77a64/download/tourism59-68.csv,2026-09-16T11:38:42.038877+00:00,1.0,26.557,76.054,208.2,5.617,744,,,
mae_takhrai,แม่ตะไคร้,เชียงใหม่,2562,2019,8,,,0,dnp_tourism,https://catalog.dnp.go.th/dataset/91d66c6a-5b88-41ee-8597-11be8aec5aa6/resource/be300299-f9a3-4eac-b558-0c088dd77a64/download/tourism59-68.csv,2026-09-16T11:38:42.038880+00:00,1.0,25.37,85.019,406.3,4.432,744,,,
mae_takhrai,แม่ตะไคร้,เชียงใหม่,2562,2019,9,,,0,dnp_tourism,https://catalog.dnp.go.th/dataset/91d66c6a-5b88-41ee-8597-11be8aec5aa6/resource/be300299-f9a3-4eac-b558-0c088dd77a64/download/tourism59-68.csv,2026-09-16T11:38:42.038882+00:00,1.0,25.242,82.265,242.1,4.229,720,,,
khun_khan,ขุนขาน,เชียงใหม่,2562,2018,10,,,4093,dnp_tourism,https://catalog.dnp.go.th/dataset/91d66c6a-5b88-41ee-8597-11be8aec5aa6/resource/be300299-f9a3-4eac-b558-0c088dd77a64/download/tourism59-68.csv,2026-09-16T11:38:42.038890+00:00,1.0,21.831,90.147,203.4,4.135,744,,,
khun_khan,ขุนขาน,เชียงใหม่,2562,2018,11,,,4463,dnp_tourism,https://catalog.dnp.go.th/dataset/91d66c6a-5b88-41ee-8597-11be8aec5aa6/resource/be300299-f9a3-4eac-b558-0c088dd77a64/download/tourism59-68.csv,2026-09-16T11:38:42.038893+00:00,1.0,20.024,84.893,38.7,4.302,720,,,
khun_khan,ขุนขาน,เชียงใหม่,2562,2018,12,,,1986,dnp_tourism,https://catalog.dnp.go.th/dataset/91d66c6a-5b88-41ee-8597-11be8aec5aa6/resource/be300299-f9a3-4eac-b558-0c088dd77a64/download/tourism59-68.csv,2026-09-16T11:38:42.038896+00:00,1.0,18.996,85.942,54.4,4.966,744,,,
khun_khan,ขุนขาน,เชียงใหม่,2562,2019,1,,,844,dnp_tourism,https://catalog.dnp.go.th/dataset/91d66c6a-5b88-41ee-8597-11be8aec5aa6/resource/be300299-f9a3-4eac-b558-0c088dd77a64/download/tourism59-68.csv,2026-09-16T11:38:42.038900+00:00,1.0,18.05,83.671,65.0,5.108,744,,,
khun_khan,ขุนขาน,เชียงใหม่,2562,2019,2,,,649,dnp_tourism,https://catalog.dnp.go.th/dataset/91d66c6a-5b88-41ee-8597-11be8aec5aa6/resource/be300299-f9a3-4eac-b558-0c088dd77a64/download/tourism59-68.csv,2026-09-16T11:38:42.038902+00:00,1.0,20.175,63.812,0.2,6.586,672,,,
khun_khan,ขุนขาน,เชียงใหม่,2562,2019,3,,,264,dnp_tourism,https://catalog.dnp.go.th/dataset/91d66c6a-5b88-41ee-8597-11be8aec5aa6/resource/be300299-f9a3-4eac-b558-0c088dd77a64/download/tourism59-68.csv,2026-09-16T11:38:42.038905+00:00,1.0,22.767,55.878,0.2,7.27,744,,,
khun_khan,ขุนขาน,เชียงใหม่,2562,2019,4,,,6588,dnp_tourism,https://catalog.dnp.go.th/dataset/91d66c6a-5b88-41ee-8597-11be8aec5aa6/resource/be300299-f9a3-4eac-b558-0c088dd77a64/download/tourism59-68.csv,2026-09-16T11:38:42.038908+00:00,1.0,25.897,52.422,0.7,6.669,720,,,
khun_khan,ขุนขาน,เชียงใหม่,2562,2019,5,,,1474,dnp_tourism,https://catalog.dnp.go.th/dataset/91d66c6a-5b88-41ee-8597-11be8aec5aa6/resource/be300299-f9a3-4eac-b558-0c088dd77a64/download/tourism59-68.csv,2026-09-16T11:38:42.038910+00:00,1.0,26.348,71.625,172.8,6.16,744,,,
khun_khan,ขุนขาน,เชียงใหม่,2562,2019,6,,,1494,dnp_tourism,https://catalog.dnp.go.th/dataset/91d66c6a-5b88-41ee-8597-11be8aec5aa6/resource/be300299-f9a3-4eac-b558-0c088dd77a64/download/tourism59-68.csv,2026-09-16T11:38:42.038912+00:00,1.0,23.963,88.128,303.4,5.234,720,,,
khun_khan,ขุนขาน,เชียงใหม่,2562,2019,7,,,1580,dnp_tourism,https://catalog.dnp.go.th/dataset/91d66c6a-5b88-41ee-8597-11be8aec5aa6/resource/be300299-f9a3-4eac-b558-0c088dd77a64/download/tourism59-68.csv,2026-09-16T11:38:42.038915+00:00,1.0,23.488,86.171,271.0,5.815,744,,,
khun_khan,ขุนขาน,เชียงใหม่,2562,2019,8,,,1349,dnp_tourism,https://catalog.dnp.go.th/dataset/91d66c6a-5b88-41ee-8597-11be8aec5aa6/resource/be300299-f9a3-4eac-b558-0c088dd77a64/download/tourism59-68.csv,2026-09-16T11:38:42.038917+00:00,1.0,23.049,90.719,507.1,5.744,744,,,
khun_khan,ขุนขาน,เชียงใหม่,2562,2019,9,,,1778,dnp_tourism,https://catalog.dnp.go.th/dataset/91d66c6a-5b88-41ee-8597-11be8aec5aa6/resource/be300299-f9a3-4eac-b558-0c088dd77a64/download/tourism59-68.csv,2026-09-16T11:38:42.038920+00:00,1.0,22.502,88.596,276.8,4.715,720,,,
mae_wang,แม่วาง,เชียงใหม่,2562,2018,10,,,59,dnp_tourism,https://catalog.dnp.go.th/dataset/91d66c6a-5b88-41ee-8597-11be8aec5aa6/resource/be300299-f9a3-4eac-b558-0c088dd77a64/download/tourism59-68.csv,2026-09-16T11:38:42.038928+00:00,1.0,23.669,82.927,185.8,3.128,744,,,
mae_wang,แม่วาง,เชียงใหม่,2562,2018,11,,,22,dnp_tourism,https://catalog.dnp.go.th/dataset/91d66c6a-5b88-41ee-8597-11be8aec5aa6/resource/be300299-f9a3-4eac-b558-0c088dd77a64/download/tourism59-68.csv,2026-09-16T11:38:42.038931+00:00,1.0,21.772,78.504,29.5,3.356,720,,,
mae_wang,แม่วาง,เชียงใหม่,2562,2018,12,,,192,dnp_tourism,https://catalog.dnp.go.th/dataset/91d66c6a-5b88-41ee-8597-11be8aec5aa6/resource/be300299-f9a3-4eac-b558-0c088dd77a64/download/tourism59-68.csv,2026-09-16T11:38:42.038933+00:00,1.0,20.85,80.116,69.9,3.27,744,,,
mae_wang,แม่วาง,เชียงใหม่,2562,2019,1,,,135,dnp_tourism,https://catalog.dnp.go.th/dataset/91d66c6a-5b88-41ee-8597-11be8aec5aa6/resource/be300299-f9a3-4eac-b558-0c088dd77a64/download/tourism59-68.csv,2026-09-16T11:38:42.038936+00:00,1.0,19.88,78.059,48.9,3.476,744,,,
mae_wang,แม่วาง,เชียงใหม่,2562,2019,2,,,22,dnp_tourism,https://catalog.dnp.go.th/dataset/91d66c6a-5b88-41ee-8597-11be8aec5aa6/resource/be300299-f9a3-4eac-b558-0c088dd77a64/download/tourism59-68.csv,2026-09-16T11:38:42.038938+00:00,1.0,21.347,60.054,0.0,3.949,672,,,
mae_wang,แม่วาง,เชียงใหม่,2562,2019,3,,,9,dnp_tourism,https://catalog.dnp.go.th/dataset/91d66c6a-5b88-41ee-8597-11be8aec5aa6/resource/be300299-f9a3-4eac-b558-0c088dd77a64/download/tourism59-68.csv,2026-09-16T11:38:42.038941+00:00,1.0,24.31,52.312,0.0,5.247,744,,,
mae_wang,แม่วาง,เชียงใหม่,2562,2019,4,,,49,dnp_tourism,https://catalog.dnp.go.th/dataset/91d66c6a-5b88-41ee-8597-11be8aec5aa6/resource/be300299-f9a3-4eac-b558-0c088dd77a64/download/tourism59-68.csv,2026-09-16T11:38:42.038943+00:00,1.0,27.69,47.572,0.0,5.453,720,,,
mae_wang,แม่วาง,เชียงใหม่,2562,2019,5,,,21,dnp_tourism,https://catalog.dnp.go.th/dataset/91d66c6a-5b88-41ee-8597-11be8aec5aa6/resource/be300299-f9a3-4eac-b558-0c088dd77a64/download/tourism59-68.csv,2026-09-16T11:38:42.038946+00:00,1.0,28.71,62.613,93.5,5.172,744,,,
mae_wang,แม่วาง,เชียงใหม่,2562,2019,6,,,19,dnp_tourism,https://catalog.dnp.go.th/dataset/91d66c6a-5b88-41ee-8597-11be8aec5aa6/resource/be300299-f9a3-4eac-b558-0c088dd77a64/download/tourism59-68.csv,2026-09-16T11:38:42.038948+00:00,1.0,25.963,79.443,142.9,5.187,720,,,
mae_wang,แม่วาง,เชียงใหม่,2562,2019,7,,,21,dnp_tourism,https://catalog.dnp.go.th/dataset/91d66c6a-5b88-41ee-8597-11be8aec5aa6/resource/be300299-f9a3-4eac-b558-0c088dd77a64/download/tourism59-68.csv,2026-09-16T11:38:42.038962+00:00,1.0,25.359,79.445,242.1,4.865,744,,,
mae_wang,แม่วาง,เชียงใหม่,2562,2019,8,,,28,dnp_tourism,https://catalog.dnp.go.th/dataset/91d66c6a-5b88-41ee-8597-11be8aec5aa6/resource/be300299-f9a3-4eac-b558-0c088dd77a64/download/tourism59-68.csv,2026-09-16T11:38:42.038965+00:00,1.0,24.257,88.78,562.3,4.191,744,,,
mae_wang,แม่วาง,เชียงใหม่,2562,2019,9,,,10,dnp_tourism,https://catalog.dnp.go.th/dataset/91d66c6a-5b88-41ee-8597-11be8aec5aa6/resource/be300299-f9a3-4eac-b558-0c088dd77a64/download/tourism59-68.csv,2026-09-16T11:38:42.038968+00:00,1.0,24.181,82.882,218.5,3.687,720,,,
doi_inthanon,ดอยอินทนนท์,เชียงใหม่,2563,2019,10,,,97109,dnp_tourism,https://catalog.dnp.go.th/dataset/91d66c6a-5b88-41ee-8597-11be8aec5aa6/resource/be300299-f9a3-4eac-b558-0c088dd77a64/download/tourism59-68.csv,2026-09-16T11:38:42.039546+00:00,1.0,11.835,86.34,124.1,3.219,744,,,
doi_inthanon,ดอยอินทนนท์,เชียงใหม่,2563,2019,11,,,112628,dnp_tourism,https://catalog.dnp.go.th/dataset/91d66c6a-5b88-41ee-8597-11be8aec5aa6/resource/be300299-f9a3-4eac-b558-0c088dd77a64/download/tourism59-68.csv,2026-09-16T11:38:42.039549+00:00,1.0,10.424,80.401,55.6,3.772,720,,,
doi_inthanon,ดอยอินทนนท์,เชียงใหม่,2563,2019,12,,,239851,dnp_tourism,https://catalog.dnp.go.th/dataset/91d66c6a-5b88-41ee-8597-11be8aec5aa6/resource/be300299-f9a3-4eac-b558-0c088dd77a64/download/tourism59-68.csv,2026-09-16T11:38:42.039552+00:00,1.0,8.348,66.007,9.8,4.695,744,,,
doi_inthanon,ดอยอินทนนท์,เชียงใหม่,2563,2020,1,,,148352,dnp_tourism,https://catalog.dnp.go.th/dataset/91d66c6a-5b88-41ee-8597-11be8aec5aa6/resource/be300299-f9a3-4eac-b558-0c088dd77a64/download/tourism59-68.csv,2026-09-16T11:38:42.039555+00:00,1.0,10.872,50.278,2.7,5.135,744,86.0,9.0,2197.0
doi_inthanon,ดอยอินทนนท์,เชียงใหม่,2563,2020,2,,,67171,dnp_tourism,https://catalog.dnp.go.th/dataset/91d66c6a-5b88-41ee-8597-11be8aec5aa6/resource/be300299-f9a3-4eac-b558-0c088dd77a64/download/tourism59-68.csv,2026-09-16T11:38:42.039557+00:00,1.0,11.586,48.603,6.1,5.84,696,99.0,17.0,2662.0
doi_inthanon,ดอยอินทนนท์,เชียงใหม่,2563,2020,3,,,16260,dnp_tourism,https://catalog.dnp.go.th/dataset/91d66c6a-5b88-41ee-8597-11be8aec5aa6/resource/be300299-f9a3-4eac-b558-0c088dd77a64/download/tourism59-68.csv,2026-09-16T11:38:42.039560+00:00,1.0,14.55,43.891,4.3,6.57,744,174.0,25.0,11387.0
doi_inthanon,ดอยอินทนนท์,เชียงใหม่,2563,2020,4,,,0,dnp_tourism,https://catalog.dnp.go.th/dataset/91d66c6a-5b88-41ee-8597-11be8aec5aa6/resource/be300299-f9a3-4eac-b558-0c088dd77a64/download/tourism59-68.csv,2026-09-16T11:38:42.039563+00:00,1.0,15.287,52.296,82.9,6.2,720,143.0,19.0,4937.0
doi_inthanon,ดอยอินทนนท์,เชียงใหม่,2563,2020,5,,,0,dnp_tourism,https://catalog.dnp.go.th/dataset/91d66c6a-5b88-41ee-8597-11be8aec5aa6/resource/be300299-f9a3-4eac-b558-0c088dd77a64/download/tourism59-68.csv,2026-09-16T11:38:42.039565+00:00,1.0,14.707,75.711,115.7,5.188,744,46.0,0.0,475.0
doi_inthanon,ดอยอินทนนท์,เชียงใหม่,2563,2020,6,,,2,dnp_tourism,https://catalog.dnp.go.th/dataset/91d66c6a-5b88-41ee-8597-11be8aec5aa6/resource/be300299-f9a3-4eac-b558-0c088dd77a64/download/tourism59-68.csv,2026-09-16T11:38:42.039568+00:00,1.0,12.854,88.992,344.3,5.567,720,,,
doi_inthanon,ดอยอินทนนท์,เชียงใหม่,2563,2020,7,,,0,dnp_tourism,https://catalog.dnp.go.th/dataset/91d66c6a-5b88-41ee-8597-11be8aec5aa6/resource/be300299-f9a3-4eac-b558-0c088dd77a64/download/tourism59-68.csv,2026-09-16T11:38:42.039571+00:00,1.0,12.592,90.594,436.4,5.133,744,,,
doi_inthanon,ดอยอินทนนท์,เชียงใหม่,2563,2020,8,,,21161,dnp_tourism,https://catalog.dnp.go.th/dataset/91d66c6a-5b88-41ee-8597-11be8aec5aa6/resource/be300299-f9a3-4eac-b558-0c088dd77a64/download/tourism59-68.csv,2026-09-16T11:38:42.039573+00:00,1.0,11.752,94.845,585.5,5.507,744,,,
doi_inthanon,ดอยอินทนนท์,เชียงใหม่,2563,2020,9,,,29940,dnp_tourism,https://catalog.dnp.go.th/dataset/91d66c6a-5b88-41ee-8597-11be8aec5aa6/resource/be300299-f9a3-4eac-b558-0c088dd77a64/download/tourism59-68.csv,2026-09-16T11:38:42.039576+00:00,1.0,12.477,91.083,357.8,3.774,720,,,
mae_ping,แม่ปิง,เชียงใหม่,2563,2019,10,,,2233,dnp_tourism,https://catalog.dnp.go.th/dataset/91d66c6a-5b88-41ee-8597-11be8aec5aa6/resource/be300299-f9a3-4eac-b558-0c088dd77a64/download/tourism59-68.csv,2026-09-16T11:38:42.039584+00:00,1.0,22.842,86.98,121.0,3.102,744,,,
mae_ping,แม่ปิง,เชียงใหม่,2563,2019,11,,,2280,dnp_tourism,https://catalog.dnp.go.th/dataset/91d66c6a-5b88-41ee-8597-11be8aec5aa6/resource/be300299-f9a3-4eac-b558-0c088dd77a64/download/tourism59-68.csv,2026-09-16T11:38:42.039587+00:00,1.0,21.363,82.06,42.1,3.207,720,,,
mae_ping,แม่ปิง,เชียงใหม่,2563,2019,12,,,7250,dnp_tourism,https://catalog.dnp.go.th/dataset/91d66c6a-5b88-41ee-8597-11be8aec5aa6/resource/be300299-f9a3-4eac-b558-0c088dd77a64/download/tourism59-68.csv,2026-09-16T11:38:42.039589+00:00,1.0,18.924,70.703,7.1,4.044,744,,,
mae_ping,แม่ปิง,เชียงใหม่,2563,2020,1,,,4761,dnp_tourism,https://catalog.dnp.go.th/dataset/91d66c6a-5b88-41ee-8597-11be8aec5aa6/resource/be300299-f9a3-4eac-b558-0c088dd77a64/download/tourism59-68.csv,2026-09-16T11:38:42.039592+00:00,1.0,20.827,62.98,1.1,4.288,744,86.0,9.0,2197.0
mae_ping,แม่ปิง,เชียงใหม่,2563,2020,2,,,2211,dnp_tourism,https://catalog.dnp.go.th/dataset/91d66c6a-5b88-41ee-8597-11be8aec5aa6/resource/be300299-f9a3-4eac-b558-0c088dd77a64/download/tourism59-68.csv,2026-09-16T11:38:42.039594+00:00,1.0,22.004,54.836,0.5,5.443,696,99.0,17.0,2662.0
mae_ping,แม่ปิง,เชียงใหม่,2563,2020,3,,,1015,dnp_tourism,https://catalog.dnp.go.th/dataset/91d66c6a-5b88-41ee-8597-11be8aec5aa6/resource/be300299-f9a3-4eac-b558-0c088dd77a64/download/tourism59-68.csv,2026-09-16T11:38:42.039597+00:00,1.0,24.809,51.901,2.5,5.246,744,174.0,25.0,11387.0
mae_ping,แม่ปิง,เชียงใหม่,2563,2020,4,,,0,dnp_tourism,https://catalog.dnp.go.th/dataset/91d66c6a-5b88-41ee-8597-11be8aec5aa6/resource/be300299-f9a3-4eac-b558-0c088dd77a64/download/tourism59-68.csv,2026-09-16T11:38:42.039599+00:00,1.0,26.135,54.958,67.2,5.44,720,143.0,19.0,4937.0
mae_ping,แม่ปิง,เชียงใหม่,2563,2020,5,,,0,dnp_tourism,https://catalog.dnp.go.th/dataset/91d66c6a-5b88-41ee-8597-11be8aec5aa6/resource/be300299-f9a3-4eac-b558-0c088dd77a64/download/tourism59-68.csv,2026-09-16T11:38:42.039604+00:00,1.0,26.318,71.087,77.3,4.219,744,46.0,0.0,475.0
mae_ping,แม่ปิง,เชียงใหม่,2563,2020,6,,,0,dnp_tourism,https://catalog.dnp.go.th/dataset/91d66c6a-5b88-41ee-8597-11be8aec5aa6/resource/be300299-f9a3-4eac-b558-0c088dd77a64/download/tourism59-68.csv,2026-09-16T11:38:42.039606+00:00,1.0,25.278,75.224,118.5,4.899,720,,,
mae_ping,แม่ปิง,เชียงใหม่,2563,2020,7,,,302,dnp_tourism,https://catalog.dnp.go.th/dataset/91d66c6a-5b88-41ee-8597-11be8aec5aa6/resource/be300299-f9a3-4eac-b558-0c088dd77a64/download/tourism59-68.csv,2026-09-16T11:38:42.039611+00:00,1.0,24.882,78.38,154.9,4.334,744,,,
mae_ping,แม่ปิง,เชียงใหม่,2563,2020,8,,,112,dnp_tourism,https://catalog.dnp.go.th/dataset/91d66c6a-5b88-41ee-8597-11be8aec5aa6/resource/be300299-f9a3-4eac-b558-0c088dd77a64/download/tourism59-68.csv,2026-09-16T11:38:42.039613+00:00,1.0,23.183,88.022,467.1,4.252,744,,,
mae_ping,แม่ปิง,เชียงใหม่,2563,2020,9,,,167,dnp_tourism,https://catalog.dnp.go.th/dataset/91d66c6a-5b88-41ee-8597-11be8aec5aa6/resource/be300299-f9a3-4eac-b558-0c088dd77a64/download/tourism59-68.csv,2026-09-16T11:38:42.039616+00:00,1.0,23.518,88.769,316.4,3.623,720,,,
pha_daeng,ผาแดง,เชียงใหม่,2563,2019,10,,,3189,dnp_tourism,https://catalog.dnp.go.th/dataset/91d66c6a-5b88-41ee-8597-11be8aec5aa6/resource/be300299-f9a3-4eac-b558-0c088dd77a64/download/tourism59-68.csv,2026-09-16T11:38:42.039625+00:00,1.0,24.48,85.353,64.5,3.099,744,,,
pha_daeng,ผาแดง,เชียงใหม่,2563,2019,11,,,2574,dnp_tourism,https://catalog.dnp.go.th/dataset/91d66c6a-5b88-41ee-8597-11be8aec5aa6/resource/be300299-f9a3-4eac-b558-0c088dd77a64/download/tourism59-68.csv,2026-09-16T11:38:42.039627+00:00,1.0,22.568,82.461,28.8,3.274,720,,,
pha_daeng,ผาแดง,เชียงใหม่,2563,2019,12,,,6389,dnp_tourism,https://catalog.dnp.go.th/dataset/91d66c6a-5b88-41ee-8597-11be8aec5aa6/resource/be300299-f9a3-4eac-b558-0c088dd77a64/download/tourism59-68.csv,2026-09-16T11:38:42.039630+00:00,1.0,18.722,76.728,11.5,4.042,744,,,
pha_daeng,ผาแดง,เชียงใหม่,2563,2020,1,,,6901,dnp_tourism,https://catalog.dnp.go.th/dataset/91d66c6a-5b88-41ee-8597-11be8aec5aa6/resource/be300299-f9a3-4eac-b558-0c088dd77a64/download/tourism59-68.csv,2026-09-16T11:38:42.039632+00:00,1.0,19.784,73.103,0.8,4.019,744,86.0,9.0,2197.0
pha_daeng,ผาแดง,เชียงใหม่,2563,2020,2,,,4070,dnp_tourism,https://catalog.dnp.go.th/dataset/91d66c6a-5b88-41ee-8597-11be8aec5aa6/resource/be300299-f9a3-4eac-b558-0c088dd77a64/download/tourism59-68.csv,2026-09-16T11:38:42.039635+00:00,1.0,21.514,65.19,2.3,4.395,696,99.0,17.0,2662.0
pha_daeng,ผาแดง,เชียงใหม่,2563,2020,3,,,1956,dnp_tourism,https://catalog.dnp.go.th/dataset/91d66c6a-5b88-41ee-8597-11be8aec5aa6/resource/be300299-f9a3-4eac-b558-0c088dd77a64/download/tourism59-68.csv,2026-09-16T11:38:42.039637+00:00,1.0,25.019,54.355,0.1,4.622,744,174.0,25.0,11387.0
pha_daeng,ผาแดง,เชียงใหม่,2563,2020,4,,,0,dnp_tourism,https://catalog.dnp.go.th/dataset/91d66c6a-5b88-41ee-8597-11be8aec5aa6/resource/be300299-f9a3-4eac-b558-0c088dd77a64/download/tourism59-68.csv,2026-09-16T11:38:42.039640+00:00,1.0,26.603,59.176,75.7,4.757,720,143.0,19.0,4937.0
pha_daeng,ผาแดง,เชียงใหม่,2563,2020,5,,,0,dnp_tourism,https://catalog.dnp.go.th/dataset/91d66c6a-5b88-41ee-8597-11be8aec5aa6/resource/be300299-f9a3-4eac-b558-0c088dd77a64/download/tourism59-68.csv,2026-09-16T11:38:42.039642+00:00,1.0,27.488,75.289,81.5,3.505,744,46.0,0.0,475.0
pha_daeng,ผาแดง,เชียงใหม่,2563,2020,6,,,0,dnp_tourism,https://catalog.dnp.go.th/dataset/91d66c6a-5b88-41ee-8597-11be8aec5aa6/resource/be300299-f9a3-4eac-b558-0c088dd77a64/download/tourism59-68.csv,2026-09-16T11:38:42.039645+00:00,1.0,26.188,85.458,374.2,4.062,720,,,
pha_daeng,ผาแดง,เชียงใหม่,2563,2020,7,,,0,dnp_tourism,https://catalog.dnp.go.th/dataset/91d66c6a-5b88-41ee-8597-11be8aec5aa6/resource/be300299-f9a3-4eac-b558-0c088dd77a64/download/tourism59-68.csv,2026-09-16T11:38:42.039647+00:00,1.0,25.64,88.989,420.1,3.806,744,,,
pha_daeng,ผาแดง,เชียงใหม่,2563,2020,8,,,0,dnp_tourism,https://catalog.dnp.go.th/dataset/91d66c6a-5b88-41ee-8597-11be8aec5aa6/resource/be300299-f9a3-4eac-b558-0c088dd77a64/download/tourism59-68.csv,2026-09-16T11:38:42.039649+00:00,1.0,24.651,93.304,632.7,4.069,744,,,
pha_daeng,ผาแดง,เชียงใหม่,2563,2020,9,,,1544,dnp_tourism,https://catalog.dnp.go.th/dataset/91d66c6a-5b88-41ee-8597-11be8aec5aa6/resource/be300299-f9a3-4eac-b558-0c088dd77a64/download/tourism59-68.csv,2026-09-16T11:38:42.039652+00:00,1.0,25.162,90.671,435.4,3.373,720,,,
doi_pha_hom_pok,ดอยผ้าห่มปก,เชียงใหม่,2563,2019,10,,,7288,dnp_tourism,https://catalog.dnp.go.th/dataset/91d66c6a-5b88-41ee-8597-11be8aec5aa6/resource/be300299-f9a3-4eac-b558-0c088dd77a64/download/tourism59-68.csv,2026-09-16T11:38:42.039660+00:00,1.0,24.793,74.196,52.7,3.465,744,,,
doi_pha_hom_pok,ดอยผ้าห่มปก,เชียงใหม่,2563,2019,11,,,7474,dnp_tourism,https://catalog.dnp.go.th/dataset/91d66c6a-5b88-41ee-8597-11be8aec5aa6/resource/be300299-f9a3-4eac-b558-0c088dd77a64/download/tourism59-68.csv,2026-09-16T11:38:42.039662+00:00,1.0,22.974,70.315,22.1,3.532,720,,,
doi_pha_hom_pok,ดอยผ้าห่มปก,เชียงใหม่,2563,2019,12,,,19548,dnp_tourism,https://catalog.dnp.go.th/dataset/91d66c6a-5b88-41ee-8597-11be8aec5aa6/resource/be300299-f9a3-4eac-b558-0c088dd77a64/download/tourism59-68.csv,2026-09-16T11:38:42.039665+00:00,1.0,19.269,64.988,28.8,3.986,744,,,
doi_pha_hom_pok,ดอยผ้าห่มปก,เชียงใหม่,2563,2020,1,,,18230,dnp_tourism,https://catalog.dnp.go.th/dataset/91d66c6a-5b88-41ee-8597-11be8aec5aa6/resource/be300299-f9a3-4eac-b558-0c088dd77a64/download/tourism59-68.csv,2026-09-16T11:38:42.039668+00:00,1.0,20.228,65.184,1.6,3.762,744,86.0,9.0,2197.0
doi_pha_hom_pok,ดอยผ้าห่มปก,เชียงใหม่,2563,2020,2,,,8474,dnp_tourism,https://catalog.dnp.go.th/dataset/91d66c6a-5b88-41ee-8597-11be8aec5aa6/resource/be300299-f9a3-4eac-b558-0c088dd77a64/download/tourism59-68.csv,2026-09-16T11:38:42.039670+00:00,1.0,21.75,58.675,4.6,4.342,696,99.0,17.0,2662.0
doi_pha_hom_pok,ดอยผ้าห่มปก,เชียงใหม่,2563,2020,3,,,2543,dnp_tourism,https://catalog.dnp.go.th/dataset/91d66c6a-5b88-41ee-8597-11be8aec5aa6/resource/be300299-f9a3-4eac-b558-0c088dd77a64/download/tourism59-68.csv,2026-09-16T11:38:42.039673+00:00,1.0,26.046,41.406,0.0,5.452,744,174.0,25.0,11387.0
doi_pha_hom_pok,ดอยผ้าห่มปก,เชียงใหม่,2563,2020,4,,,0,dnp_tourism,https://catalog.dnp.go.th/dataset/91d66c6a-5b88-41ee-8597-11be8aec5aa6/resource/be300299-f9a3-4eac-b558-0c088dd77a64/download/tourism59-68.csv,2026-09-16T11:38:42.039675+00:00,1.0,27.337,47.188,101.0,5.229,720,143.0,19.0,4937.0
doi_pha_hom_pok,ดอยผ้าห่มปก,เชียงใหม่,2563,2020,5,,,0,dnp_tourism,https://catalog.dnp.go.th/dataset/91d66c6a-5b88-41ee-8597-11be8aec5aa6/resource/be300299-f9a3-4eac-b558-0c088dd77a64/download/tourism59-68.csv,2026-09-16T11:38:42.039678+00:00,1.0,27.834,65.726,110.5,4.556,744,46.0,0.0,475.0
doi_pha_hom_pok,ดอยผ้าห่มปก,เชียงใหม่,2563,2020,6,,,0,dnp_tourism,https://catalog.dnp.go.th/dataset/91d66c6a-5b88-41ee-8597-11be8aec5aa6/resource/be300299-f9a3-4eac-b558-0c088dd77a64/download/tourism59-68.csv,2026-09-16T11:38:42.039680+00:00,1.0,26.084,80.001,227.1,4.071,720,,,
doi_pha_hom_pok,ดอยผ้าห่มปก,เชียงใหม่,2563,2020,7,,,5057,dnp_tourism,https://catalog.dnp.go.th/dataset/91d66c6a-5b88-41ee-8597-11be8aec5aa6/resource/be300299-f9a3-4eac-b558-0c088dd77a64/download/tourism59-68.csv,2026-09-16T11:38:42.039683+00:00,1.0,25.688,81.852,289.3,3.62,744,,,
doi_pha_hom_pok,ดอยผ้าห่มปก,เชียงใหม่,2563,2020,8,,,3486,dnp_tourism,https://catalog.dnp.go.th/dataset/91d66c6a-5b88-41ee-8597-11be8aec5aa6/resource/be300299-f9a3-4eac-b558-0c088dd77a64/download/tourism59-68.csv,2026-09-16T11:38:42.039685+00:00,1.0,24.682,86.285,474.3,3.551,744,,,
doi_pha_hom_pok,ดอยผ้าห่มปก,เชียงใหม่,2563,2020,9,,,4316,dnp_tourism,https://catalog.dnp.go.th/dataset/91d66c6a-5b88-41ee-8597-11be8aec5aa6/resource/be300299-f9a3-4eac-b558-0c088dd77a64/download/tourism59-68.csv,2026-09-16T11:38:42.039687+00:00,1.0,25.129,83.082,302.1,3.494,720,,,
huai_nam_dang,ห้วยน้ำดัง,เชียงใหม่,2563,2019,10,,,15268,dnp_tourism,https://catalog.dnp.go.th/dataset/91d66c6a-5b88-41ee-8597-11be8aec5aa6/resource/be300299-f9a3-4eac-b558-0c088dd77a64/download/tourism59-68.csv,2026-09-16T11:38:42.039695+00:00,1.0,19.041,85.517,106.0,3.518,744,,,
huai_nam_dang,ห้วยน้ำดัง,เชียงใหม่,2563,2019,11,,,17643,dnp_tourism,https://catalog.dnp.go.th/dataset/91d66c6a-5b88-41ee-8597-11be8aec5aa6/resource/be300299-f9a3-4eac-b558-0c088dd77a64/download/tourism59-68.csv,2026-09-16T11:38:42.039698+00:00,1.0,17.465,80.367,60.8,3.884,720,,,
huai_nam_dang,ห้วยน้ำดัง,เชียงใหม่,2563,2019,12,,,44638,dnp_tourism,https://catalog.dnp.go.th/dataset/91d66c6a-5b88-41ee-8597-11be8aec5aa6/resource/be300299-f9a3-4eac-b558-0c088dd77a64/download/tourism59-68.csv,2026-09-16T11:38:42.039701+00:00,1.0,14.513,71.805,6.3,4.654,744,,,
huai_nam_dang,ห้วยน้ำดัง,เชียงใหม่,2563,2020,1,,,27120,dnp_tourism,https://catalog.dnp.go.th/dataset/91d66c6a-5b88-41ee-8597-11be8aec5aa6/resource/be300299-f9a3-4eac-b558-0c088dd77a64/download/tourism59-68.csv,2026-09-16T11:38:42.039703+00:00,1.0,16.406,61.113,3.7,4.934,744,86.0,9.0,2197.0
huai_nam_dang,ห้วยน้ำดัง,เชียงใหม่,2563,2020,2,,,11192,dnp_tourism,https://catalog.dnp.go.th/dataset/91d66c6a-5b88-41ee-8597-11be8aec5aa6/resource/be300299-f9a3-4eac-b558-0c088dd77a64/download/tourism59-68.csv,2026-09-16T11:38:42.039706+00:00,1.0,17.502,56.728,5.2,5.856,696,99.0,17.0,2662.0
huai_nam_dang,ห้วยน้ำดัง,เชียงใหม่,2563,2020,3,,,3445,dnp_tourism,https://catalog.dnp.go.th/dataset/91d66c6a-5b88-41ee-8597-11be8aec5aa6/resource/be300299-f9a3-4eac-b558-0c088dd77a64/download/tourism59-68.csv,2026-09-16T11:38:42.039708+00:00,1.0,21.308,45.336,0.4,6.234,744,174.0,25.0,11387.0
huai_nam_dang,ห้วยน้ำดัง,เชียงใหม่,2563,2020,4,,,0,dnp_tourism,https://catalog.dnp.go.th/dataset/91d66c6a-5b88-41ee-8597-11be8aec5aa6/resource/be300299-f9a3-4eac-b558-0c088dd77a64/download/tourism59-68.csv,2026-09-16T11:38:42.039711+00:00,1.0,22.217,52.628,90.5,6.27,720,143.0,19.0,4937.0
huai_nam_dang,ห้วยน้ำดัง,เชียงใหม่,2563,2020,5,,,0,dnp_tourism,https://catalog.dnp.go.th/dataset/91d66c6a-5b88-41ee-8597-11be8aec5aa6/resource/be300299-f9a3-4eac-b558-0c088dd77a64/download/tourism59-68.csv,2026-09-16T11:38:42.039713+00:00,1.0,21.691,75.027,91.5,5.309,744,46.0,0.0,475.0
huai_nam_dang,ห้วยน้ำดัง,เชียงใหม่,2563,2020,6,,,0,dnp_tourism,https://catalog.dnp.go.th/dataset/91d66c6a-5b88-41ee-8597-11be8aec5aa6/resource/be300299-f9a3-4eac-b558-0c088dd77a64/download/tourism59-68.csv,2026-09-16T11:38:42.039716+00:00,1.0,20.284,85.578,174.9,5.706,720,,,
huai_nam_dang,ห้วยน้ำดัง,เชียงใหม่,2563,2020,7,,,1966,dnp_tourism,https://catalog.dnp.go.th/dataset/91d66c6a-5b88-41ee-8597-11be8aec5aa6/resource/be300299-f9a3-4eac-b558-0c088dd77a64/download/tourism59-68.csv,2026-09-16T11:38:42.039718+00:00,1.0,19.967,87.445,289.1,5.344,744,,,
huai_nam_dang,ห้วยน้ำดัง,เชียงใหม่,2563,2020,8,,,2107,dnp_tourism,https://catalog.dnp.go.th/dataset/91d66c6a-5b88-41ee-8597-11be8aec5aa6/resource/be300299-f9a3-4eac-b558-0c088dd77a64/download/tourism59-68.csv,2026-09-16T11:38:42.039720+00:00,1.0,19.023,92.246,366.9,5.384,744,,,
huai_nam_dang,ห้วยน้ำดัง,เชียงใหม่,2563,2020,9,,,4008,dnp_tourism,https://catalog.dnp.go.th/dataset/91d66c6a-5b88-41ee-8597-11be8aec5aa6/resource/be300299-f9a3-4eac-b558-0c088dd77a64/download/tourism59-68.csv,2026-09-16T11:38:42.039725+00:00,1.0,19.685,89.567,219.6,4.127,720,,,
doi_suthep_pui,ดอยสุเทพ-ปุย,เชียงใหม่,2563,2019,10,,,31244,dnp_tourism,https://catalog.dnp.go.th/dataset/91d66c6a-5b88-41ee-8597-11be8aec5aa6/resource/be300299-f9a3-4eac-b558-0c088dd77a64/download/tourism59-68.csv,2026-09-16T11:38:42.039734+00:00,1.0,21.831,81.706,89.0,3.127,744,,,
doi_suthep_pui,ดอยสุเทพ-ปุย,เชียงใหม่,2563,2019,11,,,30544,dnp_tourism,https://catalog.dnp.go.th/dataset/91d66c6a-5b88-41ee-8597-11be8aec5aa6/resource/be300299-f9a3-4eac-b558-0c088dd77a64/download/tourism59-68.csv,2026-09-16T11:38:42.039736+00:00,1.0,20.64,73.825,33.1,3.174,720,,,
doi_suthep_pui,ดอยสุเทพ-ปุย,เชียงใหม่,2563,2019,12,,,37980,dnp_tourism,https://catalog.dnp.go.th/dataset/91d66c6a-5b88-41ee-8597-11be8aec5aa6/resource/be300299-f9a3-4eac-b558-0c088dd77a64/download/tourism59-68.csv,2026-09-16T11:38:42.039739+00:00,1.0,17.685,66.458,17.8,3.733,744,,,
doi_suthep_pui,ดอยสุเทพ-ปุย,เชียงใหม่,2563,2020,1,,,32196,dnp_tourism,https://catalog.dnp.go.th/dataset/91d66c6a-5b88-41ee-8597-11be8aec5aa6/resource/be300299-f9a3-4eac-b558-0c088dd77a64/download/tourism59-68.csv,2026-09-16T11:38:42.039741+00:00,1.0,19.306,61.617,1.5,3.676,744,86.0,9.0,2197.0
doi_suthep_pui,ดอยสุเทพ-ปุย,เชียงใหม่,2563,2020,2,,,23629,dnp_tourism,https://catalog.dnp.go.th/dataset/91d66c6a-5b88-41ee-8597-11be8aec5aa6/resource/be300299-f9a3-4eac-b558-0c088dd77a64/download/tourism59-68.csv,2026-09-16T11:38:42.039744+00:00,1.0,21.23,49.645,0.5,4.74,696,99.0,17.0,2662.0
doi_suthep_pui,ดอยสุเทพ-ปุย,เชียงใหม่,2563,2020,3,,,13312,dnp_tourism,https://catalog.dnp.go.th/dataset/91d66c6a-5b88-41ee-8597-11be8aec5aa6/resource/be300299-f9a3-4eac-b558-0c088dd77a64/download/tourism59-68.csv,2026-09-16T11:38:42.039746+00:00,1.0,24.773,37.976,1.2,5.648,744,174.0,25.0,11387.0
doi_suthep_pui,ดอยสุเทพ-ปุย,เชียงใหม่,2563,2020,4,,,0,dnp_tourism,https://catalog.dnp.go.th/dataset/91d66c6a-5b88-41ee-8597-11be8aec5aa6/resource/be300299-f9a3-4eac-b558-0c088dd77a64/download/tourism59-68.csv,2026-09-16T11:38:42.039748+00:00,1.0,25.247,48.45,199.8,5.515,720,143.0,19.0,4937.0
doi_suthep_pui,ดอยสุเทพ-ปุย,เชียงใหม่,2563,2020,5,,,0,dnp_tourism,https://catalog.dnp.go.th/dataset/91d66c6a-5b88-41ee-8597-11be8aec5aa6/resource/be300299-f9a3-4eac-b558-0c088dd77a64/download/tourism59-68.csv,2026-09-16T11:38:42.039751+00:00,1.0,25.098,69.53,82.4,4.119,744,46.0,0.0,475.0
doi_suthep_pui,ดอยสุเทพ-ปุย,เชียงใหม่,2563,2020,6,,,0,dnp_tourism,https://catalog.dnp.go.th/dataset/91d66c6a-5b88-41ee-8597-11be8aec5aa6/resource/be300299-f9a3-4eac-b558-0c088dd77a64/download/tourism59-68.csv,2026-09-16T11:38:42.039753+00:00,1.0,23.079,82.811,236.8,3.764,720,,,
doi_suthep_pui,ดอยสุเทพ-ปุย,เชียงใหม่,2563,2020,7,,,12294,dnp_tourism,https://catalog.dnp.go.th/dataset/91d66c6a-5b88-41ee-8597-11be8aec5aa6/resource/be300299-f9a3-4eac-b558-0c088dd77a64/download/tourism59-68.csv,2026-09-16T11:38:42.039756+00:00,1.0,22.682,85.944,322.4,3.431,744,,,
doi_suthep_pui,ดอยสุเทพ-ปุย,เชียงใหม่,2563,2020,8,,,7222,dnp_tourism,https://catalog.dnp.go.th/dataset/91d66c6a-5b88-41ee-8597-11be8aec5aa6/resource/be300299-f9a3-4eac-b558-0c088dd77a64/download/tourism59-68.csv,2026-09-16T11:38:42.039758+00:00,1.0,21.459,92.235,656.3,3.277,744,,,
doi_suthep_pui,ดอยสุเทพ-ปุย,เชียงใหม่,2563,2020,9,,,8511,dnp_tourism,https://catalog.dnp.go.th/dataset/91d66c6a-5b88-41ee-8597-11be8aec5aa6/resource/be300299-f9a3-4eac-b558-0c088dd77a64/download/tourism59-68.csv,2026-09-16T11:38:42.039760+00:00,1.0,22.032,89.153,326.5,3.363,720,,,
ob_luang,ออบหลวง,เชียงใหม่,2563,2019,10,,,4965,dnp_tourism,https://catalog.dnp.go.th/dataset/91d66c6a-5b88-41ee-8597-11be8aec5aa6/resource/be300299-f9a3-4eac-b558-0c088dd77a64/download/tourism59-68.csv,2026-09-16T11:38:42.039769+00:00,1.0,22.799,87.374,130.6,4.374,744,,,
ob_luang,ออบหลวง,เชียงใหม่,2563,2019,11,,,6055,dnp_tourism,https://catalog.dnp.go.th/dataset/91d66c6a-5b88-41ee-8597-11be8aec5aa6/resource/be300299-f9a3-4eac-b558-0c088dd77a64/download/tourism59-68.csv,2026-09-16T11:38:42.039771+00:00,1.0,21.387,80.956,43.1,4.939,720,,,
ob_luang,ออบหลวง,เชียงใหม่,2563,2019,12,,,11981,dnp_tourism,https://catalog.dnp.go.th/dataset/91d66c6a-5b88-41ee-8597-11be8aec5aa6/resource/be300299-f9a3-4eac-b558-0c088dd77a64/download/tourism59-68.csv,2026-09-16T11:38:42.039774+00:00,1.0,18.277,71.894,6.3,5.758,744,,,
ob_luang,ออบหลวง,เชียงใหม่,2563,2020,1,,,6517,dnp_tourism,https://catalog.dnp.go.th/dataset/91d66c6a-5b88-41ee-8597-11be8aec5aa6/resource/be300299-f9a3-4eac-b558-0c088dd77a64/download/tourism59-68.csv,2026-09-16T11:38:42.039776+00:00,1.0,19.376,65.246,2.2,6.15,744,86.0,9.0,2197.0
ob_luang,ออบหลวง,เชียงใหม่,2563,2020,2,,,3048,dnp_tourism,https://catalog.dnp.go.th/dataset/91d66c6a-5b88-41ee-8597-11be8aec5aa6/resource/be300299-f9a3-4eac-b558-0c088dd77a64/download/tourism59-68.csv,2026-09-16T11:38:42.039779+00:00,1.0,21.282,56.566,1.8,6.523,696,99.0,17.0,2662.0
ob_luang,ออบหลวง,เชียงใหม่,2563,2020,3,,,1076,dnp_tourism,https://catalog.dnp.go.th/dataset/91d66c6a-5b88-41ee-8597-11be8aec5aa6/resource/be300299-f9a3-4eac-b558-0c088dd77a64/download/tourism59-68.csv,2026-09-16T11:38:42.039781+00:00,1.0,24.522,51.269,1.5,7.475,744,174.0,25.0,11387.0
ob_luang,ออบหลวง,เชียงใหม่,2563,2020,4,,,0,dnp_tourism,https://catalog.dnp.go.th/dataset/91d66c6a-5b88-41ee-8597-11be8aec5aa6/resource/be300299-f9a3-4eac-b558-0c088dd77a64/download/tourism59-68.csv,2026-09-16T11:38:42.039784+00:00,1.0,26.052,54.736,68.8,6.801,720,143.0,19.0,4937.0
ob_luang,ออบหลวง,เชียงใหม่,2563,2020,5,,,0,dnp_tourism,https://catalog.dnp.go.th/dataset/91d66c6a-5b88-41ee-8597-11be8aec5aa6/resource/be300299-f9a3-4eac-b558-0c088dd77a64/download/tourism59-68.csv,2026-09-16T11:38:42.039786+00:00,1.0,25.602,76.391,85.8,6.02,744,46.0,0.0,475.0
ob_luang,ออบหลวง,เชียงใหม่,2563,2020,6,,,0,dnp_tourism,https://catalog.dnp.go.th/dataset/91d66c6a-5b88-41ee-8597-11be8aec5aa6/resource/be300299-f9a3-4eac-b558-0c088dd77a64/download/tourism59-68.csv,2026-09-16T11:38:42.039788+00:00,1.0,24.287,83.339,204.3,6.983,720,,,
ob_luang,ออบหลวง,เชียงใหม่,2563,2020,7,,,2387,dnp_tourism,https://catalog.dnp.go.th/dataset/91d66c6a-5b88-41ee-8597-11be8aec5aa6/resource/be300299-f9a3-4eac-b558-0c088dd77a64/download/tourism59-68.csv,2026-09-16T11:38:42.039791+00:00,1.0,23.888,85.782,217.3,6.297,744,,,
ob_luang,ออบหลวง,เชียงใหม่,2563,2020,8,,,1484,dnp_tourism,https://catalog.dnp.go.th/dataset/91d66c6a-5b88-41ee-8597-11be8aec5aa6/resource/be300299-f9a3-4eac-b558-0c088dd77a64/download/tourism59-68.csv,2026-09-16T11:38:42.039794+00:00,1.0,22.974,89.97,515.8,6.65,744,,,
ob_luang,ออบหลวง,เชียงใหม่,2563,2020,9,,,2575,dnp_tourism,https://catalog.dnp.go.th/dataset/91d66c6a-5b88-41ee-8597-11be8aec5aa6/resource/be300299-f9a3-4eac-b558-0c088dd77a64/download/tourism59-68.csv,2026-09-16T11:38:42.039796+00:00,1.0,23.371,90.524,299.5,4.574,720,,,
sri_lanna,ศรีลานนา,เชียงใหม่,2563,2019,10,,,6666,dnp_tourism,https://catalog.dnp.go.th/dataset/91d66c6a-5b88-41ee-8597-11be8aec5aa6/resource/be300299-f9a3-4eac-b558-0c088dd77a64/download/tourism59-68.csv,2026-09-16T11:38:42.039804+00:00,1.0,25.1,84.629,89.9,3.747,744,,,
sri_lanna,ศรีลานนา,เชียงใหม่,2563,2019,11,,,5070,dnp_tourism,https://catalog.dnp.go.th/dataset/91d66c6a-5b88-41ee-8597-11be8aec5aa6/resource/be300299-f9a3-4eac-b558-0c088dd77a64/download/tourism59-68.csv,2026-09-16T11:38:42.039806+00:00,1.0,23.255,81.126,32.2,4.035,720,,,
sri_lanna,ศรีลานนา,เชียงใหม่,2563,2019,12,,,6569,dnp_tourism,https://catalog.dnp.go.th/dataset/91d66c6a-5b88-41ee-8597-11be8aec5aa6/resource/be300299-f9a3-4eac-b558-0c088dd77a64/download/tourism59-68.csv,2026-09-16T11:38:42.039809+00:00,1.0,20.09,72.69,17.4,5.511,744,,,
sri_lanna,ศรีลานนา,เชียงใหม่,2563,2020,1,,,4605,dnp_tourism,https://catalog.dnp.go.th/dataset/91d66c6a-5b88-41ee-8597-11be8aec5aa6/resource/be300299-f9a3-4eac-b558-0c088dd77a64/download/tourism59-68.csv,2026-09-16T11:38:42.039811+00:00,1.0,21.545,69.399,1.5,4.503,744,86.0,9.0,2197.0
sri_lanna,ศรีลานนา,เชียงใหม่,2563,2020,2,,,4604,dnp_tourism,https://catalog.dnp.go.th/dataset/91d66c6a-5b88-41ee-8597-11be8aec5aa6/resource/be300299-f9a3-4eac-b558-0c088dd77a64/download/tourism59-68.csv,2026-09-16T11:38:42.039814+00:00,1.0,23.403,59.506,1.3,4.969,696,99.0,17.0,2662.0
sri_lanna,ศรีลานนา,เชียงใหม่,2563,2020,3,,,4545,dnp_tourism,https://catalog.dnp.go.th/dataset/91d66c6a-5b88-41ee-8597-11be8aec5aa6/resource/be300299-f9a3-4eac-b558-0c088dd77a64/download/tourism59-68.csv,2026-09-16T11:38:42.039816+00:00,1.0,27.674,43.454,0.2,5.477,744,174.0,25.0,11387.0
sri_lanna,ศรีลานนา,เชียงใหม่,2563,2020,4,,,0,dnp_tourism,https://catalog.dnp.go.th/dataset/91d66c6a-5b88-41ee-8597-11be8aec5aa6/resource/be300299-f9a3-4eac-b558-0c088dd77a64/download/tourism59-68.csv,2026-09-16T11:38:42.039819+00:00,1.0,28.377,52.086,172.8,5.831,720,143.0,19.0,4937.0
sri_lanna,ศรีลานนา,เชียงใหม่,2563,2020,5,,,0,dnp_tourism,https://catalog.dnp.go.th/dataset/91d66c6a-5b88-41ee-8597-11be8aec5aa6/resource/be300299-f9a3-4eac-b558-0c088dd77a64/download/tourism59-68.csv,2026-09-16T11:38:42.039821+00:00,1.0,28.806,68.738,85.1,4.764,744,46.0,0.0,475.0
sri_lanna,ศรีลานนา,เชียงใหม่,2563,2020,6,,,0,dnp_tourism,https://catalog.dnp.go.th/dataset/91d66c6a-5b88-41ee-8597-11be8aec5aa6/resource/be300299-f9a3-4eac-b558-0c088dd77a64/download/tourism59-68.csv,2026-09-16T11:38:42.039824+00:00,1.0,26.69,81.615,212.4,4.743,720,,,
sri_lanna,ศรีลานนา,เชียงใหม่,2563,2020,7,,,6856,dnp_tourism,https://catalog.dnp.go.th/dataset/91d66c6a-5b88-41ee-8597-11be8aec5aa6/resource/be300299-f9a3-4eac-b558-0c088dd77a64/download/tourism59-68.csv,2026-09-16T11:38:42.039826+00:00,1.0,26.264,84.909,287.4,4.139,744,,,
sri_lanna,ศรีลานนา,เชียงใหม่,2563,2020,8,,,3700,dnp_tourism,https://catalog.dnp.go.th/dataset/91d66c6a-5b88-41ee-8597-11be8aec5aa6/resource/be300299-f9a3-4eac-b558-0c088dd77a64/download/tourism59-68.csv,2026-09-16T11:38:42.039829+00:00,1.0,24.972,90.636,557.8,4.48,744,,,
sri_lanna,ศรีลานนา,เชียงใหม่,2563,2020,9,,,4374,dnp_tourism,https://catalog.dnp.go.th/dataset/91d66c6a-5b88-41ee-8597-11be8aec5aa6/resource/be300299-f9a3-4eac-b558-0c088dd77a64/download/tourism59-68.csv,2026-09-16T11:38:42.039831+00:00,1.0,25.599,88.846,404.5,3.588,720,,,
mae_takhrai,แม่ตะไคร้,เชียงใหม่,2563,2019,10,,,2064,dnp_tourism,https://catalog.dnp.go.th/dataset/91d66c6a-5b88-41ee-8597-11be8aec5aa6/resource/be300299-f9a3-4eac-b558-0c088dd77a64/download/tourism59-68.csv,2026-09-16T11:38:42.039854+00:00,1.0,25.461,79.661,79.7,3.877,744,,,
mae_takhrai,แม่ตะไคร้,เชียงใหม่,2563,2019,11,,,2363,dnp_tourism,https://catalog.dnp.go.th/dataset/91d66c6a-5b88-41ee-8597-11be8aec5aa6/resource/be300299-f9a3-4eac-b558-0c088dd77a64/download/tourism59-68.csv,2026-09-16T11:38:42.039857+00:00,1.0,23.762,75.894,30.0,3.973,720,,,
mae_takhrai,แม่ตะไคร้,เชียงใหม่,2563,2019,12,,,2968,dnp_tourism,https://catalog.dnp.go.th/dataset/91d66c6a-5b88-41ee-8597-11be8aec5aa6/resource/be300299-f9a3-4eac-b558-0c088dd77a64/download/tourism59-68.csv,2026-09-16T11:38:42.039859+00:00,1.0,20.5,69.265,8.4,4.897,744,,,
mae_takhrai,แม่ตะไคร้,เชียงใหม่,2563,2020,1,,,2418,dnp_tourism,https://catalog.dnp.go.th/dataset/91d66c6a-5b88-41ee-8597-11be8aec5aa6/resource/be300299-f9a3-4eac-b558-0c088dd77a64/download/tourism59-68.csv,2026-09-16T11:38:42.039863+00:00,1.0,22.127,63.376,1.3,4.752,744,86.0,9.0,2197.0
mae_takhrai,แม่ตะไคร้,เชียงใหม่,2563,2020,2,,,2165,dnp_tourism,https://catalog.dnp.go.th/dataset/91d66c6a-5b88-41ee-8597-11be8aec5aa6/resource/be300299-f9a3-4eac-b558-0c088dd77a64/download/tourism59-68.csv,2026-09-16T11:38:42.039866+00:00,1.0,24.272,51.884,0.2,5.681,696,99.0,17.0,2662.0
mae_takhrai,แม่ตะไคร้,เชียงใหม่,2563,2020,3,,,1646,dnp_tourism,https://catalog.dnp.go.th/dataset/91d66c6a-5b88-41ee-8597-11be8aec5aa6/resource/be300299-f9a3-4eac-b558-0c088dd77a64/download/tourism59-68.csv,2026-09-16T11:38:42.039868+00:00,1.0,28.505,40.034,0.2,6.552,744,174.0,25.0,11387.0
mae_takhrai,แม่ตะไคร้,เชียงใหม่,2563,2020,4,,,0,dnp_tourism,https://catalog.dnp.go.th/dataset/91d66c6a-5b88-41ee-8597-11be8aec5aa6/resource/be300299-f9a3-4eac-b558-0c088dd77a64/download/tourism59-68.csv,2026-09-16T11:38:42.039871+00:00,1.0,29.695,46.644,80.3,7.333,720,143.0,19.0,4937.0
mae_takhrai,แม่ตะไคร้,เชียงใหม่,2563,2020,5,,,0,dnp_tourism,https://catalog.dnp.go.th/dataset/91d66c6a-5b88-41ee-8597-11be8aec5aa6/resource/be300299-f9a3-4eac-b558-0c088dd77a64/download/tourism59-68.csv,2026-09-16T11:38:42.039873+00:00,1.0,30.227,58.41,40.6,6.363,744,46.0,0.0,475.0
mae_takhrai,แม่ตะไคร้,เชียงใหม่,2563,2020,6,,,0,dnp_tourism,https://catalog.dnp.go.th/dataset/91d66c6a-5b88-41ee-8597-11be8aec5aa6/resource/be300299-f9a3-4eac-b558-0c088dd77a64/download/tourism59-68.csv,2026-09-16T11:38:42.039875+00:00,1.0,27.892,72.728,149.1,5.283,720,,,
mae_takhrai,แม่ตะไคร้,เชียงใหม่,2563,2020,7,,,1627,dnp_tourism,https://catalog.dnp.go.th/dataset/91d66c6a-5b88-41ee-8597-11be8aec5aa6/resource/be300299-f9a3-4eac-b558-0c088dd77a64/download/tourism59-68.csv,2026-09-16T11:38:42.039878+00:00,1.0,27.245,76.723,187.9,4.487,744,,,
mae_takhrai,แม่ตะไคร้,เชียงใหม่,2563,2020,8,,,177,dnp_tourism,https://catalog.dnp.go.th/dataset/91d66c6a-5b88-41ee-8597-11be8aec5aa6/resource/be300299-f9a3-4eac-b558-0c088dd77a64/download/tourism59-68.csv,2026-09-16T11:38:42.039881+00:00,1.0,25.877,82.87,353.7,4.569,744,,,
mae_takhrai,แม่ตะไคร้,เชียงใหม่,2563,2020,9,,,455,dnp_tourism,https://catalog.dnp.go.th/dataset/91d66c6a-5b88-41ee-8597-11be8aec5aa6/resource/be300299-f9a3-4eac-b558-0c088dd77a64/download/tourism59-68.csv,2026-09-16T11:38:42.039883+00:00,1.0,26.452,81.208,217.4,4.168,720,,,
khun_khan,ขุนขาน,เชียงใหม่,2563,2019,10,,,90,dnp_tourism,https://catalog.dnp.go.th/dataset/91d66c6a-5b88-41ee-8597-11be8aec5aa6/resource/be300299-f9a3-4eac-b558-0c088dd77a64/download/tourism59-68.csv,2026-09-16T11:38:42.039891+00:00,1.0,22.229,88.202,107.0,4.151,744,,,
khun_khan,ขุนขาน,เชียงใหม่,2563,2019,11,,,834,dnp_tourism,https://catalog.dnp.go.th/dataset/91d66c6a-5b88-41ee-8597-11be8aec5aa6/resource/be300299-f9a3-4eac-b558-0c088dd77a64/download/tourism59-68.csv,2026-09-16T11:38:42.039894+00:00,1.0,20.746,82.157,40.0,4.453,720,,,
khun_khan,ขุนขาน,เชียงใหม่,2563,2019,12,,,205,dnp_tourism,https://catalog.dnp.go.th/dataset/91d66c6a-5b88-41ee-8597-11be8aec5aa6/resource/be300299-f9a3-4eac-b558-0c088dd77a64/download/tourism59-68.csv,2026-09-16T11:38:42.039897+00:00,1.0,17.356,76.344,14.2,5.587,744,,,
khun_khan,ขุนขาน,เชียงใหม่,2563,2020,1,,,79,dnp_tourism,https://catalog.dnp.go.th/dataset/91d66c6a-5b88-41ee-8597-11be8aec5aa6/resource/be300299-f9a3-4eac-b558-0c088dd77a64/download/tourism59-68.csv,2026-09-16T11:38:42.039899+00:00,1.0,18.566,69.376,2.1,6.651,744,86.0,9.0,2197.0
khun_khan,ขุนขาน,เชียงใหม่,2563,2020,2,,,18,dnp_tourism,https://catalog.dnp.go.th/dataset/91d66c6a-5b88-41ee-8597-11be8aec5aa6/resource/be300299-f9a3-4eac-b558-0c088dd77a64/download/tourism59-68.csv,2026-09-16T11:38:42.039901+00:00,1.0,20.243,60.836,1.8,6.636,696,99.0,17.0,2662.0
khun_khan,ขุนขาน,เชียงใหม่,2563,2020,3,,,2,dnp_tourism,https://catalog.dnp.go.th/dataset/91d66c6a-5b88-41ee-8597-11be8aec5aa6/resource/be300299-f9a3-4eac-b558-0c088dd77a64/download/tourism59-68.csv,2026-09-16T11:38:42.039904+00:00,1.0,24.86,45.89,0.5,7.969,744,174.0,25.0,11387.0
khun_khan,ขุนขาน,เชียงใหม่,2563,2020,4,,,0,dnp_tourism,https://catalog.dnp.go.th/dataset/91d66c6a-5b88-41ee-8597-11be8aec5aa6/resource/be300299-f9a3-4eac-b558-0c088dd77a64/download/tourism59-68.csv,2026-09-16T11:38:42.039906+00:00,1.0,26.097,52.05,101.4,6.887,720,143.0,19.0,4937.0
khun_khan,ขุนขาน,เชียงใหม่,2563,2020,5,,,0,dnp_tourism,https://catalog.dnp.go.th/dataset/91d66c6a-5b88-41ee-8597-11be8aec5aa6/resource/be300299-f9a3-4eac-b558-0c088dd77a64/download/tourism59-68.csv,2026-09-16T11:38:42.039909+00:00,1.0,25.456,76.81,126.8,5.716,744,46.0,0.0,475.0
khun_khan,ขุนขาน,เชียงใหม่,2563,2020,6,,,0,dnp_tourism,https://catalog.dnp.go.th/dataset/91d66c6a-5b88-41ee-8597-11be8aec5aa6/resource/be300299-f9a3-4eac-b558-0c088dd77a64/download/tourism59-68.csv,2026-09-16T11:38:42.039911+00:00,1.0,24.359,84.824,264.7,4.9,720,,,
khun_khan,ขุนขาน,เชียงใหม่,2563,2020,7,,,0,dnp_tourism,https://catalog.dnp.go.th/dataset/91d66c6a-5b88-41ee-8597-11be8aec5aa6/resource/be300299-f9a3-4eac-b558-0c088dd77a64/download/tourism59-68.csv,2026-09-16T11:38:42.039914+00:00,1.0,23.996,86.809,299.5,4.572,744,,,
khun_khan,ขุนขาน,เชียงใหม่,2563,2020,8,,,0,dnp_tourism,https://catalog.dnp.go.th/dataset/91d66c6a-5b88-41ee-8597-11be8aec5aa6/resource/be300299-f9a3-4eac-b558-0c088dd77a64/download/tourism59-68.csv,2026-09-16T11:38:42.039916+00:00,1.0,23.067,91.844,692.7,4.894,744,,,
khun_khan,ขุนขาน,เชียงใหม่,2563,2020,9,,,17,dnp_tourism,https://catalog.dnp.go.th/dataset/91d66c6a-5b88-41ee-8597-11be8aec5aa6/resource/be300299-f9a3-4eac-b558-0c088dd77a64/download/tourism59-68.csv,2026-09-16T11:38:42.039918+00:00,1.0,23.283,91.257,319.5,4.436,720,,,
mae_wang,แม่วาง,เชียงใหม่,2563,2019,10,,,9527,dnp_tourism,https://catalog.dnp.go.th/dataset/91d66c6a-5b88-41ee-8597-11be8aec5aa6/resource/be300299-f9a3-4eac-b558-0c088dd77a64/download/tourism59-68.csv,2026-09-16T11:38:42.039927+00:00,1.0,24.295,79.551,89.4,3.313,744,,,
mae_wang,แม่วาง,เชียงใหม่,2563,2019,11,,,7868,dnp_tourism,https://catalog.dnp.go.th/dataset/91d66c6a-5b88-41ee-8597-11be8aec5aa6/resource/be300299-f9a3-4eac-b558-0c088dd77a64/download/tourism59-68.csv,2026-09-16T11:38:42.039929+00:00,1.0,22.78,73.892,29.4,3.529,720,,,
mae_wang,แม่วาง,เชียงใหม่,2563,2019,12,,,16871,dnp_tourism,https://catalog.dnp.go.th/dataset/91d66c6a-5b88-41ee-8597-11be8aec5aa6/resource/be300299-f9a3-4eac-b558-0c088dd77a64/download/tourism59-68.csv,2026-09-16T11:38:42.039932+00:00,1.0,19.228,68.191,9.1,4.056,744,,,
mae_wang,แม่วาง,เชียงใหม่,2563,2020,1,,,9825,dnp_tourism,https://catalog.dnp.go.th/dataset/91d66c6a-5b88-41ee-8597-11be8aec5aa6/resource/be300299-f9a3-4eac-b558-0c088dd77a64/download/tourism59-68.csv,2026-09-16T11:38:42.039937+00:00,1.0,20.025,63.198,0.8,3.906,744,86.0,9.0,2197.0
mae_wang,แม่วาง,เชียงใหม่,2563,2020,2,,,4899,dnp_tourism,https://catalog.dnp.go.th/dataset/91d66c6a-5b88-41ee-8597-11be8aec5aa6/resource/be300299-f9a3-4eac-b558-0c088dd77a64/download/tourism59-68.csv,2026-09-16T11:38:42.039939+00:00,1.0,22.097,55.017,0.7,4.802,696,99.0,17.0,2662.0
mae_wang,แม่วาง,เชียงใหม่,2563,2020,3,,,1496,dnp_tourism,https://catalog.dnp.go.th/dataset/91d66c6a-5b88-41ee-8597-11be8aec5aa6/resource/be300299-f9a3-4eac-b558-0c088dd77a64/download/tourism59-68.csv,2026-09-16T11:38:42.039942+00:00,1.0,26.592,42.987,0.1,6.37,744,174.0,25.0,11387.0
mae_wang,แม่วาง,เชียงใหม่,2563,2020,4,,,0,dnp_tourism,https://catalog.dnp.go.th/dataset/91d66c6a-5b88-41ee-8597-11be8aec5aa6/resource/be300299-f9a3-4eac-b558-0c088dd77a64/download/tourism59-68.csv,2026-09-16T11:38:42.039944+00:00,1.0,28.007,47.693,88.6,6.334,720,143.0,19.0,4937.0
mae_wang,แม่วาง,เชียงใหม่,2563,2020,5,,,0,dnp_tourism,https://catalog.dnp.go.th/dataset/91d66c6a-5b88-41ee-8597-11be8aec5aa6/resource/be300299-f9a3-4eac-b558-0c088dd77a64/download/tourism59-68.csv,2026-09-16T11:38:42.039947+00:00,1.0,28.112,65.437,32.8,4.873,744,46.0,0.0,475.0
mae_wang,แม่วาง,เชียงใหม่,2563,2020,6,,,0,dnp_tourism,https://catalog.dnp.go.th/dataset/91d66c6a-5b88-41ee-8597-11be8aec5aa6/resource/be300299-f9a3-4eac-b558-0c088dd77a64/download/tourism59-68.csv,2026-09-16T11:38:42.039949+00:00,1.0,27.044,72.996,158.6,4.686,720,,,
mae_wang,แม่วาง,เชียงใหม่,2563,2020,7,,,0,dnp_tourism,https://catalog.dnp.go.th/dataset/91d66c6a-5b88-41ee-8597-11be8aec5aa6/resource/be300299-f9a3-4eac-b558-0c088dd77a64/download/tourism59-68.csv,2026-09-16T11:38:42.039952+00:00,1.0,26.745,74.185,152.5,4.307,744,,,
mae_wang,แม่วาง,เชียงใหม่,2563,2020,8,,,2986,dnp_tourism,https://catalog.dnp.go.th/dataset/91d66c6a-5b88-41ee-8597-11be8aec5aa6/resource/be300299-f9a3-4eac-b558-0c088dd77a64/download/tourism59-68.csv,2026-09-16T11:38:42.039954+00:00,1.0,24.755,86.106,447.7,4.016,744,,,
mae_wang,แม่วาง,เชียงใหม่,2563,2020,9,,,3763,dnp_tourism,https://catalog.dnp.go.th/dataset/91d66c6a-5b88-41ee-8597-11be8aec5aa6/resource/be300299-f9a3-4eac-b558-0c088dd77a64/download/tourism59-68.csv,2026-09-16T11:38:42.039957+00:00,1.0,25.175,83.432,192.3,3.489,720,,,
doi_inthanon,ดอยอินทนนท์,เชียงใหม่,2564,2020,10,,,60305,dnp_tourism,https://catalog.dnp.go.th/dataset/91d66c6a-5b88-41ee-8597-11be8aec5aa6/resource/be300299-f9a3-4eac-b558-0c088dd77a64/download/tourism59-68.csv,2026-09-16T11:38:42.040526+00:00,1.0,11.268,88.022,180.2,4.459,744,,,
doi_inthanon,ดอยอินทนนท์,เชียงใหม่,2564,2020,11,,,151800,dnp_tourism,https://catalog.dnp.go.th/dataset/91d66c6a-5b88-41ee-8597-11be8aec5aa6/resource/be300299-f9a3-4eac-b558-0c088dd77a64/download/tourism59-68.csv,2026-09-16T11:38:42.040531+00:00,1.0,10.602,79.324,45.0,4.388,720,,,
doi_inthanon,ดอยอินทนนท์,เชียงใหม่,2564,2020,12,,,106177,dnp_tourism,https://catalog.dnp.go.th/dataset/91d66c6a-5b88-41ee-8597-11be8aec5aa6/resource/be300299-f9a3-4eac-b558-0c088dd77a64/download/tourism59-68.csv,2026-09-16T11:38:42.040534+00:00,1.0,8.706,72.859,13.9,4.183,744,,,
doi_inthanon,ดอยอินทนนท์,เชียงใหม่,2564,2021,1,,,29895,dnp_tourism,https://catalog.dnp.go.th/dataset/91d66c6a-5b88-41ee-8597-11be8aec5aa6/resource/be300299-f9a3-4eac-b558-0c088dd77a64/download/tourism59-68.csv,2026-09-16T11:38:42.040537+00:00,1.0,8.814,67.613,22.4,4.816,744,65.0,12.0,955.0
doi_inthanon,ดอยอินทนนท์,เชียงใหม่,2564,2021,2,,,15939,dnp_tourism,https://catalog.dnp.go.th/dataset/91d66c6a-5b88-41ee-8597-11be8aec5aa6/resource/be300299-f9a3-4eac-b558-0c088dd77a64/download/tourism59-68.csv,2026-09-16T11:38:42.040540+00:00,1.0,10.663,57.859,18.7,4.855,672,75.0,12.0,2093.0
doi_inthanon,ดอยอินทนนท์,เชียงใหม่,2564,2021,3,,,12203,dnp_tourism,https://catalog.dnp.go.th/dataset/91d66c6a-5b88-41ee-8597-11be8aec5aa6/resource/be300299-f9a3-4eac-b558-0c088dd77a64/download/tourism59-68.csv,2026-09-16T11:38:42.040542+00:00,1.0,14.331,49.083,21.4,5.26,744,132.0,28.0,3988.0
doi_inthanon,ดอยอินทนนท์,เชียงใหม่,2564,2021,4,,,5570,dnp_tourism,https://catalog.dnp.go.th/dataset/91d66c6a-5b88-41ee-8597-11be8aec5aa6/resource/be300299-f9a3-4eac-b558-0c088dd77a64/download/tourism59-68.csv,2026-09-16T11:38:42.040545+00:00,1.0,12.432,83.81,245.0,3.544,720,114.0,7.0,759.0
doi_inthanon,ดอยอินทนนท์,เชียงใหม่,2564,2021,5,,,0,dnp_tourism,https://catalog.dnp.go.th/dataset/91d66c6a-5b88-41ee-8597-11be8aec5aa6/resource/be300299-f9a3-4eac-b558-0c088dd77a64/download/tourism59-68.csv,2026-09-16T11:38:42.040549+00:00,1.0,13.377,84.687,229.6,4.379,744,32.0,0.0,271.0
doi_inthanon,ดอยอินทนนท์,เชียงใหม่,2564,2021,6,,,0,dnp_tourism,https://catalog.dnp.go.th/dataset/91d66c6a-5b88-41ee-8597-11be8aec5aa6/resource/be300299-f9a3-4eac-b558-0c088dd77a64/download/tourism59-68.csv,2026-09-16T11:38:42.040551+00:00,1.0,12.02,91.846,299.1,6.639,720,,,
doi_inthanon,ดอยอินทนนท์,เชียงใหม่,2564,2021,7,,,0,dnp_tourism,https://catalog.dnp.go.th/dataset/91d66c6a-5b88-41ee-8597-11be8aec5aa6/resource/be300299-f9a3-4eac-b558-0c088dd77a64/download/tourism59-68.csv,2026-09-16T11:38:42.040554+00:00,1.0,11.929,93.464,499.2,6.021,744,,,
doi_inthanon,ดอยอินทนนท์,เชียงใหม่,2564,2021,8,,,0,dnp_tourism,https://catalog.dnp.go.th/dataset/91d66c6a-5b88-41ee-8597-11be8aec5aa6/resource/be300299-f9a3-4eac-b558-0c088dd77a64/download/tourism59-68.csv,2026-09-16T11:38:42.040556+00:00,1.0,12.08,91.88,359.7,5.365,744,,,
doi_inthanon,ดอยอินทนนท์,เชียงใหม่,2564,2021,9,,,0,dnp_tourism,https://catalog.dnp.go.th/dataset/91d66c6a-5b88-41ee-8597-11be8aec5aa6/resource/be300299-f9a3-4eac-b558-0c088dd77a64/download/tourism59-68.csv,2026-09-16T11:38:42.040559+00:00,1.0,11.786,92.289,502.8,3.971,720,,,
mae_ping,แม่ปิง,เชียงใหม่,2564,2020,10,,,1174,dnp_tourism,https://catalog.dnp.go.th/dataset/91d66c6a-5b88-41ee-8597-11be8aec5aa6/resource/be300299-f9a3-4eac-b558-0c088dd77a64/download/tourism59-68.csv,2026-09-16T11:38:42.040582+00:00,1.0,21.872,89.468,226.8,3.842,744,,,
mae_ping,แม่ปิง,เชียงใหม่,2564,2020,11,,,3361,dnp_tourism,https://catalog.dnp.go.th/dataset/91d66c6a-5b88-41ee-8597-11be8aec5aa6/resource/be300299-f9a3-4eac-b558-0c088dd77a64/download/tourism59-68.csv,2026-09-16T11:38:42.040585+00:00,1.0,21.527,81.558,53.5,3.752,720,,,
mae_ping,แม่ปิง,เชียงใหม่,2564,2020,12,,,5044,dnp_tourism,https://catalog.dnp.go.th/dataset/91d66c6a-5b88-41ee-8597-11be8aec5aa6/resource/be300299-f9a3-4eac-b558-0c088dd77a64/download/tourism59-68.csv,2026-09-16T11:38:42.040587+00:00,1.0,19.122,75.453,3.8,3.868,744,,,
mae_ping,แม่ปิง,เชียงใหม่,2564,2021,1,,,1266,dnp_tourism,https://catalog.dnp.go.th/dataset/91d66c6a-5b88-41ee-8597-11be8aec5aa6/resource/be300299-f9a3-4eac-b558-0c088dd77a64/download/tourism59-68.csv,2026-09-16T11:38:42.040590+00:00,1.0,18.788,68.762,4.4,4.71,744,65.0,12.0,955.0
mae_ping,แม่ปิง,เชียงใหม่,2564,2021,2,,,1385,dnp_tourism,https://catalog.dnp.go.th/dataset/91d66c6a-5b88-41ee-8597-11be8aec5aa6/resource/be300299-f9a3-4eac-b558-0c088dd77a64/download/tourism59-68.csv,2026-09-16T11:38:42.040592+00:00,1.0,21.383,60.089,8.7,4.682,672,75.0,12.0,2093.0
mae_ping,แม่ปิง,เชียงใหม่,2564,2021,3,,,1506,dnp_tourism,https://catalog.dnp.go.th/dataset/91d66c6a-5b88-41ee-8597-11be8aec5aa6/resource/be300299-f9a3-4eac-b558-0c088dd77a64/download/tourism59-68.csv,2026-09-16T11:38:42.040595+00:00,1.0,24.656,57.983,4.9,4.352,744,132.0,28.0,3988.0
mae_ping,แม่ปิง,เชียงใหม่,2564,2021,4,,,534,dnp_tourism,https://catalog.dnp.go.th/dataset/91d66c6a-5b88-41ee-8597-11be8aec5aa6/resource/be300299-f9a3-4eac-b558-0c088dd77a64/download/tourism59-68.csv,2026-09-16T11:38:42.040597+00:00,1.0,23.552,81.397,233.2,3.465,720,114.0,7.0,759.0
mae_ping,แม่ปิง,เชียงใหม่,2564,2021,5,,,135,dnp_tourism,https://catalog.dnp.go.th/dataset/91d66c6a-5b88-41ee-8597-11be8aec5aa6/resource/be300299-f9a3-4eac-b558-0c088dd77a64/download/tourism59-68.csv,2026-09-16T11:38:42.040600+00:00,1.0,25.148,76.907,108.3,4.117,744,32.0,0.0,271.0
mae_ping,แม่ปิง,เชียงใหม่,2564,2021,6,,,3,dnp_tourism,https://catalog.dnp.go.th/dataset/91d66c6a-5b88-41ee-8597-11be8aec5aa6/resource/be300299-f9a3-4eac-b558-0c088dd77a64/download/tourism59-68.csv,2026-09-16T11:38:42.040602+00:00,1.0,24.065,79.438,176.8,5.27,720,,,
mae_ping,แม่ปิง,เชียงใหม่,2564,2021,7,,,0,dnp_tourism,https://catalog.dnp.go.th/dataset/91d66c6a-5b88-41ee-8597-11be8aec5aa6/resource/be300299-f9a3-4eac-b558-0c088dd77a64/download/tourism59-68.csv,2026-09-16T11:38:42.040605+00:00,1.0,23.441,86.097,294.2,4.621,744,,,
mae_ping,แม่ปิง,เชียงใหม่,2564,2021,8,,,0,dnp_tourism,https://catalog.dnp.go.th/dataset/91d66c6a-5b88-41ee-8597-11be8aec5aa6/resource/be300299-f9a3-4eac-b558-0c088dd77a64/download/tourism59-68.csv,2026-09-16T11:38:42.040607+00:00,1.0,23.308,87.469,297.3,4.265,744,,,
mae_ping,แม่ปิง,เชียงใหม่,2564,2021,9,,,0,dnp_tourism,https://catalog.dnp.go.th/dataset/91d66c6a-5b88-41ee-8597-11be8aec5aa6/resource/be300299-f9a3-4eac-b558-0c088dd77a64/download/tourism59-68.csv,2026-09-16T11:38:42.040609+00:00,1.0,22.449,91.153,500.6,3.829,720,,,
pha_daeng,ผาแดง,เชียงใหม่,2564,2020,10,,,2497,dnp_tourism,https://catalog.dnp.go.th/dataset/91d66c6a-5b88-41ee-8597-11be8aec5aa6/resource/be300299-f9a3-4eac-b558-0c088dd77a64/download/tourism59-68.csv,2026-09-16T11:38:42.040618+00:00,1.0,23.726,84.603,125.6,4.19,744,,,
pha_daeng,ผาแดง,เชียงใหม่,2564,2020,11,,,4770,dnp_tourism,https://catalog.dnp.go.th/dataset/91d66c6a-5b88-41ee-8597-11be8aec5aa6/resource/be300299-f9a3-4eac-b558-0c088dd77a64/download/tourism59-68.csv,2026-09-16T11:38:42.040620+00:00,1.0,22.798,76.925,33.1,3.854,720,,,
pha_daeng,ผาแดง,เชียงใหม่,2564,2020,12,,,3770,dnp_tourism,https://catalog.dnp.go.th/dataset/91d66c6a-5b88-41ee-8597-11be8aec5aa6/resource/be300299-f9a3-4eac-b558-0c088dd77a64/download/tourism59-68.csv,2026-09-16T11:38:42.040623+00:00,1.0,20.116,73.606,5.1,3.789,744,,,
pha_daeng,ผาแดง,เชียงใหม่,2564,2021,1,,,1575,dnp_tourism,https://catalog.dnp.go.th/dataset/91d66c6a-5b88-41ee-8597-11be8aec5aa6/resource/be300299-f9a3-4eac-b558-0c088dd77a64/download/tourism59-68.csv,2026-09-16T11:38:42.040625+00:00,1.0,19.769,72.391,7.7,4.279,744,65.0,12.0,955.0
pha_daeng,ผาแดง,เชียงใหม่,2564,2021,2,,,2412,dnp_tourism,https://catalog.dnp.go.th/dataset/91d66c6a-5b88-41ee-8597-11be8aec5aa6/resource/be300299-f9a3-4eac-b558-0c088dd77a64/download/tourism59-68.csv,2026-09-16T11:38:42.040628+00:00,1.0,21.235,68.481,36.0,4.1,672,75.0,12.0,2093.0
pha_daeng,ผาแดง,เชียงใหม่,2564,2021,3,,,2789,dnp_tourism,https://catalog.dnp.go.th/dataset/91d66c6a-5b88-41ee-8597-11be8aec5aa6/resource/be300299-f9a3-4eac-b558-0c088dd77a64/download/tourism59-68.csv,2026-09-16T11:38:42.040630+00:00,1.0,24.267,62.426,18.5,3.993,744,132.0,28.0,3988.0
pha_daeng,ผาแดง,เชียงใหม่,2564,2021,4,,,647,dnp_tourism,https://catalog.dnp.go.th/dataset/91d66c6a-5b88-41ee-8597-11be8aec5aa6/resource/be300299-f9a3-4eac-b558-0c088dd77a64/download/tourism59-68.csv,2026-09-16T11:38:42.040633+00:00,1.0,24.933,79.542,100.3,3.347,720,114.0,7.0,759.0
pha_daeng,ผาแดง,เชียงใหม่,2564,2021,5,,,0,dnp_tourism,https://catalog.dnp.go.th/dataset/91d66c6a-5b88-41ee-8597-11be8aec5aa6/resource/be300299-f9a3-4eac-b558-0c088dd77a64/download/tourism59-68.csv,2026-09-16T11:38:42.040635+00:00,1.0,26.501,81.081,136.6,3.361,744,32.0,0.0,271.0
pha_daeng,ผาแดง,เชียงใหม่,2564,2021,6,,,0,dnp_tourism,https://catalog.dnp.go.th/dataset/91d66c6a-5b88-41ee-8597-11be8aec5aa6/resource/be300299-f9a3-4eac-b558-0c088dd77a64/download/tourism59-68.csv,2026-09-16T11:38:42.040638+00:00,1.0,25.701,86.456,370.9,4.012,720,,,
pha_daeng,ผาแดง,เชียงใหม่,2564,2021,7,,,0,dnp_tourism,https://catalog.dnp.go.th/dataset/91d66c6a-5b88-41ee-8597-11be8aec5aa6/resource/be300299-f9a3-4eac-b558-0c088dd77a64/download/tourism59-68.csv,2026-09-16T11:38:42.040640+00:00,1.0,25.141,90.249,500.6,4.084,744,,,
pha_daeng,ผาแดง,เชียงใหม่,2564,2021,8,,,0,dnp_tourism,https://catalog.dnp.go.th/dataset/91d66c6a-5b88-41ee-8597-11be8aec5aa6/resource/be300299-f9a3-4eac-b558-0c088dd77a64/download/tourism59-68.csv,2026-09-16T11:38:42.040643+00:00,1.0,24.918,90.997,427.6,3.858,744,,,
pha_daeng,ผาแดง,เชียงใหม่,2564,2021,9,,,0,dnp_tourism,https://catalog.dnp.go.th/dataset/91d66c6a-5b88-41ee-8597-11be8aec5aa6/resource/be300299-f9a3-4eac-b558-0c088dd77a64/download/tourism59-68.csv,2026-09-16T11:38:42.040645+00:00,1.0,24.676,90.014,300.4,3.437,720,,,
doi_pha_hom_pok,ดอยผ้าห่มปก,เชียงใหม่,2564,2020,10,,,5317,dnp_tourism,https://catalog.dnp.go.th/dataset/91d66c6a-5b88-41ee-8597-11be8aec5aa6/resource/be300299-f9a3-4eac-b558-0c088dd77a64/download/tourism59-68.csv,2026-09-16T11:38:42.040653+00:00,1.0,23.551,74.812,65.0,4.753,744,,,
doi_pha_hom_pok,ดอยผ้าห่มปก,เชียงใหม่,2564,2020,11,,,10151,dnp_tourism,https://catalog.dnp.go.th/dataset/91d66c6a-5b88-41ee-8597-11be8aec5aa6/resource/be300299-f9a3-4eac-b558-0c088dd77a64/download/tourism59-68.csv,2026-09-16T11:38:42.040656+00:00,1.0,22.697,69.096,27.6,4.085,720,,,
doi_pha_hom_pok,ดอยผ้าห่มปก,เชียงใหม่,2564,2020,12,,,10185,dnp_tourism,https://catalog.dnp.go.th/dataset/91d66c6a-5b88-41ee-8597-11be8aec5aa6/resource/be300299-f9a3-4eac-b558-0c088dd77a64/download/tourism59-68.csv,2026-09-16T11:38:42.040659+00:00,1.0,19.791,69.987,9.9,3.796,744,,,
doi_pha_hom_pok,ดอยผ้าห่มปก,เชียงใหม่,2564,2021,1,,,11254,dnp_tourism,https://catalog.dnp.go.th/dataset/91d66c6a-5b88-41ee-8597-11be8aec5aa6/resource/be300299-f9a3-4eac-b558-0c088dd77a64/download/tourism59-68.csv,2026-09-16T11:38:42.040661+00:00,1.0,19.09,71.114,35.2,4.06,744,65.0,12.0,955.0
doi_pha_hom_pok,ดอยผ้าห่มปก,เชียงใหม่,2564,2021,2,,,5902,dnp_tourism,https://catalog.dnp.go.th/dataset/91d66c6a-5b88-41ee-8597-11be8aec5aa6/resource/be300299-f9a3-4eac-b558-0c088dd77a64/download/tourism59-68.csv,2026-09-16T11:38:42.040664+00:00,1.0,20.829,64.92,56.4,4.093,672,75.0,12.0,2093.0
doi_pha_hom_pok,ดอยผ้าห่มปก,เชียงใหม่,2564,2021,3,,,6653,dnp_tourism,https://catalog.dnp.go.th/dataset/91d66c6a-5b88-41ee-8597-11be8aec5aa6/resource/be300299-f9a3-4eac-b558-0c088dd77a64/download/tourism59-68.csv,2026-09-16T11:38:42.040666+00:00,1.0,24.547,54.421,26.5,4.08,744,132.0,28.0,3988.0
doi_pha_hom_pok,ดอยผ้าห่มปก,เชียงใหม่,2564,2021,4,,,1209,dnp_tourism,https://catalog.dnp.go.th/dataset/91d66c6a-5b88-41ee-8597-11be8aec5aa6/resource/be300299-f9a3-4eac-b558-0c088dd77a64/download/tourism59-68.csv,2026-09-16T11:38:42.040669+00:00,1.0,24.844,73.001,100.9,3.514,720,114.0,7.0,759.0
doi_pha_hom_pok,ดอยผ้าห่มปก,เชียงใหม่,2564,2021,5,,,0,dnp_tourism,https://catalog.dnp.go.th/dataset/91d66c6a-5b88-41ee-8597-11be8aec5aa6/resource/be300299-f9a3-4eac-b558-0c088dd77a64/download/tourism59-68.csv,2026-09-16T11:38:42.040671+00:00,1.0,26.286,75.202,143.3,3.553,744,32.0,0.0,271.0
doi_pha_hom_pok,ดอยผ้าห่มปก,เชียงใหม่,2564,2021,6,,,0,dnp_tourism,https://catalog.dnp.go.th/dataset/91d66c6a-5b88-41ee-8597-11be8aec5aa6/resource/be300299-f9a3-4eac-b558-0c088dd77a64/download/tourism59-68.csv,2026-09-16T11:38:42.040673+00:00,1.0,25.395,81.05,258.0,4.474,720,,,
doi_pha_hom_pok,ดอยผ้าห่มปก,เชียงใหม่,2564,2021,7,,,0,dnp_tourism,https://catalog.dnp.go.th/dataset/91d66c6a-5b88-41ee-8597-11be8aec5aa6/resource/be300299-f9a3-4eac-b558-0c088dd77a64/download/tourism59-68.csv,2026-09-16T11:38:42.040676+00:00,1.0,25.086,83.168,294.7,3.942,744,,,
doi_pha_hom_pok,ดอยผ้าห่มปก,เชียงใหม่,2564,2021,8,,,0,dnp_tourism,https://catalog.dnp.go.th/dataset/91d66c6a-5b88-41ee-8597-11be8aec5aa6/resource/be300299-f9a3-4eac-b558-0c088dd77a64/download/tourism59-68.csv,2026-09-16T11:38:42.040678+00:00,1.0,24.948,83.519,316.9,3.732,744,,,
doi_pha_hom_pok,ดอยผ้าห่มปก,เชียงใหม่,2564,2021,9,,,0,dnp_tourism,https://catalog.dnp.go.th/dataset/91d66c6a-5b88-41ee-8597-11be8aec5aa6/resource/be300299-f9a3-4eac-b558-0c088dd77a64/download/tourism59-68.csv,2026-09-16T11:38:42.040682+00:00,1.0,24.541,81.933,169.4,3.748,720,,,
huai_nam_dang,ห้วยน้ำดัง,เชียงใหม่,2564,2020,10,,,8294,dnp_tourism,https://catalog.dnp.go.th/dataset/91d66c6a-5b88-41ee-8597-11be8aec5aa6/resource/be300299-f9a3-4eac-b558-0c088dd77a64/download/tourism59-68.csv,2026-09-16T11:38:42.040691+00:00,1.0,18.439,84.276,126.7,5.343,744,,,
huai_nam_dang,ห้วยน้ำดัง,เชียงใหม่,2564,2020,11,,,24941,dnp_tourism,https://catalog.dnp.go.th/dataset/91d66c6a-5b88-41ee-8597-11be8aec5aa6/resource/be300299-f9a3-4eac-b558-0c088dd77a64/download/tourism59-68.csv,2026-09-16T11:38:42.040693+00:00,1.0,17.767,75.894,38.9,4.748,720,,,
huai_nam_dang,ห้วยน้ำดัง,เชียงใหม่,2564,2020,12,,,24638,dnp_tourism,https://catalog.dnp.go.th/dataset/91d66c6a-5b88-41ee-8597-11be8aec5aa6/resource/be300299-f9a3-4eac-b558-0c088dd77a64/download/tourism59-68.csv,2026-09-16T11:38:42.040696+00:00,1.0,15.585,71.25,9.1,4.741,744,,,
huai_nam_dang,ห้วยน้ำดัง,เชียงใหม่,2564,2021,1,,,9631,dnp_tourism,https://catalog.dnp.go.th/dataset/91d66c6a-5b88-41ee-8597-11be8aec5aa6/resource/be300299-f9a3-4eac-b558-0c088dd77a64/download/tourism59-68.csv,2026-09-16T11:38:42.040698+00:00,1.0,15.503,69.43,14.3,5.356,744,65.0,12.0,955.0
huai_nam_dang,ห้วยน้ำดัง,เชียงใหม่,2564,2021,2,,,4126,dnp_tourism,https://catalog.dnp.go.th/dataset/91d66c6a-5b88-41ee-8597-11be8aec5aa6/resource/be300299-f9a3-4eac-b558-0c088dd77a64/download/tourism59-68.csv,2026-09-16T11:38:42.040701+00:00,1.0,16.799,63.57,41.0,4.83,672,75.0,12.0,2093.0
huai_nam_dang,ห้วยน้ำดัง,เชียงใหม่,2564,2021,3,,,2325,dnp_tourism,https://catalog.dnp.go.th/dataset/91d66c6a-5b88-41ee-8597-11be8aec5aa6/resource/be300299-f9a3-4eac-b558-0c088dd77a64/download/tourism59-68.csv,2026-09-16T11:38:42.040703+00:00,1.0,20.667,51.272,12.4,5.463,744,132.0,28.0,3988.0
huai_nam_dang,ห้วยน้ำดัง,เชียงใหม่,2564,2021,4,,,896,dnp_tourism,https://catalog.dnp.go.th/dataset/91d66c6a-5b88-41ee-8597-11be8aec5aa6/resource/be300299-f9a3-4eac-b558-0c088dd77a64/download/tourism59-68.csv,2026-09-16T11:38:42.040706+00:00,1.0,19.565,80.224,125.1,4.19,720,114.0,7.0,759.0
huai_nam_dang,ห้วยน้ำดัง,เชียงใหม่,2564,2021,5,,,0,dnp_tourism,https://catalog.dnp.go.th/dataset/91d66c6a-5b88-41ee-8597-11be8aec5aa6/resource/be300299-f9a3-4eac-b558-0c088dd77a64/download/tourism59-68.csv,2026-09-16T11:38:42.040708+00:00,1.0,20.635,82.687,180.3,4.458,744,32.0,0.0,271.0
huai_nam_dang,ห้วยน้ำดัง,เชียงใหม่,2564,2021,6,,,0,dnp_tourism,https://catalog.dnp.go.th/dataset/91d66c6a-5b88-41ee-8597-11be8aec5aa6/resource/be300299-f9a3-4eac-b558-0c088dd77a64/download/tourism59-68.csv,2026-09-16T11:38:42.040711+00:00,1.0,19.639,86.368,193.4,7.024,720,,,
huai_nam_dang,ห้วยน้ำดัง,เชียงใหม่,2564,2021,7,,,0,dnp_tourism,https://catalog.dnp.go.th/dataset/91d66c6a-5b88-41ee-8597-11be8aec5aa6/resource/be300299-f9a3-4eac-b558-0c088dd77a64/download/tourism59-68.csv,2026-09-16T11:38:42.040713+00:00,1.0,19.351,89.629,300.3,5.914,744,,,
huai_nam_dang,ห้วยน้ำดัง,เชียงใหม่,2564,2021,8,,,0,dnp_tourism,https://catalog.dnp.go.th/dataset/91d66c6a-5b88-41ee-8597-11be8aec5aa6/resource/be300299-f9a3-4eac-b558-0c088dd77a64/download/tourism59-68.csv,2026-09-16T11:38:42.040716+00:00,1.0,19.367,89.587,227.3,5.595,744,,,
huai_nam_dang,ห้วยน้ำดัง,เชียงใหม่,2564,2021,9,,,0,dnp_tourism,https://catalog.dnp.go.th/dataset/91d66c6a-5b88-41ee-8597-11be8aec5aa6/resource/be300299-f9a3-4eac-b558-0c088dd77a64/download/tourism59-68.csv,2026-09-16T11:38:42.040718+00:00,1.0,19.1,90.036,319.2,4.636,720,,,
doi_suthep_pui,ดอยสุเทพ-ปุย,เชียงใหม่,2564,2020,10,,,11016,dnp_tourism,https://catalog.dnp.go.th/dataset/91d66c6a-5b88-41ee-8597-11be8aec5aa6/resource/be300299-f9a3-4eac-b558-0c088dd77a64/download/tourism59-68.csv,2026-09-16T11:38:42.040726+00:00,1.0,20.844,83.484,163.1,4.369,744,,,
doi_suthep_pui,ดอยสุเทพ-ปุย,เชียงใหม่,2564,2020,11,,,22134,dnp_tourism,https://catalog.dnp.go.th/dataset/91d66c6a-5b88-41ee-8597-11be8aec5aa6/resource/be300299-f9a3-4eac-b558-0c088dd77a64/download/tourism59-68.csv,2026-09-16T11:38:42.040729+00:00,1.0,20.485,74.803,39.6,3.667,720,,,
doi_suthep_pui,ดอยสุเทพ-ปุย,เชียงใหม่,2564,2020,12,,,15671,dnp_tourism,https://catalog.dnp.go.th/dataset/91d66c6a-5b88-41ee-8597-11be8aec5aa6/resource/be300299-f9a3-4eac-b558-0c088dd77a64/download/tourism59-68.csv,2026-09-16T11:38:42.040731+00:00,1.0,18.359,67.313,5.4,3.547,744,,,
doi_suthep_pui,ดอยสุเทพ-ปุย,เชียงใหม่,2564,2021,1,,,10565,dnp_tourism,https://catalog.dnp.go.th/dataset/91d66c6a-5b88-41ee-8597-11be8aec5aa6/resource/be300299-f9a3-4eac-b558-0c088dd77a64/download/tourism59-68.csv,2026-09-16T11:38:42.040734+00:00,1.0,18.023,65.06,10.9,4.265,744,65.0,12.0,955.0
doi_suthep_pui,ดอยสุเทพ-ปุย,เชียงใหม่,2564,2021,2,,,8585,dnp_tourism,https://catalog.dnp.go.th/dataset/91d66c6a-5b88-41ee-8597-11be8aec5aa6/resource/be300299-f9a3-4eac-b558-0c088dd77a64/download/tourism59-68.csv,2026-09-16T11:38:42.040736+00:00,1.0,20.245,58.396,25.9,4.663,672,75.0,12.0,2093.0
doi_suthep_pui,ดอยสุเทพ-ปุย,เชียงใหม่,2564,2021,3,,,9535,dnp_tourism,https://catalog.dnp.go.th/dataset/91d66c6a-5b88-41ee-8597-11be8aec5aa6/resource/be300299-f9a3-4eac-b558-0c088dd77a64/download/tourism59-68.csv,2026-09-16T11:38:42.040739+00:00,1.0,23.947,49.259,11.2,4.334,744,132.0,28.0,3988.0
doi_suthep_pui,ดอยสุเทพ-ปุย,เชียงใหม่,2564,2021,4,,,3103,dnp_tourism,https://catalog.dnp.go.th/dataset/91d66c6a-5b88-41ee-8597-11be8aec5aa6/resource/be300299-f9a3-4eac-b558-0c088dd77a64/download/tourism59-68.csv,2026-09-16T11:38:42.040741+00:00,1.0,22.606,74.132,135.1,3.904,720,114.0,7.0,759.0
doi_suthep_pui,ดอยสุเทพ-ปุย,เชียงใหม่,2564,2021,5,,,98,dnp_tourism,https://catalog.dnp.go.th/dataset/91d66c6a-5b88-41ee-8597-11be8aec5aa6/resource/be300299-f9a3-4eac-b558-0c088dd77a64/download/tourism59-68.csv,2026-09-16T11:38:42.040744+00:00,1.0,23.85,76.289,163.1,3.588,744,32.0,0.0,271.0
doi_suthep_pui,ดอยสุเทพ-ปุย,เชียงใหม่,2564,2021,6,,,0,dnp_tourism,https://catalog.dnp.go.th/dataset/91d66c6a-5b88-41ee-8597-11be8aec5aa6/resource/be300299-f9a3-4eac-b558-0c088dd77a64/download/tourism59-68.csv,2026-09-16T11:38:42.040746+00:00,1.0,22.56,83.722,231.5,3.49,720,,,
doi_suthep_pui,ดอยสุเทพ-ปุย,เชียงใหม่,2564,2021,7,,,0,dnp_tourism,https://catalog.dnp.go.th/dataset/91d66c6a-5b88-41ee-8597-11be8aec5aa6/resource/be300299-f9a3-4eac-b558-0c088dd77a64/download/tourism59-68.csv,2026-09-16T11:38:42.040749+00:00,1.0,21.947,88.351,416.0,3.502,744,,,
doi_suthep_pui,ดอยสุเทพ-ปุย,เชียงใหม่,2564,2021,8,,,1497,dnp_tourism,https://catalog.dnp.go.th/dataset/91d66c6a-5b88-41ee-8597-11be8aec5aa6/resource/be300299-f9a3-4eac-b558-0c088dd77a64/download/tourism59-68.csv,2026-09-16T11:38:42.040751+00:00,1.0,21.91,88.735,397.7,3.448,744,,,
doi_suthep_pui,ดอยสุเทพ-ปุย,เชียงใหม่,2564,2021,9,,,1522,dnp_tourism,https://catalog.dnp.go.th/dataset/91d66c6a-5b88-41ee-8597-11be8aec5aa6/resource/be300299-f9a3-4eac-b558-0c088dd77a64/download/tourism59-68.csv,2026-09-16T11:38:42.040754+00:00,1.0,21.284,89.638,501.9,3.608,720,,,
ob_luang,ออบหลวง,เชียงใหม่,2564,2020,10,,,3785,dnp_tourism,https://catalog.dnp.go.th/dataset/91d66c6a-5b88-41ee-8597-11be8aec5aa6/resource/be300299-f9a3-4eac-b558-0c088dd77a64/download/tourism59-68.csv,2026-09-16T11:38:42.040762+00:00,1.0,22.047,89.315,159.0,5.536,744,,,
ob_luang,ออบหลวง,เชียงใหม่,2564,2020,11,,,9967,dnp_tourism,https://catalog.dnp.go.th/dataset/91d66c6a-5b88-41ee-8597-11be8aec5aa6/resource/be300299-f9a3-4eac-b558-0c088dd77a64/download/tourism59-68.csv,2026-09-16T11:38:42.040764+00:00,1.0,21.324,82.037,51.1,5.111,720,,,
ob_luang,ออบหลวง,เชียงใหม่,2564,2020,12,,,7763,dnp_tourism,https://catalog.dnp.go.th/dataset/91d66c6a-5b88-41ee-8597-11be8aec5aa6/resource/be300299-f9a3-4eac-b558-0c088dd77a64/download/tourism59-68.csv,2026-09-16T11:38:42.040767+00:00,1.0,18.835,76.696,4.0,5.445,744,,,
ob_luang,ออบหลวง,เชียงใหม่,2564,2021,1,,,2423,dnp_tourism,https://catalog.dnp.go.th/dataset/91d66c6a-5b88-41ee-8597-11be8aec5aa6/resource/be300299-f9a3-4eac-b558-0c088dd77a64/download/tourism59-68.csv,2026-09-16T11:38:42.040770+00:00,1.0,18.653,73.156,16.2,5.763,744,65.0,12.0,955.0
ob_luang,ออบหลวง,เชียงใหม่,2564,2021,2,,,2169,dnp_tourism,https://catalog.dnp.go.th/dataset/91d66c6a-5b88-41ee-8597-11be8aec5aa6/resource/be300299-f9a3-4eac-b558-0c088dd77a64/download/tourism59-68.csv,2026-09-16T11:38:42.040772+00:00,1.0,20.535,65.08,12.0,5.808,672,75.0,12.0,2093.0
ob_luang,ออบหลวง,เชียงใหม่,2564,2021,3,,,2401,dnp_tourism,https://catalog.dnp.go.th/dataset/91d66c6a-5b88-41ee-8597-11be8aec5aa6/resource/be300299-f9a3-4eac-b558-0c088dd77a64/download/tourism59-68.csv,2026-09-16T11:38:42.040774+00:00,1.0,24.192,56.364,22.3,6.447,744,132.0,28.0,3988.0
ob_luang,ออบหลวง,เชียงใหม่,2564,2021,4,,,863,dnp_tourism,https://catalog.dnp.go.th/dataset/91d66c6a-5b88-41ee-8597-11be8aec5aa6/resource/be300299-f9a3-4eac-b558-0c088dd77a64/download/tourism59-68.csv,2026-09-16T11:38:42.040777+00:00,1.0,23.417,83.321,140.2,5.123,720,114.0,7.0,759.0
ob_luang,ออบหลวง,เชียงใหม่,2564,2021,5,,,0,dnp_tourism,https://catalog.dnp.go.th/dataset/91d66c6a-5b88-41ee-8597-11be8aec5aa6/resource/be300299-f9a3-4eac-b558-0c088dd77a64/download/tourism59-68.csv,2026-09-16T11:38:42.040780+00:00,1.0,24.639,81.808,173.2,5.476,744,32.0,0.0,271.0
ob_luang,ออบหลวง,เชียงใหม่,2564,2021,6,,,0,dnp_tourism,https://catalog.dnp.go.th/dataset/91d66c6a-5b88-41ee-8597-11be8aec5aa6/resource/be300299-f9a3-4eac-b558-0c088dd77a64/download/tourism59-68.csv,2026-09-16T11:38:42.040782+00:00,1.0,23.54,84.774,216.7,8.402,720,,,
ob_luang,ออบหลวง,เชียงใหม่,2564,2021,7,,,0,dnp_tourism,https://catalog.dnp.go.th/dataset/91d66c6a-5b88-41ee-8597-11be8aec5aa6/resource/be300299-f9a3-4eac-b558-0c088dd77a64/download/tourism59-68.csv,2026-09-16T11:38:42.040784+00:00,1.0,23.072,88.878,286.4,7.643,744,,,
ob_luang,ออบหลวง,เชียงใหม่,2564,2021,8,,,0,dnp_tourism,https://catalog.dnp.go.th/dataset/91d66c6a-5b88-41ee-8597-11be8aec5aa6/resource/be300299-f9a3-4eac-b558-0c088dd77a64/download/tourism59-68.csv,2026-09-16T11:38:42.040787+00:00,1.0,23.123,89.294,345.5,6.286,744,,,
ob_luang,ออบหลวง,เชียงใหม่,2564,2021,9,,,0,dnp_tourism,https://catalog.dnp.go.th/dataset/91d66c6a-5b88-41ee-8597-11be8aec5aa6/resource/be300299-f9a3-4eac-b558-0c088dd77a64/download/tourism59-68.csv,2026-09-16T11:38:42.040789+00:00,1.0,22.54,91.801,413.9,5.093,720,,,
sri_lanna,ศรีลานนา,เชียงใหม่,2564,2020,10,,,6342,dnp_tourism,https://catalog.dnp.go.th/dataset/91d66c6a-5b88-41ee-8597-11be8aec5aa6/resource/be300299-f9a3-4eac-b558-0c088dd77a64/download/tourism59-68.csv,2026-09-16T11:38:42.040797+00:00,1.0,24.181,84.382,230.8,5.474,744,,,
sri_lanna,ศรีลานนา,เชียงใหม่,2564,2020,11,,,7124,dnp_tourism,https://catalog.dnp.go.th/dataset/91d66c6a-5b88-41ee-8597-11be8aec5aa6/resource/be300299-f9a3-4eac-b558-0c088dd77a64/download/tourism59-68.csv,2026-09-16T11:38:42.040800+00:00,1.0,23.199,79.0,45.7,5.331,720,,,
sri_lanna,ศรีลานนา,เชียงใหม่,2564,2020,12,,,6324,dnp_tourism,https://catalog.dnp.go.th/dataset/91d66c6a-5b88-41ee-8597-11be8aec5aa6/resource/be300299-f9a3-4eac-b558-0c088dd77a64/download/tourism59-68.csv,2026-09-16T11:38:42.040802+00:00,1.0,20.819,74.175,6.0,4.864,744,,,
sri_lanna,ศรีลานนา,เชียงใหม่,2564,2021,1,,,3484,dnp_tourism,https://catalog.dnp.go.th/dataset/91d66c6a-5b88-41ee-8597-11be8aec5aa6/resource/be300299-f9a3-4eac-b558-0c088dd77a64/download/tourism59-68.csv,2026-09-16T11:38:42.040807+00:00,1.0,20.632,70.094,15.3,5.32,744,65.0,12.0,955.0
sri_lanna,ศรีลานนา,เชียงใหม่,2564,2021,2,,,3935,dnp_tourism,https://catalog.dnp.go.th/dataset/91d66c6a-5b88-41ee-8597-11be8aec5aa6/resource/be300299-f9a3-4eac-b558-0c088dd77a64/download/tourism59-68.csv,2026-09-16T11:38:42.040809+00:00,1.0,22.941,63.324,32.1,5.145,672,75.0,12.0,2093.0
sri_lanna,ศรีลานนา,เชียงใหม่,2564,2021,3,,,7078,dnp_tourism,https://catalog.dnp.go.th/dataset/91d66c6a-5b88-41ee-8597-11be8aec5aa6/resource/be300299-f9a3-4eac-b558-0c088dd77a64/download/tourism59-68.csv,2026-09-16T11:38:42.040812+00:00,1.0,26.583,56.167,21.6,4.559,744,132.0,28.0,3988.0
sri_lanna,ศรีลานนา,เชียงใหม่,2564,2021,4,,,5551,dnp_tourism,https://catalog.dnp.go.th/dataset/91d66c6a-5b88-41ee-8597-11be8aec5aa6/resource/be300299-f9a3-4eac-b558-0c088dd77a64/download/tourism59-68.csv,2026-09-16T11:38:42.040814+00:00,1.0,26.463,72.083,114.0,4.644,720,114.0,7.0,759.0
sri_lanna,ศรีลานนา,เชียงใหม่,2564,2021,5,,,0,dnp_tourism,https://catalog.dnp.go.th/dataset/91d66c6a-5b88-41ee-8597-11be8aec5aa6/resource/be300299-f9a3-4eac-b558-0c088dd77a64/download/tourism59-68.csv,2026-09-16T11:38:42.040817+00:00,1.0,27.491,75.571,125.6,4.114,744,32.0,0.0,271.0
sri_lanna,ศรีลานนา,เชียงใหม่,2564,2021,6,,,0,dnp_tourism,https://catalog.dnp.go.th/dataset/91d66c6a-5b88-41ee-8597-11be8aec5aa6/resource/be300299-f9a3-4eac-b558-0c088dd77a64/download/tourism59-68.csv,2026-09-16T11:38:42.040819+00:00,1.0,25.994,83.033,286.0,4.875,720,,,
sri_lanna,ศรีลานนา,เชียงใหม่,2564,2021,7,,,0,dnp_tourism,https://catalog.dnp.go.th/dataset/91d66c6a-5b88-41ee-8597-11be8aec5aa6/resource/be300299-f9a3-4eac-b558-0c088dd77a64/download/tourism59-68.csv,2026-09-16T11:38:42.040824+00:00,1.0,25.509,86.804,373.3,4.765,744,,,
sri_lanna,ศรีลานนา,เชียงใหม่,2564,2021,8,,,5,dnp_tourism,https://catalog.dnp.go.th/dataset/91d66c6a-5b88-41ee-8597-11be8aec5aa6/resource/be300299-f9a3-4eac-b558-0c088dd77a64/download/tourism59-68.csv,2026-09-16T11:38:42.040826+00:00,1.0,25.376,88.422,380.1,4.249,744,,,
sri_lanna,ศรีลานนา,เชียงใหม่,2564,2021,9,,,1176,dnp_tourism,https://catalog.dnp.go.th/dataset/91d66c6a-5b88-41ee-8597-11be8aec5aa6/resource/be300299-f9a3-4eac-b558-0c088dd77a64/download/tourism59-68.csv,2026-09-16T11:38:42.040829+00:00,1.0,25.041,89.39,467.9,3.721,720,,,
mae_takhrai,แม่ตะไคร้,เชียงใหม่,2564,2020,10,,,152,dnp_tourism,https://catalog.dnp.go.th/dataset/91d66c6a-5b88-41ee-8597-11be8aec5aa6/resource/be300299-f9a3-4eac-b558-0c088dd77a64/download/tourism59-68.csv,2026-09-16T11:38:42.040852+00:00,1.0,24.588,82.249,184.3,3.991,744,,,
mae_takhrai,แม่ตะไคร้,เชียงใหม่,2564,2020,11,,,383,dnp_tourism,https://catalog.dnp.go.th/dataset/91d66c6a-5b88-41ee-8597-11be8aec5aa6/resource/be300299-f9a3-4eac-b558-0c088dd77a64/download/tourism59-68.csv,2026-09-16T11:38:42.040855+00:00,1.0,23.725,74.55,42.8,4.738,720,,,
mae_takhrai,แม่ตะไคร้,เชียงใหม่,2564,2020,12,,,246,dnp_tourism,https://catalog.dnp.go.th/dataset/91d66c6a-5b88-41ee-8597-11be8aec5aa6/resource/be300299-f9a3-4eac-b558-0c088dd77a64/download/tourism59-68.csv,2026-09-16T11:38:42.040857+00:00,1.0,21.645,67.281,0.7,5.279,744,,,
mae_takhrai,แม่ตะไคร้,เชียงใหม่,2564,2021,1,,,682,dnp_tourism,https://catalog.dnp.go.th/dataset/91d66c6a-5b88-41ee-8597-11be8aec5aa6/resource/be300299-f9a3-4eac-b558-0c088dd77a64/download/tourism59-68.csv,2026-09-16T11:38:42.040860+00:00,1.0,21.564,63.129,4.5,5.572,744,65.0,12.0,955.0
mae_takhrai,แม่ตะไคร้,เชียงใหม่,2564,2021,2,,,564,dnp_tourism,https://catalog.dnp.go.th/dataset/91d66c6a-5b88-41ee-8597-11be8aec5aa6/resource/be300299-f9a3-4eac-b558-0c088dd77a64/download/tourism59-68.csv,2026-09-16T11:38:42.040862+00:00,1.0,24.466,52.695,18.5,5.653,672,75.0,12.0,2093.0
mae_takhrai,แม่ตะไคร้,เชียงใหม่,2564,2021,3,,,628,dnp_tourism,https://catalog.dnp.go.th/dataset/91d66c6a-5b88-41ee-8597-11be8aec5aa6/resource/be300299-f9a3-4eac-b558-0c088dd77a64/download/tourism59-68.csv,2026-09-16T11:38:42.040865+00:00,1.0,28.634,44.816,2.9,6.186,744,132.0,28.0,3988.0
mae_takhrai,แม่ตะไคร้,เชียงใหม่,2564,2021,4,,,38,dnp_tourism,https://catalog.dnp.go.th/dataset/91d66c6a-5b88-41ee-8597-11be8aec5aa6/resource/be300299-f9a3-4eac-b558-0c088dd77a64/download/tourism59-68.csv,2026-09-16T11:38:42.040867+00:00,1.0,27.392,66.81,123.3,5.009,720,114.0,7.0,759.0
mae_takhrai,แม่ตะไคร้,เชียงใหม่,2564,2021,5,,,0,dnp_tourism,https://catalog.dnp.go.th/dataset/91d66c6a-5b88-41ee-8597-11be8aec5aa6/resource/be300299-f9a3-4eac-b558-0c088dd77a64/download/tourism59-68.csv,2026-09-16T11:38:42.040869+00:00,1.0,28.832,65.921,130.5,5.406,744,32.0,0.0,271.0
mae_takhrai,แม่ตะไคร้,เชียงใหม่,2564,2021,6,,,0,dnp_tourism,https://catalog.dnp.go.th/dataset/91d66c6a-5b88-41ee-8597-11be8aec5aa6/resource/be300299-f9a3-4eac-b558-0c088dd77a64/download/tourism59-68.csv,2026-09-16T11:38:42.040872+00:00,1.0,27.14,73.283,187.0,5.41,720,,,
mae_takhrai,แม่ตะไคร้,เชียงใหม่,2564,2021,7,,,0,dnp_tourism,https://catalog.dnp.go.th/dataset/91d66c6a-5b88-41ee-8597-11be8aec5aa6/resource/be300299-f9a3-4eac-b558-0c088dd77a64/download/tourism59-68.csv,2026-09-16T11:38:42.040874+00:00,1.0,26.536,78.573,230.9,5.065,744,,,
mae_takhrai,แม่ตะไคร้,เชียงใหม่,2564,2021,8,,,0,dnp_tourism,https://catalog.dnp.go.th/dataset/91d66c6a-5b88-41ee-8597-11be8aec5aa6/resource/be300299-f9a3-4eac-b558-0c088dd77a64/download/tourism59-68.csv,2026-09-16T11:38:42.040877+00:00,1.0,26.501,78.565,141.4,4.845,744,,,
mae_takhrai,แม่ตะไคร้,เชียงใหม่,2564,2021,9,,,0,dnp_tourism,https://catalog.dnp.go.th/dataset/91d66c6a-5b88-41ee-8597-11be8aec5aa6/resource/be300299-f9a3-4eac-b558-0c088dd77a64/download/tourism59-68.csv,2026-09-16T11:38:42.040879+00:00,1.0,25.561,83.607,397.6,4.029,720,,,
khun_khan,ขุนขาน,เชียงใหม่,2564,2020,10,,,26,dnp_tourism,https://catalog.dnp.go.th/dataset/91d66c6a-5b88-41ee-8597-11be8aec5aa6/resource/be300299-f9a3-4eac-b558-0c088dd77a64/download/tourism59-68.csv,2026-09-16T11:38:42.040887+00:00,1.0,21.775,87.853,174.9,4.867,744,,,
khun_khan,ขุนขาน,เชียงใหม่,2564,2020,11,,,958,dnp_tourism,https://catalog.dnp.go.th/dataset/91d66c6a-5b88-41ee-8597-11be8aec5aa6/resource/be300299-f9a3-4eac-b558-0c088dd77a64/download/tourism59-68.csv,2026-09-16T11:38:42.040890+00:00,1.0,20.644,82.682,47.0,4.606,720,,,
khun_khan,ขุนขาน,เชียงใหม่,2564,2020,12,,,170,dnp_tourism,https://catalog.dnp.go.th/dataset/91d66c6a-5b88-41ee-8597-11be8aec5aa6/resource/be300299-f9a3-4eac-b558-0c088dd77a64/download/tourism59-68.csv,2026-09-16T11:38:42.040892+00:00,1.0,18.588,75.618,5.6,5.221,744,,,
khun_khan,ขุนขาน,เชียงใหม่,2564,2021,1,,,118,dnp_tourism,https://catalog.dnp.go.th/dataset/91d66c6a-5b88-41ee-8597-11be8aec5aa6/resource/be300299-f9a3-4eac-b558-0c088dd77a64/download/tourism59-68.csv,2026-09-16T11:38:42.040895+00:00,1.0,18.105,73.339,8.5,5.93,744,65.0,12.0,955.0
khun_khan,ขุนขาน,เชียงใหม่,2564,2021,2,,,48,dnp_tourism,https://catalog.dnp.go.th/dataset/91d66c6a-5b88-41ee-8597-11be8aec5aa6/resource/be300299-f9a3-4eac-b558-0c088dd77a64/download/tourism59-68.csv,2026-09-16T11:38:42.040897+00:00,1.0,19.948,66.158,19.4,6.21,672,75.0,12.0,2093.0
khun_khan,ขุนขาน,เชียงใหม่,2564,2021,3,,,32,dnp_tourism,https://catalog.dnp.go.th/dataset/91d66c6a-5b88-41ee-8597-11be8aec5aa6/resource/be300299-f9a3-4eac-b558-0c088dd77a64/download/tourism59-68.csv,2026-09-16T11:38:42.040900+00:00,1.0,23.834,53.915,8.5,6.771,744,132.0,28.0,3988.0
khun_khan,ขุนขาน,เชียงใหม่,2564,2021,4,,,10,dnp_tourism,https://catalog.dnp.go.th/dataset/91d66c6a-5b88-41ee-8597-11be8aec5aa6/resource/be300299-f9a3-4eac-b558-0c088dd77a64/download/tourism59-68.csv,2026-09-16T11:38:42.040902+00:00,1.0,23.448,80.051,101.6,4.937,720,114.0,7.0,759.0
khun_khan,ขุนขาน,เชียงใหม่,2564,2021,5,,,0,dnp_tourism,https://catalog.dnp.go.th/dataset/91d66c6a-5b88-41ee-8597-11be8aec5aa6/resource/be300299-f9a3-4eac-b558-0c088dd77a64/download/tourism59-68.csv,2026-09-16T11:38:42.040905+00:00,1.0,24.597,81.368,146.6,4.873,744,32.0,0.0,271.0
khun_khan,ขุนขาน,เชียงใหม่,2564,2021,6,,,0,dnp_tourism,https://catalog.dnp.go.th/dataset/91d66c6a-5b88-41ee-8597-11be8aec5aa6/resource/be300299-f9a3-4eac-b558-0c088dd77a64/download/tourism59-68.csv,2026-09-16T11:38:42.040907+00:00,1.0,24.046,82.636,230.4,6.093,720,,,
khun_khan,ขุนขาน,เชียงใหม่,2564,2021,7,,,0,dnp_tourism,https://catalog.dnp.go.th/dataset/91d66c6a-5b88-41ee-8597-11be8aec5aa6/resource/be300299-f9a3-4eac-b558-0c088dd77a64/download/tourism59-68.csv,2026-09-16T11:38:42.040910+00:00,1.0,23.386,88.474,374.1,5.316,744,,,
khun_khan,ขุนขาน,เชียงใหม่,2564,2021,8,,,5,dnp_tourism,https://catalog.dnp.go.th/dataset/91d66c6a-5b88-41ee-8597-11be8aec5aa6/resource/be300299-f9a3-4eac-b558-0c088dd77a64/download/tourism59-68.csv,2026-09-16T11:38:42.040912+00:00,1.0,23.296,89.586,352.4,4.961,744,,,
khun_khan,ขุนขาน,เชียงใหม่,2564,2021,9,,,0,dnp_tourism,https://catalog.dnp.go.th/dataset/91d66c6a-5b88-41ee-8597-11be8aec5aa6/resource/be300299-f9a3-4eac-b558-0c088dd77a64/download/tourism59-68.csv,2026-09-16T11:38:42.040914+00:00,1.0,22.539,92.017,480.4,4.72,720,,,
mae_wang,แม่วาง,เชียงใหม่,2564,2020,10,,,6516,dnp_tourism,https://catalog.dnp.go.th/dataset/91d66c6a-5b88-41ee-8597-11be8aec5aa6/resource/be300299-f9a3-4eac-b558-0c088dd77a64/download/tourism59-68.csv,2026-09-16T11:38:42.040923+00:00,1.0,23.801,81.13,146.7,3.943,744,,,
mae_wang,แม่วาง,เชียงใหม่,2564,2020,11,,,11618,dnp_tourism,https://catalog.dnp.go.th/dataset/91d66c6a-5b88-41ee-8597-11be8aec5aa6/resource/be300299-f9a3-4eac-b558-0c088dd77a64/download/tourism59-68.csv,2026-09-16T11:38:42.040926+00:00,1.0,23.007,73.804,43.7,3.926,720,,,
mae_wang,แม่วาง,เชียงใหม่,2564,2020,12,,,10109,dnp_tourism,https://catalog.dnp.go.th/dataset/91d66c6a-5b88-41ee-8597-11be8aec5aa6/resource/be300299-f9a3-4eac-b558-0c088dd77a64/download/tourism59-68.csv,2026-09-16T11:38:42.040928+00:00,1.0,20.659,67.918,6.2,3.79,744,,,
mae_wang,แม่วาง,เชียงใหม่,2564,2021,1,,,3494,dnp_tourism,https://catalog.dnp.go.th/dataset/91d66c6a-5b88-41ee-8597-11be8aec5aa6/resource/be300299-f9a3-4eac-b558-0c088dd77a64/download/tourism59-68.csv,2026-09-16T11:38:42.040931+00:00,1.0,19.805,67.301,7.4,4.319,744,65.0,12.0,955.0
mae_wang,แม่วาง,เชียงใหม่,2564,2021,2,,,2341,dnp_tourism,https://catalog.dnp.go.th/dataset/91d66c6a-5b88-41ee-8597-11be8aec5aa6/resource/be300299-f9a3-4eac-b558-0c088dd77a64/download/tourism59-68.csv,2026-09-16T11:38:42.040933+00:00,1.0,21.801,60.978,8.9,4.698,672,75.0,12.0,2093.0
mae_wang,แม่วาง,เชียงใหม่,2564,2021,3,,,0,dnp_tourism,https://catalog.dnp.go.th/dataset/91d66c6a-5b88-41ee-8597-11be8aec5aa6/resource/be300299-f9a3-4eac-b558-0c088dd77a64/download/tourism59-68.csv,2026-09-16T11:38:42.040937+00:00,1.0,25.155,53.296,6.9,4.947,744,132.0,28.0,3988.0
mae_wang,แม่วาง,เชียงใหม่,2564,2021,4,,,0,dnp_tourism,https://catalog.dnp.go.th/dataset/91d66c6a-5b88-41ee-8597-11be8aec5aa6/resource/be300299-f9a3-4eac-b558-0c088dd77a64/download/tourism59-68.csv,2026-09-16T11:38:42.040939+00:00,1.0,25.732,71.067,86.8,4.045,720,114.0,7.0,759.0
mae_wang,แม่วาง,เชียงใหม่,2564,2021,5,,,0,dnp_tourism,https://catalog.dnp.go.th/dataset/91d66c6a-5b88-41ee-8597-11be8aec5aa6/resource/be300299-f9a3-4eac-b558-0c088dd77a64/download/tourism59-68.csv,2026-09-16T11:38:42.040943+00:00,1.0,27.498,68.078,137.1,4.592,744,32.0,0.0,271.0
mae_wang,แม่วาง,เชียงใหม่,2564,2021,6,,,758,dnp_tourism,https://catalog.dnp.go.th/dataset/91d66c6a-5b88-41ee-8597-11be8aec5aa6/resource/be300299-f9a3-4eac-b558-0c088dd77a64/download/tourism59-68.csv,2026-09-16T11:38:42.040946+00:00,1.0,26.622,72.197,136.9,5.103,720,,,
mae_wang,แม่วาง,เชียงใหม่,2564,2021,7,,,0,dnp_tourism,https://catalog.dnp.go.th/dataset/91d66c6a-5b88-41ee-8597-11be8aec5aa6/resource/be300299-f9a3-4eac-b558-0c088dd77a64/download/tourism59-68.csv,2026-09-16T11:38:42.040949+00:00,1.0,25.351,81.359,273.3,4.247,744,,,
mae_wang,แม่วาง,เชียงใหม่,2564,2021,8,,,0,dnp_tourism,https://catalog.dnp.go.th/dataset/91d66c6a-5b88-41ee-8597-11be8aec5aa6/resource/be300299-f9a3-4eac-b558-0c088dd77a64/download/tourism59-68.csv,2026-09-16T11:38:42.040951+00:00,1.0,25.065,82.882,258.5,4.238,744,,,
mae_wang,แม่วาง,เชียงใหม่,2564,2021,9,,,0,dnp_tourism,https://catalog.dnp.go.th/dataset/91d66c6a-5b88-41ee-8597-11be8aec5aa6/resource/be300299-f9a3-4eac-b558-0c088dd77a64/download/tourism59-68.csv,2026-09-16T11:38:42.040954+00:00,1.0,24.195,85.84,459.7,3.655,720,,,
doi_inthanon,ดอยอินทนนท์,เชียงใหม่,2565,2021,10,,,0,dnp_tourism,https://catalog.dnp.go.th/dataset/91d66c6a-5b88-41ee-8597-11be8aec5aa6/resource/be300299-f9a3-4eac-b558-0c088dd77a64/download/tourism59-68.csv,2026-09-16T11:38:42.041688+00:00,1.0,11.764,88.151,282.6,3.863,744,,,
doi_inthanon,ดอยอินทนนท์,เชียงใหม่,2565,2021,11,,,33534,dnp_tourism,https://catalog.dnp.go.th/dataset/91d66c6a-5b88-41ee-8597-11be8aec5aa6/resource/be300299-f9a3-4eac-b558-0c088dd77a64/download/tourism59-68.csv,2026-09-16T11:38:42.041696+00:00,1.0,10.798,85.515,84.1,3.589,720,,,
doi_inthanon,ดอยอินทนนท์,เชียงใหม่,2565,2021,12,,,127240,dnp_tourism,https://catalog.dnp.go.th/dataset/91d66c6a-5b88-41ee-8597-11be8aec5aa6/resource/be300299-f9a3-4eac-b558-0c088dd77a64/download/tourism59-68.csv,2026-09-16T11:38:42.041700+00:00,1.0,7.683,75.973,16.8,5.003,744,,,
doi_inthanon,ดอยอินทนนท์,เชียงใหม่,2565,2022,1,,,86547,dnp_tourism,https://catalog.dnp.go.th/dataset/91d66c6a-5b88-41ee-8597-11be8aec5aa6/resource/be300299-f9a3-4eac-b558-0c088dd77a64/download/tourism59-68.csv,2026-09-16T11:38:42.041702+00:00,1.0,9.211,63.634,22.5,4.829,744,36.0,0.0,252.0
doi_inthanon,ดอยอินทนนท์,เชียงใหม่,2565,2022,2,,,29519,dnp_tourism,https://catalog.dnp.go.th/dataset/91d66c6a-5b88-41ee-8597-11be8aec5aa6/resource/be300299-f9a3-4eac-b558-0c088dd77a64/download/tourism59-68.csv,2026-09-16T11:38:42.041705+00:00,1.0,10.202,59.871,48.1,5.519,672,52.0,2.0,756.0
doi_inthanon,ดอยอินทนนท์,เชียงใหม่,2565,2022,3,,,15992,dnp_tourism,https://catalog.dnp.go.th/dataset/91d66c6a-5b88-41ee-8597-11be8aec5aa6/resource/be300299-f9a3-4eac-b558-0c088dd77a64/download/tourism59-68.csv,2026-09-16T11:38:42.041708+00:00,1.0,13.606,67.587,53.6,4.398,744,100.0,15.0,1017.0
doi_inthanon,ดอยอินทนนท์,เชียงใหม่,2565,2022,4,,,35394,dnp_tourism,https://catalog.dnp.go.th/dataset/91d66c6a-5b88-41ee-8597-11be8aec5aa6/resource/be300299-f9a3-4eac-b558-0c088dd77a64/download/tourism59-68.csv,2026-09-16T11:38:42.041711+00:00,1.0,12.958,75.144,94.0,4.396,720,88.0,12.0,439.0
doi_inthanon,ดอยอินทนนท์,เชียงใหม่,2565,2022,5,,,16065,dnp_tourism,https://catalog.dnp.go.th/dataset/91d66c6a-5b88-41ee-8597-11be8aec5aa6/resource/be300299-f9a3-4eac-b558-0c088dd77a64/download/tourism59-68.csv,2026-09-16T11:38:42.041713+00:00,1.0,12.114,89.03,360.9,5.419,744,44.0,0.0,108.0
doi_inthanon,ดอยอินทนนท์,เชียงใหม่,2565,2022,6,,,15907,dnp_tourism,https://catalog.dnp.go.th/dataset/91d66c6a-5b88-41ee-8597-11be8aec5aa6/resource/be300299-f9a3-4eac-b558-0c088dd77a64/download/tourism59-68.csv,2026-09-16T11:38:42.041716+00:00,1.0,12.19,88.031,185.8,6.685,720,,,
doi_inthanon,ดอยอินทนนท์,เชียงใหม่,2565,2022,7,,,27433,dnp_tourism,https://catalog.dnp.go.th/dataset/91d66c6a-5b88-41ee-8597-11be8aec5aa6/resource/be300299-f9a3-4eac-b558-0c088dd77a64/download/tourism59-68.csv,2026-09-16T11:38:42.041719+00:00,1.0,12.485,89.374,382.6,4.426,744,,,
doi_inthanon,ดอยอินทนนท์,เชียงใหม่,2565,2022,8,,,27454,dnp_tourism,https://catalog.dnp.go.th/dataset/91d66c6a-5b88-41ee-8597-11be8aec5aa6/resource/be300299-f9a3-4eac-b558-0c088dd77a64/download/tourism59-68.csv,2026-09-16T11:38:42.041721+00:00,1.0,11.963,90.927,406.9,5.294,744,,,
doi_inthanon,ดอยอินทนนท์,เชียงใหม่,2565,2022,9,,,24080,dnp_tourism,https://catalog.dnp.go.th/dataset/91d66c6a-5b88-41ee-8597-11be8aec5aa6/resource/be300299-f9a3-4eac-b558-0c088dd77a64/download/tourism59-68.csv,2026-09-16T11:38:42.041724+00:00,1.0,11.863,90.296,497.0,3.879,720,,,
mae_ping,แม่ปิง,เชียงใหม่,2565,2021,10,,,619,dnp_tourism,https://catalog.dnp.go.th/dataset/91d66c6a-5b88-41ee-8597-11be8aec5aa6/resource/be300299-f9a3-4eac-b558-0c088dd77a64/download/tourism59-68.csv,2026-09-16T11:38:42.041734+00:00,1.0,22.392,89.03,275.9,3.533,744,,,
mae_ping,แม่ปิง,เชียงใหม่,2565,2021,11,,,1253,dnp_tourism,https://catalog.dnp.go.th/dataset/91d66c6a-5b88-41ee-8597-11be8aec5aa6/resource/be300299-f9a3-4eac-b558-0c088dd77a64/download/tourism59-68.csv,2026-09-16T11:38:42.041737+00:00,1.0,21.595,85.482,89.0,3.605,720,,,
mae_ping,แม่ปิง,เชียงใหม่,2565,2021,12,,,4238,dnp_tourism,https://catalog.dnp.go.th/dataset/91d66c6a-5b88-41ee-8597-11be8aec5aa6/resource/be300299-f9a3-4eac-b558-0c088dd77a64/download/tourism59-68.csv,2026-09-16T11:38:42.041740+00:00,1.0,18.571,74.63,8.6,3.712,744,,,
mae_ping,แม่ปิง,เชียงใหม่,2565,2022,1,,,3374,dnp_tourism,https://catalog.dnp.go.th/dataset/91d66c6a-5b88-41ee-8597-11be8aec5aa6/resource/be300299-f9a3-4eac-b558-0c088dd77a64/download/tourism59-68.csv,2026-09-16T11:38:42.041742+00:00,1.0,19.362,71.608,15.6,3.891,744,36.0,0.0,252.0
mae_ping,แม่ปิง,เชียงใหม่,2565,2022,2,,,1774,dnp_tourism,https://catalog.dnp.go.th/dataset/91d66c6a-5b88-41ee-8597-11be8aec5aa6/resource/be300299-f9a3-4eac-b558-0c088dd77a64/download/tourism59-68.csv,2026-09-16T11:38:42.041745+00:00,1.0,20.657,67.935,82.1,5.06,672,52.0,2.0,756.0
mae_ping,แม่ปิง,เชียงใหม่,2565,2022,3,,,1367,dnp_tourism,https://catalog.dnp.go.th/dataset/91d66c6a-5b88-41ee-8597-11be8aec5aa6/resource/be300299-f9a3-4eac-b558-0c088dd77a64/download/tourism59-68.csv,2026-09-16T11:38:42.041747+00:00,1.0,25.083,64.968,39.1,4.438,744,100.0,15.0,1017.0
mae_ping,แม่ปิง,เชียงใหม่,2565,2022,4,,,3300,dnp_tourism,https://catalog.dnp.go.th/dataset/91d66c6a-5b88-41ee-8597-11be8aec5aa6/resource/be300299-f9a3-4eac-b558-0c088dd77a64/download/tourism59-68.csv,2026-09-16T11:38:42.041750+00:00,1.0,24.543,69.236,85.9,4.248,720,88.0,12.0,439.0
mae_ping,แม่ปิง,เชียงใหม่,2565,2022,5,,,969,dnp_tourism,https://catalog.dnp.go.th/dataset/91d66c6a-5b88-41ee-8597-11be8aec5aa6/resource/be300299-f9a3-4eac-b558-0c088dd77a64/download/tourism59-68.csv,2026-09-16T11:38:42.041753+00:00,1.0,23.525,81.356,417.5,5.122,744,44.0,0.0,108.0
mae_ping,แม่ปิง,เชียงใหม่,2565,2022,6,,,675,dnp_tourism,https://catalog.dnp.go.th/dataset/91d66c6a-5b88-41ee-8597-11be8aec5aa6/resource/be300299-f9a3-4eac-b558-0c088dd77a64/download/tourism59-68.csv,2026-09-16T11:38:42.041755+00:00,1.0,24.428,76.665,128.3,5.114,720,,,
mae_ping,แม่ปิง,เชียงใหม่,2565,2022,7,,,0,dnp_tourism,https://catalog.dnp.go.th/dataset/91d66c6a-5b88-41ee-8597-11be8aec5aa6/resource/be300299-f9a3-4eac-b558-0c088dd77a64/download/tourism59-68.csv,2026-09-16T11:38:42.041758+00:00,1.0,23.908,84.004,282.8,3.75,744,,,
mae_ping,แม่ปิง,เชียงใหม่,2565,2022,8,,,0,dnp_tourism,https://catalog.dnp.go.th/dataset/91d66c6a-5b88-41ee-8597-11be8aec5aa6/resource/be300299-f9a3-4eac-b558-0c088dd77a64/download/tourism59-68.csv,2026-09-16T11:38:42.041760+00:00,1.0,22.957,88.207,332.4,4.457,744,,,
mae_ping,แม่ปิง,เชียงใหม่,2565,2022,9,,,0,dnp_tourism,https://catalog.dnp.go.th/dataset/91d66c6a-5b88-41ee-8597-11be8aec5aa6/resource/be300299-f9a3-4eac-b558-0c088dd77a64/download/tourism59-68.csv,2026-09-16T11:38:42.041763+00:00,1.0,22.515,89.822,491.6,3.184,720,,,
pha_daeng,ผาแดง,เชียงใหม่,2565,2021,10,,,697,dnp_tourism,https://catalog.dnp.go.th/dataset/91d66c6a-5b88-41ee-8597-11be8aec5aa6/resource/be300299-f9a3-4eac-b558-0c088dd77a64/download/tourism59-68.csv,2026-09-16T11:38:42.041772+00:00,1.0,24.177,87.649,276.8,3.643,744,,,
pha_daeng,ผาแดง,เชียงใหม่,2565,2021,11,,,1093,dnp_tourism,https://catalog.dnp.go.th/dataset/91d66c6a-5b88-41ee-8597-11be8aec5aa6/resource/be300299-f9a3-4eac-b558-0c088dd77a64/download/tourism59-68.csv,2026-09-16T11:38:42.041775+00:00,1.0,22.745,86.138,120.8,3.39,720,,,
pha_daeng,ผาแดง,เชียงใหม่,2565,2021,12,,,4258,dnp_tourism,https://catalog.dnp.go.th/dataset/91d66c6a-5b88-41ee-8597-11be8aec5aa6/resource/be300299-f9a3-4eac-b558-0c088dd77a64/download/tourism59-68.csv,2026-09-16T11:38:42.041777+00:00,1.0,19.576,73.333,7.6,4.121,744,,,
pha_daeng,ผาแดง,เชียงใหม่,2565,2022,1,,,3898,dnp_tourism,https://catalog.dnp.go.th/dataset/91d66c6a-5b88-41ee-8597-11be8aec5aa6/resource/be300299-f9a3-4eac-b558-0c088dd77a64/download/tourism59-68.csv,2026-09-16T11:38:42.041779+00:00,1.0,19.41,75.317,68.9,3.848,744,36.0,0.0,252.0
pha_daeng,ผาแดง,เชียงใหม่,2565,2022,2,,,1464,dnp_tourism,https://catalog.dnp.go.th/dataset/91d66c6a-5b88-41ee-8597-11be8aec5aa6/resource/be300299-f9a3-4eac-b558-0c088dd77a64/download/tourism59-68.csv,2026-09-16T11:38:42.041782+00:00,1.0,20.433,71.604,39.7,4.354,672,52.0,2.0,756.0
pha_daeng,ผาแดง,เชียงใหม่,2565,2022,3,,,1579,dnp_tourism,https://catalog.dnp.go.th/dataset/91d66c6a-5b88-41ee-8597-11be8aec5aa6/resource/be300299-f9a3-4eac-b558-0c088dd77a64/download/tourism59-68.csv,2026-09-16T11:38:42.041785+00:00,1.0,25.332,70.148,60.5,3.909,744,100.0,15.0,1017.0
pha_daeng,ผาแดง,เชียงใหม่,2565,2022,4,,,3924,dnp_tourism,https://catalog.dnp.go.th/dataset/91d66c6a-5b88-41ee-8597-11be8aec5aa6/resource/be300299-f9a3-4eac-b558-0c088dd77a64/download/tourism59-68.csv,2026-09-16T11:38:42.041787+00:00,1.0,25.594,72.111,118.5,4.031,720,88.0,12.0,439.0
pha_daeng,ผาแดง,เชียงใหม่,2565,2022,5,,,1419,dnp_tourism,https://catalog.dnp.go.th/dataset/91d66c6a-5b88-41ee-8597-11be8aec5aa6/resource/be300299-f9a3-4eac-b558-0c088dd77a64/download/tourism59-68.csv,2026-09-16T11:38:42.041789+00:00,1.0,25.134,83.929,326.8,4.1,744,44.0,0.0,108.0
pha_daeng,ผาแดง,เชียงใหม่,2565,2022,6,,,991,dnp_tourism,https://catalog.dnp.go.th/dataset/91d66c6a-5b88-41ee-8597-11be8aec5aa6/resource/be300299-f9a3-4eac-b558-0c088dd77a64/download/tourism59-68.csv,2026-09-16T11:38:42.041792+00:00,1.0,25.385,86.118,275.6,4.061,720,,,
pha_daeng,ผาแดง,เชียงใหม่,2565,2022,7,,,1260,dnp_tourism,https://catalog.dnp.go.th/dataset/91d66c6a-5b88-41ee-8597-11be8aec5aa6/resource/be300299-f9a3-4eac-b558-0c088dd77a64/download/tourism59-68.csv,2026-09-16T11:38:42.041794+00:00,1.0,25.288,88.366,364.6,3.477,744,,,
pha_daeng,ผาแดง,เชียงใหม่,2565,2022,8,,,978,dnp_tourism,https://catalog.dnp.go.th/dataset/91d66c6a-5b88-41ee-8597-11be8aec5aa6/resource/be300299-f9a3-4eac-b558-0c088dd77a64/download/tourism59-68.csv,2026-09-16T11:38:42.041797+00:00,1.0,24.811,89.907,395.9,3.824,744,,,
pha_daeng,ผาแดง,เชียงใหม่,2565,2022,9,,,1042,dnp_tourism,https://catalog.dnp.go.th/dataset/91d66c6a-5b88-41ee-8597-11be8aec5aa6/resource/be300299-f9a3-4eac-b558-0c088dd77a64/download/tourism59-68.csv,2026-09-16T11:38:42.041805+00:00,1.0,24.498,88.978,284.9,3.474,720,,,
doi_pha_hom_pok,ดอยผ้าห่มปก,เชียงใหม่,2565,2021,10,,,1197,dnp_tourism,https://catalog.dnp.go.th/dataset/91d66c6a-5b88-41ee-8597-11be8aec5aa6/resource/be300299-f9a3-4eac-b558-0c088dd77a64/download/tourism59-68.csv,2026-09-16T11:38:42.041815+00:00,1.0,23.86,80.003,178.1,4.035,744,,,
doi_pha_hom_pok,ดอยผ้าห่มปก,เชียงใหม่,2565,2021,11,,,3341,dnp_tourism,https://catalog.dnp.go.th/dataset/91d66c6a-5b88-41ee-8597-11be8aec5aa6/resource/be300299-f9a3-4eac-b558-0c088dd77a64/download/tourism59-68.csv,2026-09-16T11:38:42.041817+00:00,1.0,22.197,81.217,148.8,3.315,720,,,
doi_pha_hom_pok,ดอยผ้าห่มปก,เชียงใหม่,2565,2021,12,,,16266,dnp_tourism,https://catalog.dnp.go.th/dataset/91d66c6a-5b88-41ee-8597-11be8aec5aa6/resource/be300299-f9a3-4eac-b558-0c088dd77a64/download/tourism59-68.csv,2026-09-16T11:38:42.041820+00:00,1.0,18.986,70.187,9.1,3.825,744,,,
doi_pha_hom_pok,ดอยผ้าห่มปก,เชียงใหม่,2565,2022,1,,,15394,dnp_tourism,https://catalog.dnp.go.th/dataset/91d66c6a-5b88-41ee-8597-11be8aec5aa6/resource/be300299-f9a3-4eac-b558-0c088dd77a64/download/tourism59-68.csv,2026-09-16T11:38:42.041822+00:00,1.0,19.379,70.438,57.2,3.76,744,36.0,0.0,252.0
doi_pha_hom_pok,ดอยผ้าห่มปก,เชียงใหม่,2565,2022,2,,,7338,dnp_tourism,https://catalog.dnp.go.th/dataset/91d66c6a-5b88-41ee-8597-11be8aec5aa6/resource/be300299-f9a3-4eac-b558-0c088dd77a64/download/tourism59-68.csv,2026-09-16T11:38:42.041825+00:00,1.0,20.311,66.143,50.1,4.211,672,52.0,2.0,756.0
doi_pha_hom_pok,ดอยผ้าห่มปก,เชียงใหม่,2565,2022,3,,,3738,dnp_tourism,https://catalog.dnp.go.th/dataset/91d66c6a-5b88-41ee-8597-11be8aec5aa6/resource/be300299-f9a3-4eac-b558-0c088dd77a64/download/tourism59-68.csv,2026-09-16T11:38:42.041827+00:00,1.0,25.112,64.82,55.8,4.323,744,100.0,15.0,1017.0
doi_pha_hom_pok,ดอยผ้าห่มปก,เชียงใหม่,2565,2022,4,,,12193,dnp_tourism,https://catalog.dnp.go.th/dataset/91d66c6a-5b88-41ee-8597-11be8aec5aa6/resource/be300299-f9a3-4eac-b558-0c088dd77a64/download/tourism59-68.csv,2026-09-16T11:38:42.041830+00:00,1.0,25.097,67.671,94.4,4.279,720,88.0,12.0,439.0
doi_pha_hom_pok,ดอยผ้าห่มปก,เชียงใหม่,2565,2022,5,,,2917,dnp_tourism,https://catalog.dnp.go.th/dataset/91d66c6a-5b88-41ee-8597-11be8aec5aa6/resource/be300299-f9a3-4eac-b558-0c088dd77a64/download/tourism59-68.csv,2026-09-16T11:38:42.041832+00:00,1.0,24.75,78.32,326.5,4.312,744,44.0,0.0,108.0
doi_pha_hom_pok,ดอยผ้าห่มปก,เชียงใหม่,2565,2022,6,,,3097,dnp_tourism,https://catalog.dnp.go.th/dataset/91d66c6a-5b88-41ee-8597-11be8aec5aa6/resource/be300299-f9a3-4eac-b558-0c088dd77a64/download/tourism59-68.csv,2026-09-16T11:38:42.041835+00:00,1.0,25.297,79.893,230.4,4.691,720,,,
doi_pha_hom_pok,ดอยผ้าห่มปก,เชียงใหม่,2565,2022,7,,,4813,dnp_tourism,https://catalog.dnp.go.th/dataset/91d66c6a-5b88-41ee-8597-11be8aec5aa6/resource/be300299-f9a3-4eac-b558-0c088dd77a64/download/tourism59-68.csv,2026-09-16T11:38:42.041837+00:00,1.0,25.302,81.55,258.1,3.584,744,,,
doi_pha_hom_pok,ดอยผ้าห่มปก,เชียงใหม่,2565,2022,8,,,2210,dnp_tourism,https://catalog.dnp.go.th/dataset/91d66c6a-5b88-41ee-8597-11be8aec5aa6/resource/be300299-f9a3-4eac-b558-0c088dd77a64/download/tourism59-68.csv,2026-09-16T11:38:42.041839+00:00,1.0,24.697,83.551,422.1,3.638,744,,,
doi_pha_hom_pok,ดอยผ้าห่มปก,เชียงใหม่,2565,2022,9,,,2381,dnp_tourism,https://catalog.dnp.go.th/dataset/91d66c6a-5b88-41ee-8597-11be8aec5aa6/resource/be300299-f9a3-4eac-b558-0c088dd77a64/download/tourism59-68.csv,2026-09-16T11:38:42.041842+00:00,1.0,24.274,82.494,272.9,3.694,720,,,
huai_nam_dang,ห้วยน้ำดัง,เชียงใหม่,2565,2021,10,,,3814,dnp_tourism,https://catalog.dnp.go.th/dataset/91d66c6a-5b88-41ee-8597-11be8aec5aa6/resource/be300299-f9a3-4eac-b558-0c088dd77a64/download/tourism59-68.csv,2026-09-16T11:38:42.041851+00:00,1.0,18.799,86.983,164.0,4.451,744,,,
huai_nam_dang,ห้วยน้ำดัง,เชียงใหม่,2565,2021,11,,,8343,dnp_tourism,https://catalog.dnp.go.th/dataset/91d66c6a-5b88-41ee-8597-11be8aec5aa6/resource/be300299-f9a3-4eac-b558-0c088dd77a64/download/tourism59-68.csv,2026-09-16T11:38:42.041853+00:00,1.0,17.602,85.338,106.4,3.886,720,,,
huai_nam_dang,ห้วยน้ำดัง,เชียงใหม่,2565,2021,12,,,34376,dnp_tourism,https://catalog.dnp.go.th/dataset/91d66c6a-5b88-41ee-8597-11be8aec5aa6/resource/be300299-f9a3-4eac-b558-0c088dd77a64/download/tourism59-68.csv,2026-09-16T11:38:42.041856+00:00,1.0,14.538,74.226,10.1,5.048,744,,,
huai_nam_dang,ห้วยน้ำดัง,เชียงใหม่,2565,2022,1,,,19810,dnp_tourism,https://catalog.dnp.go.th/dataset/91d66c6a-5b88-41ee-8597-11be8aec5aa6/resource/be300299-f9a3-4eac-b558-0c088dd77a64/download/tourism59-68.csv,2026-09-16T11:38:42.041858+00:00,1.0,15.075,69.927,28.8,4.873,744,36.0,0.0,252.0
huai_nam_dang,ห้วยน้ำดัง,เชียงใหม่,2565,2022,2,,,7795,dnp_tourism,https://catalog.dnp.go.th/dataset/91d66c6a-5b88-41ee-8597-11be8aec5aa6/resource/be300299-f9a3-4eac-b558-0c088dd77a64/download/tourism59-68.csv,2026-09-16T11:38:42.041861+00:00,1.0,16.203,64.647,33.5,5.367,672,52.0,2.0,756.0
huai_nam_dang,ห้วยน้ำดัง,เชียงใหม่,2565,2022,3,,,2578,dnp_tourism,https://catalog.dnp.go.th/dataset/91d66c6a-5b88-41ee-8597-11be8aec5aa6/resource/be300299-f9a3-4eac-b558-0c088dd77a64/download/tourism59-68.csv,2026-09-16T11:38:42.041863+00:00,1.0,20.281,68.022,35.2,5.046,744,100.0,15.0,1017.0
huai_nam_dang,ห้วยน้ำดัง,เชียงใหม่,2565,2022,4,,,4158,dnp_tourism,https://catalog.dnp.go.th/dataset/91d66c6a-5b88-41ee-8597-11be8aec5aa6/resource/be300299-f9a3-4eac-b558-0c088dd77a64/download/tourism59-68.csv,2026-09-16T11:38:42.041866+00:00,1.0,20.007,73.269,86.5,5.118,720,88.0,12.0,439.0
huai_nam_dang,ห้วยน้ำดัง,เชียงใหม่,2565,2022,5,,,3068,dnp_tourism,https://catalog.dnp.go.th/dataset/91d66c6a-5b88-41ee-8597-11be8aec5aa6/resource/be300299-f9a3-4eac-b558-0c088dd77a64/download/tourism59-68.csv,2026-09-16T11:38:42.041868+00:00,1.0,19.334,85.616,250.8,5.78,744,44.0,0.0,108.0
huai_nam_dang,ห้วยน้ำดัง,เชียงใหม่,2565,2022,6,,,3240,dnp_tourism,https://catalog.dnp.go.th/dataset/91d66c6a-5b88-41ee-8597-11be8aec5aa6/resource/be300299-f9a3-4eac-b558-0c088dd77a64/download/tourism59-68.csv,2026-09-16T11:38:42.041870+00:00,1.0,19.687,83.839,135.6,6.863,720,,,
huai_nam_dang,ห้วยน้ำดัง,เชียงใหม่,2565,2022,7,,,3648,dnp_tourism,https://catalog.dnp.go.th/dataset/91d66c6a-5b88-41ee-8597-11be8aec5aa6/resource/be300299-f9a3-4eac-b558-0c088dd77a64/download/tourism59-68.csv,2026-09-16T11:38:42.041873+00:00,1.0,19.88,86.538,313.0,4.456,744,,,
huai_nam_dang,ห้วยน้ำดัง,เชียงใหม่,2565,2022,8,,,3034,dnp_tourism,https://catalog.dnp.go.th/dataset/91d66c6a-5b88-41ee-8597-11be8aec5aa6/resource/be300299-f9a3-4eac-b558-0c088dd77a64/download/tourism59-68.csv,2026-09-16T11:38:42.041875+00:00,1.0,19.22,89.241,348.2,5.026,744,,,
huai_nam_dang,ห้วยน้ำดัง,เชียงใหม่,2565,2022,9,,,2097,dnp_tourism,https://catalog.dnp.go.th/dataset/91d66c6a-5b88-41ee-8597-11be8aec5aa6/resource/be300299-f9a3-4eac-b558-0c088dd77a64/download/tourism59-68.csv,2026-09-16T11:38:42.041878+00:00,1.0,19.054,88.747,296.4,4.309,720,,,
doi_suthep_pui,ดอยสุเทพ-ปุย,เชียงใหม่,2565,2021,10,,,2497,dnp_tourism,https://catalog.dnp.go.th/dataset/91d66c6a-5b88-41ee-8597-11be8aec5aa6/resource/be300299-f9a3-4eac-b558-0c088dd77a64/download/tourism59-68.csv,2026-09-16T11:38:42.041887+00:00,1.0,21.104,86.294,254.9,3.709,744,,,
doi_suthep_pui,ดอยสุเทพ-ปุย,เชียงใหม่,2565,2021,11,,,7451,dnp_tourism,https://catalog.dnp.go.th/dataset/91d66c6a-5b88-41ee-8597-11be8aec5aa6/resource/be300299-f9a3-4eac-b558-0c088dd77a64/download/tourism59-68.csv,2026-09-16T11:38:42.041889+00:00,1.0,20.248,83.368,142.8,3.657,720,,,
doi_suthep_pui,ดอยสุเทพ-ปุย,เชียงใหม่,2565,2021,12,,,11721,dnp_tourism,https://catalog.dnp.go.th/dataset/91d66c6a-5b88-41ee-8597-11be8aec5aa6/resource/be300299-f9a3-4eac-b558-0c088dd77a64/download/tourism59-68.csv,2026-09-16T11:38:42.041892+00:00,1.0,17.538,70.944,12.6,3.645,744,,,
doi_suthep_pui,ดอยสุเทพ-ปุย,เชียงใหม่,2565,2022,1,,,16497,dnp_tourism,https://catalog.dnp.go.th/dataset/91d66c6a-5b88-41ee-8597-11be8aec5aa6/resource/be300299-f9a3-4eac-b558-0c088dd77a64/download/tourism59-68.csv,2026-09-16T11:38:42.041896+00:00,1.0,17.77,70.863,38.9,3.587,744,36.0,0.0,252.0
doi_suthep_pui,ดอยสุเทพ-ปุย,เชียงใหม่,2565,2022,2,,,9147,dnp_tourism,https://catalog.dnp.go.th/dataset/91d66c6a-5b88-41ee-8597-11be8aec5aa6/resource/be300299-f9a3-4eac-b558-0c088dd77a64/download/tourism59-68.csv,2026-09-16T11:38:42.041899+00:00,1.0,18.855,66.676,65.2,4.426,672,52.0,2.0,756.0
doi_suthep_pui,ดอยสุเทพ-ปุย,เชียงใหม่,2565,2022,3,,,10119,dnp_tourism,https://catalog.dnp.go.th/dataset/91d66c6a-5b88-41ee-8597-11be8aec5aa6/resource/be300299-f9a3-4eac-b558-0c088dd77a64/download/tourism59-68.csv,2026-09-16T11:38:42.041902+00:00,1.0,23.434,64.34,68.4,4.27,744,100.0,15.0,1017.0
doi_suthep_pui,ดอยสุเทพ-ปุย,เชียงใหม่,2565,2022,4,,,21180,dnp_tourism,https://catalog.dnp.go.th/dataset/91d66c6a-5b88-41ee-8597-11be8aec5aa6/resource/be300299-f9a3-4eac-b558-0c088dd77a64/download/tourism59-68.csv,2026-09-16T11:38:42.041904+00:00,1.0,22.803,69.768,119.6,4.515,720,88.0,12.0,439.0
doi_suthep_pui,ดอยสุเทพ-ปุย,เชียงใหม่,2565,2022,5,,,8907,dnp_tourism,https://catalog.dnp.go.th/dataset/91d66c6a-5b88-41ee-8597-11be8aec5aa6/resource/be300299-f9a3-4eac-b558-0c088dd77a64/download/tourism59-68.csv,2026-09-16T11:38:42.041907+00:00,1.0,21.756,84.18,395.0,4.126,744,44.0,0.0,108.0
doi_suthep_pui,ดอยสุเทพ-ปุย,เชียงใหม่,2565,2022,6,,,9811,dnp_tourism,https://catalog.dnp.go.th/dataset/91d66c6a-5b88-41ee-8597-11be8aec5aa6/resource/be300299-f9a3-4eac-b558-0c088dd77a64/download/tourism59-68.csv,2026-09-16T11:38:42.041909+00:00,1.0,22.326,83.232,154.9,3.83,720,,,
doi_suthep_pui,ดอยสุเทพ-ปุย,เชียงใหม่,2565,2022,7,,,12688,dnp_tourism,https://catalog.dnp.go.th/dataset/91d66c6a-5b88-41ee-8597-11be8aec5aa6/resource/be300299-f9a3-4eac-b558-0c088dd77a64/download/tourism59-68.csv,2026-09-16T11:38:42.041911+00:00,1.0,21.974,87.733,489.4,3.296,744,,,
doi_suthep_pui,ดอยสุเทพ-ปุย,เชียงใหม่,2565,2022,8,,,10290,dnp_tourism,https://catalog.dnp.go.th/dataset/91d66c6a-5b88-41ee-8597-11be8aec5aa6/resource/be300299-f9a3-4eac-b558-0c088dd77a64/download/tourism59-68.csv,2026-09-16T11:38:42.041914+00:00,1.0,21.37,89.534,516.1,3.763,744,,,
doi_suthep_pui,ดอยสุเทพ-ปุย,เชียงใหม่,2565,2022,9,,,7169,dnp_tourism,https://catalog.dnp.go.th/dataset/91d66c6a-5b88-41ee-8597-11be8aec5aa6/resource/be300299-f9a3-4eac-b558-0c088dd77a64/download/tourism59-68.csv,2026-09-16T11:38:42.041916+00:00,1.0,21.074,89.092,446.7,3.423,720,,,
ob_luang,ออบหลวง,เชียงใหม่,2565,2021,10,,,0,dnp_tourism,https://catalog.dnp.go.th/dataset/91d66c6a-5b88-41ee-8597-11be8aec5aa6/resource/be300299-f9a3-4eac-b558-0c088dd77a64/download/tourism59-68.csv,2026-09-16T11:38:42.041926+00:00,1.0,22.388,90.298,310.0,5.051,744,,,
ob_luang,ออบหลวง,เชียงใหม่,2565,2021,11,,,1157,dnp_tourism,https://catalog.dnp.go.th/dataset/91d66c6a-5b88-41ee-8597-11be8aec5aa6/resource/be300299-f9a3-4eac-b558-0c088dd77a64/download/tourism59-68.csv,2026-09-16T11:38:42.041928+00:00,1.0,21.501,87.335,101.3,4.736,720,,,
ob_luang,ออบหลวง,เชียงใหม่,2565,2021,12,,,7043,dnp_tourism,https://catalog.dnp.go.th/dataset/91d66c6a-5b88-41ee-8597-11be8aec5aa6/resource/be300299-f9a3-4eac-b558-0c088dd77a64/download/tourism59-68.csv,2026-09-16T11:38:42.041931+00:00,1.0,18.168,78.23,12.7,5.524,744,,,
ob_luang,ออบหลวง,เชียงใหม่,2565,2022,1,,,5666,dnp_tourism,https://catalog.dnp.go.th/dataset/91d66c6a-5b88-41ee-8597-11be8aec5aa6/resource/be300299-f9a3-4eac-b558-0c088dd77a64/download/tourism59-68.csv,2026-09-16T11:38:42.041935+00:00,1.0,18.348,77.13,32.9,5.106,744,36.0,0.0,252.0
ob_luang,ออบหลวง,เชียงใหม่,2565,2022,2,,,2422,dnp_tourism,https://catalog.dnp.go.th/dataset/91d66c6a-5b88-41ee-8597-11be8aec5aa6/resource/be300299-f9a3-4eac-b558-0c088dd77a64/download/tourism59-68.csv,2026-09-16T11:38:42.041938+00:00,1.0,19.31,71.891,59.8,5.7,672,52.0,2.0,756.0
ob_luang,ออบหลวง,เชียงใหม่,2565,2022,3,,,1263,dnp_tourism,https://catalog.dnp.go.th/dataset/91d66c6a-5b88-41ee-8597-11be8aec5aa6/resource/be300299-f9a3-4eac-b558-0c088dd77a64/download/tourism59-68.csv,2026-09-16T11:38:42.041940+00:00,1.0,23.669,73.431,50.2,5.338,744,100.0,15.0,1017.0
ob_luang,ออบหลวง,เชียงใหม่,2565,2022,4,,,2226,dnp_tourism,https://catalog.dnp.go.th/dataset/91d66c6a-5b88-41ee-8597-11be8aec5aa6/resource/be300299-f9a3-4eac-b558-0c088dd77a64/download/tourism59-68.csv,2026-09-16T11:38:42.041943+00:00,1.0,23.987,73.546,54.4,5.786,720,88.0,12.0,439.0
ob_luang,ออบหลวง,เชียงใหม่,2565,2022,5,,,1281,dnp_tourism,https://catalog.dnp.go.th/dataset/91d66c6a-5b88-41ee-8597-11be8aec5aa6/resource/be300299-f9a3-4eac-b558-0c088dd77a64/download/tourism59-68.csv,2026-09-16T11:38:42.041945+00:00,1.0,23.42,84.489,325.0,7.462,744,44.0,0.0,108.0
ob_luang,ออบหลวง,เชียงใหม่,2565,2022,6,,,1040,dnp_tourism,https://catalog.dnp.go.th/dataset/91d66c6a-5b88-41ee-8597-11be8aec5aa6/resource/be300299-f9a3-4eac-b558-0c088dd77a64/download/tourism59-68.csv,2026-09-16T11:38:42.041959+00:00,1.0,23.701,82.996,170.1,7.522,720,,,
ob_luang,ออบหลวง,เชียงใหม่,2565,2022,7,,,1724,dnp_tourism,https://catalog.dnp.go.th/dataset/91d66c6a-5b88-41ee-8597-11be8aec5aa6/resource/be300299-f9a3-4eac-b558-0c088dd77a64/download/tourism59-68.csv,2026-09-16T11:38:42.041962+00:00,1.0,23.47,87.695,265.1,6.083,744,,,
ob_luang,ออบหลวง,เชียงใหม่,2565,2022,8,,,1098,dnp_tourism,https://catalog.dnp.go.th/dataset/91d66c6a-5b88-41ee-8597-11be8aec5aa6/resource/be300299-f9a3-4eac-b558-0c088dd77a64/download/tourism59-68.csv,2026-09-16T11:38:42.041965+00:00,1.0,22.947,89.781,439.5,5.949,744,,,
ob_luang,ออบหลวง,เชียงใหม่,2565,2022,9,,,1077,dnp_tourism,https://catalog.dnp.go.th/dataset/91d66c6a-5b88-41ee-8597-11be8aec5aa6/resource/be300299-f9a3-4eac-b558-0c088dd77a64/download/tourism59-68.csv,2026-09-16T11:38:42.041967+00:00,1.0,22.681,90.378,397.6,4.82,720,,,
sri_lanna,ศรีลานนา,เชียงใหม่,2565,2021,10,,,4086,dnp_tourism,https://catalog.dnp.go.th/dataset/91d66c6a-5b88-41ee-8597-11be8aec5aa6/resource/be300299-f9a3-4eac-b558-0c088dd77a64/download/tourism59-68.csv,2026-09-16T11:38:42.041976+00:00,1.0,24.684,86.47,354.6,4.255,744,,,
sri_lanna,ศรีลานนา,เชียงใหม่,2565,2021,11,,,4395,dnp_tourism,https://catalog.dnp.go.th/dataset/91d66c6a-5b88-41ee-8597-11be8aec5aa6/resource/be300299-f9a3-4eac-b558-0c088dd77a64/download/tourism59-68.csv,2026-09-16T11:38:42.041978+00:00,1.0,23.57,84.481,127.1,4.227,720,,,
sri_lanna,ศรีลานนา,เชียงใหม่,2565,2021,12,,,8814,dnp_tourism,https://catalog.dnp.go.th/dataset/91d66c6a-5b88-41ee-8597-11be8aec5aa6/resource/be300299-f9a3-4eac-b558-0c088dd77a64/download/tourism59-68.csv,2026-09-16T11:38:42.041981+00:00,1.0,19.971,77.546,7.8,5.515,744,,,
sri_lanna,ศรีลานนา,เชียงใหม่,2565,2022,1,,,7168,dnp_tourism,https://catalog.dnp.go.th/dataset/91d66c6a-5b88-41ee-8597-11be8aec5aa6/resource/be300299-f9a3-4eac-b558-0c088dd77a64/download/tourism59-68.csv,2026-09-16T11:38:42.041983+00:00,1.0,20.563,75.255,52.5,4.242,744,36.0,0.0,252.0
sri_lanna,ศรีลานนา,เชียงใหม่,2565,2022,2,,,5000,dnp_tourism,https://catalog.dnp.go.th/dataset/91d66c6a-5b88-41ee-8597-11be8aec5aa6/resource/be300299-f9a3-4eac-b558-0c088dd77a64/download/tourism59-68.csv,2026-09-16T11:38:42.041986+00:00,1.0,21.598,71.103,85.8,5.223,672,52.0,2.0,756.0
sri_lanna,ศรีลานนา,เชียงใหม่,2565,2022,3,,,6675,dnp_tourism,https://catalog.dnp.go.th/dataset/91d66c6a-5b88-41ee-8597-11be8aec5aa6/resource/be300299-f9a3-4eac-b558-0c088dd77a64/download/tourism59-68.csv,2026-09-16T11:38:42.041988+00:00,1.0,26.542,67.575,48.8,4.696,744,100.0,15.0,1017.0
sri_lanna,ศรีลานนา,เชียงใหม่,2565,2022,4,,,12331,dnp_tourism,https://catalog.dnp.go.th/dataset/91d66c6a-5b88-41ee-8597-11be8aec5aa6/resource/be300299-f9a3-4eac-b558-0c088dd77a64/download/tourism59-68.csv,2026-09-16T11:38:42.041991+00:00,1.0,26.373,69.518,133.2,5.089,720,88.0,12.0,439.0
sri_lanna,ศรีลานนา,เชียงใหม่,2565,2022,5,,,8318,dnp_tourism,https://catalog.dnp.go.th/dataset/91d66c6a-5b88-41ee-8597-11be8aec5aa6/resource/be300299-f9a3-4eac-b558-0c088dd77a64/download/tourism59-68.csv,2026-09-16T11:38:42.041993+00:00,1.0,25.351,83.747,382.9,4.611,744,44.0,0.0,108.0
sri_lanna,ศรีลานนา,เชียงใหม่,2565,2022,6,,,5747,dnp_tourism,https://catalog.dnp.go.th/dataset/91d66c6a-5b88-41ee-8597-11be8aec5aa6/resource/be300299-f9a3-4eac-b558-0c088dd77a64/download/tourism59-68.csv,2026-09-16T11:38:42.041996+00:00,1.0,25.801,83.624,255.0,4.444,720,,,
sri_lanna,ศรีลานนา,เชียงใหม่,2565,2022,7,,,7900,dnp_tourism,https://catalog.dnp.go.th/dataset/91d66c6a-5b88-41ee-8597-11be8aec5aa6/resource/be300299-f9a3-4eac-b558-0c088dd77a64/download/tourism59-68.csv,2026-09-16T11:38:42.041999+00:00,1.0,25.655,87.019,505.5,3.742,744,,,
sri_lanna,ศรีลานนา,เชียงใหม่,2565,2022,8,,,5363,dnp_tourism,https://catalog.dnp.go.th/dataset/91d66c6a-5b88-41ee-8597-11be8aec5aa6/resource/be300299-f9a3-4eac-b558-0c088dd77a64/download/tourism59-68.csv,2026-09-16T11:38:42.042001+00:00,1.0,25.046,88.308,507.7,4.367,744,,,
sri_lanna,ศรีลานนา,เชียงใหม่,2565,2022,9,,,4896,dnp_tourism,https://catalog.dnp.go.th/dataset/91d66c6a-5b88-41ee-8597-11be8aec5aa6/resource/be300299-f9a3-4eac-b558-0c088dd77a64/download/tourism59-68.csv,2026-09-16T11:38:42.042003+00:00,1.0,24.74,88.592,463.9,3.751,720,,,
mae_takhrai,แม่ตะไคร้,เชียงใหม่,2565,2021,10,,,0,dnp_tourism,https://catalog.dnp.go.th/dataset/91d66c6a-5b88-41ee-8597-11be8aec5aa6/resource/be300299-f9a3-4eac-b558-0c088dd77a64/download/tourism59-68.csv,2026-09-16T11:38:42.042029+00:00,1.0,25.131,82.706,262.2,3.772,744,,,
mae_takhrai,แม่ตะไคร้,เชียงใหม่,2565,2021,11,,,512,dnp_tourism,https://catalog.dnp.go.th/dataset/91d66c6a-5b88-41ee-8597-11be8aec5aa6/resource/be300299-f9a3-4eac-b558-0c088dd77a64/download/tourism59-68.csv,2026-09-16T11:38:42.042032+00:00,1.0,23.907,80.89,104.8,4.012,720,,,
mae_takhrai,แม่ตะไคร้,เชียงใหม่,2565,2021,12,,,1452,dnp_tourism,https://catalog.dnp.go.th/dataset/91d66c6a-5b88-41ee-8597-11be8aec5aa6/resource/be300299-f9a3-4eac-b558-0c088dd77a64/download/tourism59-68.csv,2026-09-16T11:38:42.042035+00:00,1.0,20.485,73.163,5.5,4.987,744,,,
mae_takhrai,แม่ตะไคร้,เชียงใหม่,2565,2022,1,,,1223,dnp_tourism,https://catalog.dnp.go.th/dataset/91d66c6a-5b88-41ee-8597-11be8aec5aa6/resource/be300299-f9a3-4eac-b558-0c088dd77a64/download/tourism59-68.csv,2026-09-16T11:38:42.042037+00:00,1.0,21.638,66.384,12.3,5.021,744,36.0,0.0,252.0
mae_takhrai,แม่ตะไคร้,เชียงใหม่,2565,2022,2,,,670,dnp_tourism,https://catalog.dnp.go.th/dataset/91d66c6a-5b88-41ee-8597-11be8aec5aa6/resource/be300299-f9a3-4eac-b558-0c088dd77a64/download/tourism59-68.csv,2026-09-16T11:38:42.042039+00:00,1.0,22.779,63.634,73.9,5.988,672,52.0,2.0,756.0
mae_takhrai,แม่ตะไคร้,เชียงใหม่,2565,2022,3,,,1254,dnp_tourism,https://catalog.dnp.go.th/dataset/91d66c6a-5b88-41ee-8597-11be8aec5aa6/resource/be300299-f9a3-4eac-b558-0c088dd77a64/download/tourism59-68.csv,2026-09-16T11:38:42.042042+00:00,1.0,27.849,58.853,44.7,6.092,744,100.0,15.0,1017.0
mae_takhrai,แม่ตะไคร้,เชียงใหม่,2565,2022,4,,,2333,dnp_tourism,https://catalog.dnp.go.th/dataset/91d66c6a-5b88-41ee-8597-11be8aec5aa6/resource/be300299-f9a3-4eac-b558-0c088dd77a64/download/tourism59-68.csv,2026-09-16T11:38:42.042044+00:00,1.0,27.233,64.069,98.9,5.673,720,88.0,12.0,439.0
mae_takhrai,แม่ตะไคร้,เชียงใหม่,2565,2022,5,,,941,dnp_tourism,https://catalog.dnp.go.th/dataset/91d66c6a-5b88-41ee-8597-11be8aec5aa6/resource/be300299-f9a3-4eac-b558-0c088dd77a64/download/tourism59-68.csv,2026-09-16T11:38:42.042047+00:00,1.0,26.29,76.8,304.3,5.113,744,44.0,0.0,108.0
mae_takhrai,แม่ตะไคร้,เชียงใหม่,2565,2022,6,,,0,dnp_tourism,https://catalog.dnp.go.th/dataset/91d66c6a-5b88-41ee-8597-11be8aec5aa6/resource/be300299-f9a3-4eac-b558-0c088dd77a64/download/tourism59-68.csv,2026-09-16T11:38:42.042049+00:00,1.0,27.109,73.34,105.6,5.92,720,,,
mae_takhrai,แม่ตะไคร้,เชียงใหม่,2565,2022,7,,,0,dnp_tourism,https://catalog.dnp.go.th/dataset/91d66c6a-5b88-41ee-8597-11be8aec5aa6/resource/be300299-f9a3-4eac-b558-0c088dd77a64/download/tourism59-68.csv,2026-09-16T11:38:42.042052+00:00,1.0,26.354,80.824,263.0,4.229,744,,,
mae_takhrai,แม่ตะไคร้,เชียงใหม่,2565,2022,8,,,13,dnp_tourism,https://catalog.dnp.go.th/dataset/91d66c6a-5b88-41ee-8597-11be8aec5aa6/resource/be300299-f9a3-4eac-b558-0c088dd77a64/download/tourism59-68.csv,2026-09-16T11:38:42.042054+00:00,1.0,25.746,82.759,302.0,4.711,744,,,
mae_takhrai,แม่ตะไคร้,เชียงใหม่,2565,2022,9,,,226,dnp_tourism,https://catalog.dnp.go.th/dataset/91d66c6a-5b88-41ee-8597-11be8aec5aa6/resource/be300299-f9a3-4eac-b558-0c088dd77a64/download/tourism59-68.csv,2026-09-16T11:38:42.042057+00:00,1.0,25.159,84.908,427.3,3.977,720,,,
khun_khan,ขุนขาน,เชียงใหม่,2565,2021,10,,,49,dnp_tourism,https://catalog.dnp.go.th/dataset/91d66c6a-5b88-41ee-8597-11be8aec5aa6/resource/be300299-f9a3-4eac-b558-0c088dd77a64/download/tourism59-68.csv,2026-09-16T11:38:42.042066+00:00,1.0,22.079,89.905,281.1,4.385,744,,,
khun_khan,ขุนขาน,เชียงใหม่,2565,2021,11,,,152,dnp_tourism,https://catalog.dnp.go.th/dataset/91d66c6a-5b88-41ee-8597-11be8aec5aa6/resource/be300299-f9a3-4eac-b558-0c088dd77a64/download/tourism59-68.csv,2026-09-16T11:38:42.042068+00:00,1.0,20.801,88.258,91.8,4.329,720,,,
khun_khan,ขุนขาน,เชียงใหม่,2565,2021,12,,,350,dnp_tourism,https://catalog.dnp.go.th/dataset/91d66c6a-5b88-41ee-8597-11be8aec5aa6/resource/be300299-f9a3-4eac-b558-0c088dd77a64/download/tourism59-68.csv,2026-09-16T11:38:42.042071+00:00,1.0,17.338,79.843,9.1,5.248,744,,,
khun_khan,ขุนขาน,เชียงใหม่,2565,2022,1,,,545,dnp_tourism,https://catalog.dnp.go.th/dataset/91d66c6a-5b88-41ee-8597-11be8aec5aa6/resource/be300299-f9a3-4eac-b558-0c088dd77a64/download/tourism59-68.csv,2026-09-16T11:38:42.042073+00:00,1.0,17.578,78.503,23.3,5.788,744,36.0,0.0,252.0
khun_khan,ขุนขาน,เชียงใหม่,2565,2022,2,,,91,dnp_tourism,https://catalog.dnp.go.th/dataset/91d66c6a-5b88-41ee-8597-11be8aec5aa6/resource/be300299-f9a3-4eac-b558-0c088dd77a64/download/tourism59-68.csv,2026-09-16T11:38:42.042076+00:00,1.0,18.723,73.391,72.7,6.095,672,52.0,2.0,756.0
khun_khan,ขุนขาน,เชียงใหม่,2565,2022,3,,,60,dnp_tourism,https://catalog.dnp.go.th/dataset/91d66c6a-5b88-41ee-8597-11be8aec5aa6/resource/be300299-f9a3-4eac-b558-0c088dd77a64/download/tourism59-68.csv,2026-09-16T11:38:42.042078+00:00,1.0,23.41,73.035,35.6,5.467,744,100.0,15.0,1017.0
khun_khan,ขุนขาน,เชียงใหม่,2565,2022,4,,,473,dnp_tourism,https://catalog.dnp.go.th/dataset/91d66c6a-5b88-41ee-8597-11be8aec5aa6/resource/be300299-f9a3-4eac-b558-0c088dd77a64/download/tourism59-68.csv,2026-09-16T11:38:42.042081+00:00,1.0,23.406,76.064,81.4,5.686,720,88.0,12.0,439.0
khun_khan,ขุนขาน,เชียงใหม่,2565,2022,5,,,260,dnp_tourism,https://catalog.dnp.go.th/dataset/91d66c6a-5b88-41ee-8597-11be8aec5aa6/resource/be300299-f9a3-4eac-b558-0c088dd77a64/download/tourism59-68.csv,2026-09-16T11:38:42.042086+00:00,1.0,23.098,86.206,332.4,5.469,744,44.0,0.0,108.0
khun_khan,ขุนขาน,เชียงใหม่,2565,2022,6,,,45,dnp_tourism,https://catalog.dnp.go.th/dataset/91d66c6a-5b88-41ee-8597-11be8aec5aa6/resource/be300299-f9a3-4eac-b558-0c088dd77a64/download/tourism59-68.csv,2026-09-16T11:38:42.042088+00:00,1.0,23.742,83.353,219.7,5.538,720,,,
khun_khan,ขุนขาน,เชียงใหม่,2565,2022,7,,,61,dnp_tourism,https://catalog.dnp.go.th/dataset/91d66c6a-5b88-41ee-8597-11be8aec5aa6/resource/be300299-f9a3-4eac-b558-0c088dd77a64/download/tourism59-68.csv,2026-09-16T11:38:42.042091+00:00,1.0,23.438,87.926,307.0,4.624,744,,,
khun_khan,ขุนขาน,เชียงใหม่,2565,2022,8,,,14,dnp_tourism,https://catalog.dnp.go.th/dataset/91d66c6a-5b88-41ee-8597-11be8aec5aa6/resource/be300299-f9a3-4eac-b558-0c088dd77a64/download/tourism59-68.csv,2026-09-16T11:38:42.042093+00:00,1.0,22.953,89.894,445.3,5.299,744,,,
khun_khan,ขุนขาน,เชียงใหม่,2565,2022,9,,,30,dnp_tourism,https://catalog.dnp.go.th/dataset/91d66c6a-5b88-41ee-8597-11be8aec5aa6/resource/be300299-f9a3-4eac-b558-0c088dd77a64/download/tourism59-68.csv,2026-09-16T11:38:42.042095+00:00,1.0,22.449,90.696,402.3,4.189,720,,,
mae_wang,แม่วาง,เชียงใหม่,2565,2021,10,,,0,dnp_tourism,https://catalog.dnp.go.th/dataset/91d66c6a-5b88-41ee-8597-11be8aec5aa6/resource/be300299-f9a3-4eac-b558-0c088dd77a64/download/tourism59-68.csv,2026-09-16T11:38:42.042107+00:00,1.0,23.801,84.235,278.9,3.466,744,,,
mae_wang,แม่วาง,เชียงใหม่,2565,2021,11,,,2527,dnp_tourism,https://catalog.dnp.go.th/dataset/91d66c6a-5b88-41ee-8597-11be8aec5aa6/resource/be300299-f9a3-4eac-b558-0c088dd77a64/download/tourism59-68.csv,2026-09-16T11:38:42.042110+00:00,1.0,22.716,82.958,111.4,3.355,720,,,
mae_wang,แม่วาง,เชียงใหม่,2565,2021,12,,,10205,dnp_tourism,https://catalog.dnp.go.th/dataset/91d66c6a-5b88-41ee-8597-11be8aec5aa6/resource/be300299-f9a3-4eac-b558-0c088dd77a64/download/tourism59-68.csv,2026-09-16T11:38:42.042112+00:00,1.0,19.193,74.075,2.4,3.9,744,,,
mae_wang,แม่วาง,เชียงใหม่,2565,2022,1,,,6639,dnp_tourism,https://catalog.dnp.go.th/dataset/91d66c6a-5b88-41ee-8597-11be8aec5aa6/resource/be300299-f9a3-4eac-b558-0c088dd77a64/download/tourism59-68.csv,2026-09-16T11:38:42.042115+00:00,1.0,19.492,70.88,27.5,4.235,744,36.0,0.0,252.0
mae_wang,แม่วาง,เชียงใหม่,2565,2022,2,,,3190,dnp_tourism,https://catalog.dnp.go.th/dataset/91d66c6a-5b88-41ee-8597-11be8aec5aa6/resource/be300299-f9a3-4eac-b558-0c088dd77a64/download/tourism59-68.csv,2026-09-16T11:38:42.042117+00:00,1.0,20.749,65.592,40.4,4.622,672,52.0,2.0,756.0
mae_wang,แม่วาง,เชียงใหม่,2565,2022,3,,,1694,dnp_tourism,https://catalog.dnp.go.th/dataset/91d66c6a-5b88-41ee-8597-11be8aec5aa6/resource/be300299-f9a3-4eac-b558-0c088dd77a64/download/tourism59-68.csv,2026-09-16T11:38:42.042120+00:00,1.0,26.353,60.417,32.7,4.821,744,100.0,15.0,1017.0
mae_wang,แม่วาง,เชียงใหม่,2565,2022,4,,,2377,dnp_tourism,https://catalog.dnp.go.th/dataset/91d66c6a-5b88-41ee-8597-11be8aec5aa6/resource/be300299-f9a3-4eac-b558-0c088dd77a64/download/tourism59-68.csv,2026-09-16T11:38:42.042122+00:00,1.0,25.762,67.007,76.5,5.004,720,88.0,12.0,439.0
mae_wang,แม่วาง,เชียงใหม่,2565,2022,5,,,1864,dnp_tourism,https://catalog.dnp.go.th/dataset/91d66c6a-5b88-41ee-8597-11be8aec5aa6/resource/be300299-f9a3-4eac-b558-0c088dd77a64/download/tourism59-68.csv,2026-09-16T11:38:42.042125+00:00,1.0,25.021,79.962,449.2,4.74,744,44.0,0.0,108.0
mae_wang,แม่วาง,เชียงใหม่,2565,2022,6,,,1665,dnp_tourism,https://catalog.dnp.go.th/dataset/91d66c6a-5b88-41ee-8597-11be8aec5aa6/resource/be300299-f9a3-4eac-b558-0c088dd77a64/download/tourism59-68.csv,2026-09-16T11:38:42.042127+00:00,1.0,26.23,73.701,75.5,4.991,720,,,
mae_wang,แม่วาง,เชียงใหม่,2565,2022,7,,,2642,dnp_tourism,https://catalog.dnp.go.th/dataset/91d66c6a-5b88-41ee-8597-11be8aec5aa6/resource/be300299-f9a3-4eac-b558-0c088dd77a64/download/tourism59-68.csv,2026-09-16T11:38:42.042130+00:00,1.0,25.056,83.099,311.6,3.808,744,,,
mae_wang,แม่วาง,เชียงใหม่,2565,2022,8,,,1979,dnp_tourism,https://catalog.dnp.go.th/dataset/91d66c6a-5b88-41ee-8597-11be8aec5aa6/resource/be300299-f9a3-4eac-b558-0c088dd77a64/download/tourism59-68.csv,2026-09-16T11:38:42.042132+00:00,1.0,24.286,87.27,409.4,4.014,744,,,
mae_wang,แม่วาง,เชียงใหม่,2565,2022,9,,,2390,dnp_tourism,https://catalog.dnp.go.th/dataset/91d66c6a-5b88-41ee-8597-11be8aec5aa6/resource/be300299-f9a3-4eac-b558-0c088dd77a64/download/tourism59-68.csv,2026-09-16T11:38:42.042134+00:00,1.0,23.93,86.694,520.6,3.37,720,,,
doi_inthanon,ดอยอินทนนท์,เชียงใหม่,2566,2022,10,,,66475,dnp_tourism,https://catalog.dnp.go.th/dataset/91d66c6a-5b88-41ee-8597-11be8aec5aa6/resource/be300299-f9a3-4eac-b558-0c088dd77a64/download/tourism59-68.csv,2026-09-16T11:38:42.042807+00:00,1.0,11.242,83.122,116.9,4.855,744,,,
doi_inthanon,ดอยอินทนนท์,เชียงใหม่,2566,2022,11,,,95117,dnp_tourism,https://catalog.dnp.go.th/dataset/91d66c6a-5b88-41ee-8597-11be8aec5aa6/resource/be300299-f9a3-4eac-b558-0c088dd77a64/download/tourism59-68.csv,2026-09-16T11:38:42.042811+00:00,1.0,10.825,78.058,75.7,3.547,720,,,
doi_inthanon,ดอยอินทนนท์,เชียงใหม่,2566,2022,12,,,168307,dnp_tourism,https://catalog.dnp.go.th/dataset/91d66c6a-5b88-41ee-8597-11be8aec5aa6/resource/be300299-f9a3-4eac-b558-0c088dd77a64/download/tourism59-68.csv,2026-09-16T11:38:42.042814+00:00,1.0,8.9,81.141,33.7,4.128,744,,,
doi_inthanon,ดอยอินทนนท์,เชียงใหม่,2566,2023,1,,,131995,dnp_tourism,https://catalog.dnp.go.th/dataset/91d66c6a-5b88-41ee-8597-11be8aec5aa6/resource/be300299-f9a3-4eac-b558-0c088dd77a64/download/tourism59-68.csv,2026-09-16T11:38:42.042816+00:00,1.0,8.156,66.769,4.3,4.925,744,60.0,2.0,395.0
doi_inthanon,ดอยอินทนนท์,เชียงใหม่,2566,2023,2,,,62377,dnp_tourism,https://catalog.dnp.go.th/dataset/91d66c6a-5b88-41ee-8597-11be8aec5aa6/resource/be300299-f9a3-4eac-b558-0c088dd77a64/download/tourism59-68.csv,2026-09-16T11:38:42.042819+00:00,1.0,10.794,58.725,17.3,5.083,672,105.0,14.0,2607.0
doi_inthanon,ดอยอินทนนท์,เชียงใหม่,2566,2023,3,,,37011,dnp_tourism,https://catalog.dnp.go.th/dataset/91d66c6a-5b88-41ee-8597-11be8aec5aa6/resource/be300299-f9a3-4eac-b558-0c088dd77a64/download/tourism59-68.csv,2026-09-16T11:38:42.042822+00:00,1.0,12.711,59.996,27.8,5.066,744,153.0,26.0,4104.0
doi_inthanon,ดอยอินทนนท์,เชียงใหม่,2566,2023,4,,,44622,dnp_tourism,https://catalog.dnp.go.th/dataset/91d66c6a-5b88-41ee-8597-11be8aec5aa6/resource/be300299-f9a3-4eac-b558-0c088dd77a64/download/tourism59-68.csv,2026-09-16T11:38:42.042824+00:00,1.0,15.674,56.092,14.9,5.526,720,230.0,25.0,5420.0
doi_inthanon,ดอยอินทนนท์,เชียงใหม่,2566,2023,5,,,22185,dnp_tourism,https://catalog.dnp.go.th/dataset/91d66c6a-5b88-41ee-8597-11be8aec5aa6/resource/be300299-f9a3-4eac-b558-0c088dd77a64/download/tourism59-68.csv,2026-09-16T11:38:42.042827+00:00,1.0,13.968,79.992,199.2,4.786,744,62.0,2.0,568.0
doi_inthanon,ดอยอินทนนท์,เชียงใหม่,2566,2023,6,,,26403,dnp_tourism,https://catalog.dnp.go.th/dataset/91d66c6a-5b88-41ee-8597-11be8aec5aa6/resource/be300299-f9a3-4eac-b558-0c088dd77a64/download/tourism59-68.csv,2026-09-16T11:38:42.042829+00:00,1.0,12.463,89.685,316.9,6.222,720,,,
doi_inthanon,ดอยอินทนนท์,เชียงใหม่,2566,2023,7,,,36784,dnp_tourism,https://catalog.dnp.go.th/dataset/91d66c6a-5b88-41ee-8597-11be8aec5aa6/resource/be300299-f9a3-4eac-b558-0c088dd77a64/download/tourism59-68.csv,2026-09-16T11:38:42.042832+00:00,1.0,12.64,89.399,334.6,5.384,744,,,
doi_inthanon,ดอยอินทนนท์,เชียงใหม่,2566,2023,8,,,35789,dnp_tourism,https://catalog.dnp.go.th/dataset/91d66c6a-5b88-41ee-8597-11be8aec5aa6/resource/be300299-f9a3-4eac-b558-0c088dd77a64/download/tourism59-68.csv,2026-09-16T11:38:42.042834+00:00,1.0,12.156,90.823,388.7,6.091,744,,,
doi_inthanon,ดอยอินทนนท์,เชียงใหม่,2566,2023,9,,,30973,dnp_tourism,https://catalog.dnp.go.th/dataset/91d66c6a-5b88-41ee-8597-11be8aec5aa6/resource/be300299-f9a3-4eac-b558-0c088dd77a64/download/tourism59-68.csv,2026-09-16T11:38:42.042837+00:00,1.0,12.29,90.749,538.8,4.05,720,,,
mae_ping,แม่ปิง,เชียงใหม่,2566,2022,10,,,1057,dnp_tourism,https://catalog.dnp.go.th/dataset/91d66c6a-5b88-41ee-8597-11be8aec5aa6/resource/be300299-f9a3-4eac-b558-0c088dd77a64/download/tourism59-68.csv,2026-09-16T11:38:42.042846+00:00,1.0,21.797,84.95,185.3,3.989,744,,,
mae_ping,แม่ปิง,เชียงใหม่,2566,2022,11,,,1710,dnp_tourism,https://catalog.dnp.go.th/dataset/91d66c6a-5b88-41ee-8597-11be8aec5aa6/resource/be300299-f9a3-4eac-b558-0c088dd77a64/download/tourism59-68.csv,2026-09-16T11:38:42.042848+00:00,1.0,21.515,81.347,84.1,3.284,720,,,
mae_ping,แม่ปิง,เชียงใหม่,2566,2022,12,,,3618,dnp_tourism,https://catalog.dnp.go.th/dataset/91d66c6a-5b88-41ee-8597-11be8aec5aa6/resource/be300299-f9a3-4eac-b558-0c088dd77a64/download/tourism59-68.csv,2026-09-16T11:38:42.042851+00:00,1.0,19.339,81.344,24.4,4.409,744,,,
mae_ping,แม่ปิง,เชียงใหม่,2566,2023,1,,,3391,dnp_tourism,https://catalog.dnp.go.th/dataset/91d66c6a-5b88-41ee-8597-11be8aec5aa6/resource/be300299-f9a3-4eac-b558-0c088dd77a64/download/tourism59-68.csv,2026-09-16T11:38:42.042854+00:00,1.0,18.219,71.538,1.3,4.438,744,60.0,2.0,395.0
mae_ping,แม่ปิง,เชียงใหม่,2566,2023,2,,,1470,dnp_tourism,https://catalog.dnp.go.th/dataset/91d66c6a-5b88-41ee-8597-11be8aec5aa6/resource/be300299-f9a3-4eac-b558-0c088dd77a64/download/tourism59-68.csv,2026-09-16T11:38:42.042856+00:00,1.0,20.889,63.679,19.4,5.058,672,105.0,14.0,2607.0
mae_ping,แม่ปิง,เชียงใหม่,2566,2023,3,,,1802,dnp_tourism,https://catalog.dnp.go.th/dataset/91d66c6a-5b88-41ee-8597-11be8aec5aa6/resource/be300299-f9a3-4eac-b558-0c088dd77a64/download/tourism59-68.csv,2026-09-16T11:38:42.042858+00:00,1.0,23.489,62.501,36.0,4.684,744,153.0,26.0,4104.0
mae_ping,แม่ปิง,เชียงใหม่,2566,2023,4,,,4218,dnp_tourism,https://catalog.dnp.go.th/dataset/91d66c6a-5b88-41ee-8597-11be8aec5aa6/resource/be300299-f9a3-4eac-b558-0c088dd77a64/download/tourism59-68.csv,2026-09-16T11:38:42.042861+00:00,1.0,26.586,59.836,26.0,4.509,720,230.0,25.0,5420.0
mae_ping,แม่ปิง,เชียงใหม่,2566,2023,5,,,894,dnp_tourism,https://catalog.dnp.go.th/dataset/91d66c6a-5b88-41ee-8597-11be8aec5aa6/resource/be300299-f9a3-4eac-b558-0c088dd77a64/download/tourism59-68.csv,2026-09-16T11:38:42.042863+00:00,1.0,25.749,73.238,114.1,4.678,744,62.0,2.0,568.0
mae_ping,แม่ปิง,เชียงใหม่,2566,2023,6,,,790,dnp_tourism,https://catalog.dnp.go.th/dataset/91d66c6a-5b88-41ee-8597-11be8aec5aa6/resource/be300299-f9a3-4eac-b558-0c088dd77a64/download/tourism59-68.csv,2026-09-16T11:38:42.042866+00:00,1.0,24.831,76.442,200.9,5.33,720,,,
mae_ping,แม่ปิง,เชียงใหม่,2566,2023,7,,,998,dnp_tourism,https://catalog.dnp.go.th/dataset/91d66c6a-5b88-41ee-8597-11be8aec5aa6/resource/be300299-f9a3-4eac-b558-0c088dd77a64/download/tourism59-68.csv,2026-09-16T11:38:42.042870+00:00,1.0,24.435,81.008,232.7,4.618,744,,,
mae_ping,แม่ปิง,เชียงใหม่,2566,2023,8,,,936,dnp_tourism,https://catalog.dnp.go.th/dataset/91d66c6a-5b88-41ee-8597-11be8aec5aa6/resource/be300299-f9a3-4eac-b558-0c088dd77a64/download/tourism59-68.csv,2026-09-16T11:38:42.042873+00:00,1.0,24.009,81.648,212.9,5.019,744,,,
mae_ping,แม่ปิง,เชียงใหม่,2566,2023,9,,,704,dnp_tourism,https://catalog.dnp.go.th/dataset/91d66c6a-5b88-41ee-8597-11be8aec5aa6/resource/be300299-f9a3-4eac-b558-0c088dd77a64/download/tourism59-68.csv,2026-09-16T11:38:42.042878+00:00,1.0,23.205,89.1,484.7,3.76,720,,,
pha_daeng,ผาแดง,เชียงใหม่,2566,2022,10,,,2327,dnp_tourism,https://catalog.dnp.go.th/dataset/91d66c6a-5b88-41ee-8597-11be8aec5aa6/resource/be300299-f9a3-4eac-b558-0c088dd77a64/download/tourism59-68.csv,2026-09-16T11:38:42.042887+00:00,1.0,23.618,83.718,166.9,3.565,744,,,
pha_daeng,ผาแดง,เชียงใหม่,2566,2022,11,,,2592,dnp_tourism,https://catalog.dnp.go.th/dataset/91d66c6a-5b88-41ee-8597-11be8aec5aa6/resource/be300299-f9a3-4eac-b558-0c088dd77a64/download/tourism59-68.csv,2026-09-16T11:38:42.042890+00:00,1.0,22.863,78.932,72.4,3.536,720,,,
pha_daeng,ผาแดง,เชียงใหม่,2566,2022,12,,,5227,dnp_tourism,https://catalog.dnp.go.th/dataset/91d66c6a-5b88-41ee-8597-11be8aec5aa6/resource/be300299-f9a3-4eac-b558-0c088dd77a64/download/tourism59-68.csv,2026-09-16T11:38:42.042892+00:00,1.0,21.382,76.413,35.8,3.694,744,,,
pha_daeng,ผาแดง,เชียงใหม่,2566,2023,1,,,7200,dnp_tourism,https://catalog.dnp.go.th/dataset/91d66c6a-5b88-41ee-8597-11be8aec5aa6/resource/be300299-f9a3-4eac-b558-0c088dd77a64/download/tourism59-68.csv,2026-09-16T11:38:42.042895+00:00,1.0,19.695,67.074,0.9,4.257,744,60.0,2.0,395.0
pha_daeng,ผาแดง,เชียงใหม่,2566,2023,2,,,3010,dnp_tourism,https://catalog.dnp.go.th/dataset/91d66c6a-5b88-41ee-8597-11be8aec5aa6/resource/be300299-f9a3-4eac-b558-0c088dd77a64/download/tourism59-68.csv,2026-09-16T11:38:42.042897+00:00,1.0,21.376,67.853,34.2,4.079,672,105.0,14.0,2607.0
pha_daeng,ผาแดง,เชียงใหม่,2566,2023,3,,,3027,dnp_tourism,https://catalog.dnp.go.th/dataset/91d66c6a-5b88-41ee-8597-11be8aec5aa6/resource/be300299-f9a3-4eac-b558-0c088dd77a64/download/tourism59-68.csv,2026-09-16T11:38:42.042900+00:00,1.0,24.026,65.028,13.9,3.737,744,153.0,26.0,4104.0
pha_daeng,ผาแดง,เชียงใหม่,2566,2023,4,,,7052,dnp_tourism,https://catalog.dnp.go.th/dataset/91d66c6a-5b88-41ee-8597-11be8aec5aa6/resource/be300299-f9a3-4eac-b558-0c088dd77a64/download/tourism59-68.csv,2026-09-16T11:38:42.042902+00:00,1.0,27.424,59.669,19.0,3.987,720,230.0,25.0,5420.0
pha_daeng,ผาแดง,เชียงใหม่,2566,2023,5,,,1927,dnp_tourism,https://catalog.dnp.go.th/dataset/91d66c6a-5b88-41ee-8597-11be8aec5aa6/resource/be300299-f9a3-4eac-b558-0c088dd77a64/download/tourism59-68.csv,2026-09-16T11:38:42.042905+00:00,1.0,27.194,74.87,110.6,3.726,744,62.0,2.0,568.0
pha_daeng,ผาแดง,เชียงใหม่,2566,2023,6,,,1494,dnp_tourism,https://catalog.dnp.go.th/dataset/91d66c6a-5b88-41ee-8597-11be8aec5aa6/resource/be300299-f9a3-4eac-b558-0c088dd77a64/download/tourism59-68.csv,2026-09-16T11:38:42.042907+00:00,1.0,25.983,85.493,338.6,4.083,720,,,
pha_daeng,ผาแดง,เชียงใหม่,2566,2023,7,,,1954,dnp_tourism,https://catalog.dnp.go.th/dataset/91d66c6a-5b88-41ee-8597-11be8aec5aa6/resource/be300299-f9a3-4eac-b558-0c088dd77a64/download/tourism59-68.csv,2026-09-16T11:38:42.042912+00:00,1.0,26.185,85.767,364.8,3.691,744,,,
pha_daeng,ผาแดง,เชียงใหม่,2566,2023,8,,,1659,dnp_tourism,https://catalog.dnp.go.th/dataset/91d66c6a-5b88-41ee-8597-11be8aec5aa6/resource/be300299-f9a3-4eac-b558-0c088dd77a64/download/tourism59-68.csv,2026-09-16T11:38:42.042914+00:00,1.0,25.15,90.364,530.9,3.984,744,,,
pha_daeng,ผาแดง,เชียงใหม่,2566,2023,9,,,1173,dnp_tourism,https://catalog.dnp.go.th/dataset/91d66c6a-5b88-41ee-8597-11be8aec5aa6/resource/be300299-f9a3-4eac-b558-0c088dd77a64/download/tourism59-68.csv,2026-09-16T11:38:42.042917+00:00,1.0,24.977,90.085,444.8,3.267,720,,,
doi_pha_hom_pok,ดอยผ้าห่มปก,เชียงใหม่,2566,2022,10,,,5752,dnp_tourism,https://catalog.dnp.go.th/dataset/91d66c6a-5b88-41ee-8597-11be8aec5aa6/resource/be300299-f9a3-4eac-b558-0c088dd77a64/download/tourism59-68.csv,2026-09-16T11:38:42.042926+00:00,1.0,23.491,75.431,107.8,4.002,744,,,
doi_pha_hom_pok,ดอยผ้าห่มปก,เชียงใหม่,2566,2022,11,,,5527,dnp_tourism,https://catalog.dnp.go.th/dataset/91d66c6a-5b88-41ee-8597-11be8aec5aa6/resource/be300299-f9a3-4eac-b558-0c088dd77a64/download/tourism59-68.csv,2026-09-16T11:38:42.042928+00:00,1.0,22.203,74.071,48.3,3.548,720,,,
doi_pha_hom_pok,ดอยผ้าห่มปก,เชียงใหม่,2566,2022,12,,,16471,dnp_tourism,https://catalog.dnp.go.th/dataset/91d66c6a-5b88-41ee-8597-11be8aec5aa6/resource/be300299-f9a3-4eac-b558-0c088dd77a64/download/tourism59-68.csv,2026-09-16T11:38:42.042931+00:00,1.0,20.297,76.086,63.9,3.716,744,,,
doi_pha_hom_pok,ดอยผ้าห่มปก,เชียงใหม่,2566,2023,1,,,19096,dnp_tourism,https://catalog.dnp.go.th/dataset/91d66c6a-5b88-41ee-8597-11be8aec5aa6/resource/be300299-f9a3-4eac-b558-0c088dd77a64/download/tourism59-68.csv,2026-09-16T11:38:42.042933+00:00,1.0,19.216,63.743,0.8,4.127,744,60.0,2.0,395.0
doi_pha_hom_pok,ดอยผ้าห่มปก,เชียงใหม่,2566,2023,2,,,7586,dnp_tourism,https://catalog.dnp.go.th/dataset/91d66c6a-5b88-41ee-8597-11be8aec5aa6/resource/be300299-f9a3-4eac-b558-0c088dd77a64/download/tourism59-68.csv,2026-09-16T11:38:42.042936+00:00,1.0,21.248,61.908,25.5,4.335,672,105.0,14.0,2607.0
doi_pha_hom_pok,ดอยผ้าห่มปก,เชียงใหม่,2566,2023,3,,,4908,dnp_tourism,https://catalog.dnp.go.th/dataset/91d66c6a-5b88-41ee-8597-11be8aec5aa6/resource/be300299-f9a3-4eac-b558-0c088dd77a64/download/tourism59-68.csv,2026-09-16T11:38:42.042938+00:00,1.0,24.187,57.152,12.8,4.776,744,153.0,26.0,4104.0
doi_pha_hom_pok,ดอยผ้าห่มปก,เชียงใหม่,2566,2023,4,,,10927,dnp_tourism,https://catalog.dnp.go.th/dataset/91d66c6a-5b88-41ee-8597-11be8aec5aa6/resource/be300299-f9a3-4eac-b558-0c088dd77a64/download/tourism59-68.csv,2026-09-16T11:38:42.042941+00:00,1.0,27.987,48.753,37.1,5.081,720,230.0,25.0,5420.0
doi_pha_hom_pok,ดอยผ้าห่มปก,เชียงใหม่,2566,2023,5,,,2354,dnp_tourism,https://catalog.dnp.go.th/dataset/91d66c6a-5b88-41ee-8597-11be8aec5aa6/resource/be300299-f9a3-4eac-b558-0c088dd77a64/download/tourism59-68.csv,2026-09-16T11:38:42.042943+00:00,1.0,27.263,66.091,95.1,4.655,744,62.0,2.0,568.0
doi_pha_hom_pok,ดอยผ้าห่มปก,เชียงใหม่,2566,2023,6,,,2380,dnp_tourism,https://catalog.dnp.go.th/dataset/91d66c6a-5b88-41ee-8597-11be8aec5aa6/resource/be300299-f9a3-4eac-b558-0c088dd77a64/download/tourism59-68.csv,2026-09-16T11:38:42.042946+00:00,1.0,25.942,78.66,204.8,4.343,720,,,
doi_pha_hom_pok,ดอยผ้าห่มปก,เชียงใหม่,2566,2023,7,,,3871,dnp_tourism,https://catalog.dnp.go.th/dataset/91d66c6a-5b88-41ee-8597-11be8aec5aa6/resource/be300299-f9a3-4eac-b558-0c088dd77a64/download/tourism59-68.csv,2026-09-16T11:38:42.042948+00:00,1.0,25.987,78.212,228.4,4.298,744,,,
doi_pha_hom_pok,ดอยผ้าห่มปก,เชียงใหม่,2566,2023,8,,,3820,dnp_tourism,https://catalog.dnp.go.th/dataset/91d66c6a-5b88-41ee-8597-11be8aec5aa6/resource/be300299-f9a3-4eac-b558-0c088dd77a64/download/tourism59-68.csv,2026-09-16T11:38:42.042950+00:00,1.0,24.924,83.827,325.7,3.791,744,,,
doi_pha_hom_pok,ดอยผ้าห่มปก,เชียงใหม่,2566,2023,9,,,2027,dnp_tourism,https://catalog.dnp.go.th/dataset/91d66c6a-5b88-41ee-8597-11be8aec5aa6/resource/be300299-f9a3-4eac-b558-0c088dd77a64/download/tourism59-68.csv,2026-09-16T11:38:42.042953+00:00,1.0,24.608,83.247,269.8,3.492,720,,,
huai_nam_dang,ห้วยน้ำดัง,เชียงใหม่,2566,2022,10,,,10292,dnp_tourism,https://catalog.dnp.go.th/dataset/91d66c6a-5b88-41ee-8597-11be8aec5aa6/resource/be300299-f9a3-4eac-b558-0c088dd77a64/download/tourism59-68.csv,2026-09-16T11:38:42.042962+00:00,1.0,18.334,82.142,168.4,5.071,744,,,
huai_nam_dang,ห้วยน้ำดัง,เชียงใหม่,2566,2022,11,,,17881,dnp_tourism,https://catalog.dnp.go.th/dataset/91d66c6a-5b88-41ee-8597-11be8aec5aa6/resource/be300299-f9a3-4eac-b558-0c088dd77a64/download/tourism59-68.csv,2026-09-16T11:38:42.042964+00:00,1.0,17.767,77.763,62.7,3.352,720,,,
huai_nam_dang,ห้วยน้ำดัง,เชียงใหม่,2566,2022,12,,,36287,dnp_tourism,https://catalog.dnp.go.th/dataset/91d66c6a-5b88-41ee-8597-11be8aec5aa6/resource/be300299-f9a3-4eac-b558-0c088dd77a64/download/tourism59-68.csv,2026-09-16T11:38:42.042967+00:00,1.0,15.9,79.13,20.3,4.796,744,,,
huai_nam_dang,ห้วยน้ำดัง,เชียงใหม่,2566,2023,1,,,26788,dnp_tourism,https://catalog.dnp.go.th/dataset/91d66c6a-5b88-41ee-8597-11be8aec5aa6/resource/be300299-f9a3-4eac-b558-0c088dd77a64/download/tourism59-68.csv,2026-09-16T11:38:42.042969+00:00,1.0,14.856,66.44,1.4,4.887,744,60.0,2.0,395.0
huai_nam_dang,ห้วยน้ำดัง,เชียงใหม่,2566,2023,2,,,12958,dnp_tourism,https://catalog.dnp.go.th/dataset/91d66c6a-5b88-41ee-8597-11be8aec5aa6/resource/be300299-f9a3-4eac-b558-0c088dd77a64/download/tourism59-68.csv,2026-09-16T11:38:42.042972+00:00,1.0,17.039,63.397,26.6,5.098,672,105.0,14.0,2607.0
huai_nam_dang,ห้วยน้ำดัง,เชียงใหม่,2566,2023,3,,,7769,dnp_tourism,https://catalog.dnp.go.th/dataset/91d66c6a-5b88-41ee-8597-11be8aec5aa6/resource/be300299-f9a3-4eac-b558-0c088dd77a64/download/tourism59-68.csv,2026-09-16T11:38:42.042974+00:00,1.0,19.652,59.539,14.1,5.298,744,153.0,26.0,4104.0
huai_nam_dang,ห้วยน้ำดัง,เชียงใหม่,2566,2023,4,,,4938,dnp_tourism,https://catalog.dnp.go.th/dataset/91d66c6a-5b88-41ee-8597-11be8aec5aa6/resource/be300299-f9a3-4eac-b558-0c088dd77a64/download/tourism59-68.csv,2026-09-16T11:38:42.042977+00:00,1.0,22.728,54.514,20.0,5.638,720,230.0,25.0,5420.0
huai_nam_dang,ห้วยน้ำดัง,เชียงใหม่,2566,2023,5,,,2123,dnp_tourism,https://catalog.dnp.go.th/dataset/91d66c6a-5b88-41ee-8597-11be8aec5aa6/resource/be300299-f9a3-4eac-b558-0c088dd77a64/download/tourism59-68.csv,2026-09-16T11:38:42.042979+00:00,1.0,21.242,76.922,145.8,5.129,744,62.0,2.0,568.0
huai_nam_dang,ห้วยน้ำดัง,เชียงใหม่,2566,2023,6,,,3290,dnp_tourism,https://catalog.dnp.go.th/dataset/91d66c6a-5b88-41ee-8597-11be8aec5aa6/resource/be300299-f9a3-4eac-b558-0c088dd77a64/download/tourism59-68.csv,2026-09-16T11:38:42.042982+00:00,1.0,20.022,85.647,215.7,6.197,720,,,
huai_nam_dang,ห้วยน้ำดัง,เชียงใหม่,2566,2023,7,,,5567,dnp_tourism,https://catalog.dnp.go.th/dataset/91d66c6a-5b88-41ee-8597-11be8aec5aa6/resource/be300299-f9a3-4eac-b558-0c088dd77a64/download/tourism59-68.csv,2026-09-16T11:38:42.042984+00:00,1.0,20.071,86.53,243.2,5.228,744,,,
huai_nam_dang,ห้วยน้ำดัง,เชียงใหม่,2566,2023,8,,,4885,dnp_tourism,https://catalog.dnp.go.th/dataset/91d66c6a-5b88-41ee-8597-11be8aec5aa6/resource/be300299-f9a3-4eac-b558-0c088dd77a64/download/tourism59-68.csv,2026-09-16T11:38:42.042986+00:00,1.0,19.503,88.407,295.8,6.092,744,,,
huai_nam_dang,ห้วยน้ำดัง,เชียงใหม่,2566,2023,9,,,2549,dnp_tourism,https://catalog.dnp.go.th/dataset/91d66c6a-5b88-41ee-8597-11be8aec5aa6/resource/be300299-f9a3-4eac-b558-0c088dd77a64/download/tourism59-68.csv,2026-09-16T11:38:42.042989+00:00,1.0,19.461,89.596,368.1,3.812,720,,,
doi_suthep_pui,ดอยสุเทพ-ปุย,เชียงใหม่,2566,2022,10,,,13590,dnp_tourism,https://catalog.dnp.go.th/dataset/91d66c6a-5b88-41ee-8597-11be8aec5aa6/resource/be300299-f9a3-4eac-b558-0c088dd77a64/download/tourism59-68.csv,2026-09-16T11:38:42.042998+00:00,1.0,20.865,79.878,195.5,3.885,744,,,
doi_suthep_pui,ดอยสุเทพ-ปุย,เชียงใหม่,2566,2022,11,,,20758,dnp_tourism,https://catalog.dnp.go.th/dataset/91d66c6a-5b88-41ee-8597-11be8aec5aa6/resource/be300299-f9a3-4eac-b558-0c088dd77a64/download/tourism59-68.csv,2026-09-16T11:38:42.043001+00:00,1.0,20.974,71.447,41.8,3.404,720,,,
doi_suthep_pui,ดอยสุเทพ-ปุย,เชียงใหม่,2566,2022,12,,,27056,dnp_tourism,https://catalog.dnp.go.th/dataset/91d66c6a-5b88-41ee-8597-11be8aec5aa6/resource/be300299-f9a3-4eac-b558-0c088dd77a64/download/tourism59-68.csv,2026-09-16T11:38:42.043003+00:00,1.0,19.007,73.184,30.9,4.308,744,,,
doi_suthep_pui,ดอยสุเทพ-ปุย,เชียงใหม่,2566,2023,1,,,26497,dnp_tourism,https://catalog.dnp.go.th/dataset/91d66c6a-5b88-41ee-8597-11be8aec5aa6/resource/be300299-f9a3-4eac-b558-0c088dd77a64/download/tourism59-68.csv,2026-09-16T11:38:42.043007+00:00,1.0,18.015,61.767,1.3,4.165,744,60.0,2.0,395.0
doi_suthep_pui,ดอยสุเทพ-ปุย,เชียงใหม่,2566,2023,2,,,21391,dnp_tourism,https://catalog.dnp.go.th/dataset/91d66c6a-5b88-41ee-8597-11be8aec5aa6/resource/be300299-f9a3-4eac-b558-0c088dd77a64/download/tourism59-68.csv,2026-09-16T11:38:42.043010+00:00,1.0,19.942,60.936,34.3,4.46,672,105.0,14.0,2607.0
doi_suthep_pui,ดอยสุเทพ-ปุย,เชียงใหม่,2566,2023,3,,,20565,dnp_tourism,https://catalog.dnp.go.th/dataset/91d66c6a-5b88-41ee-8597-11be8aec5aa6/resource/be300299-f9a3-4eac-b558-0c088dd77a64/download/tourism59-68.csv,2026-09-16T11:38:42.043012+00:00,1.0,21.94,62.249,26.7,4.408,744,153.0,26.0,4104.0
doi_suthep_pui,ดอยสุเทพ-ปุย,เชียงใหม่,2566,2023,4,,,29631,dnp_tourism,https://catalog.dnp.go.th/dataset/91d66c6a-5b88-41ee-8597-11be8aec5aa6/resource/be300299-f9a3-4eac-b558-0c088dd77a64/download/tourism59-68.csv,2026-09-16T11:38:42.043015+00:00,1.0,25.701,50.951,16.6,5.207,720,230.0,25.0,5420.0
doi_suthep_pui,ดอยสุเทพ-ปุย,เชียงใหม่,2566,2023,5,,,17098,dnp_tourism,https://catalog.dnp.go.th/dataset/91d66c6a-5b88-41ee-8597-11be8aec5aa6/resource/be300299-f9a3-4eac-b558-0c088dd77a64/download/tourism59-68.csv,2026-09-16T11:38:42.043018+00:00,1.0,24.081,73.556,141.5,4.367,744,62.0,2.0,568.0
doi_suthep_pui,ดอยสุเทพ-ปุย,เชียงใหม่,2566,2023,6,,,14449,dnp_tourism,https://catalog.dnp.go.th/dataset/91d66c6a-5b88-41ee-8597-11be8aec5aa6/resource/be300299-f9a3-4eac-b558-0c088dd77a64/download/tourism59-68.csv,2026-09-16T11:38:42.043020+00:00,1.0,22.627,84.468,315.7,3.769,720,,,
doi_suthep_pui,ดอยสุเทพ-ปุย,เชียงใหม่,2566,2023,7,,,24398,dnp_tourism,https://catalog.dnp.go.th/dataset/91d66c6a-5b88-41ee-8597-11be8aec5aa6/resource/be300299-f9a3-4eac-b558-0c088dd77a64/download/tourism59-68.csv,2026-09-16T11:38:42.043022+00:00,1.0,22.708,83.458,271.8,3.934,744,,,
doi_suthep_pui,ดอยสุเทพ-ปุย,เชียงใหม่,2566,2023,8,,,15129,dnp_tourism,https://catalog.dnp.go.th/dataset/91d66c6a-5b88-41ee-8597-11be8aec5aa6/resource/be300299-f9a3-4eac-b558-0c088dd77a64/download/tourism59-68.csv,2026-09-16T11:38:42.043025+00:00,1.0,21.893,88.144,336.3,3.278,744,,,
doi_suthep_pui,ดอยสุเทพ-ปุย,เชียงใหม่,2566,2023,9,,,11495,dnp_tourism,https://catalog.dnp.go.th/dataset/91d66c6a-5b88-41ee-8597-11be8aec5aa6/resource/be300299-f9a3-4eac-b558-0c088dd77a64/download/tourism59-68.csv,2026-09-16T11:38:42.043027+00:00,1.0,21.572,89.14,577.6,3.51,720,,,
ob_luang,ออบหลวง,เชียงใหม่,2566,2022,10,,,2755,dnp_tourism,https://catalog.dnp.go.th/dataset/91d66c6a-5b88-41ee-8597-11be8aec5aa6/resource/be300299-f9a3-4eac-b558-0c088dd77a64/download/tourism59-68.csv,2026-09-16T11:38:42.043036+00:00,1.0,22.043,84.555,118.5,5.738,744,,,
ob_luang,ออบหลวง,เชียงใหม่,2566,2022,11,,,4842,dnp_tourism,https://catalog.dnp.go.th/dataset/91d66c6a-5b88-41ee-8597-11be8aec5aa6/resource/be300299-f9a3-4eac-b558-0c088dd77a64/download/tourism59-68.csv,2026-09-16T11:38:42.043039+00:00,1.0,21.278,81.689,49.4,4.392,720,,,
ob_luang,ออบหลวง,เชียงใหม่,2566,2022,12,,,7511,dnp_tourism,https://catalog.dnp.go.th/dataset/91d66c6a-5b88-41ee-8597-11be8aec5aa6/resource/be300299-f9a3-4eac-b558-0c088dd77a64/download/tourism59-68.csv,2026-09-16T11:38:42.043042+00:00,1.0,19.628,81.202,21.5,4.962,744,,,
ob_luang,ออบหลวง,เชียงใหม่,2566,2023,1,,,5776,dnp_tourism,https://catalog.dnp.go.th/dataset/91d66c6a-5b88-41ee-8597-11be8aec5aa6/resource/be300299-f9a3-4eac-b558-0c088dd77a64/download/tourism59-68.csv,2026-09-16T11:38:42.043044+00:00,1.0,18.033,71.565,0.9,5.652,744,60.0,2.0,395.0
ob_luang,ออบหลวง,เชียงใหม่,2566,2023,2,,,2757,dnp_tourism,https://catalog.dnp.go.th/dataset/91d66c6a-5b88-41ee-8597-11be8aec5aa6/resource/be300299-f9a3-4eac-b558-0c088dd77a64/download/tourism59-68.csv,2026-09-16T11:38:42.043047+00:00,1.0,20.274,67.576,13.5,6.282,672,105.0,14.0,2607.0
ob_luang,ออบหลวง,เชียงใหม่,2566,2023,3,,,1504,dnp_tourism,https://catalog.dnp.go.th/dataset/91d66c6a-5b88-41ee-8597-11be8aec5aa6/resource/be300299-f9a3-4eac-b558-0c088dd77a64/download/tourism59-68.csv,2026-09-16T11:38:42.043049+00:00,1.0,22.673,66.427,28.4,5.885,744,153.0,26.0,4104.0
ob_luang,ออบหลวง,เชียงใหม่,2566,2023,4,,,1822,dnp_tourism,https://catalog.dnp.go.th/dataset/91d66c6a-5b88-41ee-8597-11be8aec5aa6/resource/be300299-f9a3-4eac-b558-0c088dd77a64/download/tourism59-68.csv,2026-09-16T11:38:42.043051+00:00,1.0,26.051,62.431,22.1,6.71,720,230.0,25.0,5420.0
ob_luang,ออบหลวง,เชียงใหม่,2566,2023,5,,,1123,dnp_tourism,https://catalog.dnp.go.th/dataset/91d66c6a-5b88-41ee-8597-11be8aec5aa6/resource/be300299-f9a3-4eac-b558-0c088dd77a64/download/tourism59-68.csv,2026-09-16T11:38:42.043054+00:00,1.0,25.093,79.376,165.7,6.404,744,62.0,2.0,568.0
ob_luang,ออบหลวง,เชียงใหม่,2566,2023,6,,,1184,dnp_tourism,https://catalog.dnp.go.th/dataset/91d66c6a-5b88-41ee-8597-11be8aec5aa6/resource/be300299-f9a3-4eac-b558-0c088dd77a64/download/tourism59-68.csv,2026-09-16T11:38:42.043056+00:00,1.0,23.807,85.174,291.1,7.249,720,,,
ob_luang,ออบหลวง,เชียงใหม่,2566,2023,7,,,1864,dnp_tourism,https://catalog.dnp.go.th/dataset/91d66c6a-5b88-41ee-8597-11be8aec5aa6/resource/be300299-f9a3-4eac-b558-0c088dd77a64/download/tourism59-68.csv,2026-09-16T11:38:42.043058+00:00,1.0,23.882,85.761,264.3,7.299,744,,,
ob_luang,ออบหลวง,เชียงใหม่,2566,2023,8,,,1616,dnp_tourism,https://catalog.dnp.go.th/dataset/91d66c6a-5b88-41ee-8597-11be8aec5aa6/resource/be300299-f9a3-4eac-b558-0c088dd77a64/download/tourism59-68.csv,2026-09-16T11:38:42.043061+00:00,1.0,23.339,86.946,246.3,8.299,744,,,
ob_luang,ออบหลวง,เชียงใหม่,2566,2023,9,,,1410,dnp_tourism,https://catalog.dnp.go.th/dataset/91d66c6a-5b88-41ee-8597-11be8aec5aa6/resource/be300299-f9a3-4eac-b558-0c088dd77a64/download/tourism59-68.csv,2026-09-16T11:38:42.043063+00:00,1.0,23.108,90.869,564.1,5.001,720,,,
sri_lanna,ศรีลานนา,เชียงใหม่,2566,2022,10,,,6629,dnp_tourism,https://catalog.dnp.go.th/dataset/91d66c6a-5b88-41ee-8597-11be8aec5aa6/resource/be300299-f9a3-4eac-b558-0c088dd77a64/download/tourism59-68.csv,2026-09-16T11:38:42.043071+00:00,1.0,23.961,83.847,269.1,4.658,744,,,
sri_lanna,ศรีลานนา,เชียงใหม่,2566,2022,11,,,5469,dnp_tourism,https://catalog.dnp.go.th/dataset/91d66c6a-5b88-41ee-8597-11be8aec5aa6/resource/be300299-f9a3-4eac-b558-0c088dd77a64/download/tourism59-68.csv,2026-09-16T11:38:42.043074+00:00,1.0,23.391,79.312,59.1,4.763,720,,,
sri_lanna,ศรีลานนา,เชียงใหม่,2566,2022,12,,,9246,dnp_tourism,https://catalog.dnp.go.th/dataset/91d66c6a-5b88-41ee-8597-11be8aec5aa6/resource/be300299-f9a3-4eac-b558-0c088dd77a64/download/tourism59-68.csv,2026-09-16T11:38:42.043076+00:00,1.0,21.974,76.149,45.5,5.077,744,,,
sri_lanna,ศรีลานนา,เชียงใหม่,2566,2023,1,,,7474,dnp_tourism,https://catalog.dnp.go.th/dataset/91d66c6a-5b88-41ee-8597-11be8aec5aa6/resource/be300299-f9a3-4eac-b558-0c088dd77a64/download/tourism59-68.csv,2026-09-16T11:38:42.043079+00:00,1.0,20.666,66.948,2.1,5.696,744,60.0,2.0,395.0
sri_lanna,ศรีลานนา,เชียงใหม่,2566,2023,2,,,5352,dnp_tourism,https://catalog.dnp.go.th/dataset/91d66c6a-5b88-41ee-8597-11be8aec5aa6/resource/be300299-f9a3-4eac-b558-0c088dd77a64/download/tourism59-68.csv,2026-09-16T11:38:42.043081+00:00,1.0,22.792,65.229,58.1,4.822,672,105.0,14.0,2607.0
sri_lanna,ศรีลานนา,เชียงใหม่,2566,2023,3,,,6871,dnp_tourism,https://catalog.dnp.go.th/dataset/91d66c6a-5b88-41ee-8597-11be8aec5aa6/resource/be300299-f9a3-4eac-b558-0c088dd77a64/download/tourism59-68.csv,2026-09-16T11:38:42.043084+00:00,1.0,25.43,62.366,13.1,4.88,744,153.0,26.0,4104.0
sri_lanna,ศรีลานนา,เชียงใหม่,2566,2023,4,,,10611,dnp_tourism,https://catalog.dnp.go.th/dataset/91d66c6a-5b88-41ee-8597-11be8aec5aa6/resource/be300299-f9a3-4eac-b558-0c088dd77a64/download/tourism59-68.csv,2026-09-16T11:38:42.043086+00:00,1.0,29.935,46.867,3.8,5.573,720,230.0,25.0,5420.0
sri_lanna,ศรีลานนา,เชียงใหม่,2566,2023,5,,,6352,dnp_tourism,https://catalog.dnp.go.th/dataset/91d66c6a-5b88-41ee-8597-11be8aec5aa6/resource/be300299-f9a3-4eac-b558-0c088dd77a64/download/tourism59-68.csv,2026-09-16T11:38:42.043089+00:00,1.0,27.956,71.741,164.2,4.772,744,62.0,2.0,568.0
sri_lanna,ศรีลานนา,เชียงใหม่,2566,2023,6,,,5491,dnp_tourism,https://catalog.dnp.go.th/dataset/91d66c6a-5b88-41ee-8597-11be8aec5aa6/resource/be300299-f9a3-4eac-b558-0c088dd77a64/download/tourism59-68.csv,2026-09-16T11:38:42.043091+00:00,1.0,26.25,82.665,316.8,4.75,720,,,
sri_lanna,ศรีลานนา,เชียงใหม่,2566,2023,7,,,7107,dnp_tourism,https://catalog.dnp.go.th/dataset/91d66c6a-5b88-41ee-8597-11be8aec5aa6/resource/be300299-f9a3-4eac-b558-0c088dd77a64/download/tourism59-68.csv,2026-09-16T11:38:42.043093+00:00,1.0,26.27,84.782,291.0,4.228,744,,,
sri_lanna,ศรีลานนา,เชียงใหม่,2566,2023,8,,,6624,dnp_tourism,https://catalog.dnp.go.th/dataset/91d66c6a-5b88-41ee-8597-11be8aec5aa6/resource/be300299-f9a3-4eac-b558-0c088dd77a64/download/tourism59-68.csv,2026-09-16T11:38:42.043096+00:00,1.0,25.395,88.008,287.4,4.181,744,,,
sri_lanna,ศรีลานนา,เชียงใหม่,2566,2023,9,,,4934,dnp_tourism,https://catalog.dnp.go.th/dataset/91d66c6a-5b88-41ee-8597-11be8aec5aa6/resource/be300299-f9a3-4eac-b558-0c088dd77a64/download/tourism59-68.csv,2026-09-16T11:38:42.043098+00:00,1.0,25.231,89.472,525.1,3.644,720,,,
mae_takhrai,แม่ตะไคร้,เชียงใหม่,2566,2022,10,,,769,dnp_tourism,https://catalog.dnp.go.th/dataset/91d66c6a-5b88-41ee-8597-11be8aec5aa6/resource/be300299-f9a3-4eac-b558-0c088dd77a64/download/tourism59-68.csv,2026-09-16T11:38:42.043123+00:00,1.0,24.377,79.86,201.5,4.308,744,,,
mae_takhrai,แม่ตะไคร้,เชียงใหม่,2566,2022,11,,,1923,dnp_tourism,https://catalog.dnp.go.th/dataset/91d66c6a-5b88-41ee-8597-11be8aec5aa6/resource/be300299-f9a3-4eac-b558-0c088dd77a64/download/tourism59-68.csv,2026-09-16T11:38:42.043126+00:00,1.0,23.711,75.079,60.9,4.371,720,,,
mae_takhrai,แม่ตะไคร้,เชียงใหม่,2566,2022,12,,,2466,dnp_tourism,https://catalog.dnp.go.th/dataset/91d66c6a-5b88-41ee-8597-11be8aec5aa6/resource/be300299-f9a3-4eac-b558-0c088dd77a64/download/tourism59-68.csv,2026-09-16T11:38:42.043129+00:00,1.0,22.234,74.426,17.8,4.806,744,,,
mae_takhrai,แม่ตะไคร้,เชียงใหม่,2566,2023,1,,,2699,dnp_tourism,https://catalog.dnp.go.th/dataset/91d66c6a-5b88-41ee-8597-11be8aec5aa6/resource/be300299-f9a3-4eac-b558-0c088dd77a64/download/tourism59-68.csv,2026-09-16T11:38:42.043131+00:00,1.0,21.183,62.403,2.0,5.235,744,60.0,2.0,395.0
mae_takhrai,แม่ตะไคร้,เชียงใหม่,2566,2023,2,,,1535,dnp_tourism,https://catalog.dnp.go.th/dataset/91d66c6a-5b88-41ee-8597-11be8aec5aa6/resource/be300299-f9a3-4eac-b558-0c088dd77a64/download/tourism59-68.csv,2026-09-16T11:38:42.043134+00:00,1.0,23.573,58.155,38.3,5.484,672,105.0,14.0,2607.0
mae_takhrai,แม่ตะไคร้,เชียงใหม่,2566,2023,3,,,2393,dnp_tourism,https://catalog.dnp.go.th/dataset/91d66c6a-5b88-41ee-8597-11be8aec5aa6/resource/be300299-f9a3-4eac-b558-0c088dd77a64/download/tourism59-68.csv,2026-09-16T11:38:42.043136+00:00,1.0,26.491,54.183,20.4,5.957,744,153.0,26.0,4104.0
mae_takhrai,แม่ตะไคร้,เชียงใหม่,2566,2023,4,,,7074,dnp_tourism,https://catalog.dnp.go.th/dataset/91d66c6a-5b88-41ee-8597-11be8aec5aa6/resource/be300299-f9a3-4eac-b558-0c088dd77a64/download/tourism59-68.csv,2026-09-16T11:38:42.043139+00:00,1.0,30.391,44.893,8.6,6.033,720,230.0,25.0,5420.0
mae_takhrai,แม่ตะไคร้,เชียงใหม่,2566,2023,5,,,1306,dnp_tourism,https://catalog.dnp.go.th/dataset/91d66c6a-5b88-41ee-8597-11be8aec5aa6/resource/be300299-f9a3-4eac-b558-0c088dd77a64/download/tourism59-68.csv,2026-09-16T11:38:42.043143+00:00,1.0,28.528,67.108,154.8,5.165,744,62.0,2.0,568.0
mae_takhrai,แม่ตะไคร้,เชียงใหม่,2566,2023,6,,,1137,dnp_tourism,https://catalog.dnp.go.th/dataset/91d66c6a-5b88-41ee-8597-11be8aec5aa6/resource/be300299-f9a3-4eac-b558-0c088dd77a64/download/tourism59-68.csv,2026-09-16T11:38:42.043145+00:00,1.0,27.379,74.128,199.0,5.433,720,,,
mae_takhrai,แม่ตะไคร้,เชียงใหม่,2566,2023,7,,,1105,dnp_tourism,https://catalog.dnp.go.th/dataset/91d66c6a-5b88-41ee-8597-11be8aec5aa6/resource/be300299-f9a3-4eac-b558-0c088dd77a64/download/tourism59-68.csv,2026-09-16T11:38:42.043148+00:00,1.0,27.298,76.694,195.0,4.831,744,,,
mae_takhrai,แม่ตะไคร้,เชียงใหม่,2566,2023,8,,,1253,dnp_tourism,https://catalog.dnp.go.th/dataset/91d66c6a-5b88-41ee-8597-11be8aec5aa6/resource/be300299-f9a3-4eac-b558-0c088dd77a64/download/tourism59-68.csv,2026-09-16T11:38:42.043150+00:00,1.0,26.461,79.363,203.0,4.55,744,,,
mae_takhrai,แม่ตะไคร้,เชียงใหม่,2566,2023,9,,,1037,dnp_tourism,https://catalog.dnp.go.th/dataset/91d66c6a-5b88-41ee-8597-11be8aec5aa6/resource/be300299-f9a3-4eac-b558-0c088dd77a64/download/tourism59-68.csv,2026-09-16T11:38:42.043153+00:00,1.0,26.032,83.382,439.9,4.235,720,,,
khun_khan,ขุนขาน,เชียงใหม่,2566,2022,10,,,917,dnp_tourism,https://catalog.dnp.go.th/dataset/91d66c6a-5b88-41ee-8597-11be8aec5aa6/resource/be300299-f9a3-4eac-b558-0c088dd77a64/download/tourism59-68.csv,2026-09-16T11:38:42.043161+00:00,1.0,21.474,85.222,288.6,4.919,744,,,
khun_khan,ขุนขาน,เชียงใหม่,2566,2022,11,,,2147,dnp_tourism,https://catalog.dnp.go.th/dataset/91d66c6a-5b88-41ee-8597-11be8aec5aa6/resource/be300299-f9a3-4eac-b558-0c088dd77a64/download/tourism59-68.csv,2026-09-16T11:38:42.043164+00:00,1.0,20.83,81.317,46.4,4.783,720,,,
khun_khan,ขุนขาน,เชียงใหม่,2566,2022,12,,,3916,dnp_tourism,https://catalog.dnp.go.th/dataset/91d66c6a-5b88-41ee-8597-11be8aec5aa6/resource/be300299-f9a3-4eac-b558-0c088dd77a64/download/tourism59-68.csv,2026-09-16T11:38:42.043166+00:00,1.0,19.148,80.653,25.0,5.177,744,,,
khun_khan,ขุนขาน,เชียงใหม่,2566,2023,1,,,3962,dnp_tourism,https://catalog.dnp.go.th/dataset/91d66c6a-5b88-41ee-8597-11be8aec5aa6/resource/be300299-f9a3-4eac-b558-0c088dd77a64/download/tourism59-68.csv,2026-09-16T11:38:42.043169+00:00,1.0,17.81,70.692,1.6,5.722,744,60.0,2.0,395.0
khun_khan,ขุนขาน,เชียงใหม่,2566,2023,2,,,2668,dnp_tourism,https://catalog.dnp.go.th/dataset/91d66c6a-5b88-41ee-8597-11be8aec5aa6/resource/be300299-f9a3-4eac-b558-0c088dd77a64/download/tourism59-68.csv,2026-09-16T11:38:42.043171+00:00,1.0,19.736,68.973,30.1,6.21,672,105.0,14.0,2607.0
khun_khan,ขุนขาน,เชียงใหม่,2566,2023,3,,,1326,dnp_tourism,https://catalog.dnp.go.th/dataset/91d66c6a-5b88-41ee-8597-11be8aec5aa6/resource/be300299-f9a3-4eac-b558-0c088dd77a64/download/tourism59-68.csv,2026-09-16T11:38:42.043174+00:00,1.0,22.577,64.304,26.6,6.19,744,153.0,26.0,4104.0
khun_khan,ขุนขาน,เชียงใหม่,2566,2023,4,,,812,dnp_tourism,https://catalog.dnp.go.th/dataset/91d66c6a-5b88-41ee-8597-11be8aec5aa6/resource/be300299-f9a3-4eac-b558-0c088dd77a64/download/tourism59-68.csv,2026-09-16T11:38:42.043176+00:00,1.0,26.204,58.078,7.3,7.041,720,230.0,25.0,5420.0
khun_khan,ขุนขาน,เชียงใหม่,2566,2023,5,,,652,dnp_tourism,https://catalog.dnp.go.th/dataset/91d66c6a-5b88-41ee-8597-11be8aec5aa6/resource/be300299-f9a3-4eac-b558-0c088dd77a64/download/tourism59-68.csv,2026-09-16T11:38:42.043179+00:00,1.0,25.049,77.754,133.5,6.027,744,62.0,2.0,568.0
khun_khan,ขุนขาน,เชียงใหม่,2566,2023,6,,,752,dnp_tourism,https://catalog.dnp.go.th/dataset/91d66c6a-5b88-41ee-8597-11be8aec5aa6/resource/be300299-f9a3-4eac-b558-0c088dd77a64/download/tourism59-68.csv,2026-09-16T11:38:42.043181+00:00,1.0,24.053,84.407,302.5,5.506,720,,,
khun_khan,ขุนขาน,เชียงใหม่,2566,2023,7,,,1198,dnp_tourism,https://catalog.dnp.go.th/dataset/91d66c6a-5b88-41ee-8597-11be8aec5aa6/resource/be300299-f9a3-4eac-b558-0c088dd77a64/download/tourism59-68.csv,2026-09-16T11:38:42.043184+00:00,1.0,24.089,85.524,247.1,5.909,744,,,
khun_khan,ขุนขาน,เชียงใหม่,2566,2023,8,,,226,dnp_tourism,https://catalog.dnp.go.th/dataset/91d66c6a-5b88-41ee-8597-11be8aec5aa6/resource/be300299-f9a3-4eac-b558-0c088dd77a64/download/tourism59-68.csv,2026-09-16T11:38:42.043186+00:00,1.0,23.712,86.055,228.1,5.671,744,,,
khun_khan,ขุนขาน,เชียงใหม่,2566,2023,9,,,75,dnp_tourism,https://catalog.dnp.go.th/dataset/91d66c6a-5b88-41ee-8597-11be8aec5aa6/resource/be300299-f9a3-4eac-b558-0c088dd77a64/download/tourism59-68.csv,2026-09-16T11:38:42.043189+00:00,1.0,23.103,90.588,485.3,4.624,720,,,
mae_wang,แม่วาง,เชียงใหม่,2566,2022,10,,,5070,dnp_tourism,https://catalog.dnp.go.th/dataset/91d66c6a-5b88-41ee-8597-11be8aec5aa6/resource/be300299-f9a3-4eac-b558-0c088dd77a64/download/tourism59-68.csv,2026-09-16T11:38:42.043197+00:00,1.0,23.32,79.813,274.2,3.705,744,,,
mae_wang,แม่วาง,เชียงใหม่,2566,2022,11,,,6261,dnp_tourism,https://catalog.dnp.go.th/dataset/91d66c6a-5b88-41ee-8597-11be8aec5aa6/resource/be300299-f9a3-4eac-b558-0c088dd77a64/download/tourism59-68.csv,2026-09-16T11:38:42.043200+00:00,1.0,22.73,74.844,67.1,3.455,720,,,
mae_wang,แม่วาง,เชียงใหม่,2566,2022,12,,,10853,dnp_tourism,https://catalog.dnp.go.th/dataset/91d66c6a-5b88-41ee-8597-11be8aec5aa6/resource/be300299-f9a3-4eac-b558-0c088dd77a64/download/tourism59-68.csv,2026-09-16T11:38:42.043203+00:00,1.0,20.911,76.062,18.1,3.738,744,,,
mae_wang,แม่วาง,เชียงใหม่,2566,2023,1,,,9713,dnp_tourism,https://catalog.dnp.go.th/dataset/91d66c6a-5b88-41ee-8597-11be8aec5aa6/resource/be300299-f9a3-4eac-b558-0c088dd77a64/download/tourism59-68.csv,2026-09-16T11:38:42.043205+00:00,1.0,19.216,67.301,0.3,4.192,744,60.0,2.0,395.0
mae_wang,แม่วาง,เชียงใหม่,2566,2023,2,,,4547,dnp_tourism,https://catalog.dnp.go.th/dataset/91d66c6a-5b88-41ee-8597-11be8aec5aa6/resource/be300299-f9a3-4eac-b558-0c088dd77a64/download/tourism59-68.csv,2026-09-16T11:38:42.043208+00:00,1.0,21.03,65.004,61.0,4.464,672,105.0,14.0,2607.0
mae_wang,แม่วาง,เชียงใหม่,2566,2023,3,,,0,dnp_tourism,https://catalog.dnp.go.th/dataset/91d66c6a-5b88-41ee-8597-11be8aec5aa6/resource/be300299-f9a3-4eac-b558-0c088dd77a64/download/tourism59-68.csv,2026-09-16T11:38:42.043210+00:00,1.0,23.878,61.913,11.9,4.676,744,153.0,26.0,4104.0
mae_wang,แม่วาง,เชียงใหม่,2566,2023,4,,,0,dnp_tourism,https://catalog.dnp.go.th/dataset/91d66c6a-5b88-41ee-8597-11be8aec5aa6/resource/be300299-f9a3-4eac-b558-0c088dd77a64/download/tourism59-68.csv,2026-09-16T11:38:42.043213+00:00,1.0,28.117,51.786,8.9,5.636,720,230.0,25.0,5420.0
mae_wang,แม่วาง,เชียงใหม่,2566,2023,5,,,1647,dnp_tourism,https://catalog.dnp.go.th/dataset/91d66c6a-5b88-41ee-8597-11be8aec5aa6/resource/be300299-f9a3-4eac-b558-0c088dd77a64/download/tourism59-68.csv,2026-09-16T11:38:42.043215+00:00,1.0,27.886,65.895,113.0,4.924,744,62.0,2.0,568.0
mae_wang,แม่วาง,เชียงใหม่,2566,2023,6,,,2650,dnp_tourism,https://catalog.dnp.go.th/dataset/91d66c6a-5b88-41ee-8597-11be8aec5aa6/resource/be300299-f9a3-4eac-b558-0c088dd77a64/download/tourism59-68.csv,2026-09-16T11:38:42.043218+00:00,1.0,26.41,75.315,261.2,4.725,720,,,
mae_wang,แม่วาง,เชียงใหม่,2566,2023,7,,,3593,dnp_tourism,https://catalog.dnp.go.th/dataset/91d66c6a-5b88-41ee-8597-11be8aec5aa6/resource/be300299-f9a3-4eac-b558-0c088dd77a64/download/tourism59-68.csv,2026-09-16T11:38:42.043221+00:00,1.0,25.907,80.527,280.3,3.753,744,,,
mae_wang,แม่วาง,เชียงใหม่,2566,2023,8,,,3393,dnp_tourism,https://catalog.dnp.go.th/dataset/91d66c6a-5b88-41ee-8597-11be8aec5aa6/resource/be300299-f9a3-4eac-b558-0c088dd77a64/download/tourism59-68.csv,2026-09-16T11:38:42.043223+00:00,1.0,25.366,81.909,175.0,3.903,744,,,
mae_wang,แม่วาง,เชียงใหม่,2566,2023,9,,,3329,dnp_tourism,https://catalog.dnp.go.th/dataset/91d66c6a-5b88-41ee-8597-11be8aec5aa6/resource/be300299-f9a3-4eac-b558-0c088dd77a64/download/tourism59-68.csv,2026-09-16T11:38:42.043225+00:00,1.0,24.899,84.572,534.6,3.296,720,,,
doi_inthanon,ดอยอินทนนท์,เชียงใหม่,2567,2023,10,,,64243,dnp_tourism,https://catalog.dnp.go.th/dataset/91d66c6a-5b88-41ee-8597-11be8aec5aa6/resource/be300299-f9a3-4eac-b558-0c088dd77a64/download/tourism59-68.csv,2026-09-16T11:38:42.043862+00:00,1.0,11.765,89.435,196.7,3.031,744,,,
doi_inthanon,ดอยอินทนนท์,เชียงใหม่,2567,2023,11,,,104443,dnp_tourism,https://catalog.dnp.go.th/dataset/91d66c6a-5b88-41ee-8597-11be8aec5aa6/resource/be300299-f9a3-4eac-b558-0c088dd77a64/download/tourism59-68.csv,2026-09-16T11:38:42.043865+00:00,1.0,11.142,79.99,36.0,3.737,720,,,
doi_inthanon,ดอยอินทนนท์,เชียงใหม่,2567,2023,12,,,193320,dnp_tourism,https://catalog.dnp.go.th/dataset/91d66c6a-5b88-41ee-8597-11be8aec5aa6/resource/be300299-f9a3-4eac-b558-0c088dd77a64/download/tourism59-68.csv,2026-09-16T11:38:42.043868+00:00,1.0,10.033,77.433,36.5,4.058,744,,,
doi_inthanon,ดอยอินทนนท์,เชียงใหม่,2567,2024,1,,,137066,dnp_tourism,https://catalog.dnp.go.th/dataset/91d66c6a-5b88-41ee-8597-11be8aec5aa6/resource/be300299-f9a3-4eac-b558-0c088dd77a64/download/tourism59-68.csv,2026-09-16T11:38:42.043873+00:00,1.0,9.892,65.281,21.1,5.098,744,38.0,1.0,67.0
doi_inthanon,ดอยอินทนนท์,เชียงใหม่,2567,2024,2,,,75987,dnp_tourism,https://catalog.dnp.go.th/dataset/91d66c6a-5b88-41ee-8597-11be8aec5aa6/resource/be300299-f9a3-4eac-b558-0c088dd77a64/download/tourism59-68.csv,2026-09-16T11:38:42.043875+00:00,1.0,12.794,44.185,2.1,5.565,696,56.0,11.0,1336.0
doi_inthanon,ดอยอินทนนท์,เชียงใหม่,2567,2024,3,,,45241,dnp_tourism,https://catalog.dnp.go.th/dataset/91d66c6a-5b88-41ee-8597-11be8aec5aa6/resource/be300299-f9a3-4eac-b558-0c088dd77a64/download/tourism59-68.csv,2026-09-16T11:38:42.043878+00:00,1.0,14.773,45.007,16.9,6.045,744,144.0,30.0,6381.0
doi_inthanon,ดอยอินทนนท์,เชียงใหม่,2567,2024,4,,,52338,dnp_tourism,https://catalog.dnp.go.th/dataset/91d66c6a-5b88-41ee-8597-11be8aec5aa6/resource/be300299-f9a3-4eac-b558-0c088dd77a64/download/tourism59-68.csv,2026-09-16T11:38:42.043880+00:00,1.0,16.824,54.583,18.4,6.229,720,158.0,30.0,4575.0
doi_inthanon,ดอยอินทนนท์,เชียงใหม่,2567,2024,5,,,28636,dnp_tourism,https://catalog.dnp.go.th/dataset/91d66c6a-5b88-41ee-8597-11be8aec5aa6/resource/be300299-f9a3-4eac-b558-0c088dd77a64/download/tourism59-68.csv,2026-09-16T11:38:42.043883+00:00,1.0,14.617,78.452,244.1,5.11,744,99.0,9.0,1726.0
doi_inthanon,ดอยอินทนนท์,เชียงใหม่,2567,2024,6,,,29899,dnp_tourism,https://catalog.dnp.go.th/dataset/91d66c6a-5b88-41ee-8597-11be8aec5aa6/resource/be300299-f9a3-4eac-b558-0c088dd77a64/download/tourism59-68.csv,2026-09-16T11:38:42.043886+00:00,1.0,12.825,90.046,419.1,6.195,720,,,
doi_inthanon,ดอยอินทนนท์,เชียงใหม่,2567,2024,7,,,44644,dnp_tourism,https://catalog.dnp.go.th/dataset/91d66c6a-5b88-41ee-8597-11be8aec5aa6/resource/be300299-f9a3-4eac-b558-0c088dd77a64/download/tourism59-68.csv,2026-09-16T11:38:42.043888+00:00,1.0,12.239,91.786,525.4,5.859,744,,,
doi_inthanon,ดอยอินทนนท์,เชียงใหม่,2567,2024,8,,,46257,dnp_tourism,https://catalog.dnp.go.th/dataset/91d66c6a-5b88-41ee-8597-11be8aec5aa6/resource/be300299-f9a3-4eac-b558-0c088dd77a64/download/tourism59-68.csv,2026-09-16T11:38:42.043891+00:00,1.0,12.27,90.601,299.3,5.252,744,,,
doi_inthanon,ดอยอินทนนท์,เชียงใหม่,2567,2024,9,,,31782,dnp_tourism,https://catalog.dnp.go.th/dataset/91d66c6a-5b88-41ee-8597-11be8aec5aa6/resource/be300299-f9a3-4eac-b558-0c088dd77a64/download/tourism59-68.csv,2026-09-16T11:38:42.043895+00:00,1.0,12.501,89.41,450.8,4.316,720,,,
mae_ping,แม่ปิง,เชียงใหม่,2567,2023,10,,,984,dnp_tourism,https://catalog.dnp.go.th/dataset/91d66c6a-5b88-41ee-8597-11be8aec5aa6/resource/be300299-f9a3-4eac-b558-0c088dd77a64/download/tourism59-68.csv,2026-09-16T11:38:42.043904+00:00,1.0,22.484,90.32,275.1,2.906,744,,,
mae_ping,แม่ปิง,เชียงใหม่,2567,2023,11,,,1333,dnp_tourism,https://catalog.dnp.go.th/dataset/91d66c6a-5b88-41ee-8597-11be8aec5aa6/resource/be300299-f9a3-4eac-b558-0c088dd77a64/download/tourism59-68.csv,2026-09-16T11:38:42.043907+00:00,1.0,21.61,82.826,54.6,3.5,720,,,
mae_ping,แม่ปิง,เชียงใหม่,2567,2023,12,,,6420,dnp_tourism,https://catalog.dnp.go.th/dataset/91d66c6a-5b88-41ee-8597-11be8aec5aa6/resource/be300299-f9a3-4eac-b558-0c088dd77a64/download/tourism59-68.csv,2026-09-16T11:38:42.043909+00:00,1.0,20.601,79.059,22.9,3.593,744,,,
mae_ping,แม่ปิง,เชียงใหม่,2567,2024,1,,,6856,dnp_tourism,https://catalog.dnp.go.th/dataset/91d66c6a-5b88-41ee-8597-11be8aec5aa6/resource/be300299-f9a3-4eac-b558-0c088dd77a64/download/tourism59-68.csv,2026-09-16T11:38:42.043912+00:00,1.0,19.938,73.941,33.2,3.976,744,38.0,1.0,67.0
mae_ping,แม่ปิง,เชียงใหม่,2567,2024,2,,,5686,dnp_tourism,https://catalog.dnp.go.th/dataset/91d66c6a-5b88-41ee-8597-11be8aec5aa6/resource/be300299-f9a3-4eac-b558-0c088dd77a64/download/tourism59-68.csv,2026-09-16T11:38:42.043914+00:00,1.0,21.919,61.237,4.4,4.405,696,56.0,11.0,1336.0
mae_ping,แม่ปิง,เชียงใหม่,2567,2024,3,,,5216,dnp_tourism,https://catalog.dnp.go.th/dataset/91d66c6a-5b88-41ee-8597-11be8aec5aa6/resource/be300299-f9a3-4eac-b558-0c088dd77a64/download/tourism59-68.csv,2026-09-16T11:38:42.043917+00:00,1.0,24.831,54.597,10.4,4.718,744,144.0,30.0,6381.0
mae_ping,แม่ปิง,เชียงใหม่,2567,2024,4,,,4526,dnp_tourism,https://catalog.dnp.go.th/dataset/91d66c6a-5b88-41ee-8597-11be8aec5aa6/resource/be300299-f9a3-4eac-b558-0c088dd77a64/download/tourism59-68.csv,2026-09-16T11:38:42.043919+00:00,1.0,28.105,56.781,7.0,4.768,720,158.0,30.0,4575.0
mae_ping,แม่ปิง,เชียงใหม่,2567,2024,5,,,1947,dnp_tourism,https://catalog.dnp.go.th/dataset/91d66c6a-5b88-41ee-8597-11be8aec5aa6/resource/be300299-f9a3-4eac-b558-0c088dd77a64/download/tourism59-68.csv,2026-09-16T11:38:42.043922+00:00,1.0,25.904,76.524,212.2,4.446,744,99.0,9.0,1726.0
mae_ping,แม่ปิง,เชียงใหม่,2567,2024,6,,,1350,dnp_tourism,https://catalog.dnp.go.th/dataset/91d66c6a-5b88-41ee-8597-11be8aec5aa6/resource/be300299-f9a3-4eac-b558-0c088dd77a64/download/tourism59-68.csv,2026-09-16T11:38:42.043924+00:00,1.0,24.345,83.356,243.1,4.995,720,,,
mae_ping,แม่ปิง,เชียงใหม่,2567,2024,7,,,466,dnp_tourism,https://catalog.dnp.go.th/dataset/91d66c6a-5b88-41ee-8597-11be8aec5aa6/resource/be300299-f9a3-4eac-b558-0c088dd77a64/download/tourism59-68.csv,2026-09-16T11:38:42.043926+00:00,1.0,23.751,86.063,328.6,4.23,744,,,
mae_ping,แม่ปิง,เชียงใหม่,2567,2024,8,,,403,dnp_tourism,https://catalog.dnp.go.th/dataset/91d66c6a-5b88-41ee-8597-11be8aec5aa6/resource/be300299-f9a3-4eac-b558-0c088dd77a64/download/tourism59-68.csv,2026-09-16T11:38:42.043929+00:00,1.0,23.446,88.972,294.0,3.436,744,,,
mae_ping,แม่ปิง,เชียงใหม่,2567,2024,9,,,228,dnp_tourism,https://catalog.dnp.go.th/dataset/91d66c6a-5b88-41ee-8597-11be8aec5aa6/resource/be300299-f9a3-4eac-b558-0c088dd77a64/download/tourism59-68.csv,2026-09-16T11:38:42.043931+00:00,1.0,23.289,88.643,272.2,3.611,720,,,
pha_daeng,ผาแดง,เชียงใหม่,2567,2023,10,,,2242,dnp_tourism,https://catalog.dnp.go.th/dataset/91d66c6a-5b88-41ee-8597-11be8aec5aa6/resource/be300299-f9a3-4eac-b558-0c088dd77a64/download/tourism59-68.csv,2026-09-16T11:38:42.043940+00:00,1.0,24.354,90.054,260.8,2.966,744,,,
pha_daeng,ผาแดง,เชียงใหม่,2567,2023,11,,,2419,dnp_tourism,https://catalog.dnp.go.th/dataset/91d66c6a-5b88-41ee-8597-11be8aec5aa6/resource/be300299-f9a3-4eac-b558-0c088dd77a64/download/tourism59-68.csv,2026-09-16T11:38:42.043942+00:00,1.0,22.863,82.428,52.9,3.568,720,,,
pha_daeng,ผาแดง,เชียงใหม่,2567,2023,12,,,5739,dnp_tourism,https://catalog.dnp.go.th/dataset/91d66c6a-5b88-41ee-8597-11be8aec5aa6/resource/be300299-f9a3-4eac-b558-0c088dd77a64/download/tourism59-68.csv,2026-09-16T11:38:42.043945+00:00,1.0,21.728,78.887,60.0,3.583,744,,,
pha_daeng,ผาแดง,เชียงใหม่,2567,2024,1,,,6178,dnp_tourism,https://catalog.dnp.go.th/dataset/91d66c6a-5b88-41ee-8597-11be8aec5aa6/resource/be300299-f9a3-4eac-b558-0c088dd77a64/download/tourism59-68.csv,2026-09-16T11:38:42.043947+00:00,1.0,20.378,76.009,21.6,3.925,744,38.0,1.0,67.0
pha_daeng,ผาแดง,เชียงใหม่,2567,2024,2,,,4283,dnp_tourism,https://catalog.dnp.go.th/dataset/91d66c6a-5b88-41ee-8597-11be8aec5aa6/resource/be300299-f9a3-4eac-b558-0c088dd77a64/download/tourism59-68.csv,2026-09-16T11:38:42.043950+00:00,1.0,21.705,63.78,4.0,4.199,696,56.0,11.0,1336.0
pha_daeng,ผาแดง,เชียงใหม่,2567,2024,3,,,3787,dnp_tourism,https://catalog.dnp.go.th/dataset/91d66c6a-5b88-41ee-8597-11be8aec5aa6/resource/be300299-f9a3-4eac-b558-0c088dd77a64/download/tourism59-68.csv,2026-09-16T11:38:42.043952+00:00,1.0,25.1,55.206,1.4,4.455,744,144.0,30.0,6381.0
pha_daeng,ผาแดง,เชียงใหม่,2567,2024,4,,,7375,dnp_tourism,https://catalog.dnp.go.th/dataset/91d66c6a-5b88-41ee-8597-11be8aec5aa6/resource/be300299-f9a3-4eac-b558-0c088dd77a64/download/tourism59-68.csv,2026-09-16T11:38:42.043955+00:00,1.0,28.354,59.976,6.6,4.296,720,158.0,30.0,4575.0
pha_daeng,ผาแดง,เชียงใหม่,2567,2024,5,,,2321,dnp_tourism,https://catalog.dnp.go.th/dataset/91d66c6a-5b88-41ee-8597-11be8aec5aa6/resource/be300299-f9a3-4eac-b558-0c088dd77a64/download/tourism59-68.csv,2026-09-16T11:38:42.043957+00:00,1.0,27.215,78.392,235.7,3.992,744,99.0,9.0,1726.0
pha_daeng,ผาแดง,เชียงใหม่,2567,2024,6,,,1360,dnp_tourism,https://catalog.dnp.go.th/dataset/91d66c6a-5b88-41ee-8597-11be8aec5aa6/resource/be300299-f9a3-4eac-b558-0c088dd77a64/download/tourism59-68.csv,2026-09-16T11:38:42.043960+00:00,1.0,25.739,89.285,516.5,3.982,720,,,
pha_daeng,ผาแดง,เชียงใหม่,2567,2024,7,,,1872,dnp_tourism,https://catalog.dnp.go.th/dataset/91d66c6a-5b88-41ee-8597-11be8aec5aa6/resource/be300299-f9a3-4eac-b558-0c088dd77a64/download/tourism59-68.csv,2026-09-16T11:38:42.043962+00:00,1.0,25.365,89.993,635.2,4.079,744,,,
pha_daeng,ผาแดง,เชียงใหม่,2567,2024,8,,,1249,dnp_tourism,https://catalog.dnp.go.th/dataset/91d66c6a-5b88-41ee-8597-11be8aec5aa6/resource/be300299-f9a3-4eac-b558-0c088dd77a64/download/tourism59-68.csv,2026-09-16T11:38:42.043964+00:00,1.0,24.84,91.629,601.6,3.445,744,,,
pha_daeng,ผาแดง,เชียงใหม่,2567,2024,9,,,709,dnp_tourism,https://catalog.dnp.go.th/dataset/91d66c6a-5b88-41ee-8597-11be8aec5aa6/resource/be300299-f9a3-4eac-b558-0c088dd77a64/download/tourism59-68.csv,2026-09-16T11:38:42.043967+00:00,1.0,25.471,88.26,312.7,3.192,720,,,
doi_pha_hom_pok,ดอยผ้าห่มปก,เชียงใหม่,2567,2023,10,,,4451,dnp_tourism,https://catalog.dnp.go.th/dataset/91d66c6a-5b88-41ee-8597-11be8aec5aa6/resource/be300299-f9a3-4eac-b558-0c088dd77a64/download/tourism59-68.csv,2026-09-16T11:38:42.043976+00:00,1.0,23.78,83.251,131.0,3.268,744,,,
doi_pha_hom_pok,ดอยผ้าห่มปก,เชียงใหม่,2567,2023,11,,,4319,dnp_tourism,https://catalog.dnp.go.th/dataset/91d66c6a-5b88-41ee-8597-11be8aec5aa6/resource/be300299-f9a3-4eac-b558-0c088dd77a64/download/tourism59-68.csv,2026-09-16T11:38:42.043978+00:00,1.0,22.381,74.665,76.2,3.549,720,,,
doi_pha_hom_pok,ดอยผ้าห่มปก,เชียงใหม่,2567,2023,12,,,14424,dnp_tourism,https://catalog.dnp.go.th/dataset/91d66c6a-5b88-41ee-8597-11be8aec5aa6/resource/be300299-f9a3-4eac-b558-0c088dd77a64/download/tourism59-68.csv,2026-09-16T11:38:42.043981+00:00,1.0,21.205,73.609,49.7,3.625,744,,,
doi_pha_hom_pok,ดอยผ้าห่มปก,เชียงใหม่,2567,2024,1,,,14980,dnp_tourism,https://catalog.dnp.go.th/dataset/91d66c6a-5b88-41ee-8597-11be8aec5aa6/resource/be300299-f9a3-4eac-b558-0c088dd77a64/download/tourism59-68.csv,2026-09-16T11:38:42.043983+00:00,1.0,20.318,69.938,59.5,3.658,744,38.0,1.0,67.0
doi_pha_hom_pok,ดอยผ้าห่มปก,เชียงใหม่,2567,2024,2,,,6919,dnp_tourism,https://catalog.dnp.go.th/dataset/91d66c6a-5b88-41ee-8597-11be8aec5aa6/resource/be300299-f9a3-4eac-b558-0c088dd77a64/download/tourism59-68.csv,2026-09-16T11:38:42.043986+00:00,1.0,22.066,55.42,2.9,4.699,696,56.0,11.0,1336.0
doi_pha_hom_pok,ดอยผ้าห่มปก,เชียงใหม่,2567,2024,3,,,3738,dnp_tourism,https://catalog.dnp.go.th/dataset/91d66c6a-5b88-41ee-8597-11be8aec5aa6/resource/be300299-f9a3-4eac-b558-0c088dd77a64/download/tourism59-68.csv,2026-09-16T11:38:42.043988+00:00,1.0,25.495,44.224,2.4,5.398,744,144.0,30.0,6381.0
doi_pha_hom_pok,ดอยผ้าห่มปก,เชียงใหม่,2567,2024,4,,,10329,dnp_tourism,https://catalog.dnp.go.th/dataset/91d66c6a-5b88-41ee-8597-11be8aec5aa6/resource/be300299-f9a3-4eac-b558-0c088dd77a64/download/tourism59-68.csv,2026-09-16T11:38:42.043991+00:00,1.0,28.185,52.292,40.5,4.904,720,158.0,30.0,4575.0
doi_pha_hom_pok,ดอยผ้าห่มปก,เชียงใหม่,2567,2024,5,,,1959,dnp_tourism,https://catalog.dnp.go.th/dataset/91d66c6a-5b88-41ee-8597-11be8aec5aa6/resource/be300299-f9a3-4eac-b558-0c088dd77a64/download/tourism59-68.csv,2026-09-16T11:38:42.043993+00:00,1.0,26.609,73.155,272.2,4.084,744,99.0,9.0,1726.0
doi_pha_hom_pok,ดอยผ้าห่มปก,เชียงใหม่,2567,2024,6,,,2317,dnp_tourism,https://catalog.dnp.go.th/dataset/91d66c6a-5b88-41ee-8597-11be8aec5aa6/resource/be300299-f9a3-4eac-b558-0c088dd77a64/download/tourism59-68.csv,2026-09-16T11:38:42.043996+00:00,1.0,25.516,83.021,416.1,3.614,720,,,
doi_pha_hom_pok,ดอยผ้าห่มปก,เชียงใหม่,2567,2024,7,,,3087,dnp_tourism,https://catalog.dnp.go.th/dataset/91d66c6a-5b88-41ee-8597-11be8aec5aa6/resource/be300299-f9a3-4eac-b558-0c088dd77a64/download/tourism59-68.csv,2026-09-16T11:38:42.043998+00:00,1.0,25.24,83.913,411.7,3.623,744,,,
doi_pha_hom_pok,ดอยผ้าห่มปก,เชียงใหม่,2567,2024,8,,,2611,dnp_tourism,https://catalog.dnp.go.th/dataset/91d66c6a-5b88-41ee-8597-11be8aec5aa6/resource/be300299-f9a3-4eac-b558-0c088dd77a64/download/tourism59-68.csv,2026-09-16T11:38:42.044000+00:00,1.0,24.506,85.891,594.5,3.255,744,,,
doi_pha_hom_pok,ดอยผ้าห่มปก,เชียงใหม่,2567,2024,9,,,995,dnp_tourism,https://catalog.dnp.go.th/dataset/91d66c6a-5b88-41ee-8597-11be8aec5aa6/resource/be300299-f9a3-4eac-b558-0c088dd77a64/download/tourism59-68.csv,2026-09-16T11:38:42.044003+00:00,1.0,24.979,81.801,262.5,3.6,720,,,
huai_nam_dang,ห้วยน้ำดัง,เชียงใหม่,2567,2023,10,,,9337,dnp_tourism,https://catalog.dnp.go.th/dataset/91d66c6a-5b88-41ee-8597-11be8aec5aa6/resource/be300299-f9a3-4eac-b558-0c088dd77a64/download/tourism59-68.csv,2026-09-16T11:38:42.044012+00:00,1.0,18.84,89.755,217.9,2.97,744,,,
huai_nam_dang,ห้วยน้ำดัง,เชียงใหม่,2567,2023,11,,,14696,dnp_tourism,https://catalog.dnp.go.th/dataset/91d66c6a-5b88-41ee-8597-11be8aec5aa6/resource/be300299-f9a3-4eac-b558-0c088dd77a64/download/tourism59-68.csv,2026-09-16T11:38:42.044014+00:00,1.0,17.802,80.646,56.7,3.607,720,,,
huai_nam_dang,ห้วยน้ำดัง,เชียงใหม่,2567,2023,12,,,33176,dnp_tourism,https://catalog.dnp.go.th/dataset/91d66c6a-5b88-41ee-8597-11be8aec5aa6/resource/be300299-f9a3-4eac-b558-0c088dd77a64/download/tourism59-68.csv,2026-09-16T11:38:42.044017+00:00,1.0,16.502,79.298,32.2,4.221,744,,,
huai_nam_dang,ห้วยน้ำดัง,เชียงใหม่,2567,2024,1,,,22170,dnp_tourism,https://catalog.dnp.go.th/dataset/91d66c6a-5b88-41ee-8597-11be8aec5aa6/resource/be300299-f9a3-4eac-b558-0c088dd77a64/download/tourism59-68.csv,2026-09-16T11:38:42.044022+00:00,1.0,15.733,72.41,14.8,4.798,744,38.0,1.0,67.0
huai_nam_dang,ห้วยน้ำดัง,เชียงใหม่,2567,2024,2,,,12411,dnp_tourism,https://catalog.dnp.go.th/dataset/91d66c6a-5b88-41ee-8597-11be8aec5aa6/resource/be300299-f9a3-4eac-b558-0c088dd77a64/download/tourism59-68.csv,2026-09-16T11:38:42.044024+00:00,1.0,17.934,54.733,1.1,5.278,696,56.0,11.0,1336.0
huai_nam_dang,ห้วยน้ำดัง,เชียงใหม่,2567,2024,3,,,5319,dnp_tourism,https://catalog.dnp.go.th/dataset/91d66c6a-5b88-41ee-8597-11be8aec5aa6/resource/be300299-f9a3-4eac-b558-0c088dd77a64/download/tourism59-68.csv,2026-09-16T11:38:42.044027+00:00,1.0,20.971,49.015,5.8,5.835,744,144.0,30.0,6381.0
huai_nam_dang,ห้วยน้ำดัง,เชียงใหม่,2567,2024,4,,,4407,dnp_tourism,https://catalog.dnp.go.th/dataset/91d66c6a-5b88-41ee-8597-11be8aec5aa6/resource/be300299-f9a3-4eac-b558-0c088dd77a64/download/tourism59-68.csv,2026-09-16T11:38:42.044029+00:00,1.0,23.511,55.136,6.8,6.016,720,158.0,30.0,4575.0
huai_nam_dang,ห้วยน้ำดัง,เชียงใหม่,2567,2024,5,,,2348,dnp_tourism,https://catalog.dnp.go.th/dataset/91d66c6a-5b88-41ee-8597-11be8aec5aa6/resource/be300299-f9a3-4eac-b558-0c088dd77a64/download/tourism59-68.csv,2026-09-16T11:38:42.044032+00:00,1.0,21.558,78.147,258.1,5.103,744,99.0,9.0,1726.0
huai_nam_dang,ห้วยน้ำดัง,เชียงใหม่,2567,2024,6,,,3975,dnp_tourism,https://catalog.dnp.go.th/dataset/91d66c6a-5b88-41ee-8597-11be8aec5aa6/resource/be300299-f9a3-4eac-b558-0c088dd77a64/download/tourism59-68.csv,2026-09-16T11:38:42.044034+00:00,1.0,20.116,87.586,248.7,5.872,720,,,
huai_nam_dang,ห้วยน้ำดัง,เชียงใหม่,2567,2024,7,,,5878,dnp_tourism,https://catalog.dnp.go.th/dataset/91d66c6a-5b88-41ee-8597-11be8aec5aa6/resource/be300299-f9a3-4eac-b558-0c088dd77a64/download/tourism59-68.csv,2026-09-16T11:38:42.044037+00:00,1.0,19.688,88.669,312.9,5.748,744,,,
huai_nam_dang,ห้วยน้ำดัง,เชียงใหม่,2567,2024,8,,,4437,dnp_tourism,https://catalog.dnp.go.th/dataset/91d66c6a-5b88-41ee-8597-11be8aec5aa6/resource/be300299-f9a3-4eac-b558-0c088dd77a64/download/tourism59-68.csv,2026-09-16T11:38:42.044039+00:00,1.0,19.34,89.815,319.0,4.63,744,,,
huai_nam_dang,ห้วยน้ำดัง,เชียงใหม่,2567,2024,9,,,2955,dnp_tourism,https://catalog.dnp.go.th/dataset/91d66c6a-5b88-41ee-8597-11be8aec5aa6/resource/be300299-f9a3-4eac-b558-0c088dd77a64/download/tourism59-68.csv,2026-09-16T11:38:42.044041+00:00,1.0,19.746,87.694,338.5,4.19,720,,,
doi_suthep_pui,ดอยสุเทพ-ปุย,เชียงใหม่,2567,2023,10,,,21012,dnp_tourism,https://catalog.dnp.go.th/dataset/91d66c6a-5b88-41ee-8597-11be8aec5aa6/resource/be300299-f9a3-4eac-b558-0c088dd77a64/download/tourism59-68.csv,2026-09-16T11:38:42.044050+00:00,1.0,21.084,88.167,209.8,3.418,744,,,
doi_suthep_pui,ดอยสุเทพ-ปุย,เชียงใหม่,2567,2023,11,,,26675,dnp_tourism,https://catalog.dnp.go.th/dataset/91d66c6a-5b88-41ee-8597-11be8aec5aa6/resource/be300299-f9a3-4eac-b558-0c088dd77a64/download/tourism59-68.csv,2026-09-16T11:38:42.044053+00:00,1.0,20.355,77.803,47.7,3.718,720,,,
doi_suthep_pui,ดอยสุเทพ-ปุย,เชียงใหม่,2567,2023,12,,,37344,dnp_tourism,https://catalog.dnp.go.th/dataset/91d66c6a-5b88-41ee-8597-11be8aec5aa6/resource/be300299-f9a3-4eac-b558-0c088dd77a64/download/tourism59-68.csv,2026-09-16T11:38:42.044055+00:00,1.0,19.534,73.691,37.0,3.616,744,,,
doi_suthep_pui,ดอยสุเทพ-ปุย,เชียงใหม่,2567,2024,1,,,34995,dnp_tourism,https://catalog.dnp.go.th/dataset/91d66c6a-5b88-41ee-8597-11be8aec5aa6/resource/be300299-f9a3-4eac-b558-0c088dd77a64/download/tourism59-68.csv,2026-09-16T11:38:42.044058+00:00,1.0,18.512,72.203,30.9,3.864,744,38.0,1.0,67.0
doi_suthep_pui,ดอยสุเทพ-ปุย,เชียงใหม่,2567,2024,2,,,29156,dnp_tourism,https://catalog.dnp.go.th/dataset/91d66c6a-5b88-41ee-8597-11be8aec5aa6/resource/be300299-f9a3-4eac-b558-0c088dd77a64/download/tourism59-68.csv,2026-09-16T11:38:42.044060+00:00,1.0,20.634,56.251,6.0,4.412,696,56.0,11.0,1336.0
doi_suthep_pui,ดอยสุเทพ-ปุย,เชียงใหม่,2567,2024,3,,,29707,dnp_tourism,https://catalog.dnp.go.th/dataset/91d66c6a-5b88-41ee-8597-11be8aec5aa6/resource/be300299-f9a3-4eac-b558-0c088dd77a64/download/tourism59-68.csv,2026-09-16T11:38:42.044063+00:00,1.0,24.03,45.242,4.0,5.152,744,144.0,30.0,6381.0
doi_suthep_pui,ดอยสุเทพ-ปุย,เชียงใหม่,2567,2024,4,,,34067,dnp_tourism,https://catalog.dnp.go.th/dataset/91d66c6a-5b88-41ee-8597-11be8aec5aa6/resource/be300299-f9a3-4eac-b558-0c088dd77a64/download/tourism59-68.csv,2026-09-16T11:38:42.044065+00:00,1.0,27.109,47.767,14.9,5.054,720,158.0,30.0,4575.0
doi_suthep_pui,ดอยสุเทพ-ปุย,เชียงใหม่,2567,2024,5,,,19615,dnp_tourism,https://catalog.dnp.go.th/dataset/91d66c6a-5b88-41ee-8597-11be8aec5aa6/resource/be300299-f9a3-4eac-b558-0c088dd77a64/download/tourism59-68.csv,2026-09-16T11:38:42.044068+00:00,1.0,24.0,76.535,414.6,4.163,744,99.0,9.0,1726.0
doi_suthep_pui,ดอยสุเทพ-ปุย,เชียงใหม่,2567,2024,6,,,16471,dnp_tourism,https://catalog.dnp.go.th/dataset/91d66c6a-5b88-41ee-8597-11be8aec5aa6/resource/be300299-f9a3-4eac-b558-0c088dd77a64/download/tourism59-68.csv,2026-09-16T11:38:42.044070+00:00,1.0,22.518,87.654,338.4,3.474,720,,,
doi_suthep_pui,ดอยสุเทพ-ปุย,เชียงใหม่,2567,2024,7,,,20404,dnp_tourism,https://catalog.dnp.go.th/dataset/91d66c6a-5b88-41ee-8597-11be8aec5aa6/resource/be300299-f9a3-4eac-b558-0c088dd77a64/download/tourism59-68.csv,2026-09-16T11:38:42.044073+00:00,1.0,21.919,89.871,500.2,3.084,744,,,
doi_suthep_pui,ดอยสุเทพ-ปุย,เชียงใหม่,2567,2024,8,,,17282,dnp_tourism,https://catalog.dnp.go.th/dataset/91d66c6a-5b88-41ee-8597-11be8aec5aa6/resource/be300299-f9a3-4eac-b558-0c088dd77a64/download/tourism59-68.csv,2026-09-16T11:38:42.044075+00:00,1.0,21.641,89.673,489.8,3.017,744,,,
doi_suthep_pui,ดอยสุเทพ-ปุย,เชียงใหม่,2567,2024,9,,,9360,dnp_tourism,https://catalog.dnp.go.th/dataset/91d66c6a-5b88-41ee-8597-11be8aec5aa6/resource/be300299-f9a3-4eac-b558-0c088dd77a64/download/tourism59-68.csv,2026-09-16T11:38:42.044077+00:00,1.0,21.914,87.583,346.6,3.272,720,,,
ob_luang,ออบหลวง,เชียงใหม่,2567,2023,10,,,3077,dnp_tourism,https://catalog.dnp.go.th/dataset/91d66c6a-5b88-41ee-8597-11be8aec5aa6/resource/be300299-f9a3-4eac-b558-0c088dd77a64/download/tourism59-68.csv,2026-09-16T11:38:42.044086+00:00,1.0,22.596,90.552,212.2,4.352,744,,,
ob_luang,ออบหลวง,เชียงใหม่,2567,2023,11,,,5500,dnp_tourism,https://catalog.dnp.go.th/dataset/91d66c6a-5b88-41ee-8597-11be8aec5aa6/resource/be300299-f9a3-4eac-b558-0c088dd77a64/download/tourism59-68.csv,2026-09-16T11:38:42.044089+00:00,1.0,21.548,82.394,25.8,5.131,720,,,
ob_luang,ออบหลวง,เชียงใหม่,2567,2023,12,,,7950,dnp_tourism,https://catalog.dnp.go.th/dataset/91d66c6a-5b88-41ee-8597-11be8aec5aa6/resource/be300299-f9a3-4eac-b558-0c088dd77a64/download/tourism59-68.csv,2026-09-16T11:38:42.044091+00:00,1.0,20.413,79.895,26.7,5.192,744,,,
ob_luang,ออบหลวง,เชียงใหม่,2567,2024,1,,,6353,dnp_tourism,https://catalog.dnp.go.th/dataset/91d66c6a-5b88-41ee-8597-11be8aec5aa6/resource/be300299-f9a3-4eac-b558-0c088dd77a64/download/tourism59-68.csv,2026-09-16T11:38:42.044094+00:00,1.0,19.325,74.403,18.4,5.116,744,38.0,1.0,67.0
ob_luang,ออบหลวง,เชียงใหม่,2567,2024,2,,,3138,dnp_tourism,https://catalog.dnp.go.th/dataset/91d66c6a-5b88-41ee-8597-11be8aec5aa6/resource/be300299-f9a3-4eac-b558-0c088dd77a64/download/tourism59-68.csv,2026-09-16T11:38:42.044096+00:00,1.0,21.404,58.01,1.2,6.842,696,56.0,11.0,1336.0
ob_luang,ออบหลวง,เชียงใหม่,2567,2024,3,,,1423,dnp_tourism,https://catalog.dnp.go.th/dataset/91d66c6a-5b88-41ee-8597-11be8aec5aa6/resource/be300299-f9a3-4eac-b558-0c088dd77a64/download/tourism59-68.csv,2026-09-16T11:38:42.044099+00:00,1.0,24.592,52.723,0.8,7.292,744,144.0,30.0,6381.0
ob_luang,ออบหลวง,เชียงใหม่,2567,2024,4,,,1887,dnp_tourism,https://catalog.dnp.go.th/dataset/91d66c6a-5b88-41ee-8597-11be8aec5aa6/resource/be300299-f9a3-4eac-b558-0c088dd77a64/download/tourism59-68.csv,2026-09-16T11:38:42.044101+00:00,1.0,27.772,59.013,16.0,7.804,720,158.0,30.0,4575.0
ob_luang,ออบหลวง,เชียงใหม่,2567,2024,5,,,1084,dnp_tourism,https://catalog.dnp.go.th/dataset/91d66c6a-5b88-41ee-8597-11be8aec5aa6/resource/be300299-f9a3-4eac-b558-0c088dd77a64/download/tourism59-68.csv,2026-09-16T11:38:42.044103+00:00,1.0,25.682,78.351,314.2,6.445,744,99.0,9.0,1726.0
ob_luang,ออบหลวง,เชียงใหม่,2567,2024,6,,,1327,dnp_tourism,https://catalog.dnp.go.th/dataset/91d66c6a-5b88-41ee-8597-11be8aec5aa6/resource/be300299-f9a3-4eac-b558-0c088dd77a64/download/tourism59-68.csv,2026-09-16T11:38:42.044106+00:00,1.0,24.055,86.178,354.2,7.258,720,,,
ob_luang,ออบหลวง,เชียงใหม่,2567,2024,7,,,1766,dnp_tourism,https://catalog.dnp.go.th/dataset/91d66c6a-5b88-41ee-8597-11be8aec5aa6/resource/be300299-f9a3-4eac-b558-0c088dd77a64/download/tourism59-68.csv,2026-09-16T11:38:42.044108+00:00,1.0,23.358,88.59,348.0,7.076,744,,,
ob_luang,ออบหลวง,เชียงใหม่,2567,2024,8,,,1567,dnp_tourism,https://catalog.dnp.go.th/dataset/91d66c6a-5b88-41ee-8597-11be8aec5aa6/resource/be300299-f9a3-4eac-b558-0c088dd77a64/download/tourism59-68.csv,2026-09-16T11:38:42.044111+00:00,1.0,23.374,88.223,332.2,6.503,744,,,
ob_luang,ออบหลวง,เชียงใหม่,2567,2024,9,,,1198,dnp_tourism,https://catalog.dnp.go.th/dataset/91d66c6a-5b88-41ee-8597-11be8aec5aa6/resource/be300299-f9a3-4eac-b558-0c088dd77a64/download/tourism59-68.csv,2026-09-16T11:38:42.044113+00:00,1.0,23.295,89.143,273.0,5.746,720,,,
sri_lanna,ศรีลานนา,เชียงใหม่,2567,2023,10,,,6959,dnp_tourism,https://catalog.dnp.go.th/dataset/91d66c6a-5b88-41ee-8597-11be8aec5aa6/resource/be300299-f9a3-4eac-b558-0c088dd77a64/download/tourism59-68.csv,2026-09-16T11:38:42.044122+00:00,1.0,24.641,88.98,273.4,3.524,744,,,
sri_lanna,ศรีลานนา,เชียงใหม่,2567,2023,11,,,5870,dnp_tourism,https://catalog.dnp.go.th/dataset/91d66c6a-5b88-41ee-8597-11be8aec5aa6/resource/be300299-f9a3-4eac-b558-0c088dd77a64/download/tourism59-68.csv,2026-09-16T11:38:42.044124+00:00,1.0,23.318,81.317,78.7,5.19,720,,,
sri_lanna,ศรีลานนา,เชียงใหม่,2567,2023,12,,,12136,dnp_tourism,https://catalog.dnp.go.th/dataset/91d66c6a-5b88-41ee-8597-11be8aec5aa6/resource/be300299-f9a3-4eac-b558-0c088dd77a64/download/tourism59-68.csv,2026-09-16T11:38:42.044127+00:00,1.0,22.522,77.499,34.7,5.08,744,,,
sri_lanna,ศรีลานนา,เชียงใหม่,2567,2024,1,,,9122,dnp_tourism,https://catalog.dnp.go.th/dataset/91d66c6a-5b88-41ee-8597-11be8aec5aa6/resource/be300299-f9a3-4eac-b558-0c088dd77a64/download/tourism59-68.csv,2026-09-16T11:38:42.044129+00:00,1.0,21.951,71.382,32.5,4.694,744,38.0,1.0,67.0
sri_lanna,ศรีลานนา,เชียงใหม่,2567,2024,2,,,7339,dnp_tourism,https://catalog.dnp.go.th/dataset/91d66c6a-5b88-41ee-8597-11be8aec5aa6/resource/be300299-f9a3-4eac-b558-0c088dd77a64/download/tourism59-68.csv,2026-09-16T11:38:42.044132+00:00,1.0,24.037,57.473,8.2,4.782,696,56.0,11.0,1336.0
sri_lanna,ศรีลานนา,เชียงใหม่,2567,2024,3,,,7443,dnp_tourism,https://catalog.dnp.go.th/dataset/91d66c6a-5b88-41ee-8597-11be8aec5aa6/resource/be300299-f9a3-4eac-b558-0c088dd77a64/download/tourism59-68.csv,2026-09-16T11:38:42.044134+00:00,1.0,27.524,48.315,3.0,5.287,744,144.0,30.0,6381.0
sri_lanna,ศรีลานนา,เชียงใหม่,2567,2024,4,,,10267,dnp_tourism,https://catalog.dnp.go.th/dataset/91d66c6a-5b88-41ee-8597-11be8aec5aa6/resource/be300299-f9a3-4eac-b558-0c088dd77a64/download/tourism59-68.csv,2026-09-16T11:38:42.044137+00:00,1.0,30.908,48.686,10.0,5.465,720,158.0,30.0,4575.0
sri_lanna,ศรีลานนา,เชียงใหม่,2567,2024,5,,,7145,dnp_tourism,https://catalog.dnp.go.th/dataset/91d66c6a-5b88-41ee-8597-11be8aec5aa6/resource/be300299-f9a3-4eac-b558-0c088dd77a64/download/tourism59-68.csv,2026-09-16T11:38:42.044142+00:00,1.0,28.156,73.696,293.2,4.674,744,99.0,9.0,1726.0
sri_lanna,ศรีลานนา,เชียงใหม่,2567,2024,6,,,5564,dnp_tourism,https://catalog.dnp.go.th/dataset/91d66c6a-5b88-41ee-8597-11be8aec5aa6/resource/be300299-f9a3-4eac-b558-0c088dd77a64/download/tourism59-68.csv,2026-09-16T11:38:42.044144+00:00,1.0,26.032,87.09,375.8,4.05,720,,,
sri_lanna,ศรีลานนา,เชียงใหม่,2567,2024,7,,,6920,dnp_tourism,https://catalog.dnp.go.th/dataset/91d66c6a-5b88-41ee-8597-11be8aec5aa6/resource/be300299-f9a3-4eac-b558-0c088dd77a64/download/tourism59-68.csv,2026-09-16T11:38:42.044147+00:00,1.0,25.509,88.516,400.6,4.184,744,,,
sri_lanna,ศรีลานนา,เชียงใหม่,2567,2024,8,,,5568,dnp_tourism,https://catalog.dnp.go.th/dataset/91d66c6a-5b88-41ee-8597-11be8aec5aa6/resource/be300299-f9a3-4eac-b558-0c088dd77a64/download/tourism59-68.csv,2026-09-16T11:38:42.044149+00:00,1.0,25.242,89.241,437.6,3.599,744,,,
sri_lanna,ศรีลานนา,เชียงใหม่,2567,2024,9,,,5049,dnp_tourism,https://catalog.dnp.go.th/dataset/91d66c6a-5b88-41ee-8597-11be8aec5aa6/resource/be300299-f9a3-4eac-b558-0c088dd77a64/download/tourism59-68.csv,2026-09-16T11:38:42.044151+00:00,1.0,25.488,87.786,327.0,3.595,720,,,
mae_takhrai,แม่ตะไคร้,เชียงใหม่,2567,2023,10,,,1345,dnp_tourism,https://catalog.dnp.go.th/dataset/91d66c6a-5b88-41ee-8597-11be8aec5aa6/resource/be300299-f9a3-4eac-b558-0c088dd77a64/download/tourism59-68.csv,2026-09-16T11:38:42.044176+00:00,1.0,25.394,83.52,228.2,3.811,744,,,
mae_takhrai,แม่ตะไคร้,เชียงใหม่,2567,2023,11,,,1936,dnp_tourism,https://catalog.dnp.go.th/dataset/91d66c6a-5b88-41ee-8597-11be8aec5aa6/resource/be300299-f9a3-4eac-b558-0c088dd77a64/download/tourism59-68.csv,2026-09-16T11:38:42.044179+00:00,1.0,24.122,76.315,36.3,4.3,720,,,
mae_takhrai,แม่ตะไคร้,เชียงใหม่,2567,2023,12,,,4820,dnp_tourism,https://catalog.dnp.go.th/dataset/91d66c6a-5b88-41ee-8597-11be8aec5aa6/resource/be300299-f9a3-4eac-b558-0c088dd77a64/download/tourism59-68.csv,2026-09-16T11:38:42.044181+00:00,1.0,23.189,73.145,28.5,4.27,744,,,
mae_takhrai,แม่ตะไคร้,เชียงใหม่,2567,2024,1,,,4449,dnp_tourism,https://catalog.dnp.go.th/dataset/91d66c6a-5b88-41ee-8597-11be8aec5aa6/resource/be300299-f9a3-4eac-b558-0c088dd77a64/download/tourism59-68.csv,2026-09-16T11:38:42.044184+00:00,1.0,22.6,68.227,28.7,4.857,744,38.0,1.0,67.0
mae_takhrai,แม่ตะไคร้,เชียงใหม่,2567,2024,2,,,3835,dnp_tourism,https://catalog.dnp.go.th/dataset/91d66c6a-5b88-41ee-8597-11be8aec5aa6/resource/be300299-f9a3-4eac-b558-0c088dd77a64/download/tourism59-68.csv,2026-09-16T11:38:42.044186+00:00,1.0,25.364,49.313,5.3,5.261,696,56.0,11.0,1336.0
mae_takhrai,แม่ตะไคร้,เชียงใหม่,2567,2024,3,,,3484,dnp_tourism,https://catalog.dnp.go.th/dataset/91d66c6a-5b88-41ee-8597-11be8aec5aa6/resource/be300299-f9a3-4eac-b558-0c088dd77a64/download/tourism59-68.csv,2026-09-16T11:38:42.044188+00:00,1.0,28.968,42.347,6.0,6.351,744,144.0,30.0,6381.0
mae_takhrai,แม่ตะไคร้,เชียงใหม่,2567,2024,4,,,5054,dnp_tourism,https://catalog.dnp.go.th/dataset/91d66c6a-5b88-41ee-8597-11be8aec5aa6/resource/be300299-f9a3-4eac-b558-0c088dd77a64/download/tourism59-68.csv,2026-09-16T11:38:42.044191+00:00,1.0,32.251,42.953,4.3,6.014,720,158.0,30.0,4575.0
mae_takhrai,แม่ตะไคร้,เชียงใหม่,2567,2024,5,,,0,dnp_tourism,https://catalog.dnp.go.th/dataset/91d66c6a-5b88-41ee-8597-11be8aec5aa6/resource/be300299-f9a3-4eac-b558-0c088dd77a64/download/tourism59-68.csv,2026-09-16T11:38:42.044193+00:00,1.0,29.174,67.477,216.0,5.353,744,99.0,9.0,1726.0
mae_takhrai,แม่ตะไคร้,เชียงใหม่,2567,2024,6,,,0,dnp_tourism,https://catalog.dnp.go.th/dataset/91d66c6a-5b88-41ee-8597-11be8aec5aa6/resource/be300299-f9a3-4eac-b558-0c088dd77a64/download/tourism59-68.csv,2026-09-16T11:38:42.044196+00:00,1.0,27.301,77.49,167.1,5.312,720,,,
mae_takhrai,แม่ตะไคร้,เชียงใหม่,2567,2024,7,,,60,dnp_tourism,https://catalog.dnp.go.th/dataset/91d66c6a-5b88-41ee-8597-11be8aec5aa6/resource/be300299-f9a3-4eac-b558-0c088dd77a64/download/tourism59-68.csv,2026-09-16T11:38:42.044201+00:00,1.0,26.565,80.819,294.5,4.709,744,,,
mae_takhrai,แม่ตะไคร้,เชียงใหม่,2567,2024,8,,,0,dnp_tourism,https://catalog.dnp.go.th/dataset/91d66c6a-5b88-41ee-8597-11be8aec5aa6/resource/be300299-f9a3-4eac-b558-0c088dd77a64/download/tourism59-68.csv,2026-09-16T11:38:42.044203+00:00,1.0,26.111,82.711,225.6,4.229,744,,,
mae_takhrai,แม่ตะไคร้,เชียงใหม่,2567,2024,9,,,0,dnp_tourism,https://catalog.dnp.go.th/dataset/91d66c6a-5b88-41ee-8597-11be8aec5aa6/resource/be300299-f9a3-4eac-b558-0c088dd77a64/download/tourism59-68.csv,2026-09-16T11:38:42.044206+00:00,1.0,26.033,82.485,320.6,4.032,720,,,
khun_khan,ขุนขาน,เชียงใหม่,2567,2023,10,,,1102,dnp_tourism,https://catalog.dnp.go.th/dataset/91d66c6a-5b88-41ee-8597-11be8aec5aa6/resource/be300299-f9a3-4eac-b558-0c088dd77a64/download/tourism59-68.csv,2026-09-16T11:38:42.044214+00:00,1.0,22.249,90.991,230.1,4.033,744,,,
khun_khan,ขุนขาน,เชียงใหม่,2567,2023,11,,,1993,dnp_tourism,https://catalog.dnp.go.th/dataset/91d66c6a-5b88-41ee-8597-11be8aec5aa6/resource/be300299-f9a3-4eac-b558-0c088dd77a64/download/tourism59-68.csv,2026-09-16T11:38:42.044217+00:00,1.0,21.131,83.25,68.3,4.382,720,,,
khun_khan,ขุนขาน,เชียงใหม่,2567,2023,12,,,3551,dnp_tourism,https://catalog.dnp.go.th/dataset/91d66c6a-5b88-41ee-8597-11be8aec5aa6/resource/be300299-f9a3-4eac-b558-0c088dd77a64/download/tourism59-68.csv,2026-09-16T11:38:42.044219+00:00,1.0,19.768,81.964,30.2,4.891,744,,,
khun_khan,ขุนขาน,เชียงใหม่,2567,2024,1,,,2864,dnp_tourism,https://catalog.dnp.go.th/dataset/91d66c6a-5b88-41ee-8597-11be8aec5aa6/resource/be300299-f9a3-4eac-b558-0c088dd77a64/download/tourism59-68.csv,2026-09-16T11:38:42.044222+00:00,1.0,18.566,78.224,12.1,5.931,744,38.0,1.0,67.0
khun_khan,ขุนขาน,เชียงใหม่,2567,2024,2,,,2337,dnp_tourism,https://catalog.dnp.go.th/dataset/91d66c6a-5b88-41ee-8597-11be8aec5aa6/resource/be300299-f9a3-4eac-b558-0c088dd77a64/download/tourism59-68.csv,2026-09-16T11:38:42.044224+00:00,1.0,20.605,61.466,1.5,7.412,696,56.0,11.0,1336.0
khun_khan,ขุนขาน,เชียงใหม่,2567,2024,3,,,970,dnp_tourism,https://catalog.dnp.go.th/dataset/91d66c6a-5b88-41ee-8597-11be8aec5aa6/resource/be300299-f9a3-4eac-b558-0c088dd77a64/download/tourism59-68.csv,2026-09-16T11:38:42.044227+00:00,1.0,24.16,51.843,2.3,7.89,744,144.0,30.0,6381.0
khun_khan,ขุนขาน,เชียงใหม่,2567,2024,4,,,863,dnp_tourism,https://catalog.dnp.go.th/dataset/91d66c6a-5b88-41ee-8597-11be8aec5aa6/resource/be300299-f9a3-4eac-b558-0c088dd77a64/download/tourism59-68.csv,2026-09-16T11:38:42.044229+00:00,1.0,27.699,54.587,3.4,7.901,720,158.0,30.0,4575.0
khun_khan,ขุนขาน,เชียงใหม่,2567,2024,5,,,533,dnp_tourism,https://catalog.dnp.go.th/dataset/91d66c6a-5b88-41ee-8597-11be8aec5aa6/resource/be300299-f9a3-4eac-b558-0c088dd77a64/download/tourism59-68.csv,2026-09-16T11:38:42.044232+00:00,1.0,25.384,78.715,242.2,5.82,744,99.0,9.0,1726.0
khun_khan,ขุนขาน,เชียงใหม่,2567,2024,6,,,675,dnp_tourism,https://catalog.dnp.go.th/dataset/91d66c6a-5b88-41ee-8597-11be8aec5aa6/resource/be300299-f9a3-4eac-b558-0c088dd77a64/download/tourism59-68.csv,2026-09-16T11:38:42.044234+00:00,1.0,24.266,86.354,278.1,5.088,720,,,
khun_khan,ขุนขาน,เชียงใหม่,2567,2024,7,,,1554,dnp_tourism,https://catalog.dnp.go.th/dataset/91d66c6a-5b88-41ee-8597-11be8aec5aa6/resource/be300299-f9a3-4eac-b558-0c088dd77a64/download/tourism59-68.csv,2026-09-16T11:38:42.044237+00:00,1.0,23.847,87.285,363.9,4.99,744,,,
khun_khan,ขุนขาน,เชียงใหม่,2567,2024,8,,,1549,dnp_tourism,https://catalog.dnp.go.th/dataset/91d66c6a-5b88-41ee-8597-11be8aec5aa6/resource/be300299-f9a3-4eac-b558-0c088dd77a64/download/tourism59-68.csv,2026-09-16T11:38:42.044239+00:00,1.0,23.311,89.921,331.6,4.598,744,,,
khun_khan,ขุนขาน,เชียงใหม่,2567,2024,9,,,62,dnp_tourism,https://catalog.dnp.go.th/dataset/91d66c6a-5b88-41ee-8597-11be8aec5aa6/resource/be300299-f9a3-4eac-b558-0c088dd77a64/download/tourism59-68.csv,2026-09-16T11:38:42.044242+00:00,1.0,23.443,88.004,330.2,5.091,720,,,
mae_wang,แม่วาง,เชียงใหม่,2567,2023,10,,,5784,dnp_tourism,https://catalog.dnp.go.th/dataset/91d66c6a-5b88-41ee-8597-11be8aec5aa6/resource/be300299-f9a3-4eac-b558-0c088dd77a64/download/tourism59-68.csv,2026-09-16T11:38:42.044250+00:00,1.0,24.036,85.544,253.2,3.022,744,,,
mae_wang,แม่วาง,เชียงใหม่,2567,2023,11,,,7624,dnp_tourism,https://catalog.dnp.go.th/dataset/91d66c6a-5b88-41ee-8597-11be8aec5aa6/resource/be300299-f9a3-4eac-b558-0c088dd77a64/download/tourism59-68.csv,2026-09-16T11:38:42.044253+00:00,1.0,22.78,78.692,75.4,3.358,720,,,
mae_wang,แม่วาง,เชียงใหม่,2567,2023,12,,,12144,dnp_tourism,https://catalog.dnp.go.th/dataset/91d66c6a-5b88-41ee-8597-11be8aec5aa6/resource/be300299-f9a3-4eac-b558-0c088dd77a64/download/tourism59-68.csv,2026-09-16T11:38:42.044256+00:00,1.0,21.844,74.841,19.6,3.588,744,,,
mae_wang,แม่วาง,เชียงใหม่,2567,2024,1,,,10129,dnp_tourism,https://catalog.dnp.go.th/dataset/91d66c6a-5b88-41ee-8597-11be8aec5aa6/resource/be300299-f9a3-4eac-b558-0c088dd77a64/download/tourism59-68.csv,2026-09-16T11:38:42.044258+00:00,1.0,20.665,69.952,9.4,4.125,744,38.0,1.0,67.0
mae_wang,แม่วาง,เชียงใหม่,2567,2024,2,,,7003,dnp_tourism,https://catalog.dnp.go.th/dataset/91d66c6a-5b88-41ee-8597-11be8aec5aa6/resource/be300299-f9a3-4eac-b558-0c088dd77a64/download/tourism59-68.csv,2026-09-16T11:38:42.044261+00:00,1.0,22.238,56.661,6.1,4.254,696,56.0,11.0,1336.0
mae_wang,แม่วาง,เชียงใหม่,2567,2024,3,,,0,dnp_tourism,https://catalog.dnp.go.th/dataset/91d66c6a-5b88-41ee-8597-11be8aec5aa6/resource/be300299-f9a3-4eac-b558-0c088dd77a64/download/tourism59-68.csv,2026-09-16T11:38:42.044263+00:00,1.0,26.08,47.052,0.7,5.234,744,144.0,30.0,6381.0
mae_wang,แม่วาง,เชียงใหม่,2567,2024,4,,,0,dnp_tourism,https://catalog.dnp.go.th/dataset/91d66c6a-5b88-41ee-8597-11be8aec5aa6/resource/be300299-f9a3-4eac-b558-0c088dd77a64/download/tourism59-68.csv,2026-09-16T11:38:42.044266+00:00,1.0,30.206,47.49,3.0,5.423,720,158.0,30.0,4575.0
mae_wang,แม่วาง,เชียงใหม่,2567,2024,5,,,2422,dnp_tourism,https://catalog.dnp.go.th/dataset/91d66c6a-5b88-41ee-8597-11be8aec5aa6/resource/be300299-f9a3-4eac-b558-0c088dd77a64/download/tourism59-68.csv,2026-09-16T11:38:42.044268+00:00,1.0,27.881,69.823,242.0,4.468,744,99.0,9.0,1726.0
mae_wang,แม่วาง,เชียงใหม่,2567,2024,6,,,4175,dnp_tourism,https://catalog.dnp.go.th/dataset/91d66c6a-5b88-41ee-8597-11be8aec5aa6/resource/be300299-f9a3-4eac-b558-0c088dd77a64/download/tourism59-68.csv,2026-09-16T11:38:42.044271+00:00,1.0,26.036,81.665,217.5,4.061,720,,,
mae_wang,แม่วาง,เชียงใหม่,2567,2024,7,,,6673,dnp_tourism,https://catalog.dnp.go.th/dataset/91d66c6a-5b88-41ee-8597-11be8aec5aa6/resource/be300299-f9a3-4eac-b558-0c088dd77a64/download/tourism59-68.csv,2026-09-16T11:38:42.044273+00:00,1.0,25.532,83.499,331.6,3.793,744,,,
mae_wang,แม่วาง,เชียงใหม่,2567,2024,8,,,5824,dnp_tourism,https://catalog.dnp.go.th/dataset/91d66c6a-5b88-41ee-8597-11be8aec5aa6/resource/be300299-f9a3-4eac-b558-0c088dd77a64/download/tourism59-68.csv,2026-09-16T11:38:42.044276+00:00,1.0,24.544,87.933,313.4,3.373,744,,,
mae_wang,แม่วาง,เชียงใหม่,2567,2024,9,,,4264,dnp_tourism,https://catalog.dnp.go.th/dataset/91d66c6a-5b88-41ee-8597-11be8aec5aa6/resource/be300299-f9a3-4eac-b558-0c088dd77a64/download/tourism59-68.csv,2026-09-16T11:38:42.044280+00:00,1.0,24.71,85.568,294.9,3.229,720,,,
doi_inthanon,ดอยอินทนนท์,เชียงใหม่,2568,2024,10,,,57549,dnp_tourism,https://catalog.dnp.go.th/dataset/91d66c6a-5b88-41ee-8597-11be8aec5aa6/resource/be300299-f9a3-4eac-b558-0c088dd77a64/download/tourism59-68.csv,2026-09-16T11:38:42.044936+00:00,1.0,12.272,85.204,206.6,3.394,744,,,
doi_inthanon,ดอยอินทนนท์,เชียงใหม่,2568,2024,11,,,111441,dnp_tourism,https://catalog.dnp.go.th/dataset/91d66c6a-5b88-41ee-8597-11be8aec5aa6/resource/be300299-f9a3-4eac-b558-0c088dd77a64/download/tourism59-68.csv,2026-09-16T11:38:42.044939+00:00,1.0,10.639,80.94,64.6,3.848,720,,,
doi_inthanon,ดอยอินทนนท์,เชียงใหม่,2568,2024,12,,,201696,dnp_tourism,https://catalog.dnp.go.th/dataset/91d66c6a-5b88-41ee-8597-11be8aec5aa6/resource/be300299-f9a3-4eac-b558-0c088dd77a64/download/tourism59-68.csv,2026-09-16T11:38:42.044942+00:00,1.0,9.672,79.065,24.6,3.274,744,,,
doi_inthanon,ดอยอินทนนท์,เชียงใหม่,2568,2025,1,,,164545,dnp_tourism,https://catalog.dnp.go.th/dataset/91d66c6a-5b88-41ee-8597-11be8aec5aa6/resource/be300299-f9a3-4eac-b558-0c088dd77a64/download/tourism59-68.csv,2026-09-16T11:38:42.044944+00:00,1.0,7.797,69.059,6.4,4.382,744,,,
doi_inthanon,ดอยอินทนนท์,เชียงใหม่,2568,2025,2,,,74594,dnp_tourism,https://catalog.dnp.go.th/dataset/91d66c6a-5b88-41ee-8597-11be8aec5aa6/resource/be300299-f9a3-4eac-b558-0c088dd77a64/download/tourism59-68.csv,2026-09-16T11:38:42.044947+00:00,1.0,10.756,60.564,34.2,3.973,672,,,
doi_inthanon,ดอยอินทนนท์,เชียงใหม่,2568,2025,3,,,40895,dnp_tourism,https://catalog.dnp.go.th/dataset/91d66c6a-5b88-41ee-8597-11be8aec5aa6/resource/be300299-f9a3-4eac-b558-0c088dd77a64/download/tourism59-68.csv,2026-09-16T11:38:42.044949+00:00,1.0,12.932,56.532,15.9,4.429,744,,,
doi_inthanon,ดอยอินทนนท์,เชียงใหม่,2568,2025,4,,,40742,dnp_tourism,https://catalog.dnp.go.th/dataset/91d66c6a-5b88-41ee-8597-11be8aec5aa6/resource/be300299-f9a3-4eac-b558-0c088dd77a64/download/tourism59-68.csv,2026-09-16T11:38:42.044952+00:00,1.0,13.147,76.985,99.6,4.158,720,,,
doi_inthanon,ดอยอินทนนท์,เชียงใหม่,2568,2025,5,,,28952,dnp_tourism,https://catalog.dnp.go.th/dataset/91d66c6a-5b88-41ee-8597-11be8aec5aa6/resource/be300299-f9a3-4eac-b558-0c088dd77a64/download/tourism59-68.csv,2026-09-16T11:38:42.044954+00:00,1.0,12.918,85.66,217.1,4.702,744,,,
doi_inthanon,ดอยอินทนนท์,เชียงใหม่,2568,2025,6,,,27311,dnp_tourism,https://catalog.dnp.go.th/dataset/91d66c6a-5b88-41ee-8597-11be8aec5aa6/resource/be300299-f9a3-4eac-b558-0c088dd77a64/download/tourism59-68.csv,2026-09-16T11:38:42.044959+00:00,1.0,12.153,91.404,297.2,6.056,720,,,
doi_inthanon,ดอยอินทนนท์,เชียงใหม่,2568,2025,7,,,39648,dnp_tourism,https://catalog.dnp.go.th/dataset/91d66c6a-5b88-41ee-8597-11be8aec5aa6/resource/be300299-f9a3-4eac-b558-0c088dd77a64/download/tourism59-68.csv,2026-09-16T11:38:42.044961+00:00,1.0,11.736,93.222,420.0,7.013,744,,,
doi_inthanon,ดอยอินทนนท์,เชียงใหม่,2568,2025,8,,,45221,dnp_tourism,https://catalog.dnp.go.th/dataset/91d66c6a-5b88-41ee-8597-11be8aec5aa6/resource/be300299-f9a3-4eac-b558-0c088dd77a64/download/tourism59-68.csv,2026-09-16T11:38:42.044964+00:00,1.0,11.929,91.28,340.8,4.969,744,,,
doi_inthanon,ดอยอินทนนท์,เชียงใหม่,2568,2025,9,,,33688,dnp_tourism,https://catalog.dnp.go.th/dataset/91d66c6a-5b88-41ee-8597-11be8aec5aa6/resource/be300299-f9a3-4eac-b558-0c088dd77a64/download/tourism59-68.csv,2026-09-16T11:38:42.044966+00:00,1.0,12.261,89.55,285.6,3.307,720,,,
mae_ping,แม่ปิง,เชียงใหม่,2568,2024,10,,,511,dnp_tourism,https://catalog.dnp.go.th/dataset/91d66c6a-5b88-41ee-8597-11be8aec5aa6/resource/be300299-f9a3-4eac-b558-0c088dd77a64/download/tourism59-68.csv,2026-09-16T11:38:42.044975+00:00,1.0,22.908,87.106,285.0,3.353,744,,,
mae_ping,แม่ปิง,เชียงใหม่,2568,2024,11,,,1998,dnp_tourism,https://catalog.dnp.go.th/dataset/91d66c6a-5b88-41ee-8597-11be8aec5aa6/resource/be300299-f9a3-4eac-b558-0c088dd77a64/download/tourism59-68.csv,2026-09-16T11:38:42.044978+00:00,1.0,21.39,82.783,50.3,3.165,720,,,
mae_ping,แม่ปิง,เชียงใหม่,2568,2024,12,,,11476,dnp_tourism,https://catalog.dnp.go.th/dataset/91d66c6a-5b88-41ee-8597-11be8aec5aa6/resource/be300299-f9a3-4eac-b558-0c088dd77a64/download/tourism59-68.csv,2026-09-16T11:38:42.044981+00:00,1.0,20.158,79.117,27.4,3.102,744,,,
mae_ping,แม่ปิง,เชียงใหม่,2568,2025,1,,,10228,dnp_tourism,https://catalog.dnp.go.th/dataset/91d66c6a-5b88-41ee-8597-11be8aec5aa6/resource/be300299-f9a3-4eac-b558-0c088dd77a64/download/tourism59-68.csv,2026-09-16T11:38:42.044983+00:00,1.0,18.215,69.285,0.7,3.539,744,,,
mae_ping,แม่ปิง,เชียงใหม่,2568,2025,2,,,6077,dnp_tourism,https://catalog.dnp.go.th/dataset/91d66c6a-5b88-41ee-8597-11be8aec5aa6/resource/be300299-f9a3-4eac-b558-0c088dd77a64/download/tourism59-68.csv,2026-09-16T11:38:42.044986+00:00,1.0,21.793,62.948,52.7,3.849,672,,,
mae_ping,แม่ปิง,เชียงใหม่,2568,2025,3,,,4484,dnp_tourism,https://catalog.dnp.go.th/dataset/91d66c6a-5b88-41ee-8597-11be8aec5aa6/resource/be300299-f9a3-4eac-b558-0c088dd77a64/download/tourism59-68.csv,2026-09-16T11:38:42.044988+00:00,1.0,24.738,55.282,5.3,4.445,744,,,
mae_ping,แม่ปิง,เชียงใหม่,2568,2025,4,,,6640,dnp_tourism,https://catalog.dnp.go.th/dataset/91d66c6a-5b88-41ee-8597-11be8aec5aa6/resource/be300299-f9a3-4eac-b558-0c088dd77a64/download/tourism59-68.csv,2026-09-16T11:38:42.044991+00:00,1.0,25.089,74.21,78.9,3.815,720,,,
mae_ping,แม่ปิง,เชียงใหม่,2568,2025,5,,,1120,dnp_tourism,https://catalog.dnp.go.th/dataset/91d66c6a-5b88-41ee-8597-11be8aec5aa6/resource/be300299-f9a3-4eac-b558-0c088dd77a64/download/tourism59-68.csv,2026-09-16T11:38:42.044993+00:00,1.0,24.186,83.749,286.2,3.799,744,,,
mae_ping,แม่ปิง,เชียงใหม่,2568,2025,6,,,362,dnp_tourism,https://catalog.dnp.go.th/dataset/91d66c6a-5b88-41ee-8597-11be8aec5aa6/resource/be300299-f9a3-4eac-b558-0c088dd77a64/download/tourism59-68.csv,2026-09-16T11:38:42.044996+00:00,1.0,23.923,84.306,174.5,4.299,720,,,
mae_ping,แม่ปิง,เชียงใหม่,2568,2025,7,,,633,dnp_tourism,https://catalog.dnp.go.th/dataset/91d66c6a-5b88-41ee-8597-11be8aec5aa6/resource/be300299-f9a3-4eac-b558-0c088dd77a64/download/tourism59-68.csv,2026-09-16T11:38:42.044998+00:00,1.0,23.622,85.019,259.8,4.68,744,,,
mae_ping,แม่ปิง,เชียงใหม่,2568,2025,8,,,756,dnp_tourism,https://catalog.dnp.go.th/dataset/91d66c6a-5b88-41ee-8597-11be8aec5aa6/resource/be300299-f9a3-4eac-b558-0c088dd77a64/download/tourism59-68.csv,2026-09-16T11:38:42.045000+00:00,1.0,23.352,86.13,243.2,4.105,744,,,
mae_ping,แม่ปิง,เชียงใหม่,2568,2025,9,,,497,dnp_tourism,https://catalog.dnp.go.th/dataset/91d66c6a-5b88-41ee-8597-11be8aec5aa6/resource/be300299-f9a3-4eac-b558-0c088dd77a64/download/tourism59-68.csv,2026-09-16T11:38:42.045003+00:00,1.0,22.959,90.733,287.1,3.143,720,,,
pha_daeng,ผาแดง,เชียงใหม่,2568,2024,10,,,1793,dnp_tourism,https://catalog.dnp.go.th/dataset/91d66c6a-5b88-41ee-8597-11be8aec5aa6/resource/be300299-f9a3-4eac-b558-0c088dd77a64/download/tourism59-68.csv,2026-09-16T11:38:42.045011+00:00,1.0,24.749,86.277,173.1,3.089,744,,,
pha_daeng,ผาแดง,เชียงใหม่,2568,2024,11,,,2691,dnp_tourism,https://catalog.dnp.go.th/dataset/91d66c6a-5b88-41ee-8597-11be8aec5aa6/resource/be300299-f9a3-4eac-b558-0c088dd77a64/download/tourism59-68.csv,2026-09-16T11:38:42.045014+00:00,1.0,22.664,80.606,60.1,3.35,720,,,
pha_daeng,ผาแดง,เชียงใหม่,2568,2024,12,,,7408,dnp_tourism,https://catalog.dnp.go.th/dataset/91d66c6a-5b88-41ee-8597-11be8aec5aa6/resource/be300299-f9a3-4eac-b558-0c088dd77a64/download/tourism59-68.csv,2026-09-16T11:38:42.045016+00:00,1.0,21.361,79.491,19.0,2.687,744,,,
pha_daeng,ผาแดง,เชียงใหม่,2568,2025,1,,,7346,dnp_tourism,https://catalog.dnp.go.th/dataset/91d66c6a-5b88-41ee-8597-11be8aec5aa6/resource/be300299-f9a3-4eac-b558-0c088dd77a64/download/tourism59-68.csv,2026-09-16T11:38:42.045019+00:00,1.0,19.087,72.081,2.6,3.326,744,,,
pha_daeng,ผาแดง,เชียงใหม่,2568,2025,2,,,4610,dnp_tourism,https://catalog.dnp.go.th/dataset/91d66c6a-5b88-41ee-8597-11be8aec5aa6/resource/be300299-f9a3-4eac-b558-0c088dd77a64/download/tourism59-68.csv,2026-09-16T11:38:42.045021+00:00,1.0,21.618,68.244,48.6,3.99,672,,,
pha_daeng,ผาแดง,เชียงใหม่,2568,2025,3,,,4866,dnp_tourism,https://catalog.dnp.go.th/dataset/91d66c6a-5b88-41ee-8597-11be8aec5aa6/resource/be300299-f9a3-4eac-b558-0c088dd77a64/download/tourism59-68.csv,2026-09-16T11:38:42.045024+00:00,1.0,24.085,62.188,1.1,4.205,744,,,
pha_daeng,ผาแดง,เชียงใหม่,2568,2025,4,,,7782,dnp_tourism,https://catalog.dnp.go.th/dataset/91d66c6a-5b88-41ee-8597-11be8aec5aa6/resource/be300299-f9a3-4eac-b558-0c088dd77a64/download/tourism59-68.csv,2026-09-16T11:38:42.045026+00:00,1.0,26.316,71.481,36.3,3.672,720,,,
pha_daeng,ผาแดง,เชียงใหม่,2568,2025,5,,,2602,dnp_tourism,https://catalog.dnp.go.th/dataset/91d66c6a-5b88-41ee-8597-11be8aec5aa6/resource/be300299-f9a3-4eac-b558-0c088dd77a64/download/tourism59-68.csv,2026-09-16T11:38:42.045028+00:00,1.0,25.801,83.32,276.7,3.976,744,,,
pha_daeng,ผาแดง,เชียงใหม่,2568,2025,6,,,1533,dnp_tourism,https://catalog.dnp.go.th/dataset/91d66c6a-5b88-41ee-8597-11be8aec5aa6/resource/be300299-f9a3-4eac-b558-0c088dd77a64/download/tourism59-68.csv,2026-09-16T11:38:42.045031+00:00,1.0,25.513,88.768,442.4,3.823,720,,,
pha_daeng,ผาแดง,เชียงใหม่,2568,2025,7,,,1719,dnp_tourism,https://catalog.dnp.go.th/dataset/91d66c6a-5b88-41ee-8597-11be8aec5aa6/resource/be300299-f9a3-4eac-b558-0c088dd77a64/download/tourism59-68.csv,2026-09-16T11:38:42.045033+00:00,1.0,24.836,91.832,732.1,3.749,744,,,
pha_daeng,ผาแดง,เชียงใหม่,2568,2025,8,,,1562,dnp_tourism,https://catalog.dnp.go.th/dataset/91d66c6a-5b88-41ee-8597-11be8aec5aa6/resource/be300299-f9a3-4eac-b558-0c088dd77a64/download/tourism59-68.csv,2026-09-16T11:38:42.045036+00:00,1.0,25.302,87.708,319.6,3.387,744,,,
pha_daeng,ผาแดง,เชียงใหม่,2568,2025,9,,,954,dnp_tourism,https://catalog.dnp.go.th/dataset/91d66c6a-5b88-41ee-8597-11be8aec5aa6/resource/be300299-f9a3-4eac-b558-0c088dd77a64/download/tourism59-68.csv,2026-09-16T11:38:42.045038+00:00,1.0,25.141,87.61,223.0,3.165,720,,,
doi_pha_hom_pok,ดอยผ้าห่มปก,เชียงใหม่,2568,2024,10,,,3125,dnp_tourism,https://catalog.dnp.go.th/dataset/91d66c6a-5b88-41ee-8597-11be8aec5aa6/resource/be300299-f9a3-4eac-b558-0c088dd77a64/download/tourism59-68.csv,2026-09-16T11:38:42.045047+00:00,1.0,24.13,79.276,119.1,3.474,744,,,
doi_pha_hom_pok,ดอยผ้าห่มปก,เชียงใหม่,2568,2024,11,,,3826,dnp_tourism,https://catalog.dnp.go.th/dataset/91d66c6a-5b88-41ee-8597-11be8aec5aa6/resource/be300299-f9a3-4eac-b558-0c088dd77a64/download/tourism59-68.csv,2026-09-16T11:38:42.045049+00:00,1.0,21.77,76.46,54.4,3.256,720,,,
doi_pha_hom_pok,ดอยผ้าห่มปก,เชียงใหม่,2568,2024,12,,,12979,dnp_tourism,https://catalog.dnp.go.th/dataset/91d66c6a-5b88-41ee-8597-11be8aec5aa6/resource/be300299-f9a3-4eac-b558-0c088dd77a64/download/tourism59-68.csv,2026-09-16T11:38:42.045051+00:00,1.0,20.447,77.11,30.6,2.629,744,,,
doi_pha_hom_pok,ดอยผ้าห่มปก,เชียงใหม่,2568,2025,1,,,17016,dnp_tourism,https://catalog.dnp.go.th/dataset/91d66c6a-5b88-41ee-8597-11be8aec5aa6/resource/be300299-f9a3-4eac-b558-0c088dd77a64/download/tourism59-68.csv,2026-09-16T11:38:42.045056+00:00,1.0,18.507,68.196,2.2,3.062,744,,,
doi_pha_hom_pok,ดอยผ้าห่มปก,เชียงใหม่,2568,2025,2,,,5361,dnp_tourism,https://catalog.dnp.go.th/dataset/91d66c6a-5b88-41ee-8597-11be8aec5aa6/resource/be300299-f9a3-4eac-b558-0c088dd77a64/download/tourism59-68.csv,2026-09-16T11:38:42.045058+00:00,1.0,21.531,62.771,35.8,3.686,672,,,
doi_pha_hom_pok,ดอยผ้าห่มปก,เชียงใหม่,2568,2025,3,,,2396,dnp_tourism,https://catalog.dnp.go.th/dataset/91d66c6a-5b88-41ee-8597-11be8aec5aa6/resource/be300299-f9a3-4eac-b558-0c088dd77a64/download/tourism59-68.csv,2026-09-16T11:38:42.045061+00:00,1.0,23.999,56.199,14.9,4.144,744,,,
doi_pha_hom_pok,ดอยผ้าห่มปก,เชียงใหม่,2568,2025,4,,,8092,dnp_tourism,https://catalog.dnp.go.th/dataset/91d66c6a-5b88-41ee-8597-11be8aec5aa6/resource/be300299-f9a3-4eac-b558-0c088dd77a64/download/tourism59-68.csv,2026-09-16T11:38:42.045063+00:00,1.0,25.769,66.086,60.5,4.037,720,,,
doi_pha_hom_pok,ดอยผ้าห่มปก,เชียงใหม่,2568,2025,5,,,2159,dnp_tourism,https://catalog.dnp.go.th/dataset/91d66c6a-5b88-41ee-8597-11be8aec5aa6/resource/be300299-f9a3-4eac-b558-0c088dd77a64/download/tourism59-68.csv,2026-09-16T11:38:42.045066+00:00,1.0,24.982,79.922,293.0,3.686,744,,,
doi_pha_hom_pok,ดอยผ้าห่มปก,เชียงใหม่,2568,2025,6,,,2154,dnp_tourism,https://catalog.dnp.go.th/dataset/91d66c6a-5b88-41ee-8597-11be8aec5aa6/resource/be300299-f9a3-4eac-b558-0c088dd77a64/download/tourism59-68.csv,2026-09-16T11:38:42.045068+00:00,1.0,24.939,84.239,472.2,3.463,720,,,
doi_pha_hom_pok,ดอยผ้าห่มปก,เชียงใหม่,2568,2025,7,,,2425,dnp_tourism,https://catalog.dnp.go.th/dataset/91d66c6a-5b88-41ee-8597-11be8aec5aa6/resource/be300299-f9a3-4eac-b558-0c088dd77a64/download/tourism59-68.csv,2026-09-16T11:38:42.045071+00:00,1.0,24.461,86.226,526.3,3.363,744,,,
doi_pha_hom_pok,ดอยผ้าห่มปก,เชียงใหม่,2568,2025,8,,,3350,dnp_tourism,https://catalog.dnp.go.th/dataset/91d66c6a-5b88-41ee-8597-11be8aec5aa6/resource/be300299-f9a3-4eac-b558-0c088dd77a64/download/tourism59-68.csv,2026-09-16T11:38:42.045073+00:00,1.0,24.592,83.263,396.4,3.694,744,,,
doi_pha_hom_pok,ดอยผ้าห่มปก,เชียงใหม่,2568,2025,9,,,2166,dnp_tourism,https://catalog.dnp.go.th/dataset/91d66c6a-5b88-41ee-8597-11be8aec5aa6/resource/be300299-f9a3-4eac-b558-0c088dd77a64/download/tourism59-68.csv,2026-09-16T11:38:42.045075+00:00,1.0,24.584,81.922,161.3,2.952,720,,,
huai_nam_dang,ห้วยน้ำดัง,เชียงใหม่,2568,2024,10,,,8405,dnp_tourism,https://catalog.dnp.go.th/dataset/91d66c6a-5b88-41ee-8597-11be8aec5aa6/resource/be300299-f9a3-4eac-b558-0c088dd77a64/download/tourism59-68.csv,2026-09-16T11:38:42.045084+00:00,1.0,19.307,85.065,176.8,3.332,744,,,
huai_nam_dang,ห้วยน้ำดัง,เชียงใหม่,2568,2024,11,,,18521,dnp_tourism,https://catalog.dnp.go.th/dataset/91d66c6a-5b88-41ee-8597-11be8aec5aa6/resource/be300299-f9a3-4eac-b558-0c088dd77a64/download/tourism59-68.csv,2026-09-16T11:38:42.045087+00:00,1.0,17.32,81.39,64.5,3.542,720,,,
huai_nam_dang,ห้วยน้ำดัง,เชียงใหม่,2568,2024,12,,,35912,dnp_tourism,https://catalog.dnp.go.th/dataset/91d66c6a-5b88-41ee-8597-11be8aec5aa6/resource/be300299-f9a3-4eac-b558-0c088dd77a64/download/tourism59-68.csv,2026-09-16T11:38:42.045089+00:00,1.0,16.14,81.348,17.8,3.393,744,,,
huai_nam_dang,ห้วยน้ำดัง,เชียงใหม่,2568,2025,1,,,26853,dnp_tourism,https://catalog.dnp.go.th/dataset/91d66c6a-5b88-41ee-8597-11be8aec5aa6/resource/be300299-f9a3-4eac-b558-0c088dd77a64/download/tourism59-68.csv,2026-09-16T11:38:42.045092+00:00,1.0,14.234,71.543,5.2,4.174,744,,,
huai_nam_dang,ห้วยน้ำดัง,เชียงใหม่,2568,2025,2,,,15757,dnp_tourism,https://catalog.dnp.go.th/dataset/91d66c6a-5b88-41ee-8597-11be8aec5aa6/resource/be300299-f9a3-4eac-b558-0c088dd77a64/download/tourism59-68.csv,2026-09-16T11:38:42.045094+00:00,1.0,17.49,60.44,29.6,4.381,672,,,
huai_nam_dang,ห้วยน้ำดัง,เชียงใหม่,2568,2025,3,,,7130,dnp_tourism,https://catalog.dnp.go.th/dataset/91d66c6a-5b88-41ee-8597-11be8aec5aa6/resource/be300299-f9a3-4eac-b558-0c088dd77a64/download/tourism59-68.csv,2026-09-16T11:38:42.045097+00:00,1.0,19.983,54.11,10.8,5.113,744,,,
huai_nam_dang,ห้วยน้ำดัง,เชียงใหม่,2568,2025,4,,,5231,dnp_tourism,https://catalog.dnp.go.th/dataset/91d66c6a-5b88-41ee-8597-11be8aec5aa6/resource/be300299-f9a3-4eac-b558-0c088dd77a64/download/tourism59-68.csv,2026-09-16T11:38:42.045099+00:00,1.0,20.693,70.779,73.7,5.146,720,,,
huai_nam_dang,ห้วยน้ำดัง,เชียงใหม่,2568,2025,5,,,2844,dnp_tourism,https://catalog.dnp.go.th/dataset/91d66c6a-5b88-41ee-8597-11be8aec5aa6/resource/be300299-f9a3-4eac-b558-0c088dd77a64/download/tourism59-68.csv,2026-09-16T11:38:42.045101+00:00,1.0,20.043,83.859,230.4,4.808,744,,,
huai_nam_dang,ห้วยน้ำดัง,เชียงใหม่,2568,2025,6,,,3718,dnp_tourism,https://catalog.dnp.go.th/dataset/91d66c6a-5b88-41ee-8597-11be8aec5aa6/resource/be300299-f9a3-4eac-b558-0c088dd77a64/download/tourism59-68.csv,2026-09-16T11:38:42.045104+00:00,1.0,19.549,88.347,234.9,5.933,720,,,
huai_nam_dang,ห้วยน้ำดัง,เชียงใหม่,2568,2025,7,,,6139,dnp_tourism,https://catalog.dnp.go.th/dataset/91d66c6a-5b88-41ee-8597-11be8aec5aa6/resource/be300299-f9a3-4eac-b558-0c088dd77a64/download/tourism59-68.csv,2026-09-16T11:38:42.045106+00:00,1.0,18.958,91.766,345.9,6.156,744,,,
huai_nam_dang,ห้วยน้ำดัง,เชียงใหม่,2568,2025,8,,,5345,dnp_tourism,https://catalog.dnp.go.th/dataset/91d66c6a-5b88-41ee-8597-11be8aec5aa6/resource/be300299-f9a3-4eac-b558-0c088dd77a64/download/tourism59-68.csv,2026-09-16T11:38:42.045109+00:00,1.0,19.219,89.444,272.5,4.751,744,,,
huai_nam_dang,ห้วยน้ำดัง,เชียงใหม่,2568,2025,9,,,5511,dnp_tourism,https://catalog.dnp.go.th/dataset/91d66c6a-5b88-41ee-8597-11be8aec5aa6/resource/be300299-f9a3-4eac-b558-0c088dd77a64/download/tourism59-68.csv,2026-09-16T11:38:42.045111+00:00,1.0,19.375,89.415,290.7,3.142,720,,,
doi_suthep_pui,ดอยสุเทพ-ปุย,เชียงใหม่,2568,2024,10,,,22386,dnp_tourism,https://catalog.dnp.go.th/dataset/91d66c6a-5b88-41ee-8597-11be8aec5aa6/resource/be300299-f9a3-4eac-b558-0c088dd77a64/download/tourism59-68.csv,2026-09-16T11:38:42.045120+00:00,1.0,21.688,82.969,255.6,3.628,744,,,
doi_suthep_pui,ดอยสุเทพ-ปุย,เชียงใหม่,2568,2024,11,,,36598,dnp_tourism,https://catalog.dnp.go.th/dataset/91d66c6a-5b88-41ee-8597-11be8aec5aa6/resource/be300299-f9a3-4eac-b558-0c088dd77a64/download/tourism59-68.csv,2026-09-16T11:38:42.045122+00:00,1.0,20.062,78.049,74.0,3.284,720,,,
doi_suthep_pui,ดอยสุเทพ-ปุย,เชียงใหม่,2568,2024,12,,,52637,dnp_tourism,https://catalog.dnp.go.th/dataset/91d66c6a-5b88-41ee-8597-11be8aec5aa6/resource/be300299-f9a3-4eac-b558-0c088dd77a64/download/tourism59-68.csv,2026-09-16T11:38:42.045125+00:00,1.0,18.974,75.817,23.1,2.925,744,,,
doi_suthep_pui,ดอยสุเทพ-ปุย,เชียงใหม่,2568,2025,1,,,48675,dnp_tourism,https://catalog.dnp.go.th/dataset/91d66c6a-5b88-41ee-8597-11be8aec5aa6/resource/be300299-f9a3-4eac-b558-0c088dd77a64/download/tourism59-68.csv,2026-09-16T11:38:42.045127+00:00,1.0,17.216,66.676,5.3,3.184,744,,,
doi_suthep_pui,ดอยสุเทพ-ปุย,เชียงใหม่,2568,2025,2,,,39460,dnp_tourism,https://catalog.dnp.go.th/dataset/91d66c6a-5b88-41ee-8597-11be8aec5aa6/resource/be300299-f9a3-4eac-b558-0c088dd77a64/download/tourism59-68.csv,2026-09-16T11:38:42.045153+00:00,1.0,20.209,61.708,62.1,3.811,672,,,
doi_suthep_pui,ดอยสุเทพ-ปุย,เชียงใหม่,2568,2025,3,,,42827,dnp_tourism,https://catalog.dnp.go.th/dataset/91d66c6a-5b88-41ee-8597-11be8aec5aa6/resource/be300299-f9a3-4eac-b558-0c088dd77a64/download/tourism59-68.csv,2026-09-16T11:38:42.045156+00:00,1.0,22.472,56.612,2.8,4.394,744,,,
doi_suthep_pui,ดอยสุเทพ-ปุย,เชียงใหม่,2568,2025,4,,,37238,dnp_tourism,https://catalog.dnp.go.th/dataset/91d66c6a-5b88-41ee-8597-11be8aec5aa6/resource/be300299-f9a3-4eac-b558-0c088dd77a64/download/tourism59-68.csv,2026-09-16T11:38:42.045163+00:00,1.0,23.552,68.656,79.6,4.025,720,,,
doi_suthep_pui,ดอยสุเทพ-ปุย,เชียงใหม่,2568,2025,5,,,30364,dnp_tourism,https://catalog.dnp.go.th/dataset/91d66c6a-5b88-41ee-8597-11be8aec5aa6/resource/be300299-f9a3-4eac-b558-0c088dd77a64/download/tourism59-68.csv,2026-09-16T11:38:42.045166+00:00,1.0,22.567,81.663,314.8,3.799,744,,,
doi_suthep_pui,ดอยสุเทพ-ปุย,เชียงใหม่,2568,2025,6,,,27375,dnp_tourism,https://catalog.dnp.go.th/dataset/91d66c6a-5b88-41ee-8597-11be8aec5aa6/resource/be300299-f9a3-4eac-b558-0c088dd77a64/download/tourism59-68.csv,2026-09-16T11:38:42.045168+00:00,1.0,22.149,86.811,344.1,3.31,720,,,
doi_suthep_pui,ดอยสุเทพ-ปุย,เชียงใหม่,2568,2025,7,,,29503,dnp_tourism,https://catalog.dnp.go.th/dataset/91d66c6a-5b88-41ee-8597-11be8aec5aa6/resource/be300299-f9a3-4eac-b558-0c088dd77a64/download/tourism59-68.csv,2026-09-16T11:38:42.045170+00:00,1.0,21.605,89.886,463.2,2.846,744,,,
doi_suthep_pui,ดอยสุเทพ-ปุย,เชียงใหม่,2568,2025,8,,,36139,dnp_tourism,https://catalog.dnp.go.th/dataset/91d66c6a-5b88-41ee-8597-11be8aec5aa6/resource/be300299-f9a3-4eac-b558-0c088dd77a64/download/tourism59-68.csv,2026-09-16T11:38:42.045173+00:00,1.0,21.776,86.723,388.2,3.305,744,,,
doi_suthep_pui,ดอยสุเทพ-ปุย,เชียงใหม่,2568,2025,9,,,29560,dnp_tourism,https://catalog.dnp.go.th/dataset/91d66c6a-5b88-41ee-8597-11be8aec5aa6/resource/be300299-f9a3-4eac-b558-0c088dd77a64/download/tourism59-68.csv,2026-09-16T11:38:42.045175+00:00,1.0,21.679,86.497,265.8,3.528,720,,,
ob_luang,ออบหลวง,เชียงใหม่,2568,2024,10,,,2339,dnp_tourism,https://catalog.dnp.go.th/dataset/91d66c6a-5b88-41ee-8597-11be8aec5aa6/resource/be300299-f9a3-4eac-b558-0c088dd77a64/download/tourism59-68.csv,2026-09-16T11:38:42.045185+00:00,1.0,22.951,87.973,141.3,4.785,744,,,
ob_luang,ออบหลวง,เชียงใหม่,2568,2024,11,,,5111,dnp_tourism,https://catalog.dnp.go.th/dataset/91d66c6a-5b88-41ee-8597-11be8aec5aa6/resource/be300299-f9a3-4eac-b558-0c088dd77a64/download/tourism59-68.csv,2026-09-16T11:38:42.045187+00:00,1.0,21.184,83.882,54.0,5.166,720,,,
ob_luang,ออบหลวง,เชียงใหม่,2568,2024,12,,,8715,dnp_tourism,https://catalog.dnp.go.th/dataset/91d66c6a-5b88-41ee-8597-11be8aec5aa6/resource/be300299-f9a3-4eac-b558-0c088dd77a64/download/tourism59-68.csv,2026-09-16T11:38:42.045189+00:00,1.0,20.088,81.234,15.2,4.284,744,,,
ob_luang,ออบหลวง,เชียงใหม่,2568,2025,1,,,7359,dnp_tourism,https://catalog.dnp.go.th/dataset/91d66c6a-5b88-41ee-8597-11be8aec5aa6/resource/be300299-f9a3-4eac-b558-0c088dd77a64/download/tourism59-68.csv,2026-09-16T11:38:42.045194+00:00,1.0,18.332,69.474,0.0,4.994,744,,,
ob_luang,ออบหลวง,เชียงใหม่,2568,2025,2,,,3565,dnp_tourism,https://catalog.dnp.go.th/dataset/91d66c6a-5b88-41ee-8597-11be8aec5aa6/resource/be300299-f9a3-4eac-b558-0c088dd77a64/download/tourism59-68.csv,2026-09-16T11:38:42.045197+00:00,1.0,21.848,61.064,32.1,5.024,672,,,
ob_luang,ออบหลวง,เชียงใหม่,2568,2025,3,,,2055,dnp_tourism,https://catalog.dnp.go.th/dataset/91d66c6a-5b88-41ee-8597-11be8aec5aa6/resource/be300299-f9a3-4eac-b558-0c088dd77a64/download/tourism59-68.csv,2026-09-16T11:38:42.045199+00:00,1.0,23.665,60.144,11.9,5.807,744,,,
ob_luang,ออบหลวง,เชียงใหม่,2568,2025,4,,,2227,dnp_tourism,https://catalog.dnp.go.th/dataset/91d66c6a-5b88-41ee-8597-11be8aec5aa6/resource/be300299-f9a3-4eac-b558-0c088dd77a64/download/tourism59-68.csv,2026-09-16T11:38:42.045202+00:00,1.0,24.386,77.364,102.7,5.806,720,,,
ob_luang,ออบหลวง,เชียงใหม่,2568,2025,5,,,1309,dnp_tourism,https://catalog.dnp.go.th/dataset/91d66c6a-5b88-41ee-8597-11be8aec5aa6/resource/be300299-f9a3-4eac-b558-0c088dd77a64/download/tourism59-68.csv,2026-09-16T11:38:42.045205+00:00,1.0,24.045,85.027,206.4,5.858,744,,,
ob_luang,ออบหลวง,เชียงใหม่,2568,2025,6,,,1117,dnp_tourism,https://catalog.dnp.go.th/dataset/91d66c6a-5b88-41ee-8597-11be8aec5aa6/resource/be300299-f9a3-4eac-b558-0c088dd77a64/download/tourism59-68.csv,2026-09-16T11:38:42.045208+00:00,1.0,23.482,87.371,223.0,7.809,720,,,
ob_luang,ออบหลวง,เชียงใหม่,2568,2025,7,,,1448,dnp_tourism,https://catalog.dnp.go.th/dataset/91d66c6a-5b88-41ee-8597-11be8aec5aa6/resource/be300299-f9a3-4eac-b558-0c088dd77a64/download/tourism59-68.csv,2026-09-16T11:38:42.045211+00:00,1.0,23.01,88.915,323.5,9.635,744,,,
ob_luang,ออบหลวง,เชียงใหม่,2568,2025,8,,,1786,dnp_tourism,https://catalog.dnp.go.th/dataset/91d66c6a-5b88-41ee-8597-11be8aec5aa6/resource/be300299-f9a3-4eac-b558-0c088dd77a64/download/tourism59-68.csv,2026-09-16T11:38:42.045213+00:00,1.0,23.022,89.137,258.5,7.515,744,,,
ob_luang,ออบหลวง,เชียงใหม่,2568,2025,9,,,1478,dnp_tourism,https://catalog.dnp.go.th/dataset/91d66c6a-5b88-41ee-8597-11be8aec5aa6/resource/be300299-f9a3-4eac-b558-0c088dd77a64/download/tourism59-68.csv,2026-09-16T11:38:42.045216+00:00,1.0,23.008,91.204,383.2,4.291,720,,,
sri_lanna,ศรีลานนา,เชียงใหม่,2568,2024,10,,,5358,dnp_tourism,https://catalog.dnp.go.th/dataset/91d66c6a-5b88-41ee-8597-11be8aec5aa6/resource/be300299-f9a3-4eac-b558-0c088dd77a64/download/tourism59-68.csv,2026-09-16T11:38:42.045224+00:00,1.0,24.998,85.927,276.5,3.874,744,,,
sri_lanna,ศรีลานนา,เชียงใหม่,2568,2024,11,,,6369,dnp_tourism,https://catalog.dnp.go.th/dataset/91d66c6a-5b88-41ee-8597-11be8aec5aa6/resource/be300299-f9a3-4eac-b558-0c088dd77a64/download/tourism59-68.csv,2026-09-16T11:38:42.045227+00:00,1.0,22.944,82.89,82.3,4.537,720,,,
sri_lanna,ศรีลานนา,เชียงใหม่,2568,2024,12,,,11285,dnp_tourism,https://catalog.dnp.go.th/dataset/91d66c6a-5b88-41ee-8597-11be8aec5aa6/resource/be300299-f9a3-4eac-b558-0c088dd77a64/download/tourism59-68.csv,2026-09-16T11:38:42.045230+00:00,1.0,21.675,80.272,15.0,4.078,744,,,
sri_lanna,ศรีลานนา,เชียงใหม่,2568,2025,1,,,9325,dnp_tourism,https://catalog.dnp.go.th/dataset/91d66c6a-5b88-41ee-8597-11be8aec5aa6/resource/be300299-f9a3-4eac-b558-0c088dd77a64/download/tourism59-68.csv,2026-09-16T11:38:42.045232+00:00,1.0,19.442,73.407,1.3,4.825,744,,,
sri_lanna,ศรีลานนา,เชียงใหม่,2568,2025,2,,,9443,dnp_tourism,https://catalog.dnp.go.th/dataset/91d66c6a-5b88-41ee-8597-11be8aec5aa6/resource/be300299-f9a3-4eac-b558-0c088dd77a64/download/tourism59-68.csv,2026-09-16T11:38:42.045235+00:00,1.0,22.844,65.094,27.6,4.349,672,,,
sri_lanna,ศรีลานนา,เชียงใหม่,2568,2025,3,,,11727,dnp_tourism,https://catalog.dnp.go.th/dataset/91d66c6a-5b88-41ee-8597-11be8aec5aa6/resource/be300299-f9a3-4eac-b558-0c088dd77a64/download/tourism59-68.csv,2026-09-16T11:38:42.045237+00:00,1.0,25.481,59.218,11.7,4.908,744,,,
sri_lanna,ศรีลานนา,เชียงใหม่,2568,2025,4,,,10718,dnp_tourism,https://catalog.dnp.go.th/dataset/91d66c6a-5b88-41ee-8597-11be8aec5aa6/resource/be300299-f9a3-4eac-b558-0c088dd77a64/download/tourism59-68.csv,2026-09-16T11:38:42.045240+00:00,1.0,27.298,67.325,63.1,4.286,720,,,
sri_lanna,ศรีลานนา,เชียงใหม่,2568,2025,5,,,7058,dnp_tourism,https://catalog.dnp.go.th/dataset/91d66c6a-5b88-41ee-8597-11be8aec5aa6/resource/be300299-f9a3-4eac-b558-0c088dd77a64/download/tourism59-68.csv,2026-09-16T11:38:42.045242+00:00,1.0,26.175,81.586,289.1,4.08,744,,,
sri_lanna,ศรีลานนา,เชียงใหม่,2568,2025,6,,,4927,dnp_tourism,https://catalog.dnp.go.th/dataset/91d66c6a-5b88-41ee-8597-11be8aec5aa6/resource/be300299-f9a3-4eac-b558-0c088dd77a64/download/tourism59-68.csv,2026-09-16T11:38:42.045244+00:00,1.0,25.692,86.042,291.4,3.873,720,,,
sri_lanna,ศรีลานนา,เชียงใหม่,2568,2025,7,,,5690,dnp_tourism,https://catalog.dnp.go.th/dataset/91d66c6a-5b88-41ee-8597-11be8aec5aa6/resource/be300299-f9a3-4eac-b558-0c088dd77a64/download/tourism59-68.csv,2026-09-16T11:38:42.045247+00:00,1.0,24.999,89.366,483.7,3.787,744,,,
sri_lanna,ศรีลานนา,เชียงใหม่,2568,2025,8,,,5802,dnp_tourism,https://catalog.dnp.go.th/dataset/91d66c6a-5b88-41ee-8597-11be8aec5aa6/resource/be300299-f9a3-4eac-b558-0c088dd77a64/download/tourism59-68.csv,2026-09-16T11:38:42.045249+00:00,1.0,25.365,86.79,339.8,3.832,744,,,
sri_lanna,ศรีลานนา,เชียงใหม่,2568,2025,9,,,4907,dnp_tourism,https://catalog.dnp.go.th/dataset/91d66c6a-5b88-41ee-8597-11be8aec5aa6/resource/be300299-f9a3-4eac-b558-0c088dd77a64/download/tourism59-68.csv,2026-09-16T11:38:42.045252+00:00,1.0,25.256,87.099,255.8,3.432,720,,,
mae_takhrai,แม่ตะไคร้,เชียงใหม่,2568,2024,10,,,0,dnp_tourism,https://catalog.dnp.go.th/dataset/91d66c6a-5b88-41ee-8597-11be8aec5aa6/resource/be300299-f9a3-4eac-b558-0c088dd77a64/download/tourism59-68.csv,2026-09-16T11:38:42.045277+00:00,1.0,25.685,80.57,197.9,3.881,744,,,
mae_takhrai,แม่ตะไคร้,เชียงใหม่,2568,2024,11,,,1588,dnp_tourism,https://catalog.dnp.go.th/dataset/91d66c6a-5b88-41ee-8597-11be8aec5aa6/resource/be300299-f9a3-4eac-b558-0c088dd77a64/download/tourism59-68.csv,2026-09-16T11:38:42.045296+00:00,1.0,23.67,77.043,55.5,3.981,720,,,
mae_takhrai,แม่ตะไคร้,เชียงใหม่,2568,2024,12,,,4160,dnp_tourism,https://catalog.dnp.go.th/dataset/91d66c6a-5b88-41ee-8597-11be8aec5aa6/resource/be300299-f9a3-4eac-b558-0c088dd77a64/download/tourism59-68.csv,2026-09-16T11:38:42.045302+00:00,1.0,22.412,74.243,13.2,4.162,744,,,
mae_takhrai,แม่ตะไคร้,เชียงใหม่,2568,2025,1,,,2515,dnp_tourism,https://catalog.dnp.go.th/dataset/91d66c6a-5b88-41ee-8597-11be8aec5aa6/resource/be300299-f9a3-4eac-b558-0c088dd77a64/download/tourism59-68.csv,2026-09-16T11:38:42.045306+00:00,1.0,20.186,67.831,1.7,4.636,744,,,
mae_takhrai,แม่ตะไคร้,เชียงใหม่,2568,2025,2,,,1601,dnp_tourism,https://catalog.dnp.go.th/dataset/91d66c6a-5b88-41ee-8597-11be8aec5aa6/resource/be300299-f9a3-4eac-b558-0c088dd77a64/download/tourism59-68.csv,2026-09-16T11:38:42.045308+00:00,1.0,23.313,62.415,17.4,4.618,672,,,
mae_takhrai,แม่ตะไคร้,เชียงใหม่,2568,2025,3,,,1864,dnp_tourism,https://catalog.dnp.go.th/dataset/91d66c6a-5b88-41ee-8597-11be8aec5aa6/resource/be300299-f9a3-4eac-b558-0c088dd77a64/download/tourism59-68.csv,2026-09-16T11:38:42.045311+00:00,1.0,26.575,52.446,5.2,5.224,744,,,
mae_takhrai,แม่ตะไคร้,เชียงใหม่,2568,2025,4,,,4924,dnp_tourism,https://catalog.dnp.go.th/dataset/91d66c6a-5b88-41ee-8597-11be8aec5aa6/resource/be300299-f9a3-4eac-b558-0c088dd77a64/download/tourism59-68.csv,2026-09-16T11:38:42.045314+00:00,1.0,28.977,57.456,50.7,5.948,720,,,
mae_takhrai,แม่ตะไคร้,เชียงใหม่,2568,2025,5,,,1231,dnp_tourism,https://catalog.dnp.go.th/dataset/91d66c6a-5b88-41ee-8597-11be8aec5aa6/resource/be300299-f9a3-4eac-b558-0c088dd77a64/download/tourism59-68.csv,2026-09-16T11:38:42.045316+00:00,1.0,27.426,73.638,192.0,4.814,744,,,
mae_takhrai,แม่ตะไคร้,เชียงใหม่,2568,2025,6,,,803,dnp_tourism,https://catalog.dnp.go.th/dataset/91d66c6a-5b88-41ee-8597-11be8aec5aa6/resource/be300299-f9a3-4eac-b558-0c088dd77a64/download/tourism59-68.csv,2026-09-16T11:38:42.045319+00:00,1.0,26.863,76.214,133.0,5.311,720,,,
mae_takhrai,แม่ตะไคร้,เชียงใหม่,2568,2025,7,,,0,dnp_tourism,https://catalog.dnp.go.th/dataset/91d66c6a-5b88-41ee-8597-11be8aec5aa6/resource/be300299-f9a3-4eac-b558-0c088dd77a64/download/tourism59-68.csv,2026-09-16T11:38:42.045368+00:00,1.0,25.871,81.687,252.7,4.222,744,,,
mae_takhrai,แม่ตะไคร้,เชียงใหม่,2568,2025,8,,,1419,dnp_tourism,https://catalog.dnp.go.th/dataset/91d66c6a-5b88-41ee-8597-11be8aec5aa6/resource/be300299-f9a3-4eac-b558-0c088dd77a64/download/tourism59-68.csv,2026-09-16T11:38:42.045373+00:00,1.0,25.872,81.796,286.3,4.019,744,,,
mae_takhrai,แม่ตะไคร้,เชียงใหม่,2568,2025,9,,,1169,dnp_tourism,https://catalog.dnp.go.th/dataset/91d66c6a-5b88-41ee-8597-11be8aec5aa6/resource/be300299-f9a3-4eac-b558-0c088dd77a64/download/tourism59-68.csv,2026-09-16T11:38:42.045376+00:00,1.0,25.64,83.942,193.1,3.648,720,,,
khun_khan,ขุนขาน,เชียงใหม่,2568,2024,10,,,791,dnp_tourism,https://catalog.dnp.go.th/dataset/91d66c6a-5b88-41ee-8597-11be8aec5aa6/resource/be300299-f9a3-4eac-b558-0c088dd77a64/download/tourism59-68.csv,2026-09-16T11:38:42.045404+00:00,1.0,22.655,87.328,222.9,4.876,744,,,
khun_khan,ขุนขาน,เชียงใหม่,2568,2024,11,,,2544,dnp_tourism,https://catalog.dnp.go.th/dataset/91d66c6a-5b88-41ee-8597-11be8aec5aa6/resource/be300299-f9a3-4eac-b558-0c088dd77a64/download/tourism59-68.csv,2026-09-16T11:38:42.045408+00:00,1.0,20.847,83.847,82.6,4.656,720,,,
khun_khan,ขุนขาน,เชียงใหม่,2568,2024,12,,,6463,dnp_tourism,https://catalog.dnp.go.th/dataset/91d66c6a-5b88-41ee-8597-11be8aec5aa6/resource/be300299-f9a3-4eac-b558-0c088dd77a64/download/tourism59-68.csv,2026-09-16T11:38:42.045411+00:00,1.0,19.571,82.679,22.3,4.358,744,,,
khun_khan,ขุนขาน,เชียงใหม่,2568,2025,1,,,4764,dnp_tourism,https://catalog.dnp.go.th/dataset/91d66c6a-5b88-41ee-8597-11be8aec5aa6/resource/be300299-f9a3-4eac-b558-0c088dd77a64/download/tourism59-68.csv,2026-09-16T11:38:42.045414+00:00,1.0,17.291,75.719,11.0,5.103,744,,,
khun_khan,ขุนขาน,เชียงใหม่,2568,2025,2,,,3746,dnp_tourism,https://catalog.dnp.go.th/dataset/91d66c6a-5b88-41ee-8597-11be8aec5aa6/resource/be300299-f9a3-4eac-b558-0c088dd77a64/download/tourism59-68.csv,2026-09-16T11:38:42.045416+00:00,1.0,20.142,69.673,21.9,6.043,672,,,
khun_khan,ขุนขาน,เชียงใหม่,2568,2025,3,,,1968,dnp_tourism,https://catalog.dnp.go.th/dataset/91d66c6a-5b88-41ee-8597-11be8aec5aa6/resource/be300299-f9a3-4eac-b558-0c088dd77a64/download/tourism59-68.csv,2026-09-16T11:38:42.045419+00:00,1.0,22.753,63.028,3.8,7.019,744,,,
khun_khan,ขุนขาน,เชียงใหม่,2568,2025,4,,,1083,dnp_tourism,https://catalog.dnp.go.th/dataset/91d66c6a-5b88-41ee-8597-11be8aec5aa6/resource/be300299-f9a3-4eac-b558-0c088dd77a64/download/tourism59-68.csv,2026-09-16T11:38:42.045421+00:00,1.0,24.405,74.178,94.2,5.791,720,,,
khun_khan,ขุนขาน,เชียงใหม่,2568,2025,5,,,1092,dnp_tourism,https://catalog.dnp.go.th/dataset/91d66c6a-5b88-41ee-8597-11be8aec5aa6/resource/be300299-f9a3-4eac-b558-0c088dd77a64/download/tourism59-68.csv,2026-09-16T11:38:42.045424+00:00,1.0,23.895,84.462,266.3,5.166,744,,,
khun_khan,ขุนขาน,เชียงใหม่,2568,2025,6,,,1080,dnp_tourism,https://catalog.dnp.go.th/dataset/91d66c6a-5b88-41ee-8597-11be8aec5aa6/resource/be300299-f9a3-4eac-b558-0c088dd77a64/download/tourism59-68.csv,2026-09-16T11:38:42.045426+00:00,1.0,23.873,85.571,266.7,5.126,720,,,
khun_khan,ขุนขาน,เชียงใหม่,2568,2025,7,,,1494,dnp_tourism,https://catalog.dnp.go.th/dataset/91d66c6a-5b88-41ee-8597-11be8aec5aa6/resource/be300299-f9a3-4eac-b558-0c088dd77a64/download/tourism59-68.csv,2026-09-16T11:38:42.045429+00:00,1.0,23.621,85.797,302.1,6.505,744,,,
khun_khan,ขุนขาน,เชียงใหม่,2568,2025,8,,,1266,dnp_tourism,https://catalog.dnp.go.th/dataset/91d66c6a-5b88-41ee-8597-11be8aec5aa6/resource/be300299-f9a3-4eac-b558-0c088dd77a64/download/tourism59-68.csv,2026-09-16T11:38:42.045431+00:00,1.0,23.462,86.147,256.7,6.216,744,,,
khun_khan,ขุนขาน,เชียงใหม่,2568,2025,9,,,329,dnp_tourism,https://catalog.dnp.go.th/dataset/91d66c6a-5b88-41ee-8597-11be8aec5aa6/resource/be300299-f9a3-4eac-b558-0c088dd77a64/download/tourism59-68.csv,2026-09-16T11:38:42.045437+00:00,1.0,23.067,88.939,242.4,4.341,720,,,
mae_wang,แม่วาง,เชียงใหม่,2568,2024,10,,,6392,dnp_tourism,https://catalog.dnp.go.th/dataset/91d66c6a-5b88-41ee-8597-11be8aec5aa6/resource/be300299-f9a3-4eac-b558-0c088dd77a64/download/tourism59-68.csv,2026-09-16T11:38:42.045447+00:00,1.0,24.269,82.593,275.4,3.192,744,,,
mae_wang,แม่วาง,เชียงใหม่,2568,2024,11,,,9608,dnp_tourism,https://catalog.dnp.go.th/dataset/91d66c6a-5b88-41ee-8597-11be8aec5aa6/resource/be300299-f9a3-4eac-b558-0c088dd77a64/download/tourism59-68.csv,2026-09-16T11:38:42.045450+00:00,1.0,22.489,78.756,98.4,3.1,720,,,
mae_wang,แม่วาง,เชียงใหม่,2568,2024,12,,,19051,dnp_tourism,https://catalog.dnp.go.th/dataset/91d66c6a-5b88-41ee-8597-11be8aec5aa6/resource/be300299-f9a3-4eac-b558-0c088dd77a64/download/tourism59-68.csv,2026-09-16T11:38:42.045453+00:00,1.0,21.276,76.957,17.8,2.71,744,,,
mae_wang,แม่วาง,เชียงใหม่,2568,2025,1,,,17804,dnp_tourism,https://catalog.dnp.go.th/dataset/91d66c6a-5b88-41ee-8597-11be8aec5aa6/resource/be300299-f9a3-4eac-b558-0c088dd77a64/download/tourism59-68.csv,2026-09-16T11:38:42.045455+00:00,1.0,19.08,68.573,3.1,2.954,744,,,
mae_wang,แม่วาง,เชียงใหม่,2568,2025,2,,,12438,dnp_tourism,https://catalog.dnp.go.th/dataset/91d66c6a-5b88-41ee-8597-11be8aec5aa6/resource/be300299-f9a3-4eac-b558-0c088dd77a64/download/tourism59-68.csv,2026-09-16T11:38:42.045458+00:00,1.0,21.994,63.107,54.1,3.534,672,,,
mae_wang,แม่วาง,เชียงใหม่,2568,2025,3,,,0,dnp_tourism,https://catalog.dnp.go.th/dataset/91d66c6a-5b88-41ee-8597-11be8aec5aa6/resource/be300299-f9a3-4eac-b558-0c088dd77a64/download/tourism59-68.csv,2026-09-16T11:38:42.045460+00:00,1.0,24.473,58.257,8.1,4.123,744,,,
mae_wang,แม่วาง,เชียงใหม่,2568,2025,4,,,0,dnp_tourism,https://catalog.dnp.go.th/dataset/91d66c6a-5b88-41ee-8597-11be8aec5aa6/resource/be300299-f9a3-4eac-b558-0c088dd77a64/download/tourism59-68.csv,2026-09-16T11:38:42.045463+00:00,1.0,26.919,65.329,51.1,4.214,720,,,
mae_wang,แม่วาง,เชียงใหม่,2568,2025,5,,,4323,dnp_tourism,https://catalog.dnp.go.th/dataset/91d66c6a-5b88-41ee-8597-11be8aec5aa6/resource/be300299-f9a3-4eac-b558-0c088dd77a64/download/tourism59-68.csv,2026-09-16T11:38:42.045466+00:00,1.0,25.93,78.04,266.6,3.594,744,,,
mae_wang,แม่วาง,เชียงใหม่,2568,2025,6,,,4831,dnp_tourism,https://catalog.dnp.go.th/dataset/91d66c6a-5b88-41ee-8597-11be8aec5aa6/resource/be300299-f9a3-4eac-b558-0c088dd77a64/download/tourism59-68.csv,2026-09-16T11:38:42.045468+00:00,1.0,25.553,81.629,195.8,3.695,720,,,
mae_wang,แม่วาง,เชียงใหม่,2568,2025,7,,,5820,dnp_tourism,https://catalog.dnp.go.th/dataset/91d66c6a-5b88-41ee-8597-11be8aec5aa6/resource/be300299-f9a3-4eac-b558-0c088dd77a64/download/tourism59-68.csv,2026-09-16T11:38:42.045471+00:00,1.0,24.923,85.609,356.7,3.66,744,,,
mae_wang,แม่วาง,เชียงใหม่,2568,2025,8,,,5746,dnp_tourism,https://catalog.dnp.go.th/dataset/91d66c6a-5b88-41ee-8597-11be8aec5aa6/resource/be300299-f9a3-4eac-b558-0c088dd77a64/download/tourism59-68.csv,2026-09-16T11:38:42.045473+00:00,1.0,24.794,84.358,295.2,3.216,744,,,
mae_wang,แม่วาง,เชียงใหม่,2568,2025,9,,,5674,dnp_tourism,https://catalog.dnp.go.th/dataset/91d66c6a-5b88-41ee-8597-11be8aec5aa6/resource/be300299-f9a3-4eac-b558-0c088dd77a64/download/tourism59-68.csv,2026-09-16T11:38:42.045475+00:00,1.0,24.793,83.936,330.8,2.725,720,,,
