park_id,park_name,province,fiscal_year,calendar_year,month,thai_visitors,foreign_visitors,total_visitors,source_name,source_url,retrieved_at,schema_version
doi_inthanon,ดอยอินทนนท์,เชียงใหม่,2559,2015,10,,,72189,dnp_tourism,https://catalog.dnp.go.th/dataset/91d66c6a-5b88-41ee-8597-11be8aec5aa6/resource/be300299-f9a3-4eac-b558-0c088dd77a64/download/tourism59-68.csv,2026-09-16T11:38:42.034893+00:00,1.0
doi_inthanon,ดอยอินทนนท์,เชียงใหม่,2559,2015,11,,,74266,dnp_tourism,https://catalog.dnp.go.th/dataset/91d66c6a-5b88-41ee-8597-11be8aec5aa6/resource/be300299-f9a3-4eac-b558-0c088dd77a64/download/tourism59-68.csv,2026-09-16T11:38:42.035068+00:00,1.0
doi_inthanon,ดอยอินทนนท์,เชียงใหม่,2559,2015,12,,,197431,dnp_tourism,https://catalog.dnp.go.th/dataset/91d66c6a-5b88-41ee-8597-11be8aec5aa6/resource/be300299-f9a3-4eac-b558-0c088dd77a64/download/tourism59-68.csv,2026-09-16T11:38:42.035074+00:00,1.0
doi_inthanon,ดอยอินทนนท์,เชียงใหม่,2559,2016,1,,,180865,dnp_tourism,https://catalog.dnp.go.th/dataset/91d66c6a-5b88-41ee-8597-11be8aec5aa6/resource/be300299-f9a3-4eac-b558-0c088dd77a64/download/tourism59-68.csv,2026-09-16T11:38:42.035080+00:00,1.0
doi_inthanon,ดอยอินทนนท์,เชียงใหม่,2559,2016,2,,,78238,dnp_tourism,https://catalog.dnp.go.th/dataset/91d66c6a-5b88-41ee-8597-11be8aec5aa6/resource/be300299-f9a3-4eac-b558-0c088dd77a64/download/tourism59-68.csv,2026-09-16T11:38:42.035083+00:00,1.0
doi_inthanon,ดอยอินทนนท์,เชียงใหม่,2559,2016,3,,,32137,dnp_tourism,https://catalog.dnp.go.th/dataset/91d66c6a-5b88-41ee-8597-11be8aec5aa6/resource/be300299-f9a3-4eac-b558-0c088dd77a64/download/tourism59-68.csv,2026-09-16T11:38:42.035087+00:00,1.0
doi_inthanon,ดอยอินทนนท์,เชียงใหม่,2559,2016,4,,,44143,dnp_tourism,https://catalog.dnp.go.th/dataset/91d66c6a-5b88-41ee-8597-11be8aec5aa6/resource/be300299-f9a3-4eac-b558-0c088dd77a64/download/tourism59-68.csv,2026-09-16T11:38:42.035089+00:00,1.0
doi_inthanon,ดอยอินทนนท์,เชียงใหม่,2559,2016,5,,,23508,dnp_tourism,https://catalog.dnp.go.th/dataset/91d66c6a-5b88-41ee-8597-11be8aec5aa6/resource/be300299-f9a3-4eac-b558-0c088dd77a64/download/tourism59-68.csv,2026-09-16T11:38:42.035092+00:00,1.0
doi_inthanon,ดอยอินทนนท์,เชียงใหม่,2559,2016,6,,,18138,dnp_tourism,https://catalog.dnp.go.th/dataset/91d66c6a-5b88-41ee-8597-11be8aec5aa6/resource/be300299-f9a3-4eac-b558-0c088dd77a64/download/tourism59-68.csv,2026-09-16T11:38:42.035094+00:00,1.0
doi_inthanon,ดอยอินทนนท์,เชียงใหม่,2559,2016,7,,,32868,dnp_tourism,https://catalog.dnp.go.th/dataset/91d66c6a-5b88-41ee-8597-11be8aec5aa6/resource/be300299-f9a3-4eac-b558-0c088dd77a64/download/tourism59-68.csv,2026-09-16T11:38:42.035097+00:00,1.0
doi_inthanon,ดอยอินทนนท์,เชียงใหม่,2559,2016,8,,,31722,dnp_tourism,https://catalog.dnp.go.th/dataset/91d66c6a-5b88-41ee-8597-11be8aec5aa6/resource/be300299-f9a3-4eac-b558-0c088dd77a64/download/tourism59-68.csv,2026-09-16T11:38:42.035100+00:00,1.0
doi_inthanon,ดอยอินทนนท์,เชียงใหม่,2559,2016,9,,,20628,dnp_tourism,https://catalog.dnp.go.th/dataset/91d66c6a-5b88-41ee-8597-11be8aec5aa6/resource/be300299-f9a3-4eac-b558-0c088dd77a64/download/tourism59-68.csv,2026-09-16T11:38:42.035102+00:00,1.0
doi_suthep_pui,ดอยสุเทพ-ปุย,เชียงใหม่,2559,2015,10,,,33241,dnp_tourism,https://catalog.dnp.go.th/dataset/91d66c6a-5b88-41ee-8597-11be8aec5aa6/resource/be300299-f9a3-4eac-b558-0c088dd77a64/download/tourism59-68.csv,2026-09-16T11:38:42.035115+00:00,1.0
doi_suthep_pui,ดอยสุเทพ-ปุย,เชียงใหม่,2559,2015,11,,,30278,dnp_tourism,https://catalog.dnp.go.th/dataset/91d66c6a-5b88-41ee-8597-11be8aec5aa6/resource/be300299-f9a3-4eac-b558-0c088dd77a64/download/tourism59-68.csv,2026-09-16T11:38:42.035118+00:00,1.0
doi_suthep_pui,ดอยสุเทพ-ปุย,เชียงใหม่,2559,2015,12,,,41483,dnp_tourism,https://catalog.dnp.go.th/dataset/91d66c6a-5b88-41ee-8597-11be8aec5aa6/resource/be300299-f9a3-4eac-b558-0c088dd77a64/download/tourism59-68.csv,2026-09-16T11:38:42.035120+00:00,1.0
doi_suthep_pui,ดอยสุเทพ-ปุย,เชียงใหม่,2559,2016,1,,,37322,dnp_tourism,https://catalog.dnp.go.th/dataset/91d66c6a-5b88-41ee-8597-11be8aec5aa6/resource/be300299-f9a3-4eac-b558-0c088dd77a64/download/tourism59-68.csv,2026-09-16T11:38:42.035125+00:00,1.0
doi_suthep_pui,ดอยสุเทพ-ปุย,เชียงใหม่,2559,2016,2,,,26232,dnp_tourism,https://catalog.dnp.go.th/dataset/91d66c6a-5b88-41ee-8597-11be8aec5aa6/resource/be300299-f9a3-4eac-b558-0c088dd77a64/download/tourism59-68.csv,2026-09-16T11:38:42.035128+00:00,1.0
doi_suthep_pui,ดอยสุเทพ-ปุย,เชียงใหม่,2559,2016,3,,,29283,dnp_tourism,https://catalog.dnp.go.th/dataset/91d66c6a-5b88-41ee-8597-11be8aec5aa6/resource/be300299-f9a3-4eac-b558-0c088dd77a64/download/tourism59-68.csv,2026-09-16T11:38:42.035131+00:00,1.0
doi_suthep_pui,ดอยสุเทพ-ปุย,เชียงใหม่,2559,2016,4,,,45488,dnp_tourism,https://catalog.dnp.go.th/dataset/91d66c6a-5b88-41ee-8597-11be8aec5aa6/resource/be300299-f9a3-4eac-b558-0c088dd77a64/download/tourism59-68.csv,2026-09-16T11:38:42.035134+00:00,1.0
doi_suthep_pui,ดอยสุเทพ-ปุย,เชียงใหม่,2559,2016,5,,,21216,dnp_tourism,https://catalog.dnp.go.th/dataset/91d66c6a-5b88-41ee-8597-11be8aec5aa6/resource/be300299-f9a3-4eac-b558-0c088dd77a64/download/tourism59-68.csv,2026-09-16T11:38:42.035136+00:00,1.0
doi_suthep_pui,ดอยสุเทพ-ปุย,เชียงใหม่,2559,2016,6,,,13170,dnp_tourism,https://catalog.dnp.go.th/dataset/91d66c6a-5b88-41ee-8597-11be8aec5aa6/resource/be300299-f9a3-4eac-b558-0c088dd77a64/download/tourism59-68.csv,2026-09-16T11:38:42.035139+00:00,1.0
doi_suthep_pui,ดอยสุเทพ-ปุย,เชียงใหม่,2559,2016,7,,,23813,dnp_tourism,https://catalog.dnp.go.th/dataset/91d66c6a-5b88-41ee-8597-11be8aec5aa6/resource/be300299-f9a3-4eac-b558-0c088dd77a64/download/tourism59-68.csv,2026-09-16T11:38:42.035141+00:00,1.0
doi_suthep_pui,ดอยสุเทพ-ปุย,เชียงใหม่,2559,2016,8,,,20204,dnp_tourism,https://catalog.dnp.go.th/dataset/91d66c6a-5b88-41ee-8597-11be8aec5aa6/resource/be300299-f9a3-4eac-b558-0c088dd77a64/download/tourism59-68.csv,2026-09-16T11:38:42.035143+00:00,1.0
doi_suthep_pui,ดอยสุเทพ-ปุย,เชียงใหม่,2559,2016,9,,,13261,dnp_tourism,https://catalog.dnp.go.th/dataset/91d66c6a-5b88-41ee-8597-11be8aec5aa6/resource/be300299-f9a3-4eac-b558-0c088dd77a64/download/tourism59-68.csv,2026-09-16T11:38:42.035146+00:00,1.0
mae_ping,แม่ปิง,เชียงใหม่,2559,2015,10,,,2149,dnp_tourism,https://catalog.dnp.go.th/dataset/91d66c6a-5b88-41ee-8597-11be8aec5aa6/resource/be300299-f9a3-4eac-b558-0c088dd77a64/download/tourism59-68.csv,2026-09-16T11:38:42.035156+00:00,1.0
mae_ping,แม่ปิง,เชียงใหม่,2559,2015,11,,,1842,dnp_tourism,https://catalog.dnp.go.th/dataset/91d66c6a-5b88-41ee-8597-11be8aec5aa6/resource/be300299-f9a3-4eac-b558-0c088dd77a64/download/tourism59-68.csv,2026-09-16T11:38:42.035159+00:00,1.0
mae_ping,แม่ปิง,เชียงใหม่,2559,2015,12,,,5859,dnp_tourism,https://catalog.dnp.go.th/dataset/91d66c6a-5b88-41ee-8597-11be8aec5aa6/resource/be300299-f9a3-4eac-b558-0c088dd77a64/download/tourism59-68.csv,2026-09-16T11:38:42.035161+00:00,1.0
mae_ping,แม่ปิง,เชียงใหม่,2559,2016,1,,,4402,dnp_tourism,https://catalog.dnp.go.th/dataset/91d66c6a-5b88-41ee-8597-11be8aec5aa6/resource/be300299-f9a3-4eac-b558-0c088dd77a64/download/tourism59-68.csv,2026-09-16T11:38:42.035164+00:00,1.0
mae_ping,แม่ปิง,เชียงใหม่,2559,2016,2,,,1897,dnp_tourism,https://catalog.dnp.go.th/dataset/91d66c6a-5b88-41ee-8597-11be8aec5aa6/resource/be300299-f9a3-4eac-b558-0c088dd77a64/download/tourism59-68.csv,2026-09-16T11:38:42.035166+00:00,1.0
mae_ping,แม่ปิง,เชียงใหม่,2559,2016,3,,,1877,dnp_tourism,https://catalog.dnp.go.th/dataset/91d66c6a-5b88-41ee-8597-11be8aec5aa6/resource/be300299-f9a3-4eac-b558-0c088dd77a64/download/tourism59-68.csv,2026-09-16T11:38:42.035169+00:00,1.0
mae_ping,แม่ปิง,เชียงใหม่,2559,2016,4,,,9265,dnp_tourism,https://catalog.dnp.go.th/dataset/91d66c6a-5b88-41ee-8597-11be8aec5aa6/resource/be300299-f9a3-4eac-b558-0c088dd77a64/download/tourism59-68.csv,2026-09-16T11:38:42.035171+00:00,1.0
mae_ping,แม่ปิง,เชียงใหม่,2559,2016,5,,,2033,dnp_tourism,https://catalog.dnp.go.th/dataset/91d66c6a-5b88-41ee-8597-11be8aec5aa6/resource/be300299-f9a3-4eac-b558-0c088dd77a64/download/tourism59-68.csv,2026-09-16T11:38:42.035174+00:00,1.0
mae_ping,แม่ปิง,เชียงใหม่,2559,2016,6,,,497,dnp_tourism,https://catalog.dnp.go.th/dataset/91d66c6a-5b88-41ee-8597-11be8aec5aa6/resource/be300299-f9a3-4eac-b558-0c088dd77a64/download/tourism59-68.csv,2026-09-16T11:38:42.035176+00:00,1.0
mae_ping,แม่ปิง,เชียงใหม่,2559,2016,7,,,573,dnp_tourism,https://catalog.dnp.go.th/dataset/91d66c6a-5b88-41ee-8597-11be8aec5aa6/resource/be300299-f9a3-4eac-b558-0c088dd77a64/download/tourism59-68.csv,2026-09-16T11:38:42.035178+00:00,1.0
mae_ping,แม่ปิง,เชียงใหม่,2559,2016,8,,,467,dnp_tourism,https://catalog.dnp.go.th/dataset/91d66c6a-5b88-41ee-8597-11be8aec5aa6/resource/be300299-f9a3-4eac-b558-0c088dd77a64/download/tourism59-68.csv,2026-09-16T11:38:42.035181+00:00,1.0
mae_ping,แม่ปิง,เชียงใหม่,2559,2016,9,,,836,dnp_tourism,https://catalog.dnp.go.th/dataset/91d66c6a-5b88-41ee-8597-11be8aec5aa6/resource/be300299-f9a3-4eac-b558-0c088dd77a64/download/tourism59-68.csv,2026-09-16T11:38:42.035183+00:00,1.0
sri_lanna,ศรีลานนา,เชียงใหม่,2559,2015,10,,,8707,dnp_tourism,https://catalog.dnp.go.th/dataset/91d66c6a-5b88-41ee-8597-11be8aec5aa6/resource/be300299-f9a3-4eac-b558-0c088dd77a64/download/tourism59-68.csv,2026-09-16T11:38:42.035192+00:00,1.0
sri_lanna,ศรีลานนา,เชียงใหม่,2559,2015,11,,,5653,dnp_tourism,https://catalog.dnp.go.th/dataset/91d66c6a-5b88-41ee-8597-11be8aec5aa6/resource/be300299-f9a3-4eac-b558-0c088dd77a64/download/tourism59-68.csv,2026-09-16T11:38:42.035194+00:00,1.0
sri_lanna,ศรีลานนา,เชียงใหม่,2559,2015,12,,,11648,dnp_tourism,https://catalog.dnp.go.th/dataset/91d66c6a-5b88-41ee-8597-11be8aec5aa6/resource/be300299-f9a3-4eac-b558-0c088dd77a64/download/tourism59-68.csv,2026-09-16T11:38:42.035197+00:00,1.0
sri_lanna,ศรีลานนา,เชียงใหม่,2559,2016,1,,,7483,dnp_tourism,https://catalog.dnp.go.th/dataset/91d66c6a-5b88-41ee-8597-11be8aec5aa6/resource/be300299-f9a3-4eac-b558-0c088dd77a64/download/tourism59-68.csv,2026-09-16T11:38:42.035199+00:00,1.0
sri_lanna,ศรีลานนา,เชียงใหม่,2559,2016,2,,,4363,dnp_tourism,https://catalog.dnp.go.th/dataset/91d66c6a-5b88-41ee-8597-11be8aec5aa6/resource/be300299-f9a3-4eac-b558-0c088dd77a64/download/tourism59-68.csv,2026-09-16T11:38:42.035225+00:00,1.0
sri_lanna,ศรีลานนา,เชียงใหม่,2559,2016,3,,,7266,dnp_tourism,https://catalog.dnp.go.th/dataset/91d66c6a-5b88-41ee-8597-11be8aec5aa6/resource/be300299-f9a3-4eac-b558-0c088dd77a64/download/tourism59-68.csv,2026-09-16T11:38:42.035237+00:00,1.0
sri_lanna,ศรีลานนา,เชียงใหม่,2559,2016,4,,,13008,dnp_tourism,https://catalog.dnp.go.th/dataset/91d66c6a-5b88-41ee-8597-11be8aec5aa6/resource/be300299-f9a3-4eac-b558-0c088dd77a64/download/tourism59-68.csv,2026-09-16T11:38:42.035242+00:00,1.0
sri_lanna,ศรีลานนา,เชียงใหม่,2559,2016,5,,,9811,dnp_tourism,https://catalog.dnp.go.th/dataset/91d66c6a-5b88-41ee-8597-11be8aec5aa6/resource/be300299-f9a3-4eac-b558-0c088dd77a64/download/tourism59-68.csv,2026-09-16T11:38:42.035256+00:00,1.0
sri_lanna,ศรีลานนา,เชียงใหม่,2559,2016,6,,,4450,dnp_tourism,https://catalog.dnp.go.th/dataset/91d66c6a-5b88-41ee-8597-11be8aec5aa6/resource/be300299-f9a3-4eac-b558-0c088dd77a64/download/tourism59-68.csv,2026-09-16T11:38:42.035262+00:00,1.0
sri_lanna,ศรีลานนา,เชียงใหม่,2559,2016,7,,,6558,dnp_tourism,https://catalog.dnp.go.th/dataset/91d66c6a-5b88-41ee-8597-11be8aec5aa6/resource/be300299-f9a3-4eac-b558-0c088dd77a64/download/tourism59-68.csv,2026-09-16T11:38:42.035274+00:00,1.0
sri_lanna,ศรีลานนา,เชียงใหม่,2559,2016,8,,,4329,dnp_tourism,https://catalog.dnp.go.th/dataset/91d66c6a-5b88-41ee-8597-11be8aec5aa6/resource/be300299-f9a3-4eac-b558-0c088dd77a64/download/tourism59-68.csv,2026-09-16T11:38:42.035279+00:00,1.0
sri_lanna,ศรีลานนา,เชียงใหม่,2559,2016,9,,,3410,dnp_tourism,https://catalog.dnp.go.th/dataset/91d66c6a-5b88-41ee-8597-11be8aec5aa6/resource/be300299-f9a3-4eac-b558-0c088dd77a64/download/tourism59-68.csv,2026-09-16T11:38:42.035315+00:00,1.0
ob_luang,ออบหลวง,เชียงใหม่,2559,2015,10,,,3254,dnp_tourism,https://catalog.dnp.go.th/dataset/91d66c6a-5b88-41ee-8597-11be8aec5aa6/resource/be300299-f9a3-4eac-b558-0c088dd77a64/download/tourism59-68.csv,2026-09-16T11:38:42.035362+00:00,1.0
ob_luang,ออบหลวง,เชียงใหม่,2559,2015,11,,,4914,dnp_tourism,https://catalog.dnp.go.th/dataset/91d66c6a-5b88-41ee-8597-11be8aec5aa6/resource/be300299-f9a3-4eac-b558-0c088dd77a64/download/tourism59-68.csv,2026-09-16T11:38:42.035366+00:00,1.0
ob_luang,ออบหลวง,เชียงใหม่,2559,2015,12,,,12060,dnp_tourism,https://catalog.dnp.go.th/dataset/91d66c6a-5b88-41ee-8597-11be8aec5aa6/resource/be300299-f9a3-4eac-b558-0c088dd77a64/download/tourism59-68.csv,2026-09-16T11:38:42.035369+00:00,1.0
ob_luang,ออบหลวง,เชียงใหม่,2559,2016,1,,,8287,dnp_tourism,https://catalog.dnp.go.th/dataset/91d66c6a-5b88-41ee-8597-11be8aec5aa6/resource/be300299-f9a3-4eac-b558-0c088dd77a64/download/tourism59-68.csv,2026-09-16T11:38:42.035371+00:00,1.0
ob_luang,ออบหลวง,เชียงใหม่,2559,2016,2,,,3406,dnp_tourism,https://catalog.dnp.go.th/dataset/91d66c6a-5b88-41ee-8597-11be8aec5aa6/resource/be300299-f9a3-4eac-b558-0c088dd77a64/download/tourism59-68.csv,2026-09-16T11:38:42.035374+00:00,1.0
ob_luang,ออบหลวง,เชียงใหม่,2559,2016,3,,,1897,dnp_tourism,https://catalog.dnp.go.th/dataset/91d66c6a-5b88-41ee-8597-11be8aec5aa6/resource/be300299-f9a3-4eac-b558-0c088dd77a64/download/tourism59-68.csv,2026-09-16T11:38:42.035376+00:00,1.0
ob_luang,ออบหลวง,เชียงใหม่,2559,2016,4,,,3149,dnp_tourism,https://catalog.dnp.go.th/dataset/91d66c6a-5b88-41ee-8597-11be8aec5aa6/resource/be300299-f9a3-4eac-b558-0c088dd77a64/download/tourism59-68.csv,2026-09-16T11:38:42.035379+00:00,1.0
ob_luang,ออบหลวง,เชียงใหม่,2559,2016,5,,,1511,dnp_tourism,https://catalog.dnp.go.th/dataset/91d66c6a-5b88-41ee-8597-11be8aec5aa6/resource/be300299-f9a3-4eac-b558-0c088dd77a64/download/tourism59-68.csv,2026-09-16T11:38:42.035381+00:00,1.0
ob_luang,ออบหลวง,เชียงใหม่,2559,2016,6,,,956,dnp_tourism,https://catalog.dnp.go.th/dataset/91d66c6a-5b88-41ee-8597-11be8aec5aa6/resource/be300299-f9a3-4eac-b558-0c088dd77a64/download/tourism59-68.csv,2026-09-16T11:38:42.035384+00:00,1.0
ob_luang,ออบหลวง,เชียงใหม่,2559,2016,7,,,2021,dnp_tourism,https://catalog.dnp.go.th/dataset/91d66c6a-5b88-41ee-8597-11be8aec5aa6/resource/be300299-f9a3-4eac-b558-0c088dd77a64/download/tourism59-68.csv,2026-09-16T11:38:42.035386+00:00,1.0
ob_luang,ออบหลวง,เชียงใหม่,2559,2016,8,,,1852,dnp_tourism,https://catalog.dnp.go.th/dataset/91d66c6a-5b88-41ee-8597-11be8aec5aa6/resource/be300299-f9a3-4eac-b558-0c088dd77a64/download/tourism59-68.csv,2026-09-16T11:38:42.035389+00:00,1.0
ob_luang,ออบหลวง,เชียงใหม่,2559,2016,9,,,1549,dnp_tourism,https://catalog.dnp.go.th/dataset/91d66c6a-5b88-41ee-8597-11be8aec5aa6/resource/be300299-f9a3-4eac-b558-0c088dd77a64/download/tourism59-68.csv,2026-09-16T11:38:42.035391+00:00,1.0
huai_nam_dang,ห้วยน้ำดัง,เชียงใหม่,2559,2015,10,,,15191,dnp_tourism,https://catalog.dnp.go.th/dataset/91d66c6a-5b88-41ee-8597-11be8aec5aa6/resource/be300299-f9a3-4eac-b558-0c088dd77a64/download/tourism59-68.csv,2026-09-16T11:38:42.035400+00:00,1.0
huai_nam_dang,ห้วยน้ำดัง,เชียงใหม่,2559,2015,11,,,19046,dnp_tourism,https://catalog.dnp.go.th/dataset/91d66c6a-5b88-41ee-8597-11be8aec5aa6/resource/be300299-f9a3-4eac-b558-0c088dd77a64/download/tourism59-68.csv,2026-09-16T11:38:42.035403+00:00,1.0
huai_nam_dang,ห้วยน้ำดัง,เชียงใหม่,2559,2015,12,,,61408,dnp_tourism,https://catalog.dnp.go.th/dataset/91d66c6a-5b88-41ee-8597-11be8aec5aa6/resource/be300299-f9a3-4eac-b558-0c088dd77a64/download/tourism59-68.csv,2026-09-16T11:38:42.035406+00:00,1.0
huai_nam_dang,ห้วยน้ำดัง,เชียงใหม่,2559,2016,1,,,39480,dnp_tourism,https://catalog.dnp.go.th/dataset/91d66c6a-5b88-41ee-8597-11be8aec5aa6/resource/be300299-f9a3-4eac-b558-0c088dd77a64/download/tourism59-68.csv,2026-09-16T11:38:42.035408+00:00,1.0
huai_nam_dang,ห้วยน้ำดัง,เชียงใหม่,2559,2016,2,,,15915,dnp_tourism,https://catalog.dnp.go.th/dataset/91d66c6a-5b88-41ee-8597-11be8aec5aa6/resource/be300299-f9a3-4eac-b558-0c088dd77a64/download/tourism59-68.csv,2026-09-16T11:38:42.035411+00:00,1.0
huai_nam_dang,ห้วยน้ำดัง,เชียงใหม่,2559,2016,3,,,7916,dnp_tourism,https://catalog.dnp.go.th/dataset/91d66c6a-5b88-41ee-8597-11be8aec5aa6/resource/be300299-f9a3-4eac-b558-0c088dd77a64/download/tourism59-68.csv,2026-09-16T11:38:42.035414+00:00,1.0
huai_nam_dang,ห้วยน้ำดัง,เชียงใหม่,2559,2016,4,,,17066,dnp_tourism,https://catalog.dnp.go.th/dataset/91d66c6a-5b88-41ee-8597-11be8aec5aa6/resource/be300299-f9a3-4eac-b558-0c088dd77a64/download/tourism59-68.csv,2026-09-16T11:38:42.035416+00:00,1.0
huai_nam_dang,ห้วยน้ำดัง,เชียงใหม่,2559,2016,5,,,3846,dnp_tourism,https://catalog.dnp.go.th/dataset/91d66c6a-5b88-41ee-8597-11be8aec5aa6/resource/be300299-f9a3-4eac-b558-0c088dd77a64/download/tourism59-68.csv,2026-09-16T11:38:42.035418+00:00,1.0
huai_nam_dang,ห้วยน้ำดัง,เชียงใหม่,2559,2016,6,,,3542,dnp_tourism,https://catalog.dnp.go.th/dataset/91d66c6a-5b88-41ee-8597-11be8aec5aa6/resource/be300299-f9a3-4eac-b558-0c088dd77a64/download/tourism59-68.csv,2026-09-16T11:38:42.035421+00:00,1.0
huai_nam_dang,ห้วยน้ำดัง,เชียงใหม่,2559,2016,7,,,7152,dnp_tourism,https://catalog.dnp.go.th/dataset/91d66c6a-5b88-41ee-8597-11be8aec5aa6/resource/be300299-f9a3-4eac-b558-0c088dd77a64/download/tourism59-68.csv,2026-09-16T11:38:42.035423+00:00,1.0
huai_nam_dang,ห้วยน้ำดัง,เชียงใหม่,2559,2016,8,,,5439,dnp_tourism,https://catalog.dnp.go.th/dataset/91d66c6a-5b88-41ee-8597-11be8aec5aa6/resource/be300299-f9a3-4eac-b558-0c088dd77a64/download/tourism59-68.csv,2026-09-16T11:38:42.035426+00:00,1.0
huai_nam_dang,ห้วยน้ำดัง,เชียงใหม่,2559,2016,9,,,3758,dnp_tourism,https://catalog.dnp.go.th/dataset/91d66c6a-5b88-41ee-8597-11be8aec5aa6/resource/be300299-f9a3-4eac-b558-0c088dd77a64/download/tourism59-68.csv,2026-09-16T11:38:42.035428+00:00,1.0
doi_pha_hom_pok,ดอยผ้าห่มปก,เชียงใหม่,2559,2015,10,,,8520,dnp_tourism,https://catalog.dnp.go.th/dataset/91d66c6a-5b88-41ee-8597-11be8aec5aa6/resource/be300299-f9a3-4eac-b558-0c088dd77a64/download/tourism59-68.csv,2026-09-16T11:38:42.035485+00:00,1.0
doi_pha_hom_pok,ดอยผ้าห่มปก,เชียงใหม่,2559,2015,11,,,8522,dnp_tourism,https://catalog.dnp.go.th/dataset/91d66c6a-5b88-41ee-8597-11be8aec5aa6/resource/be300299-f9a3-4eac-b558-0c088dd77a64/download/tourism59-68.csv,2026-09-16T11:38:42.035513+00:00,1.0
doi_pha_hom_pok,ดอยผ้าห่มปก,เชียงใหม่,2559,2015,12,,,27131,dnp_tourism,https://catalog.dnp.go.th/dataset/91d66c6a-5b88-41ee-8597-11be8aec5aa6/resource/be300299-f9a3-4eac-b558-0c088dd77a64/download/tourism59-68.csv,2026-09-16T11:38:42.035521+00:00,1.0
doi_pha_hom_pok,ดอยผ้าห่มปก,เชียงใหม่,2559,2016,1,,,29628,dnp_tourism,https://catalog.dnp.go.th/dataset/91d66c6a-5b88-41ee-8597-11be8aec5aa6/resource/be300299-f9a3-4eac-b558-0c088dd77a64/download/tourism59-68.csv,2026-09-16T11:38:42.035525+00:00,1.0
doi_pha_hom_pok,ดอยผ้าห่มปก,เชียงใหม่,2559,2016,2,,,12818,dnp_tourism,https://catalog.dnp.go.th/dataset/91d66c6a-5b88-41ee-8597-11be8aec5aa6/resource/be300299-f9a3-4eac-b558-0c088dd77a64/download/tourism59-68.csv,2026-09-16T11:38:42.035530+00:00,1.0
doi_pha_hom_pok,ดอยผ้าห่มปก,เชียงใหม่,2559,2016,3,,,10427,dnp_tourism,https://catalog.dnp.go.th/dataset/91d66c6a-5b88-41ee-8597-11be8aec5aa6/resource/be300299-f9a3-4eac-b558-0c088dd77a64/download/tourism59-68.csv,2026-09-16T11:38:42.035534+00:00,1.0
doi_pha_hom_pok,ดอยผ้าห่มปก,เชียงใหม่,2559,2016,4,,,23951,dnp_tourism,https://catalog.dnp.go.th/dataset/91d66c6a-5b88-41ee-8597-11be8aec5aa6/resource/be300299-f9a3-4eac-b558-0c088dd77a64/download/tourism59-68.csv,2026-09-16T11:38:42.035537+00:00,1.0
doi_pha_hom_pok,ดอยผ้าห่มปก,เชียงใหม่,2559,2016,5,,,5416,dnp_tourism,https://catalog.dnp.go.th/dataset/91d66c6a-5b88-41ee-8597-11be8aec5aa6/resource/be300299-f9a3-4eac-b558-0c088dd77a64/download/tourism59-68.csv,2026-09-16T11:38:42.035539+00:00,1.0
doi_pha_hom_pok,ดอยผ้าห่มปก,เชียงใหม่,2559,2016,6,,,3228,dnp_tourism,https://catalog.dnp.go.th/dataset/91d66c6a-5b88-41ee-8597-11be8aec5aa6/resource/be300299-f9a3-4eac-b558-0c088dd77a64/download/tourism59-68.csv,2026-09-16T11:38:42.035568+00:00,1.0
doi_pha_hom_pok,ดอยผ้าห่มปก,เชียงใหม่,2559,2016,7,,,4704,dnp_tourism,https://catalog.dnp.go.th/dataset/91d66c6a-5b88-41ee-8597-11be8aec5aa6/resource/be300299-f9a3-4eac-b558-0c088dd77a64/download/tourism59-68.csv,2026-09-16T11:38:42.035578+00:00,1.0
doi_pha_hom_pok,ดอยผ้าห่มปก,เชียงใหม่,2559,2016,8,,,4151,dnp_tourism,https://catalog.dnp.go.th/dataset/91d66c6a-5b88-41ee-8597-11be8aec5aa6/resource/be300299-f9a3-4eac-b558-0c088dd77a64/download/tourism59-68.csv,2026-09-16T11:38:42.035581+00:00,1.0
doi_pha_hom_pok,ดอยผ้าห่มปก,เชียงใหม่,2559,2016,9,,,3641,dnp_tourism,https://catalog.dnp.go.th/dataset/91d66c6a-5b88-41ee-8597-11be8aec5aa6/resource/be300299-f9a3-4eac-b558-0c088dd77a64/download/tourism59-68.csv,2026-09-16T11:38:42.035588+00:00,1.0
pha_daeng,ผาแดง,เชียงใหม่,2559,2015,10,,,2975,dnp_tourism,https://catalog.dnp.go.th/dataset/91d66c6a-5b88-41ee-8597-11be8aec5aa6/resource/be300299-f9a3-4eac-b558-0c088dd77a64/download/tourism59-68.csv,2026-09-16T11:38:42.035620+00:00,1.0
pha_daeng,ผาแดง,เชียงใหม่,2559,2015,11,,,3066,dnp_tourism,https://catalog.dnp.go.th/dataset/91d66c6a-5b88-41ee-8597-11be8aec5aa6/resource/be300299-f9a3-4eac-b558-0c088dd77a64/download/tourism59-68.csv,2026-09-16T11:38:42.035624+00:00,1.0
pha_daeng,ผาแดง,เชียงใหม่,2559,2015,12,,,7160,dnp_tourism,https://catalog.dnp.go.th/dataset/91d66c6a-5b88-41ee-8597-11be8aec5aa6/resource/be300299-f9a3-4eac-b558-0c088dd77a64/download/tourism59-68.csv,2026-09-16T11:38:42.035627+00:00,1.0
pha_daeng,ผาแดง,เชียงใหม่,2559,2016,1,,,5810,dnp_tourism,https://catalog.dnp.go.th/dataset/91d66c6a-5b88-41ee-8597-11be8aec5aa6/resource/be300299-f9a3-4eac-b558-0c088dd77a64/download/tourism59-68.csv,2026-09-16T11:38:42.035629+00:00,1.0
pha_daeng,ผาแดง,เชียงใหม่,2559,2016,2,,,4393,dnp_tourism,https://catalog.dnp.go.th/dataset/91d66c6a-5b88-41ee-8597-11be8aec5aa6/resource/be300299-f9a3-4eac-b558-0c088dd77a64/download/tourism59-68.csv,2026-09-16T11:38:42.035632+00:00,1.0
pha_daeng,ผาแดง,เชียงใหม่,2559,2016,3,,,4068,dnp_tourism,https://catalog.dnp.go.th/dataset/91d66c6a-5b88-41ee-8597-11be8aec5aa6/resource/be300299-f9a3-4eac-b558-0c088dd77a64/download/tourism59-68.csv,2026-09-16T11:38:42.035634+00:00,1.0
pha_daeng,ผาแดง,เชียงใหม่,2559,2016,4,,,6813,dnp_tourism,https://catalog.dnp.go.th/dataset/91d66c6a-5b88-41ee-8597-11be8aec5aa6/resource/be300299-f9a3-4eac-b558-0c088dd77a64/download/tourism59-68.csv,2026-09-16T11:38:42.035637+00:00,1.0
pha_daeng,ผาแดง,เชียงใหม่,2559,2016,5,,,1696,dnp_tourism,https://catalog.dnp.go.th/dataset/91d66c6a-5b88-41ee-8597-11be8aec5aa6/resource/be300299-f9a3-4eac-b558-0c088dd77a64/download/tourism59-68.csv,2026-09-16T11:38:42.035639+00:00,1.0
pha_daeng,ผาแดง,เชียงใหม่,2559,2016,6,,,888,dnp_tourism,https://catalog.dnp.go.th/dataset/91d66c6a-5b88-41ee-8597-11be8aec5aa6/resource/be300299-f9a3-4eac-b558-0c088dd77a64/download/tourism59-68.csv,2026-09-16T11:38:42.035642+00:00,1.0
pha_daeng,ผาแดง,เชียงใหม่,2559,2016,7,,,1813,dnp_tourism,https://catalog.dnp.go.th/dataset/91d66c6a-5b88-41ee-8597-11be8aec5aa6/resource/be300299-f9a3-4eac-b558-0c088dd77a64/download/tourism59-68.csv,2026-09-16T11:38:42.035647+00:00,1.0
pha_daeng,ผาแดง,เชียงใหม่,2559,2016,8,,,1288,dnp_tourism,https://catalog.dnp.go.th/dataset/91d66c6a-5b88-41ee-8597-11be8aec5aa6/resource/be300299-f9a3-4eac-b558-0c088dd77a64/download/tourism59-68.csv,2026-09-16T11:38:42.035651+00:00,1.0
pha_daeng,ผาแดง,เชียงใหม่,2559,2016,9,,,917,dnp_tourism,https://catalog.dnp.go.th/dataset/91d66c6a-5b88-41ee-8597-11be8aec5aa6/resource/be300299-f9a3-4eac-b558-0c088dd77a64/download/tourism59-68.csv,2026-09-16T11:38:42.035653+00:00,1.0
khun_khan,ขุนขาน,เชียงใหม่,2559,2015,10,,,38,dnp_tourism,https://catalog.dnp.go.th/dataset/91d66c6a-5b88-41ee-8597-11be8aec5aa6/resource/be300299-f9a3-4eac-b558-0c088dd77a64/download/tourism59-68.csv,2026-09-16T11:38:42.035692+00:00,1.0
khun_khan,ขุนขาน,เชียงใหม่,2559,2015,11,,,53,dnp_tourism,https://catalog.dnp.go.th/dataset/91d66c6a-5b88-41ee-8597-11be8aec5aa6/resource/be300299-f9a3-4eac-b558-0c088dd77a64/download/tourism59-68.csv,2026-09-16T11:38:42.035695+00:00,1.0
khun_khan,ขุนขาน,เชียงใหม่,2559,2015,12,,,124,dnp_tourism,https://catalog.dnp.go.th/dataset/91d66c6a-5b88-41ee-8597-11be8aec5aa6/resource/be300299-f9a3-4eac-b558-0c088dd77a64/download/tourism59-68.csv,2026-09-16T11:38:42.035697+00:00,1.0
khun_khan,ขุนขาน,เชียงใหม่,2559,2016,1,,,82,dnp_tourism,https://catalog.dnp.go.th/dataset/91d66c6a-5b88-41ee-8597-11be8aec5aa6/resource/be300299-f9a3-4eac-b558-0c088dd77a64/download/tourism59-68.csv,2026-09-16T11:38:42.035700+00:00,1.0
khun_khan,ขุนขาน,เชียงใหม่,2559,2016,2,,,12,dnp_tourism,https://catalog.dnp.go.th/dataset/91d66c6a-5b88-41ee-8597-11be8aec5aa6/resource/be300299-f9a3-4eac-b558-0c088dd77a64/download/tourism59-68.csv,2026-09-16T11:38:42.035702+00:00,1.0
khun_khan,ขุนขาน,เชียงใหม่,2559,2016,3,,,20,dnp_tourism,https://catalog.dnp.go.th/dataset/91d66c6a-5b88-41ee-8597-11be8aec5aa6/resource/be300299-f9a3-4eac-b558-0c088dd77a64/download/tourism59-68.csv,2026-09-16T11:38:42.035705+00:00,1.0
khun_khan,ขุนขาน,เชียงใหม่,2559,2016,4,,,94,dnp_tourism,https://catalog.dnp.go.th/dataset/91d66c6a-5b88-41ee-8597-11be8aec5aa6/resource/be300299-f9a3-4eac-b558-0c088dd77a64/download/tourism59-68.csv,2026-09-16T11:38:42.035707+00:00,1.0
khun_khan,ขุนขาน,เชียงใหม่,2559,2016,5,,,16,dnp_tourism,https://catalog.dnp.go.th/dataset/91d66c6a-5b88-41ee-8597-11be8aec5aa6/resource/be300299-f9a3-4eac-b558-0c088dd77a64/download/tourism59-68.csv,2026-09-16T11:38:42.035710+00:00,1.0
khun_khan,ขุนขาน,เชียงใหม่,2559,2016,6,,,17,dnp_tourism,https://catalog.dnp.go.th/dataset/91d66c6a-5b88-41ee-8597-11be8aec5aa6/resource/be300299-f9a3-4eac-b558-0c088dd77a64/download/tourism59-68.csv,2026-09-16T11:38:42.035712+00:00,1.0
khun_khan,ขุนขาน,เชียงใหม่,2559,2016,7,,,23,dnp_tourism,https://catalog.dnp.go.th/dataset/91d66c6a-5b88-41ee-8597-11be8aec5aa6/resource/be300299-f9a3-4eac-b558-0c088dd77a64/download/tourism59-68.csv,2026-09-16T11:38:42.035715+00:00,1.0
khun_khan,ขุนขาน,เชียงใหม่,2559,2016,8,,,49,dnp_tourism,https://catalog.dnp.go.th/dataset/91d66c6a-5b88-41ee-8597-11be8aec5aa6/resource/be300299-f9a3-4eac-b558-0c088dd77a64/download/tourism59-68.csv,2026-09-16T11:38:42.035717+00:00,1.0
khun_khan,ขุนขาน,เชียงใหม่,2559,2016,9,,,16,dnp_tourism,https://catalog.dnp.go.th/dataset/91d66c6a-5b88-41ee-8597-11be8aec5aa6/resource/be300299-f9a3-4eac-b558-0c088dd77a64/download/tourism59-68.csv,2026-09-16T11:38:42.035719+00:00,1.0
mae_wang,แม่วาง,เชียงใหม่,2559,2015,10,,,8264,dnp_tourism,https://catalog.dnp.go.th/dataset/91d66c6a-5b88-41ee-8597-11be8aec5aa6/resource/be300299-f9a3-4eac-b558-0c088dd77a64/download/tourism59-68.csv,2026-09-16T11:38:42.035729+00:00,1.0
mae_wang,แม่วาง,เชียงใหม่,2559,2015,11,,,7531,dnp_tourism,https://catalog.dnp.go.th/dataset/91d66c6a-5b88-41ee-8597-11be8aec5aa6/resource/be300299-f9a3-4eac-b558-0c088dd77a64/download/tourism59-68.csv,2026-09-16T11:38:42.035732+00:00,1.0
mae_wang,แม่วาง,เชียงใหม่,2559,2015,12,,,14674,dnp_tourism,https://catalog.dnp.go.th/dataset/91d66c6a-5b88-41ee-8597-11be8aec5aa6/resource/be300299-f9a3-4eac-b558-0c088dd77a64/download/tourism59-68.csv,2026-09-16T11:38:42.035735+00:00,1.0
mae_wang,แม่วาง,เชียงใหม่,2559,2016,1,,,12392,dnp_tourism,https://catalog.dnp.go.th/dataset/91d66c6a-5b88-41ee-8597-11be8aec5aa6/resource/be300299-f9a3-4eac-b558-0c088dd77a64/download/tourism59-68.csv,2026-09-16T11:38:42.035738+00:00,1.0
mae_wang,แม่วาง,เชียงใหม่,2559,2016,2,,,6464,dnp_tourism,https://catalog.dnp.go.th/dataset/91d66c6a-5b88-41ee-8597-11be8aec5aa6/resource/be300299-f9a3-4eac-b558-0c088dd77a64/download/tourism59-68.csv,2026-09-16T11:38:42.035740+00:00,1.0
mae_wang,แม่วาง,เชียงใหม่,2559,2016,3,,,3226,dnp_tourism,https://catalog.dnp.go.th/dataset/91d66c6a-5b88-41ee-8597-11be8aec5aa6/resource/be300299-f9a3-4eac-b558-0c088dd77a64/download/tourism59-68.csv,2026-09-16T11:38:42.035743+00:00,1.0
mae_wang,แม่วาง,เชียงใหม่,2559,2016,4,,,2589,dnp_tourism,https://catalog.dnp.go.th/dataset/91d66c6a-5b88-41ee-8597-11be8aec5aa6/resource/be300299-f9a3-4eac-b558-0c088dd77a64/download/tourism59-68.csv,2026-09-16T11:38:42.035745+00:00,1.0
mae_wang,แม่วาง,เชียงใหม่,2559,2016,5,,,2409,dnp_tourism,https://catalog.dnp.go.th/dataset/91d66c6a-5b88-41ee-8597-11be8aec5aa6/resource/be300299-f9a3-4eac-b558-0c088dd77a64/download/tourism59-68.csv,2026-09-16T11:38:42.035748+00:00,1.0
mae_wang,แม่วาง,เชียงใหม่,2559,2016,6,,,2004,dnp_tourism,https://catalog.dnp.go.th/dataset/91d66c6a-5b88-41ee-8597-11be8aec5aa6/resource/be300299-f9a3-4eac-b558-0c088dd77a64/download/tourism59-68.csv,2026-09-16T11:38:42.035751+00:00,1.0
mae_wang,แม่วาง,เชียงใหม่,2559,2016,7,,,3694,dnp_tourism,https://catalog.dnp.go.th/dataset/91d66c6a-5b88-41ee-8597-11be8aec5aa6/resource/be300299-f9a3-4eac-b558-0c088dd77a64/download/tourism59-68.csv,2026-09-16T11:38:42.035756+00:00,1.0
mae_wang,แม่วาง,เชียงใหม่,2559,2016,8,,,2572,dnp_tourism,https://catalog.dnp.go.th/dataset/91d66c6a-5b88-41ee-8597-11be8aec5aa6/resource/be300299-f9a3-4eac-b558-0c088dd77a64/download/tourism59-68.csv,2026-09-16T11:38:42.035758+00:00,1.0
mae_wang,แม่วาง,เชียงใหม่,2559,2016,9,,,2047,dnp_tourism,https://catalog.dnp.go.th/dataset/91d66c6a-5b88-41ee-8597-11be8aec5aa6/resource/be300299-f9a3-4eac-b558-0c088dd77a64/download/tourism59-68.csv,2026-09-16T11:38:42.035761+00:00,1.0
doi_inthanon,ดอยอินทนนท์,เชียงใหม่,2560,2016,10,,,62691,dnp_tourism,https://catalog.dnp.go.th/dataset/91d66c6a-5b88-41ee-8597-11be8aec5aa6/resource/be300299-f9a3-4eac-b558-0c088dd77a64/download/tourism59-68.csv,2026-09-16T11:38:42.036508+00:00,1.0
doi_inthanon,ดอยอินทนนท์,เชียงใหม่,2560,2016,11,,,85669,dnp_tourism,https://catalog.dnp.go.th/dataset/91d66c6a-5b88-41ee-8597-11be8aec5aa6/resource/be300299-f9a3-4eac-b558-0c088dd77a64/download/tourism59-68.csv,2026-09-16T11:38:42.036513+00:00,1.0
doi_inthanon,ดอยอินทนนท์,เชียงใหม่,2560,2016,12,,,210013,dnp_tourism,https://catalog.dnp.go.th/dataset/91d66c6a-5b88-41ee-8597-11be8aec5aa6/resource/be300299-f9a3-4eac-b558-0c088dd77a64/download/tourism59-68.csv,2026-09-16T11:38:42.036516+00:00,1.0
doi_inthanon,ดอยอินทนนท์,เชียงใหม่,2560,2017,1,,,158754,dnp_tourism,https://catalog.dnp.go.th/dataset/91d66c6a-5b88-41ee-8597-11be8aec5aa6/resource/be300299-f9a3-4eac-b558-0c088dd77a64/download/tourism59-68.csv,2026-09-16T11:38:42.036522+00:00,1.0
doi_inthanon,ดอยอินทนนท์,เชียงใหม่,2560,2017,2,,,86776,dnp_tourism,https://catalog.dnp.go.th/dataset/91d66c6a-5b88-41ee-8597-11be8aec5aa6/resource/be300299-f9a3-4eac-b558-0c088dd77a64/download/tourism59-68.csv,2026-09-16T11:38:42.036525+00:00,1.0
doi_inthanon,ดอยอินทนนท์,เชียงใหม่,2560,2017,3,,,32590,dnp_tourism,https://catalog.dnp.go.th/dataset/91d66c6a-5b88-41ee-8597-11be8aec5aa6/resource/be300299-f9a3-4eac-b558-0c088dd77a64/download/tourism59-68.csv,2026-09-16T11:38:42.036527+00:00,1.0
doi_inthanon,ดอยอินทนนท์,เชียงใหม่,2560,2017,4,,,39583,dnp_tourism,https://catalog.dnp.go.th/dataset/91d66c6a-5b88-41ee-8597-11be8aec5aa6/resource/be300299-f9a3-4eac-b558-0c088dd77a64/download/tourism59-68.csv,2026-09-16T11:38:42.036530+00:00,1.0
doi_inthanon,ดอยอินทนนท์,เชียงใหม่,2560,2017,5,,,19461,dnp_tourism,https://catalog.dnp.go.th/dataset/91d66c6a-5b88-41ee-8597-11be8aec5aa6/resource/be300299-f9a3-4eac-b558-0c088dd77a64/download/tourism59-68.csv,2026-09-16T11:38:42.036532+00:00,1.0
doi_inthanon,ดอยอินทนนท์,เชียงใหม่,2560,2017,6,,,16686,dnp_tourism,https://catalog.dnp.go.th/dataset/91d66c6a-5b88-41ee-8597-11be8aec5aa6/resource/be300299-f9a3-4eac-b558-0c088dd77a64/download/tourism59-68.csv,2026-09-16T11:38:42.036535+00:00,1.0
doi_inthanon,ดอยอินทนนท์,เชียงใหม่,2560,2017,7,,,32320,dnp_tourism,https://catalog.dnp.go.th/dataset/91d66c6a-5b88-41ee-8597-11be8aec5aa6/resource/be300299-f9a3-4eac-b558-0c088dd77a64/download/tourism59-68.csv,2026-09-16T11:38:42.036538+00:00,1.0
doi_inthanon,ดอยอินทนนท์,เชียงใหม่,2560,2017,8,,,28571,dnp_tourism,https://catalog.dnp.go.th/dataset/91d66c6a-5b88-41ee-8597-11be8aec5aa6/resource/be300299-f9a3-4eac-b558-0c088dd77a64/download/tourism59-68.csv,2026-09-16T11:38:42.036540+00:00,1.0
doi_inthanon,ดอยอินทนนท์,เชียงใหม่,2560,2017,9,,,24321,dnp_tourism,https://catalog.dnp.go.th/dataset/91d66c6a-5b88-41ee-8597-11be8aec5aa6/resource/be300299-f9a3-4eac-b558-0c088dd77a64/download/tourism59-68.csv,2026-09-16T11:38:42.036543+00:00,1.0
mae_ping,แม่ปิง,เชียงใหม่,2560,2016,10,,,1008,dnp_tourism,https://catalog.dnp.go.th/dataset/91d66c6a-5b88-41ee-8597-11be8aec5aa6/resource/be300299-f9a3-4eac-b558-0c088dd77a64/download/tourism59-68.csv,2026-09-16T11:38:42.036552+00:00,1.0
mae_ping,แม่ปิง,เชียงใหม่,2560,2016,11,,,1218,dnp_tourism,https://catalog.dnp.go.th/dataset/91d66c6a-5b88-41ee-8597-11be8aec5aa6/resource/be300299-f9a3-4eac-b558-0c088dd77a64/download/tourism59-68.csv,2026-09-16T11:38:42.036555+00:00,1.0
mae_ping,แม่ปิง,เชียงใหม่,2560,2016,12,,,4710,dnp_tourism,https://catalog.dnp.go.th/dataset/91d66c6a-5b88-41ee-8597-11be8aec5aa6/resource/be300299-f9a3-4eac-b558-0c088dd77a64/download/tourism59-68.csv,2026-09-16T11:38:42.036557+00:00,1.0
mae_ping,แม่ปิง,เชียงใหม่,2560,2017,1,,,5080,dnp_tourism,https://catalog.dnp.go.th/dataset/91d66c6a-5b88-41ee-8597-11be8aec5aa6/resource/be300299-f9a3-4eac-b558-0c088dd77a64/download/tourism59-68.csv,2026-09-16T11:38:42.036560+00:00,1.0
mae_ping,แม่ปิง,เชียงใหม่,2560,2017,2,,,4145,dnp_tourism,https://catalog.dnp.go.th/dataset/91d66c6a-5b88-41ee-8597-11be8aec5aa6/resource/be300299-f9a3-4eac-b558-0c088dd77a64/download/tourism59-68.csv,2026-09-16T11:38:42.036562+00:00,1.0
mae_ping,แม่ปิง,เชียงใหม่,2560,2017,3,,,3442,dnp_tourism,https://catalog.dnp.go.th/dataset/91d66c6a-5b88-41ee-8597-11be8aec5aa6/resource/be300299-f9a3-4eac-b558-0c088dd77a64/download/tourism59-68.csv,2026-09-16T11:38:42.036565+00:00,1.0
mae_ping,แม่ปิง,เชียงใหม่,2560,2017,4,,,6767,dnp_tourism,https://catalog.dnp.go.th/dataset/91d66c6a-5b88-41ee-8597-11be8aec5aa6/resource/be300299-f9a3-4eac-b558-0c088dd77a64/download/tourism59-68.csv,2026-09-16T11:38:42.036567+00:00,1.0
mae_ping,แม่ปิง,เชียงใหม่,2560,2017,5,,,1270,dnp_tourism,https://catalog.dnp.go.th/dataset/91d66c6a-5b88-41ee-8597-11be8aec5aa6/resource/be300299-f9a3-4eac-b558-0c088dd77a64/download/tourism59-68.csv,2026-09-16T11:38:42.036569+00:00,1.0
mae_ping,แม่ปิง,เชียงใหม่,2560,2017,6,,,463,dnp_tourism,https://catalog.dnp.go.th/dataset/91d66c6a-5b88-41ee-8597-11be8aec5aa6/resource/be300299-f9a3-4eac-b558-0c088dd77a64/download/tourism59-68.csv,2026-09-16T11:38:42.036572+00:00,1.0
mae_ping,แม่ปิง,เชียงใหม่,2560,2017,7,,,1176,dnp_tourism,https://catalog.dnp.go.th/dataset/91d66c6a-5b88-41ee-8597-11be8aec5aa6/resource/be300299-f9a3-4eac-b558-0c088dd77a64/download/tourism59-68.csv,2026-09-16T11:38:42.036574+00:00,1.0
mae_ping,แม่ปิง,เชียงใหม่,2560,2017,8,,,1267,dnp_tourism,https://catalog.dnp.go.th/dataset/91d66c6a-5b88-41ee-8597-11be8aec5aa6/resource/be300299-f9a3-4eac-b558-0c088dd77a64/download/tourism59-68.csv,2026-09-16T11:38:42.036577+00:00,1.0
mae_ping,แม่ปิง,เชียงใหม่,2560,2017,9,,,1841,dnp_tourism,https://catalog.dnp.go.th/dataset/91d66c6a-5b88-41ee-8597-11be8aec5aa6/resource/be300299-f9a3-4eac-b558-0c088dd77a64/download/tourism59-68.csv,2026-09-16T11:38:42.036579+00:00,1.0
pha_daeng,ผาแดง,เชียงใหม่,2560,2016,10,,,3777,dnp_tourism,https://catalog.dnp.go.th/dataset/91d66c6a-5b88-41ee-8597-11be8aec5aa6/resource/be300299-f9a3-4eac-b558-0c088dd77a64/download/tourism59-68.csv,2026-09-16T11:38:42.036589+00:00,1.0
pha_daeng,ผาแดง,เชียงใหม่,2560,2016,11,,,2792,dnp_tourism,https://catalog.dnp.go.th/dataset/91d66c6a-5b88-41ee-8597-11be8aec5aa6/resource/be300299-f9a3-4eac-b558-0c088dd77a64/download/tourism59-68.csv,2026-09-16T11:38:42.036591+00:00,1.0
pha_daeng,ผาแดง,เชียงใหม่,2560,2016,12,,,7269,dnp_tourism,https://catalog.dnp.go.th/dataset/91d66c6a-5b88-41ee-8597-11be8aec5aa6/resource/be300299-f9a3-4eac-b558-0c088dd77a64/download/tourism59-68.csv,2026-09-16T11:38:42.036594+00:00,1.0
pha_daeng,ผาแดง,เชียงใหม่,2560,2017,1,,,7634,dnp_tourism,https://catalog.dnp.go.th/dataset/91d66c6a-5b88-41ee-8597-11be8aec5aa6/resource/be300299-f9a3-4eac-b558-0c088dd77a64/download/tourism59-68.csv,2026-09-16T11:38:42.036596+00:00,1.0
pha_daeng,ผาแดง,เชียงใหม่,2560,2017,2,,,3923,dnp_tourism,https://catalog.dnp.go.th/dataset/91d66c6a-5b88-41ee-8597-11be8aec5aa6/resource/be300299-f9a3-4eac-b558-0c088dd77a64/download/tourism59-68.csv,2026-09-16T11:38:42.036599+00:00,1.0
pha_daeng,ผาแดง,เชียงใหม่,2560,2017,3,,,2942,dnp_tourism,https://catalog.dnp.go.th/dataset/91d66c6a-5b88-41ee-8597-11be8aec5aa6/resource/be300299-f9a3-4eac-b558-0c088dd77a64/download/tourism59-68.csv,2026-09-16T11:38:42.036601+00:00,1.0
pha_daeng,ผาแดง,เชียงใหม่,2560,2017,4,,,4894,dnp_tourism,https://catalog.dnp.go.th/dataset/91d66c6a-5b88-41ee-8597-11be8aec5aa6/resource/be300299-f9a3-4eac-b558-0c088dd77a64/download/tourism59-68.csv,2026-09-16T11:38:42.036604+00:00,1.0
pha_daeng,ผาแดง,เชียงใหม่,2560,2017,5,,,1280,dnp_tourism,https://catalog.dnp.go.th/dataset/91d66c6a-5b88-41ee-8597-11be8aec5aa6/resource/be300299-f9a3-4eac-b558-0c088dd77a64/download/tourism59-68.csv,2026-09-16T11:38:42.036606+00:00,1.0
pha_daeng,ผาแดง,เชียงใหม่,2560,2017,6,,,943,dnp_tourism,https://catalog.dnp.go.th/dataset/91d66c6a-5b88-41ee-8597-11be8aec5aa6/resource/be300299-f9a3-4eac-b558-0c088dd77a64/download/tourism59-68.csv,2026-09-16T11:38:42.036609+00:00,1.0
pha_daeng,ผาแดง,เชียงใหม่,2560,2017,7,,,1334,dnp_tourism,https://catalog.dnp.go.th/dataset/91d66c6a-5b88-41ee-8597-11be8aec5aa6/resource/be300299-f9a3-4eac-b558-0c088dd77a64/download/tourism59-68.csv,2026-09-16T11:38:42.036611+00:00,1.0
pha_daeng,ผาแดง,เชียงใหม่,2560,2017,8,,,595,dnp_tourism,https://catalog.dnp.go.th/dataset/91d66c6a-5b88-41ee-8597-11be8aec5aa6/resource/be300299-f9a3-4eac-b558-0c088dd77a64/download/tourism59-68.csv,2026-09-16T11:38:42.036613+00:00,1.0
pha_daeng,ผาแดง,เชียงใหม่,2560,2017,9,,,805,dnp_tourism,https://catalog.dnp.go.th/dataset/91d66c6a-5b88-41ee-8597-11be8aec5aa6/resource/be300299-f9a3-4eac-b558-0c088dd77a64/download/tourism59-68.csv,2026-09-16T11:38:42.036616+00:00,1.0
doi_pha_hom_pok,ดอยผ้าห่มปก,เชียงใหม่,2560,2016,10,,,6927,dnp_tourism,https://catalog.dnp.go.th/dataset/91d66c6a-5b88-41ee-8597-11be8aec5aa6/resource/be300299-f9a3-4eac-b558-0c088dd77a64/download/tourism59-68.csv,2026-09-16T11:38:42.036625+00:00,1.0
doi_pha_hom_pok,ดอยผ้าห่มปก,เชียงใหม่,2560,2016,11,,,5785,dnp_tourism,https://catalog.dnp.go.th/dataset/91d66c6a-5b88-41ee-8597-11be8aec5aa6/resource/be300299-f9a3-4eac-b558-0c088dd77a64/download/tourism59-68.csv,2026-09-16T11:38:42.036627+00:00,1.0
doi_pha_hom_pok,ดอยผ้าห่มปก,เชียงใหม่,2560,2016,12,,,29015,dnp_tourism,https://catalog.dnp.go.th/dataset/91d66c6a-5b88-41ee-8597-11be8aec5aa6/resource/be300299-f9a3-4eac-b558-0c088dd77a64/download/tourism59-68.csv,2026-09-16T11:38:42.036630+00:00,1.0
doi_pha_hom_pok,ดอยผ้าห่มปก,เชียงใหม่,2560,2017,1,,,25957,dnp_tourism,https://catalog.dnp.go.th/dataset/91d66c6a-5b88-41ee-8597-11be8aec5aa6/resource/be300299-f9a3-4eac-b558-0c088dd77a64/download/tourism59-68.csv,2026-09-16T11:38:42.036632+00:00,1.0
doi_pha_hom_pok,ดอยผ้าห่มปก,เชียงใหม่,2560,2017,2,,,9789,dnp_tourism,https://catalog.dnp.go.th/dataset/91d66c6a-5b88-41ee-8597-11be8aec5aa6/resource/be300299-f9a3-4eac-b558-0c088dd77a64/download/tourism59-68.csv,2026-09-16T11:38:42.036635+00:00,1.0
doi_pha_hom_pok,ดอยผ้าห่มปก,เชียงใหม่,2560,2017,3,,,7606,dnp_tourism,https://catalog.dnp.go.th/dataset/91d66c6a-5b88-41ee-8597-11be8aec5aa6/resource/be300299-f9a3-4eac-b558-0c088dd77a64/download/tourism59-68.csv,2026-09-16T11:38:42.036637+00:00,1.0
doi_pha_hom_pok,ดอยผ้าห่มปก,เชียงใหม่,2560,2017,4,,,15591,dnp_tourism,https://catalog.dnp.go.th/dataset/91d66c6a-5b88-41ee-8597-11be8aec5aa6/resource/be300299-f9a3-4eac-b558-0c088dd77a64/download/tourism59-68.csv,2026-09-16T11:38:42.036640+00:00,1.0
doi_pha_hom_pok,ดอยผ้าห่มปก,เชียงใหม่,2560,2017,5,,,4314,dnp_tourism,https://catalog.dnp.go.th/dataset/91d66c6a-5b88-41ee-8597-11be8aec5aa6/resource/be300299-f9a3-4eac-b558-0c088dd77a64/download/tourism59-68.csv,2026-09-16T11:38:42.036644+00:00,1.0
doi_pha_hom_pok,ดอยผ้าห่มปก,เชียงใหม่,2560,2017,6,,,4162,dnp_tourism,https://catalog.dnp.go.th/dataset/91d66c6a-5b88-41ee-8597-11be8aec5aa6/resource/be300299-f9a3-4eac-b558-0c088dd77a64/download/tourism59-68.csv,2026-09-16T11:38:42.036646+00:00,1.0
doi_pha_hom_pok,ดอยผ้าห่มปก,เชียงใหม่,2560,2017,7,,,6026,dnp_tourism,https://catalog.dnp.go.th/dataset/91d66c6a-5b88-41ee-8597-11be8aec5aa6/resource/be300299-f9a3-4eac-b558-0c088dd77a64/download/tourism59-68.csv,2026-09-16T11:38:42.036649+00:00,1.0
doi_pha_hom_pok,ดอยผ้าห่มปก,เชียงใหม่,2560,2017,8,,,4950,dnp_tourism,https://catalog.dnp.go.th/dataset/91d66c6a-5b88-41ee-8597-11be8aec5aa6/resource/be300299-f9a3-4eac-b558-0c088dd77a64/download/tourism59-68.csv,2026-09-16T11:38:42.036651+00:00,1.0
doi_pha_hom_pok,ดอยผ้าห่มปก,เชียงใหม่,2560,2017,9,,,3196,dnp_tourism,https://catalog.dnp.go.th/dataset/91d66c6a-5b88-41ee-8597-11be8aec5aa6/resource/be300299-f9a3-4eac-b558-0c088dd77a64/download/tourism59-68.csv,2026-09-16T11:38:42.036654+00:00,1.0
huai_nam_dang,ห้วยน้ำดัง,เชียงใหม่,2560,2016,10,,,14401,dnp_tourism,https://catalog.dnp.go.th/dataset/91d66c6a-5b88-41ee-8597-11be8aec5aa6/resource/be300299-f9a3-4eac-b558-0c088dd77a64/download/tourism59-68.csv,2026-09-16T11:38:42.036663+00:00,1.0
huai_nam_dang,ห้วยน้ำดัง,เชียงใหม่,2560,2016,11,,,17773,dnp_tourism,https://catalog.dnp.go.th/dataset/91d66c6a-5b88-41ee-8597-11be8aec5aa6/resource/be300299-f9a3-4eac-b558-0c088dd77a64/download/tourism59-68.csv,2026-09-16T11:38:42.036666+00:00,1.0
huai_nam_dang,ห้วยน้ำดัง,เชียงใหม่,2560,2016,12,,,52726,dnp_tourism,https://catalog.dnp.go.th/dataset/91d66c6a-5b88-41ee-8597-11be8aec5aa6/resource/be300299-f9a3-4eac-b558-0c088dd77a64/download/tourism59-68.csv,2026-09-16T11:38:42.036668+00:00,1.0
huai_nam_dang,ห้วยน้ำดัง,เชียงใหม่,2560,2017,1,,,39996,dnp_tourism,https://catalog.dnp.go.th/dataset/91d66c6a-5b88-41ee-8597-11be8aec5aa6/resource/be300299-f9a3-4eac-b558-0c088dd77a64/download/tourism59-68.csv,2026-09-16T11:38:42.036671+00:00,1.0
huai_nam_dang,ห้วยน้ำดัง,เชียงใหม่,2560,2017,2,,,15318,dnp_tourism,https://catalog.dnp.go.th/dataset/91d66c6a-5b88-41ee-8597-11be8aec5aa6/resource/be300299-f9a3-4eac-b558-0c088dd77a64/download/tourism59-68.csv,2026-09-16T11:38:42.036673+00:00,1.0
huai_nam_dang,ห้วยน้ำดัง,เชียงใหม่,2560,2017,3,,,5387,dnp_tourism,https://catalog.dnp.go.th/dataset/91d66c6a-5b88-41ee-8597-11be8aec5aa6/resource/be300299-f9a3-4eac-b558-0c088dd77a64/download/tourism59-68.csv,2026-09-16T11:38:42.036676+00:00,1.0
huai_nam_dang,ห้วยน้ำดัง,เชียงใหม่,2560,2017,4,,,12035,dnp_tourism,https://catalog.dnp.go.th/dataset/91d66c6a-5b88-41ee-8597-11be8aec5aa6/resource/be300299-f9a3-4eac-b558-0c088dd77a64/download/tourism59-68.csv,2026-09-16T11:38:42.036679+00:00,1.0
huai_nam_dang,ห้วยน้ำดัง,เชียงใหม่,2560,2017,5,,,3089,dnp_tourism,https://catalog.dnp.go.th/dataset/91d66c6a-5b88-41ee-8597-11be8aec5aa6/resource/be300299-f9a3-4eac-b558-0c088dd77a64/download/tourism59-68.csv,2026-09-16T11:38:42.036681+00:00,1.0
huai_nam_dang,ห้วยน้ำดัง,เชียงใหม่,2560,2017,6,,,3229,dnp_tourism,https://catalog.dnp.go.th/dataset/91d66c6a-5b88-41ee-8597-11be8aec5aa6/resource/be300299-f9a3-4eac-b558-0c088dd77a64/download/tourism59-68.csv,2026-09-16T11:38:42.036683+00:00,1.0
huai_nam_dang,ห้วยน้ำดัง,เชียงใหม่,2560,2017,7,,,6200,dnp_tourism,https://catalog.dnp.go.th/dataset/91d66c6a-5b88-41ee-8597-11be8aec5aa6/resource/be300299-f9a3-4eac-b558-0c088dd77a64/download/tourism59-68.csv,2026-09-16T11:38:42.036686+00:00,1.0
huai_nam_dang,ห้วยน้ำดัง,เชียงใหม่,2560,2017,8,,,6525,dnp_tourism,https://catalog.dnp.go.th/dataset/91d66c6a-5b88-41ee-8597-11be8aec5aa6/resource/be300299-f9a3-4eac-b558-0c088dd77a64/download/tourism59-68.csv,2026-09-16T11:38:42.036688+00:00,1.0
huai_nam_dang,ห้วยน้ำดัง,เชียงใหม่,2560,2017,9,,,4586,dnp_tourism,https://catalog.dnp.go.th/dataset/91d66c6a-5b88-41ee-8597-11be8aec5aa6/resource/be300299-f9a3-4eac-b558-0c088dd77a64/download/tourism59-68.csv,2026-09-16T11:38:42.036691+00:00,1.0
doi_suthep_pui,ดอยสุเทพ-ปุย,เชียงใหม่,2560,2016,10,,,28662,dnp_tourism,https://catalog.dnp.go.th/dataset/91d66c6a-5b88-41ee-8597-11be8aec5aa6/resource/be300299-f9a3-4eac-b558-0c088dd77a64/download/tourism59-68.csv,2026-09-16T11:38:42.036700+00:00,1.0
doi_suthep_pui,ดอยสุเทพ-ปุย,เชียงใหม่,2560,2016,11,,,29222,dnp_tourism,https://catalog.dnp.go.th/dataset/91d66c6a-5b88-41ee-8597-11be8aec5aa6/resource/be300299-f9a3-4eac-b558-0c088dd77a64/download/tourism59-68.csv,2026-09-16T11:38:42.036702+00:00,1.0
doi_suthep_pui,ดอยสุเทพ-ปุย,เชียงใหม่,2560,2016,12,,,42047,dnp_tourism,https://catalog.dnp.go.th/dataset/91d66c6a-5b88-41ee-8597-11be8aec5aa6/resource/be300299-f9a3-4eac-b558-0c088dd77a64/download/tourism59-68.csv,2026-09-16T11:38:42.036705+00:00,1.0
doi_suthep_pui,ดอยสุเทพ-ปุย,เชียงใหม่,2560,2017,1,,,38544,dnp_tourism,https://catalog.dnp.go.th/dataset/91d66c6a-5b88-41ee-8597-11be8aec5aa6/resource/be300299-f9a3-4eac-b558-0c088dd77a64/download/tourism59-68.csv,2026-09-16T11:38:42.036707+00:00,1.0
doi_suthep_pui,ดอยสุเทพ-ปุย,เชียงใหม่,2560,2017,2,,,27726,dnp_tourism,https://catalog.dnp.go.th/dataset/91d66c6a-5b88-41ee-8597-11be8aec5aa6/resource/be300299-f9a3-4eac-b558-0c088dd77a64/download/tourism59-68.csv,2026-09-16T11:38:42.036710+00:00,1.0
doi_suthep_pui,ดอยสุเทพ-ปุย,เชียงใหม่,2560,2017,3,,,30500,dnp_tourism,https://catalog.dnp.go.th/dataset/91d66c6a-5b88-41ee-8597-11be8aec5aa6/resource/be300299-f9a3-4eac-b558-0c088dd77a64/download/tourism59-68.csv,2026-09-16T11:38:42.036712+00:00,1.0
doi_suthep_pui,ดอยสุเทพ-ปุย,เชียงใหม่,2560,2017,4,,,38341,dnp_tourism,https://catalog.dnp.go.th/dataset/91d66c6a-5b88-41ee-8597-11be8aec5aa6/resource/be300299-f9a3-4eac-b558-0c088dd77a64/download/tourism59-68.csv,2026-09-16T11:38:42.036715+00:00,1.0
doi_suthep_pui,ดอยสุเทพ-ปุย,เชียงใหม่,2560,2017,5,,,19941,dnp_tourism,https://catalog.dnp.go.th/dataset/91d66c6a-5b88-41ee-8597-11be8aec5aa6/resource/be300299-f9a3-4eac-b558-0c088dd77a64/download/tourism59-68.csv,2026-09-16T11:38:42.036717+00:00,1.0
doi_suthep_pui,ดอยสุเทพ-ปุย,เชียงใหม่,2560,2017,6,,,16243,dnp_tourism,https://catalog.dnp.go.th/dataset/91d66c6a-5b88-41ee-8597-11be8aec5aa6/resource/be300299-f9a3-4eac-b558-0c088dd77a64/download/tourism59-68.csv,2026-09-16T11:38:42.036720+00:00,1.0
doi_suthep_pui,ดอยสุเทพ-ปุย,เชียงใหม่,2560,2017,7,,,23018,dnp_tourism,https://catalog.dnp.go.th/dataset/91d66c6a-5b88-41ee-8597-11be8aec5aa6/resource/be300299-f9a3-4eac-b558-0c088dd77a64/download/tourism59-68.csv,2026-09-16T11:38:42.036722+00:00,1.0
doi_suthep_pui,ดอยสุเทพ-ปุย,เชียงใหม่,2560,2017,8,,,19185,dnp_tourism,https://catalog.dnp.go.th/dataset/91d66c6a-5b88-41ee-8597-11be8aec5aa6/resource/be300299-f9a3-4eac-b558-0c088dd77a64/download/tourism59-68.csv,2026-09-16T11:38:42.036724+00:00,1.0
doi_suthep_pui,ดอยสุเทพ-ปุย,เชียงใหม่,2560,2017,9,,,13575,dnp_tourism,https://catalog.dnp.go.th/dataset/91d66c6a-5b88-41ee-8597-11be8aec5aa6/resource/be300299-f9a3-4eac-b558-0c088dd77a64/download/tourism59-68.csv,2026-09-16T11:38:42.036727+00:00,1.0
ob_luang,ออบหลวง,เชียงใหม่,2560,2016,10,,,3846,dnp_tourism,https://catalog.dnp.go.th/dataset/91d66c6a-5b88-41ee-8597-11be8aec5aa6/resource/be300299-f9a3-4eac-b558-0c088dd77a64/download/tourism59-68.csv,2026-09-16T11:38:42.036735+00:00,1.0
ob_luang,ออบหลวง,เชียงใหม่,2560,2016,11,,,4418,dnp_tourism,https://catalog.dnp.go.th/dataset/91d66c6a-5b88-41ee-8597-11be8aec5aa6/resource/be300299-f9a3-4eac-b558-0c088dd77a64/download/tourism59-68.csv,2026-09-16T11:38:42.036738+00:00,1.0
ob_luang,ออบหลวง,เชียงใหม่,2560,2016,12,,,13772,dnp_tourism,https://catalog.dnp.go.th/dataset/91d66c6a-5b88-41ee-8597-11be8aec5aa6/resource/be300299-f9a3-4eac-b558-0c088dd77a64/download/tourism59-68.csv,2026-09-16T11:38:42.036740+00:00,1.0
ob_luang,ออบหลวง,เชียงใหม่,2560,2017,1,,,8011,dnp_tourism,https://catalog.dnp.go.th/dataset/91d66c6a-5b88-41ee-8597-11be8aec5aa6/resource/be300299-f9a3-4eac-b558-0c088dd77a64/download/tourism59-68.csv,2026-09-16T11:38:42.036743+00:00,1.0
ob_luang,ออบหลวง,เชียงใหม่,2560,2017,2,,,3272,dnp_tourism,https://catalog.dnp.go.th/dataset/91d66c6a-5b88-41ee-8597-11be8aec5aa6/resource/be300299-f9a3-4eac-b558-0c088dd77a64/download/tourism59-68.csv,2026-09-16T11:38:42.036745+00:00,1.0
ob_luang,ออบหลวง,เชียงใหม่,2560,2017,3,,,2706,dnp_tourism,https://catalog.dnp.go.th/dataset/91d66c6a-5b88-41ee-8597-11be8aec5aa6/resource/be300299-f9a3-4eac-b558-0c088dd77a64/download/tourism59-68.csv,2026-09-16T11:38:42.036748+00:00,1.0
ob_luang,ออบหลวง,เชียงใหม่,2560,2017,4,,,3093,dnp_tourism,https://catalog.dnp.go.th/dataset/91d66c6a-5b88-41ee-8597-11be8aec5aa6/resource/be300299-f9a3-4eac-b558-0c088dd77a64/download/tourism59-68.csv,2026-09-16T11:38:42.036750+00:00,1.0
ob_luang,ออบหลวง,เชียงใหม่,2560,2017,5,,,1642,dnp_tourism,https://catalog.dnp.go.th/dataset/91d66c6a-5b88-41ee-8597-11be8aec5aa6/resource/be300299-f9a3-4eac-b558-0c088dd77a64/download/tourism59-68.csv,2026-09-16T11:38:42.036753+00:00,1.0
ob_luang,ออบหลวง,เชียงใหม่,2560,2017,6,,,1206,dnp_tourism,https://catalog.dnp.go.th/dataset/91d66c6a-5b88-41ee-8597-11be8aec5aa6/resource/be300299-f9a3-4eac-b558-0c088dd77a64/download/tourism59-68.csv,2026-09-16T11:38:42.036755+00:00,1.0
ob_luang,ออบหลวง,เชียงใหม่,2560,2017,7,,,1889,dnp_tourism,https://catalog.dnp.go.th/dataset/91d66c6a-5b88-41ee-8597-11be8aec5aa6/resource/be300299-f9a3-4eac-b558-0c088dd77a64/download/tourism59-68.csv,2026-09-16T11:38:42.036758+00:00,1.0
ob_luang,ออบหลวง,เชียงใหม่,2560,2017,8,,,1744,dnp_tourism,https://catalog.dnp.go.th/dataset/91d66c6a-5b88-41ee-8597-11be8aec5aa6/resource/be300299-f9a3-4eac-b558-0c088dd77a64/download/tourism59-68.csv,2026-09-16T11:38:42.036760+00:00,1.0
ob_luang,ออบหลวง,เชียงใหม่,2560,2017,9,,,1565,dnp_tourism,https://catalog.dnp.go.th/dataset/91d66c6a-5b88-41ee-8597-11be8aec5aa6/resource/be300299-f9a3-4eac-b558-0c088dd77a64/download/tourism59-68.csv,2026-09-16T11:38:42.036764+00:00,1.0
sri_lanna,ศรีลานนา,เชียงใหม่,2560,2016,10,,,6095,dnp_tourism,https://catalog.dnp.go.th/dataset/91d66c6a-5b88-41ee-8597-11be8aec5aa6/resource/be300299-f9a3-4eac-b558-0c088dd77a64/download/tourism59-68.csv,2026-09-16T11:38:42.036773+00:00,1.0
sri_lanna,ศรีลานนา,เชียงใหม่,2560,2016,11,,,4528,dnp_tourism,https://catalog.dnp.go.th/dataset/91d66c6a-5b88-41ee-8597-11be8aec5aa6/resource/be300299-f9a3-4eac-b558-0c088dd77a64/download/tourism59-68.csv,2026-09-16T11:38:42.036775+00:00,1.0
sri_lanna,ศรีลานนา,เชียงใหม่,2560,2016,12,,,8880,dnp_tourism,https://catalog.dnp.go.th/dataset/91d66c6a-5b88-41ee-8597-11be8aec5aa6/resource/be300299-f9a3-4eac-b558-0c088dd77a64/download/tourism59-68.csv,2026-09-16T11:38:42.036778+00:00,1.0
sri_lanna,ศรีลานนา,เชียงใหม่,2560,2017,1,,,6882,dnp_tourism,https://catalog.dnp.go.th/dataset/91d66c6a-5b88-41ee-8597-11be8aec5aa6/resource/be300299-f9a3-4eac-b558-0c088dd77a64/download/tourism59-68.csv,2026-09-16T11:38:42.036780+00:00,1.0
sri_lanna,ศรีลานนา,เชียงใหม่,2560,2017,2,,,5089,dnp_tourism,https://catalog.dnp.go.th/dataset/91d66c6a-5b88-41ee-8597-11be8aec5aa6/resource/be300299-f9a3-4eac-b558-0c088dd77a64/download/tourism59-68.csv,2026-09-16T11:38:42.036783+00:00,1.0
sri_lanna,ศรีลานนา,เชียงใหม่,2560,2017,3,,,7702,dnp_tourism,https://catalog.dnp.go.th/dataset/91d66c6a-5b88-41ee-8597-11be8aec5aa6/resource/be300299-f9a3-4eac-b558-0c088dd77a64/download/tourism59-68.csv,2026-09-16T11:38:42.036786+00:00,1.0
sri_lanna,ศรีลานนา,เชียงใหม่,2560,2017,4,,,14024,dnp_tourism,https://catalog.dnp.go.th/dataset/91d66c6a-5b88-41ee-8597-11be8aec5aa6/resource/be300299-f9a3-4eac-b558-0c088dd77a64/download/tourism59-68.csv,2026-09-16T11:38:42.036788+00:00,1.0
sri_lanna,ศรีลานนา,เชียงใหม่,2560,2017,5,,,9569,dnp_tourism,https://catalog.dnp.go.th/dataset/91d66c6a-5b88-41ee-8597-11be8aec5aa6/resource/be300299-f9a3-4eac-b558-0c088dd77a64/download/tourism59-68.csv,2026-09-16T11:38:42.036790+00:00,1.0
sri_lanna,ศรีลานนา,เชียงใหม่,2560,2017,6,,,4260,dnp_tourism,https://catalog.dnp.go.th/dataset/91d66c6a-5b88-41ee-8597-11be8aec5aa6/resource/be300299-f9a3-4eac-b558-0c088dd77a64/download/tourism59-68.csv,2026-09-16T11:38:42.036793+00:00,1.0
sri_lanna,ศรีลานนา,เชียงใหม่,2560,2017,7,,,4824,dnp_tourism,https://catalog.dnp.go.th/dataset/91d66c6a-5b88-41ee-8597-11be8aec5aa6/resource/be300299-f9a3-4eac-b558-0c088dd77a64/download/tourism59-68.csv,2026-09-16T11:38:42.036795+00:00,1.0
sri_lanna,ศรีลานนา,เชียงใหม่,2560,2017,8,,,3577,dnp_tourism,https://catalog.dnp.go.th/dataset/91d66c6a-5b88-41ee-8597-11be8aec5aa6/resource/be300299-f9a3-4eac-b558-0c088dd77a64/download/tourism59-68.csv,2026-09-16T11:38:42.036798+00:00,1.0
sri_lanna,ศรีลานนา,เชียงใหม่,2560,2017,9,,,3824,dnp_tourism,https://catalog.dnp.go.th/dataset/91d66c6a-5b88-41ee-8597-11be8aec5aa6/resource/be300299-f9a3-4eac-b558-0c088dd77a64/download/tourism59-68.csv,2026-09-16T11:38:42.036800+00:00,1.0
khun_khan,ขุนขาน,เชียงใหม่,2560,2016,10,,,20,dnp_tourism,https://catalog.dnp.go.th/dataset/91d66c6a-5b88-41ee-8597-11be8aec5aa6/resource/be300299-f9a3-4eac-b558-0c088dd77a64/download/tourism59-68.csv,2026-09-16T11:38:42.036831+00:00,1.0
khun_khan,ขุนขาน,เชียงใหม่,2560,2016,11,,,35,dnp_tourism,https://catalog.dnp.go.th/dataset/91d66c6a-5b88-41ee-8597-11be8aec5aa6/resource/be300299-f9a3-4eac-b558-0c088dd77a64/download/tourism59-68.csv,2026-09-16T11:38:42.036834+00:00,1.0
khun_khan,ขุนขาน,เชียงใหม่,2560,2016,12,,,701,dnp_tourism,https://catalog.dnp.go.th/dataset/91d66c6a-5b88-41ee-8597-11be8aec5aa6/resource/be300299-f9a3-4eac-b558-0c088dd77a64/download/tourism59-68.csv,2026-09-16T11:38:42.036836+00:00,1.0
khun_khan,ขุนขาน,เชียงใหม่,2560,2017,1,,,652,dnp_tourism,https://catalog.dnp.go.th/dataset/91d66c6a-5b88-41ee-8597-11be8aec5aa6/resource/be300299-f9a3-4eac-b558-0c088dd77a64/download/tourism59-68.csv,2026-09-16T11:38:42.036841+00:00,1.0
khun_khan,ขุนขาน,เชียงใหม่,2560,2017,2,,,62,dnp_tourism,https://catalog.dnp.go.th/dataset/91d66c6a-5b88-41ee-8597-11be8aec5aa6/resource/be300299-f9a3-4eac-b558-0c088dd77a64/download/tourism59-68.csv,2026-09-16T11:38:42.036844+00:00,1.0
khun_khan,ขุนขาน,เชียงใหม่,2560,2017,3,,,17,dnp_tourism,https://catalog.dnp.go.th/dataset/91d66c6a-5b88-41ee-8597-11be8aec5aa6/resource/be300299-f9a3-4eac-b558-0c088dd77a64/download/tourism59-68.csv,2026-09-16T11:38:42.036846+00:00,1.0
khun_khan,ขุนขาน,เชียงใหม่,2560,2017,4,,,118,dnp_tourism,https://catalog.dnp.go.th/dataset/91d66c6a-5b88-41ee-8597-11be8aec5aa6/resource/be300299-f9a3-4eac-b558-0c088dd77a64/download/tourism59-68.csv,2026-09-16T11:38:42.036849+00:00,1.0
khun_khan,ขุนขาน,เชียงใหม่,2560,2017,5,,,20,dnp_tourism,https://catalog.dnp.go.th/dataset/91d66c6a-5b88-41ee-8597-11be8aec5aa6/resource/be300299-f9a3-4eac-b558-0c088dd77a64/download/tourism59-68.csv,2026-09-16T11:38:42.036851+00:00,1.0
khun_khan,ขุนขาน,เชียงใหม่,2560,2017,6,,,18,dnp_tourism,https://catalog.dnp.go.th/dataset/91d66c6a-5b88-41ee-8597-11be8aec5aa6/resource/be300299-f9a3-4eac-b558-0c088dd77a64/download/tourism59-68.csv,2026-09-16T11:38:42.036854+00:00,1.0
khun_khan,ขุนขาน,เชียงใหม่,2560,2017,7,,,52,dnp_tourism,https://catalog.dnp.go.th/dataset/91d66c6a-5b88-41ee-8597-11be8aec5aa6/resource/be300299-f9a3-4eac-b558-0c088dd77a64/download/tourism59-68.csv,2026-09-16T11:38:42.036857+00:00,1.0
khun_khan,ขุนขาน,เชียงใหม่,2560,2017,8,,,59,dnp_tourism,https://catalog.dnp.go.th/dataset/91d66c6a-5b88-41ee-8597-11be8aec5aa6/resource/be300299-f9a3-4eac-b558-0c088dd77a64/download/tourism59-68.csv,2026-09-16T11:38:42.036859+00:00,1.0
khun_khan,ขุนขาน,เชียงใหม่,2560,2017,9,,,7,dnp_tourism,https://catalog.dnp.go.th/dataset/91d66c6a-5b88-41ee-8597-11be8aec5aa6/resource/be300299-f9a3-4eac-b558-0c088dd77a64/download/tourism59-68.csv,2026-09-16T11:38:42.036863+00:00,1.0
mae_wang,แม่วาง,เชียงใหม่,2560,2016,10,,,5620,dnp_tourism,https://catalog.dnp.go.th/dataset/91d66c6a-5b88-41ee-8597-11be8aec5aa6/resource/be300299-f9a3-4eac-b558-0c088dd77a64/download/tourism59-68.csv,2026-09-16T11:38:42.036872+00:00,1.0
mae_wang,แม่วาง,เชียงใหม่,2560,2016,11,,,4918,dnp_tourism,https://catalog.dnp.go.th/dataset/91d66c6a-5b88-41ee-8597-11be8aec5aa6/resource/be300299-f9a3-4eac-b558-0c088dd77a64/download/tourism59-68.csv,2026-09-16T11:38:42.036875+00:00,1.0
mae_wang,แม่วาง,เชียงใหม่,2560,2016,12,,,16536,dnp_tourism,https://catalog.dnp.go.th/dataset/91d66c6a-5b88-41ee-8597-11be8aec5aa6/resource/be300299-f9a3-4eac-b558-0c088dd77a64/download/tourism59-68.csv,2026-09-16T11:38:42.036877+00:00,1.0
mae_wang,แม่วาง,เชียงใหม่,2560,2017,1,,,15226,dnp_tourism,https://catalog.dnp.go.th/dataset/91d66c6a-5b88-41ee-8597-11be8aec5aa6/resource/be300299-f9a3-4eac-b558-0c088dd77a64/download/tourism59-68.csv,2026-09-16T11:38:42.036880+00:00,1.0
mae_wang,แม่วาง,เชียงใหม่,2560,2017,2,,,7706,dnp_tourism,https://catalog.dnp.go.th/dataset/91d66c6a-5b88-41ee-8597-11be8aec5aa6/resource/be300299-f9a3-4eac-b558-0c088dd77a64/download/tourism59-68.csv,2026-09-16T11:38:42.036882+00:00,1.0
mae_wang,แม่วาง,เชียงใหม่,2560,2017,3,,,3179,dnp_tourism,https://catalog.dnp.go.th/dataset/91d66c6a-5b88-41ee-8597-11be8aec5aa6/resource/be300299-f9a3-4eac-b558-0c088dd77a64/download/tourism59-68.csv,2026-09-16T11:38:42.036885+00:00,1.0
mae_wang,แม่วาง,เชียงใหม่,2560,2017,4,,,4313,dnp_tourism,https://catalog.dnp.go.th/dataset/91d66c6a-5b88-41ee-8597-11be8aec5aa6/resource/be300299-f9a3-4eac-b558-0c088dd77a64/download/tourism59-68.csv,2026-09-16T11:38:42.036887+00:00,1.0
mae_wang,แม่วาง,เชียงใหม่,2560,2017,5,,,2937,dnp_tourism,https://catalog.dnp.go.th/dataset/91d66c6a-5b88-41ee-8597-11be8aec5aa6/resource/be300299-f9a3-4eac-b558-0c088dd77a64/download/tourism59-68.csv,2026-09-16T11:38:42.036890+00:00,1.0
mae_wang,แม่วาง,เชียงใหม่,2560,2017,6,,,2798,dnp_tourism,https://catalog.dnp.go.th/dataset/91d66c6a-5b88-41ee-8597-11be8aec5aa6/resource/be300299-f9a3-4eac-b558-0c088dd77a64/download/tourism59-68.csv,2026-09-16T11:38:42.036892+00:00,1.0
mae_wang,แม่วาง,เชียงใหม่,2560,2017,7,,,4388,dnp_tourism,https://catalog.dnp.go.th/dataset/91d66c6a-5b88-41ee-8597-11be8aec5aa6/resource/be300299-f9a3-4eac-b558-0c088dd77a64/download/tourism59-68.csv,2026-09-16T11:38:42.036895+00:00,1.0
mae_wang,แม่วาง,เชียงใหม่,2560,2017,8,,,4106,dnp_tourism,https://catalog.dnp.go.th/dataset/91d66c6a-5b88-41ee-8597-11be8aec5aa6/resource/be300299-f9a3-4eac-b558-0c088dd77a64/download/tourism59-68.csv,2026-09-16T11:38:42.036897+00:00,1.0
mae_wang,แม่วาง,เชียงใหม่,2560,2017,9,,,4302,dnp_tourism,https://catalog.dnp.go.th/dataset/91d66c6a-5b88-41ee-8597-11be8aec5aa6/resource/be300299-f9a3-4eac-b558-0c088dd77a64/download/tourism59-68.csv,2026-09-16T11:38:42.036900+00:00,1.0
doi_inthanon,ดอยอินทนนท์,เชียงใหม่,2561,2017,10,,,1948,dnp_tourism,https://catalog.dnp.go.th/dataset/91d66c6a-5b88-41ee-8597-11be8aec5aa6/resource/be300299-f9a3-4eac-b558-0c088dd77a64/download/tourism59-68.csv,2026-09-16T11:38:42.037501+00:00,1.0
doi_inthanon,ดอยอินทนนท์,เชียงใหม่,2561,2017,11,,,2463,dnp_tourism,https://catalog.dnp.go.th/dataset/91d66c6a-5b88-41ee-8597-11be8aec5aa6/resource/be300299-f9a3-4eac-b558-0c088dd77a64/download/tourism59-68.csv,2026-09-16T11:38:42.037505+00:00,1.0
doi_inthanon,ดอยอินทนนท์,เชียงใหม่,2561,2017,12,,,6141,dnp_tourism,https://catalog.dnp.go.th/dataset/91d66c6a-5b88-41ee-8597-11be8aec5aa6/resource/be300299-f9a3-4eac-b558-0c088dd77a64/download/tourism59-68.csv,2026-09-16T11:38:42.037508+00:00,1.0
doi_inthanon,ดอยอินทนนท์,เชียงใหม่,2561,2018,1,,,6254,dnp_tourism,https://catalog.dnp.go.th/dataset/91d66c6a-5b88-41ee-8597-11be8aec5aa6/resource/be300299-f9a3-4eac-b558-0c088dd77a64/download/tourism59-68.csv,2026-09-16T11:38:42.037512+00:00,1.0
doi_inthanon,ดอยอินทนนท์,เชียงใหม่,2561,2018,2,,,5021,dnp_tourism,https://catalog.dnp.go.th/dataset/91d66c6a-5b88-41ee-8597-11be8aec5aa6/resource/be300299-f9a3-4eac-b558-0c088dd77a64/download/tourism59-68.csv,2026-09-16T11:38:42.037515+00:00,1.0
doi_inthanon,ดอยอินทนนท์,เชียงใหม่,2561,2018,3,,,7796,dnp_tourism,https://catalog.dnp.go.th/dataset/91d66c6a-5b88-41ee-8597-11be8aec5aa6/resource/be300299-f9a3-4eac-b558-0c088dd77a64/download/tourism59-68.csv,2026-09-16T11:38:42.037517+00:00,1.0
doi_inthanon,ดอยอินทนนท์,เชียงใหม่,2561,2018,4,,,15614,dnp_tourism,https://catalog.dnp.go.th/dataset/91d66c6a-5b88-41ee-8597-11be8aec5aa6/resource/be300299-f9a3-4eac-b558-0c088dd77a64/download/tourism59-68.csv,2026-09-16T11:38:42.037520+00:00,1.0
doi_inthanon,ดอยอินทนนท์,เชียงใหม่,2561,2018,5,,,2695,dnp_tourism,https://catalog.dnp.go.th/dataset/91d66c6a-5b88-41ee-8597-11be8aec5aa6/resource/be300299-f9a3-4eac-b558-0c088dd77a64/download/tourism59-68.csv,2026-09-16T11:38:42.037523+00:00,1.0
doi_inthanon,ดอยอินทนนท์,เชียงใหม่,2561,2018,6,,,918,dnp_tourism,https://catalog.dnp.go.th/dataset/91d66c6a-5b88-41ee-8597-11be8aec5aa6/resource/be300299-f9a3-4eac-b558-0c088dd77a64/download/tourism59-68.csv,2026-09-16T11:38:42.037525+00:00,1.0
doi_inthanon,ดอยอินทนนท์,เชียงใหม่,2561,2018,7,,,1519,dnp_tourism,https://catalog.dnp.go.th/dataset/91d66c6a-5b88-41ee-8597-11be8aec5aa6/resource/be300299-f9a3-4eac-b558-0c088dd77a64/download/tourism59-68.csv,2026-09-16T11:38:42.037528+00:00,1.0
doi_inthanon,ดอยอินทนนท์,เชียงใหม่,2561,2018,8,,,1479,dnp_tourism,https://catalog.dnp.go.th/dataset/91d66c6a-5b88-41ee-8597-11be8aec5aa6/resource/be300299-f9a3-4eac-b558-0c088dd77a64/download/tourism59-68.csv,2026-09-16T11:38:42.037530+00:00,1.0
doi_inthanon,ดอยอินทนนท์,เชียงใหม่,2561,2018,9,,,1567,dnp_tourism,https://catalog.dnp.go.th/dataset/91d66c6a-5b88-41ee-8597-11be8aec5aa6/resource/be300299-f9a3-4eac-b558-0c088dd77a64/download/tourism59-68.csv,2026-09-16T11:38:42.037533+00:00,1.0
mae_ping,แม่ปิง,เชียงใหม่,2561,2017,10,,,2753,dnp_tourism,https://catalog.dnp.go.th/dataset/91d66c6a-5b88-41ee-8597-11be8aec5aa6/resource/be300299-f9a3-4eac-b558-0c088dd77a64/download/tourism59-68.csv,2026-09-16T11:38:42.037541+00:00,1.0
mae_ping,แม่ปิง,เชียงใหม่,2561,2017,11,,,2614,dnp_tourism,https://catalog.dnp.go.th/dataset/91d66c6a-5b88-41ee-8597-11be8aec5aa6/resource/be300299-f9a3-4eac-b558-0c088dd77a64/download/tourism59-68.csv,2026-09-16T11:38:42.037544+00:00,1.0
mae_ping,แม่ปิง,เชียงใหม่,2561,2017,12,,,7761,dnp_tourism,https://catalog.dnp.go.th/dataset/91d66c6a-5b88-41ee-8597-11be8aec5aa6/resource/be300299-f9a3-4eac-b558-0c088dd77a64/download/tourism59-68.csv,2026-09-16T11:38:42.037546+00:00,1.0
mae_ping,แม่ปิง,เชียงใหม่,2561,2018,1,,,7150,dnp_tourism,https://catalog.dnp.go.th/dataset/91d66c6a-5b88-41ee-8597-11be8aec5aa6/resource/be300299-f9a3-4eac-b558-0c088dd77a64/download/tourism59-68.csv,2026-09-16T11:38:42.037549+00:00,1.0
mae_ping,แม่ปิง,เชียงใหม่,2561,2018,2,,,4376,dnp_tourism,https://catalog.dnp.go.th/dataset/91d66c6a-5b88-41ee-8597-11be8aec5aa6/resource/be300299-f9a3-4eac-b558-0c088dd77a64/download/tourism59-68.csv,2026-09-16T11:38:42.037551+00:00,1.0
mae_ping,แม่ปิง,เชียงใหม่,2561,2018,3,,,4118,dnp_tourism,https://catalog.dnp.go.th/dataset/91d66c6a-5b88-41ee-8597-11be8aec5aa6/resource/be300299-f9a3-4eac-b558-0c088dd77a64/download/tourism59-68.csv,2026-09-16T11:38:42.037554+00:00,1.0
mae_ping,แม่ปิง,เชียงใหม่,2561,2018,4,,,7787,dnp_tourism,https://catalog.dnp.go.th/dataset/91d66c6a-5b88-41ee-8597-11be8aec5aa6/resource/be300299-f9a3-4eac-b558-0c088dd77a64/download/tourism59-68.csv,2026-09-16T11:38:42.037556+00:00,1.0
mae_ping,แม่ปิง,เชียงใหม่,2561,2018,5,,,2189,dnp_tourism,https://catalog.dnp.go.th/dataset/91d66c6a-5b88-41ee-8597-11be8aec5aa6/resource/be300299-f9a3-4eac-b558-0c088dd77a64/download/tourism59-68.csv,2026-09-16T11:38:42.037558+00:00,1.0
mae_ping,แม่ปิง,เชียงใหม่,2561,2018,6,,,1246,dnp_tourism,https://catalog.dnp.go.th/dataset/91d66c6a-5b88-41ee-8597-11be8aec5aa6/resource/be300299-f9a3-4eac-b558-0c088dd77a64/download/tourism59-68.csv,2026-09-16T11:38:42.037561+00:00,1.0
mae_ping,แม่ปิง,เชียงใหม่,2561,2018,7,,,1566,dnp_tourism,https://catalog.dnp.go.th/dataset/91d66c6a-5b88-41ee-8597-11be8aec5aa6/resource/be300299-f9a3-4eac-b558-0c088dd77a64/download/tourism59-68.csv,2026-09-16T11:38:42.037563+00:00,1.0
mae_ping,แม่ปิง,เชียงใหม่,2561,2018,8,,,1434,dnp_tourism,https://catalog.dnp.go.th/dataset/91d66c6a-5b88-41ee-8597-11be8aec5aa6/resource/be300299-f9a3-4eac-b558-0c088dd77a64/download/tourism59-68.csv,2026-09-16T11:38:42.037566+00:00,1.0
mae_ping,แม่ปิง,เชียงใหม่,2561,2018,9,,,1628,dnp_tourism,https://catalog.dnp.go.th/dataset/91d66c6a-5b88-41ee-8597-11be8aec5aa6/resource/be300299-f9a3-4eac-b558-0c088dd77a64/download/tourism59-68.csv,2026-09-16T11:38:42.037568+00:00,1.0
pha_daeng,ผาแดง,เชียงใหม่,2561,2017,10,,,4987,dnp_tourism,https://catalog.dnp.go.th/dataset/91d66c6a-5b88-41ee-8597-11be8aec5aa6/resource/be300299-f9a3-4eac-b558-0c088dd77a64/download/tourism59-68.csv,2026-09-16T11:38:42.037576+00:00,1.0
pha_daeng,ผาแดง,เชียงใหม่,2561,2017,11,,,4628,dnp_tourism,https://catalog.dnp.go.th/dataset/91d66c6a-5b88-41ee-8597-11be8aec5aa6/resource/be300299-f9a3-4eac-b558-0c088dd77a64/download/tourism59-68.csv,2026-09-16T11:38:42.037579+00:00,1.0
pha_daeng,ผาแดง,เชียงใหม่,2561,2017,12,,,21916,dnp_tourism,https://catalog.dnp.go.th/dataset/91d66c6a-5b88-41ee-8597-11be8aec5aa6/resource/be300299-f9a3-4eac-b558-0c088dd77a64/download/tourism59-68.csv,2026-09-16T11:38:42.037582+00:00,1.0
pha_daeng,ผาแดง,เชียงใหม่,2561,2018,1,,,18482,dnp_tourism,https://catalog.dnp.go.th/dataset/91d66c6a-5b88-41ee-8597-11be8aec5aa6/resource/be300299-f9a3-4eac-b558-0c088dd77a64/download/tourism59-68.csv,2026-09-16T11:38:42.037584+00:00,1.0
pha_daeng,ผาแดง,เชียงใหม่,2561,2018,2,,,10558,dnp_tourism,https://catalog.dnp.go.th/dataset/91d66c6a-5b88-41ee-8597-11be8aec5aa6/resource/be300299-f9a3-4eac-b558-0c088dd77a64/download/tourism59-68.csv,2026-09-16T11:38:42.037587+00:00,1.0
pha_daeng,ผาแดง,เชียงใหม่,2561,2018,3,,,5761,dnp_tourism,https://catalog.dnp.go.th/dataset/91d66c6a-5b88-41ee-8597-11be8aec5aa6/resource/be300299-f9a3-4eac-b558-0c088dd77a64/download/tourism59-68.csv,2026-09-16T11:38:42.037589+00:00,1.0
pha_daeng,ผาแดง,เชียงใหม่,2561,2018,4,,,11040,dnp_tourism,https://catalog.dnp.go.th/dataset/91d66c6a-5b88-41ee-8597-11be8aec5aa6/resource/be300299-f9a3-4eac-b558-0c088dd77a64/download/tourism59-68.csv,2026-09-16T11:38:42.037592+00:00,1.0
pha_daeng,ผาแดง,เชียงใหม่,2561,2018,5,,,3019,dnp_tourism,https://catalog.dnp.go.th/dataset/91d66c6a-5b88-41ee-8597-11be8aec5aa6/resource/be300299-f9a3-4eac-b558-0c088dd77a64/download/tourism59-68.csv,2026-09-16T11:38:42.037594+00:00,1.0
pha_daeng,ผาแดง,เชียงใหม่,2561,2018,6,,,3900,dnp_tourism,https://catalog.dnp.go.th/dataset/91d66c6a-5b88-41ee-8597-11be8aec5aa6/resource/be300299-f9a3-4eac-b558-0c088dd77a64/download/tourism59-68.csv,2026-09-16T11:38:42.037597+00:00,1.0
pha_daeng,ผาแดง,เชียงใหม่,2561,2018,7,,,5135,dnp_tourism,https://catalog.dnp.go.th/dataset/91d66c6a-5b88-41ee-8597-11be8aec5aa6/resource/be300299-f9a3-4eac-b558-0c088dd77a64/download/tourism59-68.csv,2026-09-16T11:38:42.037599+00:00,1.0
pha_daeng,ผาแดง,เชียงใหม่,2561,2018,8,,,5054,dnp_tourism,https://catalog.dnp.go.th/dataset/91d66c6a-5b88-41ee-8597-11be8aec5aa6/resource/be300299-f9a3-4eac-b558-0c088dd77a64/download/tourism59-68.csv,2026-09-16T11:38:42.037602+00:00,1.0
pha_daeng,ผาแดง,เชียงใหม่,2561,2018,9,,,3230,dnp_tourism,https://catalog.dnp.go.th/dataset/91d66c6a-5b88-41ee-8597-11be8aec5aa6/resource/be300299-f9a3-4eac-b558-0c088dd77a64/download/tourism59-68.csv,2026-09-16T11:38:42.037604+00:00,1.0
doi_pha_hom_pok,ดอยผ้าห่มปก,เชียงใหม่,2561,2017,10,,,13520,dnp_tourism,https://catalog.dnp.go.th/dataset/91d66c6a-5b88-41ee-8597-11be8aec5aa6/resource/be300299-f9a3-4eac-b558-0c088dd77a64/download/tourism59-68.csv,2026-09-16T11:38:42.037613+00:00,1.0
doi_pha_hom_pok,ดอยผ้าห่มปก,เชียงใหม่,2561,2017,11,,,17338,dnp_tourism,https://catalog.dnp.go.th/dataset/91d66c6a-5b88-41ee-8597-11be8aec5aa6/resource/be300299-f9a3-4eac-b558-0c088dd77a64/download/tourism59-68.csv,2026-09-16T11:38:42.037615+00:00,1.0
doi_pha_hom_pok,ดอยผ้าห่มปก,เชียงใหม่,2561,2017,12,,,45493,dnp_tourism,https://catalog.dnp.go.th/dataset/91d66c6a-5b88-41ee-8597-11be8aec5aa6/resource/be300299-f9a3-4eac-b558-0c088dd77a64/download/tourism59-68.csv,2026-09-16T11:38:42.037618+00:00,1.0
doi_pha_hom_pok,ดอยผ้าห่มปก,เชียงใหม่,2561,2018,1,,,28607,dnp_tourism,https://catalog.dnp.go.th/dataset/91d66c6a-5b88-41ee-8597-11be8aec5aa6/resource/be300299-f9a3-4eac-b558-0c088dd77a64/download/tourism59-68.csv,2026-09-16T11:38:42.037620+00:00,1.0
doi_pha_hom_pok,ดอยผ้าห่มปก,เชียงใหม่,2561,2018,2,,,13131,dnp_tourism,https://catalog.dnp.go.th/dataset/91d66c6a-5b88-41ee-8597-11be8aec5aa6/resource/be300299-f9a3-4eac-b558-0c088dd77a64/download/tourism59-68.csv,2026-09-16T11:38:42.037622+00:00,1.0
doi_pha_hom_pok,ดอยผ้าห่มปก,เชียงใหม่,2561,2018,3,,,6685,dnp_tourism,https://catalog.dnp.go.th/dataset/91d66c6a-5b88-41ee-8597-11be8aec5aa6/resource/be300299-f9a3-4eac-b558-0c088dd77a64/download/tourism59-68.csv,2026-09-16T11:38:42.037625+00:00,1.0
doi_pha_hom_pok,ดอยผ้าห่มปก,เชียงใหม่,2561,2018,4,,,15408,dnp_tourism,https://catalog.dnp.go.th/dataset/91d66c6a-5b88-41ee-8597-11be8aec5aa6/resource/be300299-f9a3-4eac-b558-0c088dd77a64/download/tourism59-68.csv,2026-09-16T11:38:42.037627+00:00,1.0
doi_pha_hom_pok,ดอยผ้าห่มปก,เชียงใหม่,2561,2018,5,,,3718,dnp_tourism,https://catalog.dnp.go.th/dataset/91d66c6a-5b88-41ee-8597-11be8aec5aa6/resource/be300299-f9a3-4eac-b558-0c088dd77a64/download/tourism59-68.csv,2026-09-16T11:38:42.037632+00:00,1.0
doi_pha_hom_pok,ดอยผ้าห่มปก,เชียงใหม่,2561,2018,6,,,3803,dnp_tourism,https://catalog.dnp.go.th/dataset/91d66c6a-5b88-41ee-8597-11be8aec5aa6/resource/be300299-f9a3-4eac-b558-0c088dd77a64/download/tourism59-68.csv,2026-09-16T11:38:42.037634+00:00,1.0
doi_pha_hom_pok,ดอยผ้าห่มปก,เชียงใหม่,2561,2018,7,,,4758,dnp_tourism,https://catalog.dnp.go.th/dataset/91d66c6a-5b88-41ee-8597-11be8aec5aa6/resource/be300299-f9a3-4eac-b558-0c088dd77a64/download/tourism59-68.csv,2026-09-16T11:38:42.037637+00:00,1.0
doi_pha_hom_pok,ดอยผ้าห่มปก,เชียงใหม่,2561,2018,8,,,5709,dnp_tourism,https://catalog.dnp.go.th/dataset/91d66c6a-5b88-41ee-8597-11be8aec5aa6/resource/be300299-f9a3-4eac-b558-0c088dd77a64/download/tourism59-68.csv,2026-09-16T11:38:42.037639+00:00,1.0
doi_pha_hom_pok,ดอยผ้าห่มปก,เชียงใหม่,2561,2018,9,,,4888,dnp_tourism,https://catalog.dnp.go.th/dataset/91d66c6a-5b88-41ee-8597-11be8aec5aa6/resource/be300299-f9a3-4eac-b558-0c088dd77a64/download/tourism59-68.csv,2026-09-16T11:38:42.037641+00:00,1.0
huai_nam_dang,ห้วยน้ำดัง,เชียงใหม่,2561,2017,10,,,18073,dnp_tourism,https://catalog.dnp.go.th/dataset/91d66c6a-5b88-41ee-8597-11be8aec5aa6/resource/be300299-f9a3-4eac-b558-0c088dd77a64/download/tourism59-68.csv,2026-09-16T11:38:42.037650+00:00,1.0
huai_nam_dang,ห้วยน้ำดัง,เชียงใหม่,2561,2017,11,,,28057,dnp_tourism,https://catalog.dnp.go.th/dataset/91d66c6a-5b88-41ee-8597-11be8aec5aa6/resource/be300299-f9a3-4eac-b558-0c088dd77a64/download/tourism59-68.csv,2026-09-16T11:38:42.037653+00:00,1.0
huai_nam_dang,ห้วยน้ำดัง,เชียงใหม่,2561,2017,12,,,33300,dnp_tourism,https://catalog.dnp.go.th/dataset/91d66c6a-5b88-41ee-8597-11be8aec5aa6/resource/be300299-f9a3-4eac-b558-0c088dd77a64/download/tourism59-68.csv,2026-09-16T11:38:42.037655+00:00,1.0
huai_nam_dang,ห้วยน้ำดัง,เชียงใหม่,2561,2018,1,,,28160,dnp_tourism,https://catalog.dnp.go.th/dataset/91d66c6a-5b88-41ee-8597-11be8aec5aa6/resource/be300299-f9a3-4eac-b558-0c088dd77a64/download/tourism59-68.csv,2026-09-16T11:38:42.037658+00:00,1.0
huai_nam_dang,ห้วยน้ำดัง,เชียงใหม่,2561,2018,2,,,23563,dnp_tourism,https://catalog.dnp.go.th/dataset/91d66c6a-5b88-41ee-8597-11be8aec5aa6/resource/be300299-f9a3-4eac-b558-0c088dd77a64/download/tourism59-68.csv,2026-09-16T11:38:42.037660+00:00,1.0
huai_nam_dang,ห้วยน้ำดัง,เชียงใหม่,2561,2018,3,,,30793,dnp_tourism,https://catalog.dnp.go.th/dataset/91d66c6a-5b88-41ee-8597-11be8aec5aa6/resource/be300299-f9a3-4eac-b558-0c088dd77a64/download/tourism59-68.csv,2026-09-16T11:38:42.037663+00:00,1.0
huai_nam_dang,ห้วยน้ำดัง,เชียงใหม่,2561,2018,4,,,38305,dnp_tourism,https://catalog.dnp.go.th/dataset/91d66c6a-5b88-41ee-8597-11be8aec5aa6/resource/be300299-f9a3-4eac-b558-0c088dd77a64/download/tourism59-68.csv,2026-09-16T11:38:42.037665+00:00,1.0
huai_nam_dang,ห้วยน้ำดัง,เชียงใหม่,2561,2018,5,,,20525,dnp_tourism,https://catalog.dnp.go.th/dataset/91d66c6a-5b88-41ee-8597-11be8aec5aa6/resource/be300299-f9a3-4eac-b558-0c088dd77a64/download/tourism59-68.csv,2026-09-16T11:38:42.037668+00:00,1.0
huai_nam_dang,ห้วยน้ำดัง,เชียงใหม่,2561,2018,6,,,12170,dnp_tourism,https://catalog.dnp.go.th/dataset/91d66c6a-5b88-41ee-8597-11be8aec5aa6/resource/be300299-f9a3-4eac-b558-0c088dd77a64/download/tourism59-68.csv,2026-09-16T11:38:42.037670+00:00,1.0
huai_nam_dang,ห้วยน้ำดัง,เชียงใหม่,2561,2018,7,,,16875,dnp_tourism,https://catalog.dnp.go.th/dataset/91d66c6a-5b88-41ee-8597-11be8aec5aa6/resource/be300299-f9a3-4eac-b558-0c088dd77a64/download/tourism59-68.csv,2026-09-16T11:38:42.037673+00:00,1.0
huai_nam_dang,ห้วยน้ำดัง,เชียงใหม่,2561,2018,8,,,15644,dnp_tourism,https://catalog.dnp.go.th/dataset/91d66c6a-5b88-41ee-8597-11be8aec5aa6/resource/be300299-f9a3-4eac-b558-0c088dd77a64/download/tourism59-68.csv,2026-09-16T11:38:42.037675+00:00,1.0
huai_nam_dang,ห้วยน้ำดัง,เชียงใหม่,2561,2018,9,,,14112,dnp_tourism,https://catalog.dnp.go.th/dataset/91d66c6a-5b88-41ee-8597-11be8aec5aa6/resource/be300299-f9a3-4eac-b558-0c088dd77a64/download/tourism59-68.csv,2026-09-16T11:38:42.037678+00:00,1.0
doi_suthep_pui,ดอยสุเทพ-ปุย,เชียงใหม่,2561,2017,10,,,3407,dnp_tourism,https://catalog.dnp.go.th/dataset/91d66c6a-5b88-41ee-8597-11be8aec5aa6/resource/be300299-f9a3-4eac-b558-0c088dd77a64/download/tourism59-68.csv,2026-09-16T11:38:42.037686+00:00,1.0
doi_suthep_pui,ดอยสุเทพ-ปุย,เชียงใหม่,2561,2017,11,,,3368,dnp_tourism,https://catalog.dnp.go.th/dataset/91d66c6a-5b88-41ee-8597-11be8aec5aa6/resource/be300299-f9a3-4eac-b558-0c088dd77a64/download/tourism59-68.csv,2026-09-16T11:38:42.037689+00:00,1.0
doi_suthep_pui,ดอยสุเทพ-ปุย,เชียงใหม่,2561,2017,12,,,10752,dnp_tourism,https://catalog.dnp.go.th/dataset/91d66c6a-5b88-41ee-8597-11be8aec5aa6/resource/be300299-f9a3-4eac-b558-0c088dd77a64/download/tourism59-68.csv,2026-09-16T11:38:42.037691+00:00,1.0
doi_suthep_pui,ดอยสุเทพ-ปุย,เชียงใหม่,2561,2018,1,,,5866,dnp_tourism,https://catalog.dnp.go.th/dataset/91d66c6a-5b88-41ee-8597-11be8aec5aa6/resource/be300299-f9a3-4eac-b558-0c088dd77a64/download/tourism59-68.csv,2026-09-16T11:38:42.037693+00:00,1.0
doi_suthep_pui,ดอยสุเทพ-ปุย,เชียงใหม่,2561,2018,2,,,2473,dnp_tourism,https://catalog.dnp.go.th/dataset/91d66c6a-5b88-41ee-8597-11be8aec5aa6/resource/be300299-f9a3-4eac-b558-0c088dd77a64/download/tourism59-68.csv,2026-09-16T11:38:42.037696+00:00,1.0
doi_suthep_pui,ดอยสุเทพ-ปุย,เชียงใหม่,2561,2018,3,,,1996,dnp_tourism,https://catalog.dnp.go.th/dataset/91d66c6a-5b88-41ee-8597-11be8aec5aa6/resource/be300299-f9a3-4eac-b558-0c088dd77a64/download/tourism59-68.csv,2026-09-16T11:38:42.037699+00:00,1.0
doi_suthep_pui,ดอยสุเทพ-ปุย,เชียงใหม่,2561,2018,4,,,3027,dnp_tourism,https://catalog.dnp.go.th/dataset/91d66c6a-5b88-41ee-8597-11be8aec5aa6/resource/be300299-f9a3-4eac-b558-0c088dd77a64/download/tourism59-68.csv,2026-09-16T11:38:42.037709+00:00,1.0
doi_suthep_pui,ดอยสุเทพ-ปุย,เชียงใหม่,2561,2018,5,,,1508,dnp_tourism,https://catalog.dnp.go.th/dataset/91d66c6a-5b88-41ee-8597-11be8aec5aa6/resource/be300299-f9a3-4eac-b558-0c088dd77a64/download/tourism59-68.csv,2026-09-16T11:38:42.037711+00:00,1.0
doi_suthep_pui,ดอยสุเทพ-ปุย,เชียงใหม่,2561,2018,6,,,998,dnp_tourism,https://catalog.dnp.go.th/dataset/91d66c6a-5b88-41ee-8597-11be8aec5aa6/resource/be300299-f9a3-4eac-b558-0c088dd77a64/download/tourism59-68.csv,2026-09-16T11:38:42.037714+00:00,1.0
doi_suthep_pui,ดอยสุเทพ-ปุย,เชียงใหม่,2561,2018,7,,,1627,dnp_tourism,https://catalog.dnp.go.th/dataset/91d66c6a-5b88-41ee-8597-11be8aec5aa6/resource/be300299-f9a3-4eac-b558-0c088dd77a64/download/tourism59-68.csv,2026-09-16T11:38:42.037717+00:00,1.0
doi_suthep_pui,ดอยสุเทพ-ปุย,เชียงใหม่,2561,2018,8,,,1033,dnp_tourism,https://catalog.dnp.go.th/dataset/91d66c6a-5b88-41ee-8597-11be8aec5aa6/resource/be300299-f9a3-4eac-b558-0c088dd77a64/download/tourism59-68.csv,2026-09-16T11:38:42.037719+00:00,1.0
doi_suthep_pui,ดอยสุเทพ-ปุย,เชียงใหม่,2561,2018,9,,,1170,dnp_tourism,https://catalog.dnp.go.th/dataset/91d66c6a-5b88-41ee-8597-11be8aec5aa6/resource/be300299-f9a3-4eac-b558-0c088dd77a64/download/tourism59-68.csv,2026-09-16T11:38:42.037721+00:00,1.0
ob_luang,ออบหลวง,เชียงใหม่,2561,2017,10,,,7448,dnp_tourism,https://catalog.dnp.go.th/dataset/91d66c6a-5b88-41ee-8597-11be8aec5aa6/resource/be300299-f9a3-4eac-b558-0c088dd77a64/download/tourism59-68.csv,2026-09-16T11:38:42.037730+00:00,1.0
ob_luang,ออบหลวง,เชียงใหม่,2561,2017,11,,,4004,dnp_tourism,https://catalog.dnp.go.th/dataset/91d66c6a-5b88-41ee-8597-11be8aec5aa6/resource/be300299-f9a3-4eac-b558-0c088dd77a64/download/tourism59-68.csv,2026-09-16T11:38:42.037732+00:00,1.0
ob_luang,ออบหลวง,เชียงใหม่,2561,2017,12,,,7421,dnp_tourism,https://catalog.dnp.go.th/dataset/91d66c6a-5b88-41ee-8597-11be8aec5aa6/resource/be300299-f9a3-4eac-b558-0c088dd77a64/download/tourism59-68.csv,2026-09-16T11:38:42.037735+00:00,1.0
ob_luang,ออบหลวง,เชียงใหม่,2561,2018,1,,,6449,dnp_tourism,https://catalog.dnp.go.th/dataset/91d66c6a-5b88-41ee-8597-11be8aec5aa6/resource/be300299-f9a3-4eac-b558-0c088dd77a64/download/tourism59-68.csv,2026-09-16T11:38:42.037737+00:00,1.0
ob_luang,ออบหลวง,เชียงใหม่,2561,2018,2,,,5188,dnp_tourism,https://catalog.dnp.go.th/dataset/91d66c6a-5b88-41ee-8597-11be8aec5aa6/resource/be300299-f9a3-4eac-b558-0c088dd77a64/download/tourism59-68.csv,2026-09-16T11:38:42.037740+00:00,1.0
ob_luang,ออบหลวง,เชียงใหม่,2561,2018,3,,,8364,dnp_tourism,https://catalog.dnp.go.th/dataset/91d66c6a-5b88-41ee-8597-11be8aec5aa6/resource/be300299-f9a3-4eac-b558-0c088dd77a64/download/tourism59-68.csv,2026-09-16T11:38:42.037742+00:00,1.0
ob_luang,ออบหลวง,เชียงใหม่,2561,2018,4,,,12633,dnp_tourism,https://catalog.dnp.go.th/dataset/91d66c6a-5b88-41ee-8597-11be8aec5aa6/resource/be300299-f9a3-4eac-b558-0c088dd77a64/download/tourism59-68.csv,2026-09-16T11:38:42.037745+00:00,1.0
ob_luang,ออบหลวง,เชียงใหม่,2561,2018,5,,,8281,dnp_tourism,https://catalog.dnp.go.th/dataset/91d66c6a-5b88-41ee-8597-11be8aec5aa6/resource/be300299-f9a3-4eac-b558-0c088dd77a64/download/tourism59-68.csv,2026-09-16T11:38:42.037747+00:00,1.0
ob_luang,ออบหลวง,เชียงใหม่,2561,2018,6,,,4611,dnp_tourism,https://catalog.dnp.go.th/dataset/91d66c6a-5b88-41ee-8597-11be8aec5aa6/resource/be300299-f9a3-4eac-b558-0c088dd77a64/download/tourism59-68.csv,2026-09-16T11:38:42.037749+00:00,1.0
ob_luang,ออบหลวง,เชียงใหม่,2561,2018,7,,,3812,dnp_tourism,https://catalog.dnp.go.th/dataset/91d66c6a-5b88-41ee-8597-11be8aec5aa6/resource/be300299-f9a3-4eac-b558-0c088dd77a64/download/tourism59-68.csv,2026-09-16T11:38:42.037754+00:00,1.0
ob_luang,ออบหลวง,เชียงใหม่,2561,2018,8,,,3789,dnp_tourism,https://catalog.dnp.go.th/dataset/91d66c6a-5b88-41ee-8597-11be8aec5aa6/resource/be300299-f9a3-4eac-b558-0c088dd77a64/download/tourism59-68.csv,2026-09-16T11:38:42.037757+00:00,1.0
ob_luang,ออบหลวง,เชียงใหม่,2561,2018,9,,,3643,dnp_tourism,https://catalog.dnp.go.th/dataset/91d66c6a-5b88-41ee-8597-11be8aec5aa6/resource/be300299-f9a3-4eac-b558-0c088dd77a64/download/tourism59-68.csv,2026-09-16T11:38:42.037761+00:00,1.0
sri_lanna,ศรีลานนา,เชียงใหม่,2561,2017,10,,,124,dnp_tourism,https://catalog.dnp.go.th/dataset/91d66c6a-5b88-41ee-8597-11be8aec5aa6/resource/be300299-f9a3-4eac-b558-0c088dd77a64/download/tourism59-68.csv,2026-09-16T11:38:42.037769+00:00,1.0
sri_lanna,ศรีลานนา,เชียงใหม่,2561,2017,11,,,118,dnp_tourism,https://catalog.dnp.go.th/dataset/91d66c6a-5b88-41ee-8597-11be8aec5aa6/resource/be300299-f9a3-4eac-b558-0c088dd77a64/download/tourism59-68.csv,2026-09-16T11:38:42.037772+00:00,1.0
sri_lanna,ศรีลานนา,เชียงใหม่,2561,2017,12,,,463,dnp_tourism,https://catalog.dnp.go.th/dataset/91d66c6a-5b88-41ee-8597-11be8aec5aa6/resource/be300299-f9a3-4eac-b558-0c088dd77a64/download/tourism59-68.csv,2026-09-16T11:38:42.037775+00:00,1.0
sri_lanna,ศรีลานนา,เชียงใหม่,2561,2018,1,,,279,dnp_tourism,https://catalog.dnp.go.th/dataset/91d66c6a-5b88-41ee-8597-11be8aec5aa6/resource/be300299-f9a3-4eac-b558-0c088dd77a64/download/tourism59-68.csv,2026-09-16T11:38:42.037777+00:00,1.0
sri_lanna,ศรีลานนา,เชียงใหม่,2561,2018,2,,,516,dnp_tourism,https://catalog.dnp.go.th/dataset/91d66c6a-5b88-41ee-8597-11be8aec5aa6/resource/be300299-f9a3-4eac-b558-0c088dd77a64/download/tourism59-68.csv,2026-09-16T11:38:42.037780+00:00,1.0
sri_lanna,ศรีลานนา,เชียงใหม่,2561,2018,3,,,102,dnp_tourism,https://catalog.dnp.go.th/dataset/91d66c6a-5b88-41ee-8597-11be8aec5aa6/resource/be300299-f9a3-4eac-b558-0c088dd77a64/download/tourism59-68.csv,2026-09-16T11:38:42.037782+00:00,1.0
sri_lanna,ศรีลานนา,เชียงใหม่,2561,2018,4,,,131,dnp_tourism,https://catalog.dnp.go.th/dataset/91d66c6a-5b88-41ee-8597-11be8aec5aa6/resource/be300299-f9a3-4eac-b558-0c088dd77a64/download/tourism59-68.csv,2026-09-16T11:38:42.037785+00:00,1.0
sri_lanna,ศรีลานนา,เชียงใหม่,2561,2018,5,,,56,dnp_tourism,https://catalog.dnp.go.th/dataset/91d66c6a-5b88-41ee-8597-11be8aec5aa6/resource/be300299-f9a3-4eac-b558-0c088dd77a64/download/tourism59-68.csv,2026-09-16T11:38:42.037787+00:00,1.0
sri_lanna,ศรีลานนา,เชียงใหม่,2561,2018,6,,,76,dnp_tourism,https://catalog.dnp.go.th/dataset/91d66c6a-5b88-41ee-8597-11be8aec5aa6/resource/be300299-f9a3-4eac-b558-0c088dd77a64/download/tourism59-68.csv,2026-09-16T11:38:42.037790+00:00,1.0
sri_lanna,ศรีลานนา,เชียงใหม่,2561,2018,7,,,55,dnp_tourism,https://catalog.dnp.go.th/dataset/91d66c6a-5b88-41ee-8597-11be8aec5aa6/resource/be300299-f9a3-4eac-b558-0c088dd77a64/download/tourism59-68.csv,2026-09-16T11:38:42.037792+00:00,1.0
sri_lanna,ศรีลานนา,เชียงใหม่,2561,2018,8,,,55,dnp_tourism,https://catalog.dnp.go.th/dataset/91d66c6a-5b88-41ee-8597-11be8aec5aa6/resource/be300299-f9a3-4eac-b558-0c088dd77a64/download/tourism59-68.csv,2026-09-16T11:38:42.037795+00:00,1.0
sri_lanna,ศรีลานนา,เชียงใหม่,2561,2018,9,,,58,dnp_tourism,https://catalog.dnp.go.th/dataset/91d66c6a-5b88-41ee-8597-11be8aec5aa6/resource/be300299-f9a3-4eac-b558-0c088dd77a64/download/tourism59-68.csv,2026-09-16T11:38:42.037797+00:00,1.0
mae_takhrai,แม่ตะไคร้,เชียงใหม่,2561,2017,10,,,28,dnp_tourism,https://catalog.dnp.go.th/dataset/91d66c6a-5b88-41ee-8597-11be8aec5aa6/resource/be300299-f9a3-4eac-b558-0c088dd77a64/download/tourism59-68.csv,2026-09-16T11:38:42.037820+00:00,1.0
mae_takhrai,แม่ตะไคร้,เชียงใหม่,2561,2017,11,,,52,dnp_tourism,https://catalog.dnp.go.th/dataset/91d66c6a-5b88-41ee-8597-11be8aec5aa6/resource/be300299-f9a3-4eac-b558-0c088dd77a64/download/tourism59-68.csv,2026-09-16T11:38:42.037823+00:00,1.0
mae_takhrai,แม่ตะไคร้,เชียงใหม่,2561,2017,12,,,405,dnp_tourism,https://catalog.dnp.go.th/dataset/91d66c6a-5b88-41ee-8597-11be8aec5aa6/resource/be300299-f9a3-4eac-b558-0c088dd77a64/download/tourism59-68.csv,2026-09-16T11:38:42.037826+00:00,1.0
mae_takhrai,แม่ตะไคร้,เชียงใหม่,2561,2018,1,,,248,dnp_tourism,https://catalog.dnp.go.th/dataset/91d66c6a-5b88-41ee-8597-11be8aec5aa6/resource/be300299-f9a3-4eac-b558-0c088dd77a64/download/tourism59-68.csv,2026-09-16T11:38:42.037828+00:00,1.0
mae_takhrai,แม่ตะไคร้,เชียงใหม่,2561,2018,2,,,45,dnp_tourism,https://catalog.dnp.go.th/dataset/91d66c6a-5b88-41ee-8597-11be8aec5aa6/resource/be300299-f9a3-4eac-b558-0c088dd77a64/download/tourism59-68.csv,2026-09-16T11:38:42.037831+00:00,1.0
mae_takhrai,แม่ตะไคร้,เชียงใหม่,2561,2018,3,,,18,dnp_tourism,https://catalog.dnp.go.th/dataset/91d66c6a-5b88-41ee-8597-11be8aec5aa6/resource/be300299-f9a3-4eac-b558-0c088dd77a64/download/tourism59-68.csv,2026-09-16T11:38:42.037833+00:00,1.0
mae_takhrai,แม่ตะไคร้,เชียงใหม่,2561,2018,4,,,148,dnp_tourism,https://catalog.dnp.go.th/dataset/91d66c6a-5b88-41ee-8597-11be8aec5aa6/resource/be300299-f9a3-4eac-b558-0c088dd77a64/download/tourism59-68.csv,2026-09-16T11:38:42.037836+00:00,1.0
mae_takhrai,แม่ตะไคร้,เชียงใหม่,2561,2018,5,,,19,dnp_tourism,https://catalog.dnp.go.th/dataset/91d66c6a-5b88-41ee-8597-11be8aec5aa6/resource/be300299-f9a3-4eac-b558-0c088dd77a64/download/tourism59-68.csv,2026-09-16T11:38:42.037838+00:00,1.0
mae_takhrai,แม่ตะไคร้,เชียงใหม่,2561,2018,6,,,27,dnp_tourism,https://catalog.dnp.go.th/dataset/91d66c6a-5b88-41ee-8597-11be8aec5aa6/resource/be300299-f9a3-4eac-b558-0c088dd77a64/download/tourism59-68.csv,2026-09-16T11:38:42.037840+00:00,1.0
mae_takhrai,แม่ตะไคร้,เชียงใหม่,2561,2018,7,,,39,dnp_tourism,https://catalog.dnp.go.th/dataset/91d66c6a-5b88-41ee-8597-11be8aec5aa6/resource/be300299-f9a3-4eac-b558-0c088dd77a64/download/tourism59-68.csv,2026-09-16T11:38:42.037843+00:00,1.0
mae_takhrai,แม่ตะไคร้,เชียงใหม่,2561,2018,8,,,45,dnp_tourism,https://catalog.dnp.go.th/dataset/91d66c6a-5b88-41ee-8597-11be8aec5aa6/resource/be300299-f9a3-4eac-b558-0c088dd77a64/download/tourism59-68.csv,2026-09-16T11:38:42.037845+00:00,1.0
mae_takhrai,แม่ตะไคร้,เชียงใหม่,2561,2018,9,,,8,dnp_tourism,https://catalog.dnp.go.th/dataset/91d66c6a-5b88-41ee-8597-11be8aec5aa6/resource/be300299-f9a3-4eac-b558-0c088dd77a64/download/tourism59-68.csv,2026-09-16T11:38:42.037848+00:00,1.0
khun_khan,ขุนขาน,เชียงใหม่,2561,2017,10,,,7019,dnp_tourism,https://catalog.dnp.go.th/dataset/91d66c6a-5b88-41ee-8597-11be8aec5aa6/resource/be300299-f9a3-4eac-b558-0c088dd77a64/download/tourism59-68.csv,2026-09-16T11:38:42.037856+00:00,1.0
khun_khan,ขุนขาน,เชียงใหม่,2561,2017,11,,,6889,dnp_tourism,https://catalog.dnp.go.th/dataset/91d66c6a-5b88-41ee-8597-11be8aec5aa6/resource/be300299-f9a3-4eac-b558-0c088dd77a64/download/tourism59-68.csv,2026-09-16T11:38:42.037859+00:00,1.0
khun_khan,ขุนขาน,เชียงใหม่,2561,2017,12,,,19189,dnp_tourism,https://catalog.dnp.go.th/dataset/91d66c6a-5b88-41ee-8597-11be8aec5aa6/resource/be300299-f9a3-4eac-b558-0c088dd77a64/download/tourism59-68.csv,2026-09-16T11:38:42.037862+00:00,1.0
khun_khan,ขุนขาน,เชียงใหม่,2561,2018,1,,,16242,dnp_tourism,https://catalog.dnp.go.th/dataset/91d66c6a-5b88-41ee-8597-11be8aec5aa6/resource/be300299-f9a3-4eac-b558-0c088dd77a64/download/tourism59-68.csv,2026-09-16T11:38:42.037864+00:00,1.0
khun_khan,ขุนขาน,เชียงใหม่,2561,2018,2,,,5959,dnp_tourism,https://catalog.dnp.go.th/dataset/91d66c6a-5b88-41ee-8597-11be8aec5aa6/resource/be300299-f9a3-4eac-b558-0c088dd77a64/download/tourism59-68.csv,2026-09-16T11:38:42.037867+00:00,1.0
khun_khan,ขุนขาน,เชียงใหม่,2561,2018,3,,,4308,dnp_tourism,https://catalog.dnp.go.th/dataset/91d66c6a-5b88-41ee-8597-11be8aec5aa6/resource/be300299-f9a3-4eac-b558-0c088dd77a64/download/tourism59-68.csv,2026-09-16T11:38:42.037869+00:00,1.0
khun_khan,ขุนขาน,เชียงใหม่,2561,2018,4,,,4848,dnp_tourism,https://catalog.dnp.go.th/dataset/91d66c6a-5b88-41ee-8597-11be8aec5aa6/resource/be300299-f9a3-4eac-b558-0c088dd77a64/download/tourism59-68.csv,2026-09-16T11:38:42.037872+00:00,1.0
khun_khan,ขุนขาน,เชียงใหม่,2561,2018,5,,,3291,dnp_tourism,https://catalog.dnp.go.th/dataset/91d66c6a-5b88-41ee-8597-11be8aec5aa6/resource/be300299-f9a3-4eac-b558-0c088dd77a64/download/tourism59-68.csv,2026-09-16T11:38:42.037874+00:00,1.0
khun_khan,ขุนขาน,เชียงใหม่,2561,2018,6,,,2754,dnp_tourism,https://catalog.dnp.go.th/dataset/91d66c6a-5b88-41ee-8597-11be8aec5aa6/resource/be300299-f9a3-4eac-b558-0c088dd77a64/download/tourism59-68.csv,2026-09-16T11:38:42.037877+00:00,1.0
khun_khan,ขุนขาน,เชียงใหม่,2561,2018,7,,,4178,dnp_tourism,https://catalog.dnp.go.th/dataset/91d66c6a-5b88-41ee-8597-11be8aec5aa6/resource/be300299-f9a3-4eac-b558-0c088dd77a64/download/tourism59-68.csv,2026-09-16T11:38:42.037881+00:00,1.0
khun_khan,ขุนขาน,เชียงใหม่,2561,2018,8,,,4118,dnp_tourism,https://catalog.dnp.go.th/dataset/91d66c6a-5b88-41ee-8597-11be8aec5aa6/resource/be300299-f9a3-4eac-b558-0c088dd77a64/download/tourism59-68.csv,2026-09-16T11:38:42.037884+00:00,1.0
khun_khan,ขุนขาน,เชียงใหม่,2561,2018,9,,,3805,dnp_tourism,https://catalog.dnp.go.th/dataset/91d66c6a-5b88-41ee-8597-11be8aec5aa6/resource/be300299-f9a3-4eac-b558-0c088dd77a64/download/tourism59-68.csv,2026-09-16T11:38:42.037886+00:00,1.0
mae_wang,แม่วาง,เชียงใหม่,2561,2017,10,,,0,dnp_tourism,https://catalog.dnp.go.th/dataset/91d66c6a-5b88-41ee-8597-11be8aec5aa6/resource/be300299-f9a3-4eac-b558-0c088dd77a64/download/tourism59-68.csv,2026-09-16T11:38:42.037896+00:00,1.0
mae_wang,แม่วาง,เชียงใหม่,2561,2017,11,,,0,dnp_tourism,https://catalog.dnp.go.th/dataset/91d66c6a-5b88-41ee-8597-11be8aec5aa6/resource/be300299-f9a3-4eac-b558-0c088dd77a64/download/tourism59-68.csv,2026-09-16T11:38:42.037899+00:00,1.0
mae_wang,แม่วาง,เชียงใหม่,2561,2017,12,,,0,dnp_tourism,https://catalog.dnp.go.th/dataset/91d66c6a-5b88-41ee-8597-11be8aec5aa6/resource/be300299-f9a3-4eac-b558-0c088dd77a64/download/tourism59-68.csv,2026-09-16T11:38:42.037901+00:00,1.0
mae_wang,แม่วาง,เชียงใหม่,2561,2018,1,,,12140,dnp_tourism,https://catalog.dnp.go.th/dataset/91d66c6a-5b88-41ee-8597-11be8aec5aa6/resource/be300299-f9a3-4eac-b558-0c088dd77a64/download/tourism59-68.csv,2026-09-16T11:38:42.037906+00:00,1.0
mae_wang,แม่วาง,เชียงใหม่,2561,2018,2,,,10610,dnp_tourism,https://catalog.dnp.go.th/dataset/91d66c6a-5b88-41ee-8597-11be8aec5aa6/resource/be300299-f9a3-4eac-b558-0c088dd77a64/download/tourism59-68.csv,2026-09-16T11:38:42.037909+00:00,1.0
mae_wang,แม่วาง,เชียงใหม่,2561,2018,3,,,14165,dnp_tourism,https://catalog.dnp.go.th/dataset/91d66c6a-5b88-41ee-8597-11be8aec5aa6/resource/be300299-f9a3-4eac-b558-0c088dd77a64/download/tourism59-68.csv,2026-09-16T11:38:42.037911+00:00,1.0
mae_wang,แม่วาง,เชียงใหม่,2561,2018,4,,,21712,dnp_tourism,https://catalog.dnp.go.th/dataset/91d66c6a-5b88-41ee-8597-11be8aec5aa6/resource/be300299-f9a3-4eac-b558-0c088dd77a64/download/tourism59-68.csv,2026-09-16T11:38:42.037914+00:00,1.0
mae_wang,แม่วาง,เชียงใหม่,2561,2018,5,,,0,dnp_tourism,https://catalog.dnp.go.th/dataset/91d66c6a-5b88-41ee-8597-11be8aec5aa6/resource/be300299-f9a3-4eac-b558-0c088dd77a64/download/tourism59-68.csv,2026-09-16T11:38:42.037916+00:00,1.0
mae_wang,แม่วาง,เชียงใหม่,2561,2018,6,,,6979,dnp_tourism,https://catalog.dnp.go.th/dataset/91d66c6a-5b88-41ee-8597-11be8aec5aa6/resource/be300299-f9a3-4eac-b558-0c088dd77a64/download/tourism59-68.csv,2026-09-16T11:38:42.037918+00:00,1.0
mae_wang,แม่วาง,เชียงใหม่,2561,2018,7,,,11370,dnp_tourism,https://catalog.dnp.go.th/dataset/91d66c6a-5b88-41ee-8597-11be8aec5aa6/resource/be300299-f9a3-4eac-b558-0c088dd77a64/download/tourism59-68.csv,2026-09-16T11:38:42.037921+00:00,1.0
mae_wang,แม่วาง,เชียงใหม่,2561,2018,8,,,7603,dnp_tourism,https://catalog.dnp.go.th/dataset/91d66c6a-5b88-41ee-8597-11be8aec5aa6/resource/be300299-f9a3-4eac-b558-0c088dd77a64/download/tourism59-68.csv,2026-09-16T11:38:42.037923+00:00,1.0
mae_wang,แม่วาง,เชียงใหม่,2561,2018,9,,,8392,dnp_tourism,https://catalog.dnp.go.th/dataset/91d66c6a-5b88-41ee-8597-11be8aec5aa6/resource/be300299-f9a3-4eac-b558-0c088dd77a64/download/tourism59-68.csv,2026-09-16T11:38:42.037926+00:00,1.0
doi_inthanon,ดอยอินทนนท์,เชียงใหม่,2562,2018,10,,,13935,dnp_tourism,https://catalog.dnp.go.th/dataset/91d66c6a-5b88-41ee-8597-11be8aec5aa6/resource/be300299-f9a3-4eac-b558-0c088dd77a64/download/tourism59-68.csv,2026-09-16T11:38:42.038528+00:00,1.0
doi_inthanon,ดอยอินทนนท์,เชียงใหม่,2562,2018,11,,,29927,dnp_tourism,https://catalog.dnp.go.th/dataset/91d66c6a-5b88-41ee-8597-11be8aec5aa6/resource/be300299-f9a3-4eac-b558-0c088dd77a64/download/tourism59-68.csv,2026-09-16T11:38:42.038532+00:00,1.0
doi_inthanon,ดอยอินทนนท์,เชียงใหม่,2562,2018,12,,,60591,dnp_tourism,https://catalog.dnp.go.th/dataset/91d66c6a-5b88-41ee-8597-11be8aec5aa6/resource/be300299-f9a3-4eac-b558-0c088dd77a64/download/tourism59-68.csv,2026-09-16T11:38:42.038535+00:00,1.0
doi_inthanon,ดอยอินทนนท์,เชียงใหม่,2562,2019,1,,,127860,dnp_tourism,https://catalog.dnp.go.th/dataset/91d66c6a-5b88-41ee-8597-11be8aec5aa6/resource/be300299-f9a3-4eac-b558-0c088dd77a64/download/tourism59-68.csv,2026-09-16T11:38:42.038537+00:00,1.0
doi_inthanon,ดอยอินทนนท์,เชียงใหม่,2562,2019,2,,,25555,dnp_tourism,https://catalog.dnp.go.th/dataset/91d66c6a-5b88-41ee-8597-11be8aec5aa6/resource/be300299-f9a3-4eac-b558-0c088dd77a64/download/tourism59-68.csv,2026-09-16T11:38:42.038540+00:00,1.0
doi_inthanon,ดอยอินทนนท์,เชียงใหม่,2562,2019,3,,,6622,dnp_tourism,https://catalog.dnp.go.th/dataset/91d66c6a-5b88-41ee-8597-11be8aec5aa6/resource/be300299-f9a3-4eac-b558-0c088dd77a64/download/tourism59-68.csv,2026-09-16T11:38:42.038542+00:00,1.0
doi_inthanon,ดอยอินทนนท์,เชียงใหม่,2562,2019,4,,,4427,dnp_tourism,https://catalog.dnp.go.th/dataset/91d66c6a-5b88-41ee-8597-11be8aec5aa6/resource/be300299-f9a3-4eac-b558-0c088dd77a64/download/tourism59-68.csv,2026-09-16T11:38:42.038545+00:00,1.0
doi_inthanon,ดอยอินทนนท์,เชียงใหม่,2562,2019,5,,,4155,dnp_tourism,https://catalog.dnp.go.th/dataset/91d66c6a-5b88-41ee-8597-11be8aec5aa6/resource/be300299-f9a3-4eac-b558-0c088dd77a64/download/tourism59-68.csv,2026-09-16T11:38:42.038548+00:00,1.0
doi_inthanon,ดอยอินทนนท์,เชียงใหม่,2562,2019,6,,,4428,dnp_tourism,https://catalog.dnp.go.th/dataset/91d66c6a-5b88-41ee-8597-11be8aec5aa6/resource/be300299-f9a3-4eac-b558-0c088dd77a64/download/tourism59-68.csv,2026-09-16T11:38:42.038550+00:00,1.0
doi_inthanon,ดอยอินทนนท์,เชียงใหม่,2562,2019,7,,,4355,dnp_tourism,https://catalog.dnp.go.th/dataset/91d66c6a-5b88-41ee-8597-11be8aec5aa6/resource/be300299-f9a3-4eac-b558-0c088dd77a64/download/tourism59-68.csv,2026-09-16T11:38:42.038552+00:00,1.0
doi_inthanon,ดอยอินทนนท์,เชียงใหม่,2562,2019,8,,,4224,dnp_tourism,https://catalog.dnp.go.th/dataset/91d66c6a-5b88-41ee-8597-11be8aec5aa6/resource/be300299-f9a3-4eac-b558-0c088dd77a64/download/tourism59-68.csv,2026-09-16T11:38:42.038555+00:00,1.0
doi_inthanon,ดอยอินทนนท์,เชียงใหม่,2562,2019,9,,,3676,dnp_tourism,https://catalog.dnp.go.th/dataset/91d66c6a-5b88-41ee-8597-11be8aec5aa6/resource/be300299-f9a3-4eac-b558-0c088dd77a64/download/tourism59-68.csv,2026-09-16T11:38:42.038557+00:00,1.0
mae_ping,แม่ปิง,เชียงใหม่,2562,2018,10,,,85310,dnp_tourism,https://catalog.dnp.go.th/dataset/91d66c6a-5b88-41ee-8597-11be8aec5aa6/resource/be300299-f9a3-4eac-b558-0c088dd77a64/download/tourism59-68.csv,2026-09-16T11:38:42.038582+00:00,1.0
mae_ping,แม่ปิง,เชียงใหม่,2562,2018,11,,,93308,dnp_tourism,https://catalog.dnp.go.th/dataset/91d66c6a-5b88-41ee-8597-11be8aec5aa6/resource/be300299-f9a3-4eac-b558-0c088dd77a64/download/tourism59-68.csv,2026-09-16T11:38:42.038585+00:00,1.0
mae_ping,แม่ปิง,เชียงใหม่,2562,2018,12,,,211981,dnp_tourism,https://catalog.dnp.go.th/dataset/91d66c6a-5b88-41ee-8597-11be8aec5aa6/resource/be300299-f9a3-4eac-b558-0c088dd77a64/download/tourism59-68.csv,2026-09-16T11:38:42.038588+00:00,1.0
mae_ping,แม่ปิง,เชียงใหม่,2562,2019,1,,,141621,dnp_tourism,https://catalog.dnp.go.th/dataset/91d66c6a-5b88-41ee-8597-11be8aec5aa6/resource/be300299-f9a3-4eac-b558-0c088dd77a64/download/tourism59-68.csv,2026-09-16T11:38:42.038590+00:00,1.0
mae_ping,แม่ปิง,เชียงใหม่,2562,2019,2,,,73766,dnp_tourism,https://catalog.dnp.go.th/dataset/91d66c6a-5b88-41ee-8597-11be8aec5aa6/resource/be300299-f9a3-4eac-b558-0c088dd77a64/download/tourism59-68.csv,2026-09-16T11:38:42.038593+00:00,1.0
mae_ping,แม่ปิง,เชียงใหม่,2562,2019,3,,,42311,dnp_tourism,https://catalog.dnp.go.th/dataset/91d66c6a-5b88-41ee-8597-11be8aec5aa6/resource/be300299-f9a3-4eac-b558-0c088dd77a64/download/tourism59-68.csv,2026-09-16T11:38:42.038595+00:00,1.0
mae_ping,แม่ปิง,เชียงใหม่,2562,2019,4,,,45619,dnp_tourism,https://catalog.dnp.go.th/dataset/91d66c6a-5b88-41ee-8597-11be8aec5aa6/resource/be300299-f9a3-4eac-b558-0c088dd77a64/download/tourism59-68.csv,2026-09-16T11:38:42.038598+00:00,1.0
mae_ping,แม่ปิง,เชียงใหม่,2562,2019,5,,,26588,dnp_tourism,https://catalog.dnp.go.th/dataset/91d66c6a-5b88-41ee-8597-11be8aec5aa6/resource/be300299-f9a3-4eac-b558-0c088dd77a64/download/tourism59-68.csv,2026-09-16T11:38:42.038600+00:00,1.0
mae_ping,แม่ปิง,เชียงใหม่,2562,2019,6,,,29129,dnp_tourism,https://catalog.dnp.go.th/dataset/91d66c6a-5b88-41ee-8597-11be8aec5aa6/resource/be300299-f9a3-4eac-b558-0c088dd77a64/download/tourism59-68.csv,2026-09-16T11:38:42.038603+00:00,1.0
mae_ping,แม่ปิง,เชียงใหม่,2562,2019,7,,,47875,dnp_tourism,https://catalog.dnp.go.th/dataset/91d66c6a-5b88-41ee-8597-11be8aec5aa6/resource/be300299-f9a3-4eac-b558-0c088dd77a64/download/tourism59-68.csv,2026-09-16T11:38:42.038605+00:00,1.0
mae_ping,แม่ปิง,เชียงใหม่,2562,2019,8,,,41752,dnp_tourism,https://catalog.dnp.go.th/dataset/91d66c6a-5b88-41ee-8597-11be8aec5aa6/resource/be300299-f9a3-4eac-b558-0c088dd77a64/download/tourism59-68.csv,2026-09-16T11:38:42.038608+00:00,1.0
mae_ping,แม่ปิง,เชียงใหม่,2562,2019,9,,,35112,dnp_tourism,https://catalog.dnp.go.th/dataset/91d66c6a-5b88-41ee-8597-11be8aec5aa6/resource/be300299-f9a3-4eac-b558-0c088dd77a64/download/tourism59-68.csv,2026-09-16T11:38:42.038610+00:00,1.0
pha_daeng,ผาแดง,เชียงใหม่,2562,2018,10,,,2205,dnp_tourism,https://catalog.dnp.go.th/dataset/91d66c6a-5b88-41ee-8597-11be8aec5aa6/resource/be300299-f9a3-4eac-b558-0c088dd77a64/download/tourism59-68.csv,2026-09-16T11:38:42.038618+00:00,1.0
pha_daeng,ผาแดง,เชียงใหม่,2562,2018,11,,,2011,dnp_tourism,https://catalog.dnp.go.th/dataset/91d66c6a-5b88-41ee-8597-11be8aec5aa6/resource/be300299-f9a3-4eac-b558-0c088dd77a64/download/tourism59-68.csv,2026-09-16T11:38:42.038621+00:00,1.0
pha_daeng,ผาแดง,เชียงใหม่,2562,2018,12,,,7206,dnp_tourism,https://catalog.dnp.go.th/dataset/91d66c6a-5b88-41ee-8597-11be8aec5aa6/resource/be300299-f9a3-4eac-b558-0c088dd77a64/download/tourism59-68.csv,2026-09-16T11:38:42.038624+00:00,1.0
pha_daeng,ผาแดง,เชียงใหม่,2562,2019,1,,,4626,dnp_tourism,https://catalog.dnp.go.th/dataset/91d66c6a-5b88-41ee-8597-11be8aec5aa6/resource/be300299-f9a3-4eac-b558-0c088dd77a64/download/tourism59-68.csv,2026-09-16T11:38:42.038626+00:00,1.0
pha_daeng,ผาแดง,เชียงใหม่,2562,2019,2,,,3422,dnp_tourism,https://catalog.dnp.go.th/dataset/91d66c6a-5b88-41ee-8597-11be8aec5aa6/resource/be300299-f9a3-4eac-b558-0c088dd77a64/download/tourism59-68.csv,2026-09-16T11:38:42.038628+00:00,1.0
pha_daeng,ผาแดง,เชียงใหม่,2562,2019,3,,,3773,dnp_tourism,https://catalog.dnp.go.th/dataset/91d66c6a-5b88-41ee-8597-11be8aec5aa6/resource/be300299-f9a3-4eac-b558-0c088dd77a64/download/tourism59-68.csv,2026-09-16T11:38:42.038631+00:00,1.0
pha_daeng,ผาแดง,เชียงใหม่,2562,2019,4,,,9216,dnp_tourism,https://catalog.dnp.go.th/dataset/91d66c6a-5b88-41ee-8597-11be8aec5aa6/resource/be300299-f9a3-4eac-b558-0c088dd77a64/download/tourism59-68.csv,2026-09-16T11:38:42.038633+00:00,1.0
pha_daeng,ผาแดง,เชียงใหม่,2562,2019,5,,,2778,dnp_tourism,https://catalog.dnp.go.th/dataset/91d66c6a-5b88-41ee-8597-11be8aec5aa6/resource/be300299-f9a3-4eac-b558-0c088dd77a64/download/tourism59-68.csv,2026-09-16T11:38:42.038638+00:00,1.0
pha_daeng,ผาแดง,เชียงใหม่,2562,2019,6,,,1463,dnp_tourism,https://catalog.dnp.go.th/dataset/91d66c6a-5b88-41ee-8597-11be8aec5aa6/resource/be300299-f9a3-4eac-b558-0c088dd77a64/download/tourism59-68.csv,2026-09-16T11:38:42.038641+00:00,1.0
pha_daeng,ผาแดง,เชียงใหม่,2562,2019,7,,,1941,dnp_tourism,https://catalog.dnp.go.th/dataset/91d66c6a-5b88-41ee-8597-11be8aec5aa6/resource/be300299-f9a3-4eac-b558-0c088dd77a64/download/tourism59-68.csv,2026-09-16T11:38:42.038643+00:00,1.0
pha_daeng,ผาแดง,เชียงใหม่,2562,2019,8,,,521,dnp_tourism,https://catalog.dnp.go.th/dataset/91d66c6a-5b88-41ee-8597-11be8aec5aa6/resource/be300299-f9a3-4eac-b558-0c088dd77a64/download/tourism59-68.csv,2026-09-16T11:38:42.038645+00:00,1.0
pha_daeng,ผาแดง,เชียงใหม่,2562,2019,9,,,733,dnp_tourism,https://catalog.dnp.go.th/dataset/91d66c6a-5b88-41ee-8597-11be8aec5aa6/resource/be300299-f9a3-4eac-b558-0c088dd77a64/download/tourism59-68.csv,2026-09-16T11:38:42.038648+00:00,1.0
doi_pha_hom_pok,ดอยผ้าห่มปก,เชียงใหม่,2562,2018,10,,,3161,dnp_tourism,https://catalog.dnp.go.th/dataset/91d66c6a-5b88-41ee-8597-11be8aec5aa6/resource/be300299-f9a3-4eac-b558-0c088dd77a64/download/tourism59-68.csv,2026-09-16T11:38:42.038657+00:00,1.0
doi_pha_hom_pok,ดอยผ้าห่มปก,เชียงใหม่,2562,2018,11,,,2976,dnp_tourism,https://catalog.dnp.go.th/dataset/91d66c6a-5b88-41ee-8597-11be8aec5aa6/resource/be300299-f9a3-4eac-b558-0c088dd77a64/download/tourism59-68.csv,2026-09-16T11:38:42.038659+00:00,1.0
doi_pha_hom_pok,ดอยผ้าห่มปก,เชียงใหม่,2562,2018,12,,,7332,dnp_tourism,https://catalog.dnp.go.th/dataset/91d66c6a-5b88-41ee-8597-11be8aec5aa6/resource/be300299-f9a3-4eac-b558-0c088dd77a64/download/tourism59-68.csv,2026-09-16T11:38:42.038662+00:00,1.0
doi_pha_hom_pok,ดอยผ้าห่มปก,เชียงใหม่,2562,2019,1,,,6942,dnp_tourism,https://catalog.dnp.go.th/dataset/91d66c6a-5b88-41ee-8597-11be8aec5aa6/resource/be300299-f9a3-4eac-b558-0c088dd77a64/download/tourism59-68.csv,2026-09-16T11:38:42.038664+00:00,1.0
doi_pha_hom_pok,ดอยผ้าห่มปก,เชียงใหม่,2562,2019,2,,,5007,dnp_tourism,https://catalog.dnp.go.th/dataset/91d66c6a-5b88-41ee-8597-11be8aec5aa6/resource/be300299-f9a3-4eac-b558-0c088dd77a64/download/tourism59-68.csv,2026-09-16T11:38:42.038667+00:00,1.0
doi_pha_hom_pok,ดอยผ้าห่มปก,เชียงใหม่,2562,2019,3,,,3542,dnp_tourism,https://catalog.dnp.go.th/dataset/91d66c6a-5b88-41ee-8597-11be8aec5aa6/resource/be300299-f9a3-4eac-b558-0c088dd77a64/download/tourism59-68.csv,2026-09-16T11:38:42.038669+00:00,1.0
doi_pha_hom_pok,ดอยผ้าห่มปก,เชียงใหม่,2562,2019,4,,,7334,dnp_tourism,https://catalog.dnp.go.th/dataset/91d66c6a-5b88-41ee-8597-11be8aec5aa6/resource/be300299-f9a3-4eac-b558-0c088dd77a64/download/tourism59-68.csv,2026-09-16T11:38:42.038672+00:00,1.0
doi_pha_hom_pok,ดอยผ้าห่มปก,เชียงใหม่,2562,2019,5,,,2674,dnp_tourism,https://catalog.dnp.go.th/dataset/91d66c6a-5b88-41ee-8597-11be8aec5aa6/resource/be300299-f9a3-4eac-b558-0c088dd77a64/download/tourism59-68.csv,2026-09-16T11:38:42.038674+00:00,1.0
doi_pha_hom_pok,ดอยผ้าห่มปก,เชียงใหม่,2562,2019,6,,,1482,dnp_tourism,https://catalog.dnp.go.th/dataset/91d66c6a-5b88-41ee-8597-11be8aec5aa6/resource/be300299-f9a3-4eac-b558-0c088dd77a64/download/tourism59-68.csv,2026-09-16T11:38:42.038677+00:00,1.0
doi_pha_hom_pok,ดอยผ้าห่มปก,เชียงใหม่,2562,2019,7,,,1951,dnp_tourism,https://catalog.dnp.go.th/dataset/91d66c6a-5b88-41ee-8597-11be8aec5aa6/resource/be300299-f9a3-4eac-b558-0c088dd77a64/download/tourism59-68.csv,2026-09-16T11:38:42.038679+00:00,1.0
doi_pha_hom_pok,ดอยผ้าห่มปก,เชียงใหม่,2562,2019,8,,,1082,dnp_tourism,https://catalog.dnp.go.th/dataset/91d66c6a-5b88-41ee-8597-11be8aec5aa6/resource/be300299-f9a3-4eac-b558-0c088dd77a64/download/tourism59-68.csv,2026-09-16T11:38:42.038681+00:00,1.0
doi_pha_hom_pok,ดอยผ้าห่มปก,เชียงใหม่,2562,2019,9,,,1258,dnp_tourism,https://catalog.dnp.go.th/dataset/91d66c6a-5b88-41ee-8597-11be8aec5aa6/resource/be300299-f9a3-4eac-b558-0c088dd77a64/download/tourism59-68.csv,2026-09-16T11:38:42.038684+00:00,1.0
huai_nam_dang,ห้วยน้ำดัง,เชียงใหม่,2562,2018,10,,,11391,dnp_tourism,https://catalog.dnp.go.th/dataset/91d66c6a-5b88-41ee-8597-11be8aec5aa6/resource/be300299-f9a3-4eac-b558-0c088dd77a64/download/tourism59-68.csv,2026-09-16T11:38:42.038692+00:00,1.0
huai_nam_dang,ห้วยน้ำดัง,เชียงใหม่,2562,2018,11,,,7764,dnp_tourism,https://catalog.dnp.go.th/dataset/91d66c6a-5b88-41ee-8597-11be8aec5aa6/resource/be300299-f9a3-4eac-b558-0c088dd77a64/download/tourism59-68.csv,2026-09-16T11:38:42.038695+00:00,1.0
huai_nam_dang,ห้วยน้ำดัง,เชียงใหม่,2562,2018,12,,,16567,dnp_tourism,https://catalog.dnp.go.th/dataset/91d66c6a-5b88-41ee-8597-11be8aec5aa6/resource/be300299-f9a3-4eac-b558-0c088dd77a64/download/tourism59-68.csv,2026-09-16T11:38:42.038697+00:00,1.0
huai_nam_dang,ห้วยน้ำดัง,เชียงใหม่,2562,2019,1,,,16212,dnp_tourism,https://catalog.dnp.go.th/dataset/91d66c6a-5b88-41ee-8597-11be8aec5aa6/resource/be300299-f9a3-4eac-b558-0c088dd77a64/download/tourism59-68.csv,2026-09-16T11:38:42.038702+00:00,1.0
huai_nam_dang,ห้วยน้ำดัง,เชียงใหม่,2562,2019,2,,,8081,dnp_tourism,https://catalog.dnp.go.th/dataset/91d66c6a-5b88-41ee-8597-11be8aec5aa6/resource/be300299-f9a3-4eac-b558-0c088dd77a64/download/tourism59-68.csv,2026-09-16T11:38:42.038704+00:00,1.0
huai_nam_dang,ห้วยน้ำดัง,เชียงใหม่,2562,2019,3,,,4685,dnp_tourism,https://catalog.dnp.go.th/dataset/91d66c6a-5b88-41ee-8597-11be8aec5aa6/resource/be300299-f9a3-4eac-b558-0c088dd77a64/download/tourism59-68.csv,2026-09-16T11:38:42.038707+00:00,1.0
huai_nam_dang,ห้วยน้ำดัง,เชียงใหม่,2562,2019,4,,,9790,dnp_tourism,https://catalog.dnp.go.th/dataset/91d66c6a-5b88-41ee-8597-11be8aec5aa6/resource/be300299-f9a3-4eac-b558-0c088dd77a64/download/tourism59-68.csv,2026-09-16T11:38:42.038709+00:00,1.0
huai_nam_dang,ห้วยน้ำดัง,เชียงใหม่,2562,2019,5,,,2711,dnp_tourism,https://catalog.dnp.go.th/dataset/91d66c6a-5b88-41ee-8597-11be8aec5aa6/resource/be300299-f9a3-4eac-b558-0c088dd77a64/download/tourism59-68.csv,2026-09-16T11:38:42.038712+00:00,1.0
huai_nam_dang,ห้วยน้ำดัง,เชียงใหม่,2562,2019,6,,,2698,dnp_tourism,https://catalog.dnp.go.th/dataset/91d66c6a-5b88-41ee-8597-11be8aec5aa6/resource/be300299-f9a3-4eac-b558-0c088dd77a64/download/tourism59-68.csv,2026-09-16T11:38:42.038714+00:00,1.0
huai_nam_dang,ห้วยน้ำดัง,เชียงใหม่,2562,2019,7,,,3681,dnp_tourism,https://catalog.dnp.go.th/dataset/91d66c6a-5b88-41ee-8597-11be8aec5aa6/resource/be300299-f9a3-4eac-b558-0c088dd77a64/download/tourism59-68.csv,2026-09-16T11:38:42.038717+00:00,1.0
huai_nam_dang,ห้วยน้ำดัง,เชียงใหม่,2562,2019,8,,,4016,dnp_tourism,https://catalog.dnp.go.th/dataset/91d66c6a-5b88-41ee-8597-11be8aec5aa6/resource/be300299-f9a3-4eac-b558-0c088dd77a64/download/tourism59-68.csv,2026-09-16T11:38:42.038719+00:00,1.0
huai_nam_dang,ห้วยน้ำดัง,เชียงใหม่,2562,2019,9,,,3248,dnp_tourism,https://catalog.dnp.go.th/dataset/91d66c6a-5b88-41ee-8597-11be8aec5aa6/resource/be300299-f9a3-4eac-b558-0c088dd77a64/download/tourism59-68.csv,2026-09-16T11:38:42.038722+00:00,1.0
doi_suthep_pui,ดอยสุเทพ-ปุย,เชียงใหม่,2562,2018,10,,,14838,dnp_tourism,https://catalog.dnp.go.th/dataset/91d66c6a-5b88-41ee-8597-11be8aec5aa6/resource/be300299-f9a3-4eac-b558-0c088dd77a64/download/tourism59-68.csv,2026-09-16T11:38:42.038730+00:00,1.0
doi_suthep_pui,ดอยสุเทพ-ปุย,เชียงใหม่,2562,2018,11,,,18474,dnp_tourism,https://catalog.dnp.go.th/dataset/91d66c6a-5b88-41ee-8597-11be8aec5aa6/resource/be300299-f9a3-4eac-b558-0c088dd77a64/download/tourism59-68.csv,2026-09-16T11:38:42.038733+00:00,1.0
doi_suthep_pui,ดอยสุเทพ-ปุย,เชียงใหม่,2562,2018,12,,,46921,dnp_tourism,https://catalog.dnp.go.th/dataset/91d66c6a-5b88-41ee-8597-11be8aec5aa6/resource/be300299-f9a3-4eac-b558-0c088dd77a64/download/tourism59-68.csv,2026-09-16T11:38:42.038735+00:00,1.0
doi_suthep_pui,ดอยสุเทพ-ปุย,เชียงใหม่,2562,2019,1,,,28259,dnp_tourism,https://catalog.dnp.go.th/dataset/91d66c6a-5b88-41ee-8597-11be8aec5aa6/resource/be300299-f9a3-4eac-b558-0c088dd77a64/download/tourism59-68.csv,2026-09-16T11:38:42.038738+00:00,1.0
doi_suthep_pui,ดอยสุเทพ-ปุย,เชียงใหม่,2562,2019,2,,,15083,dnp_tourism,https://catalog.dnp.go.th/dataset/91d66c6a-5b88-41ee-8597-11be8aec5aa6/resource/be300299-f9a3-4eac-b558-0c088dd77a64/download/tourism59-68.csv,2026-09-16T11:38:42.038740+00:00,1.0
doi_suthep_pui,ดอยสุเทพ-ปุย,เชียงใหม่,2562,2019,3,,,6609,dnp_tourism,https://catalog.dnp.go.th/dataset/91d66c6a-5b88-41ee-8597-11be8aec5aa6/resource/be300299-f9a3-4eac-b558-0c088dd77a64/download/tourism59-68.csv,2026-09-16T11:38:42.038743+00:00,1.0
doi_suthep_pui,ดอยสุเทพ-ปุย,เชียงใหม่,2562,2019,4,,,11763,dnp_tourism,https://catalog.dnp.go.th/dataset/91d66c6a-5b88-41ee-8597-11be8aec5aa6/resource/be300299-f9a3-4eac-b558-0c088dd77a64/download/tourism59-68.csv,2026-09-16T11:38:42.038745+00:00,1.0
doi_suthep_pui,ดอยสุเทพ-ปุย,เชียงใหม่,2562,2019,5,,,2255,dnp_tourism,https://catalog.dnp.go.th/dataset/91d66c6a-5b88-41ee-8597-11be8aec5aa6/resource/be300299-f9a3-4eac-b558-0c088dd77a64/download/tourism59-68.csv,2026-09-16T11:38:42.038748+00:00,1.0
doi_suthep_pui,ดอยสุเทพ-ปุย,เชียงใหม่,2562,2019,6,,,4142,dnp_tourism,https://catalog.dnp.go.th/dataset/91d66c6a-5b88-41ee-8597-11be8aec5aa6/resource/be300299-f9a3-4eac-b558-0c088dd77a64/download/tourism59-68.csv,2026-09-16T11:38:42.038750+00:00,1.0
doi_suthep_pui,ดอยสุเทพ-ปุย,เชียงใหม่,2562,2019,7,,,7132,dnp_tourism,https://catalog.dnp.go.th/dataset/91d66c6a-5b88-41ee-8597-11be8aec5aa6/resource/be300299-f9a3-4eac-b558-0c088dd77a64/download/tourism59-68.csv,2026-09-16T11:38:42.038752+00:00,1.0
doi_suthep_pui,ดอยสุเทพ-ปุย,เชียงใหม่,2562,2019,8,,,4523,dnp_tourism,https://catalog.dnp.go.th/dataset/91d66c6a-5b88-41ee-8597-11be8aec5aa6/resource/be300299-f9a3-4eac-b558-0c088dd77a64/download/tourism59-68.csv,2026-09-16T11:38:42.038755+00:00,1.0
doi_suthep_pui,ดอยสุเทพ-ปุย,เชียงใหม่,2562,2019,9,,,4064,dnp_tourism,https://catalog.dnp.go.th/dataset/91d66c6a-5b88-41ee-8597-11be8aec5aa6/resource/be300299-f9a3-4eac-b558-0c088dd77a64/download/tourism59-68.csv,2026-09-16T11:38:42.038759+00:00,1.0
ob_luang,ออบหลวง,เชียงใหม่,2562,2018,10,,,20510,dnp_tourism,https://catalog.dnp.go.th/dataset/91d66c6a-5b88-41ee-8597-11be8aec5aa6/resource/be300299-f9a3-4eac-b558-0c088dd77a64/download/tourism59-68.csv,2026-09-16T11:38:42.038768+00:00,1.0
ob_luang,ออบหลวง,เชียงใหม่,2562,2018,11,,,24941,dnp_tourism,https://catalog.dnp.go.th/dataset/91d66c6a-5b88-41ee-8597-11be8aec5aa6/resource/be300299-f9a3-4eac-b558-0c088dd77a64/download/tourism59-68.csv,2026-09-16T11:38:42.038770+00:00,1.0
ob_luang,ออบหลวง,เชียงใหม่,2562,2018,12,,,26469,dnp_tourism,https://catalog.dnp.go.th/dataset/91d66c6a-5b88-41ee-8597-11be8aec5aa6/resource/be300299-f9a3-4eac-b558-0c088dd77a64/download/tourism59-68.csv,2026-09-16T11:38:42.038773+00:00,1.0
ob_luang,ออบหลวง,เชียงใหม่,2562,2019,1,,,41027,dnp_tourism,https://catalog.dnp.go.th/dataset/91d66c6a-5b88-41ee-8597-11be8aec5aa6/resource/be300299-f9a3-4eac-b558-0c088dd77a64/download/tourism59-68.csv,2026-09-16T11:38:42.038775+00:00,1.0
ob_luang,ออบหลวง,เชียงใหม่,2562,2019,2,,,32666,dnp_tourism,https://catalog.dnp.go.th/dataset/91d66c6a-5b88-41ee-8597-11be8aec5aa6/resource/be300299-f9a3-4eac-b558-0c088dd77a64/download/tourism59-68.csv,2026-09-16T11:38:42.038778+00:00,1.0
ob_luang,ออบหลวง,เชียงใหม่,2562,2019,3,,,33477,dnp_tourism,https://catalog.dnp.go.th/dataset/91d66c6a-5b88-41ee-8597-11be8aec5aa6/resource/be300299-f9a3-4eac-b558-0c088dd77a64/download/tourism59-68.csv,2026-09-16T11:38:42.038780+00:00,1.0
ob_luang,ออบหลวง,เชียงใหม่,2562,2019,4,,,41753,dnp_tourism,https://catalog.dnp.go.th/dataset/91d66c6a-5b88-41ee-8597-11be8aec5aa6/resource/be300299-f9a3-4eac-b558-0c088dd77a64/download/tourism59-68.csv,2026-09-16T11:38:42.038783+00:00,1.0
ob_luang,ออบหลวง,เชียงใหม่,2562,2019,5,,,28131,dnp_tourism,https://catalog.dnp.go.th/dataset/91d66c6a-5b88-41ee-8597-11be8aec5aa6/resource/be300299-f9a3-4eac-b558-0c088dd77a64/download/tourism59-68.csv,2026-09-16T11:38:42.038785+00:00,1.0
ob_luang,ออบหลวง,เชียงใหม่,2562,2019,6,,,20306,dnp_tourism,https://catalog.dnp.go.th/dataset/91d66c6a-5b88-41ee-8597-11be8aec5aa6/resource/be300299-f9a3-4eac-b558-0c088dd77a64/download/tourism59-68.csv,2026-09-16T11:38:42.038787+00:00,1.0
ob_luang,ออบหลวง,เชียงใหม่,2562,2019,7,,,26672,dnp_tourism,https://catalog.dnp.go.th/dataset/91d66c6a-5b88-41ee-8597-11be8aec5aa6/resource/be300299-f9a3-4eac-b558-0c088dd77a64/download/tourism59-68.csv,2026-09-16T11:38:42.038790+00:00,1.0
ob_luang,ออบหลวง,เชียงใหม่,2562,2019,8,,,17062,dnp_tourism,https://catalog.dnp.go.th/dataset/91d66c6a-5b88-41ee-8597-11be8aec5aa6/resource/be300299-f9a3-4eac-b558-0c088dd77a64/download/tourism59-68.csv,2026-09-16T11:38:42.038792+00:00,1.0
ob_luang,ออบหลวง,เชียงใหม่,2562,2019,9,,,15645,dnp_tourism,https://catalog.dnp.go.th/dataset/91d66c6a-5b88-41ee-8597-11be8aec5aa6/resource/be300299-f9a3-4eac-b558-0c088dd77a64/download/tourism59-68.csv,2026-09-16T11:38:42.038795+00:00,1.0
sri_lanna,ศรีลานนา,เชียงใหม่,2562,2018,10,,,3995,dnp_tourism,https://catalog.dnp.go.th/dataset/91d66c6a-5b88-41ee-8597-11be8aec5aa6/resource/be300299-f9a3-4eac-b558-0c088dd77a64/download/tourism59-68.csv,2026-09-16T11:38:42.038803+00:00,1.0
sri_lanna,ศรีลานนา,เชียงใหม่,2562,2018,11,,,4519,dnp_tourism,https://catalog.dnp.go.th/dataset/91d66c6a-5b88-41ee-8597-11be8aec5aa6/resource/be300299-f9a3-4eac-b558-0c088dd77a64/download/tourism59-68.csv,2026-09-16T11:38:42.038806+00:00,1.0
sri_lanna,ศรีลานนา,เชียงใหม่,2562,2018,12,,,11763,dnp_tourism,https://catalog.dnp.go.th/dataset/91d66c6a-5b88-41ee-8597-11be8aec5aa6/resource/be300299-f9a3-4eac-b558-0c088dd77a64/download/tourism59-68.csv,2026-09-16T11:38:42.038808+00:00,1.0
sri_lanna,ศรีลานนา,เชียงใหม่,2562,2019,1,,,6845,dnp_tourism,https://catalog.dnp.go.th/dataset/91d66c6a-5b88-41ee-8597-11be8aec5aa6/resource/be300299-f9a3-4eac-b558-0c088dd77a64/download/tourism59-68.csv,2026-09-16T11:38:42.038811+00:00,1.0
sri_lanna,ศรีลานนา,เชียงใหม่,2562,2019,2,,,3561,dnp_tourism,https://catalog.dnp.go.th/dataset/91d66c6a-5b88-41ee-8597-11be8aec5aa6/resource/be300299-f9a3-4eac-b558-0c088dd77a64/download/tourism59-68.csv,2026-09-16T11:38:42.038813+00:00,1.0
sri_lanna,ศรีลานนา,เชียงใหม่,2562,2019,3,,,1862,dnp_tourism,https://catalog.dnp.go.th/dataset/91d66c6a-5b88-41ee-8597-11be8aec5aa6/resource/be300299-f9a3-4eac-b558-0c088dd77a64/download/tourism59-68.csv,2026-09-16T11:38:42.038816+00:00,1.0
sri_lanna,ศรีลานนา,เชียงใหม่,2562,2019,4,,,2439,dnp_tourism,https://catalog.dnp.go.th/dataset/91d66c6a-5b88-41ee-8597-11be8aec5aa6/resource/be300299-f9a3-4eac-b558-0c088dd77a64/download/tourism59-68.csv,2026-09-16T11:38:42.038818+00:00,1.0
sri_lanna,ศรีลานนา,เชียงใหม่,2562,2019,5,,,1332,dnp_tourism,https://catalog.dnp.go.th/dataset/91d66c6a-5b88-41ee-8597-11be8aec5aa6/resource/be300299-f9a3-4eac-b558-0c088dd77a64/download/tourism59-68.csv,2026-09-16T11:38:42.038821+00:00,1.0
sri_lanna,ศรีลานนา,เชียงใหม่,2562,2019,6,,,1142,dnp_tourism,https://catalog.dnp.go.th/dataset/91d66c6a-5b88-41ee-8597-11be8aec5aa6/resource/be300299-f9a3-4eac-b558-0c088dd77a64/download/tourism59-68.csv,2026-09-16T11:38:42.038823+00:00,1.0
sri_lanna,ศรีลานนา,เชียงใหม่,2562,2019,7,,,2081,dnp_tourism,https://catalog.dnp.go.th/dataset/91d66c6a-5b88-41ee-8597-11be8aec5aa6/resource/be300299-f9a3-4eac-b558-0c088dd77a64/download/tourism59-68.csv,2026-09-16T11:38:42.038825+00:00,1.0
sri_lanna,ศรีลานนา,เชียงใหม่,2562,2019,8,,,1737,dnp_tourism,https://catalog.dnp.go.th/dataset/91d66c6a-5b88-41ee-8597-11be8aec5aa6/resource/be300299-f9a3-4eac-b558-0c088dd77a64/download/tourism59-68.csv,2026-09-16T11:38:42.038828+00:00,1.0
sri_lanna,ศรีลานนา,เชียงใหม่,2562,2019,9,,,1432,dnp_tourism,https://catalog.dnp.go.th/dataset/91d66c6a-5b88-41ee-8597-11be8aec5aa6/resource/be300299-f9a3-4eac-b558-0c088dd77a64/download/tourism59-68.csv,2026-09-16T11:38:42.038830+00:00,1.0
mae_takhrai,แม่ตะไคร้,เชียงใหม่,2562,2018,10,,,0,dnp_tourism,https://catalog.dnp.go.th/dataset/91d66c6a-5b88-41ee-8597-11be8aec5aa6/resource/be300299-f9a3-4eac-b558-0c088dd77a64/download/tourism59-68.csv,2026-09-16T11:38:42.038855+00:00,1.0
mae_takhrai,แม่ตะไคร้,เชียงใหม่,2562,2018,11,,,6,dnp_tourism,https://catalog.dnp.go.th/dataset/91d66c6a-5b88-41ee-8597-11be8aec5aa6/resource/be300299-f9a3-4eac-b558-0c088dd77a64/download/tourism59-68.csv,2026-09-16T11:38:42.038857+00:00,1.0
mae_takhrai,แม่ตะไคร้,เชียงใหม่,2562,2018,12,,,434,dnp_tourism,https://catalog.dnp.go.th/dataset/91d66c6a-5b88-41ee-8597-11be8aec5aa6/resource/be300299-f9a3-4eac-b558-0c088dd77a64/download/tourism59-68.csv,2026-09-16T11:38:42.038860+00:00,1.0
mae_takhrai,แม่ตะไคร้,เชียงใหม่,2562,2019,1,,,227,dnp_tourism,https://catalog.dnp.go.th/dataset/91d66c6a-5b88-41ee-8597-11be8aec5aa6/resource/be300299-f9a3-4eac-b558-0c088dd77a64/download/tourism59-68.csv,2026-09-16T11:38:42.038862+00:00,1.0
mae_takhrai,แม่ตะไคร้,เชียงใหม่,2562,2019,2,,,224,dnp_tourism,https://catalog.dnp.go.th/dataset/91d66c6a-5b88-41ee-8597-11be8aec5aa6/resource/be300299-f9a3-4eac-b558-0c088dd77a64/download/tourism59-68.csv,2026-09-16T11:38:42.038865+00:00,1.0
mae_takhrai,แม่ตะไคร้,เชียงใหม่,2562,2019,3,,,43,dnp_tourism,https://catalog.dnp.go.th/dataset/91d66c6a-5b88-41ee-8597-11be8aec5aa6/resource/be300299-f9a3-4eac-b558-0c088dd77a64/download/tourism59-68.csv,2026-09-16T11:38:42.038867+00:00,1.0
mae_takhrai,แม่ตะไคร้,เชียงใหม่,2562,2019,4,,,393,dnp_tourism,https://catalog.dnp.go.th/dataset/91d66c6a-5b88-41ee-8597-11be8aec5aa6/resource/be300299-f9a3-4eac-b558-0c088dd77a64/download/tourism59-68.csv,2026-09-16T11:38:42.038870+00:00,1.0
mae_takhrai,แม่ตะไคร้,เชียงใหม่,2562,2019,5,,,0,dnp_tourism,https://catalog.dnp.go.th/dataset/91d66c6a-5b88-41ee-8597-11be8aec5aa6/resource/be300299-f9a3-4eac-b558-0c088dd77a64/download/tourism59-68.csv,2026-09-16T11:38:42.038872+00:00,1.0
mae_takhrai,แม่ตะไคร้,เชียงใหม่,2562,2019,6,,,0,dnp_tourism,https://catalog.dnp.go.th/dataset/91d66c6a-5b88-41ee-8597-11be8aec5aa6/resource/be300299-f9a3-4eac-b558-0c088dd77a64/download/tourism59-68.csv,2026-09-16T11:38:42.038875+00:00,1.0
mae_takhrai,แม่ตะไคร้,เชียงใหม่,2562,2019,7,,,0,dnp_tourism,https://catalog.dnp.go.th/dataset/91d66c6a-5b88-41ee-8597-11be8aec5aa6/resource/be300299-f9a3-4eac-b558-0c088dd77a64/download/tourism59-68.csv,2026-09-16T11:38:42.038877+00:00,1.0
mae_takhrai,แม่ตะไคร้,เชียงใหม่,2562,2019,8,,,0,dnp_tourism,https://catalog.dnp.go.th/dataset/91d66c6a-5b88-41ee-8597-11be8aec5aa6/resource/be300299-f9a3-4eac-b558-0c088dd77a64/download/tourism59-68.csv,2026-09-16T11:38:42.038880+00:00,1.0
mae_takhrai,แม่ตะไคร้,เชียงใหม่,2562,2019,9,,,0,dnp_tourism,https://catalog.dnp.go.th/dataset/91d66c6a-5b88-41ee-8597-11be8aec5aa6/resource/be300299-f9a3-4eac-b558-0c088dd77a64/download/tourism59-68.csv,2026-09-16T11:38:42.038882+00:00,1.0
khun_khan,ขุนขาน,เชียงใหม่,2562,2018,10,,,4093,dnp_tourism,https://catalog.dnp.go.th/dataset/91d66c6a-5b88-41ee-8597-11be8aec5aa6/resource/be300299-f9a3-4eac-b558-0c088dd77a64/download/tourism59-68.csv,2026-09-16T11:38:42.038890+00:00,1.0
khun_khan,ขุนขาน,เชียงใหม่,2562,2018,11,,,4463,dnp_tourism,https://catalog.dnp.go.th/dataset/91d66c6a-5b88-41ee-8597-11be8aec5aa6/resource/be300299-f9a3-4eac-b558-0c088dd77a64/download/tourism59-68.csv,2026-09-16T11:38:42.038893+00:00,1.0
khun_khan,ขุนขาน,เชียงใหม่,2562,2018,12,,,1986,dnp_tourism,https://catalog.dnp.go.th/dataset/91d66c6a-5b88-41ee-8597-11be8aec5aa6/resource/be300299-f9a3-4eac-b558-0c088dd77a64/download/tourism59-68.csv,2026-09-16T11:38:42.038896+00:00,1.0
khun_khan,ขุนขาน,เชียงใหม่,2562,2019,1,,,844,dnp_tourism,https://catalog.dnp.go.th/dataset/91d66c6a-5b88-41ee-8597-11be8aec5aa6/resource/be300299-f9a3-4eac-b558-0c088dd77a64/download/tourism59-68.csv,2026-09-16T11:38:42.038900+00:00,1.0
khun_khan,ขุนขาน,เชียงใหม่,2562,2019,2,,,649,dnp_tourism,https://catalog.dnp.go.th/dataset/91d66c6a-5b88-41ee-8597-11be8aec5aa6/resource/be300299-f9a3-4eac-b558-0c088dd77a64/download/tourism59-68.csv,2026-09-16T11:38:42.038902+00:00,1.0
khun_khan,ขุนขาน,เชียงใหม่,2562,2019,3,,,264,dnp_tourism,https://catalog.dnp.go.th/dataset/91d66c6a-5b88-41ee-8597-11be8aec5aa6/resource/be300299-f9a3-4eac-b558-0c088dd77a64/download/tourism59-68.csv,2026-09-16T11:38:42.038905+00:00,1.0
khun_khan,ขุนขาน,เชียงใหม่,2562,2019,4,,,6588,dnp_tourism,https://catalog.dnp.go.th/dataset/91d66c6a-5b88-41ee-8597-11be8aec5aa6/resource/be300299-f9a3-4eac-b558-0c088dd77a64/download/tourism59-68.csv,2026-09-16T11:38:42.038908+00:00,1.0
khun_khan,ขุนขาน,เชียงใหม่,2562,2019,5,,,1474,dnp_tourism,https://catalog.dnp.go.th/dataset/91d66c6a-5b88-41ee-8597-11be8aec5aa6/resource/be300299-f9a3-4eac-b558-0c088dd77a64/download/tourism59-68.csv,2026-09-16T11:38:42.038910+00:00,1.0
khun_khan,ขุนขาน,เชียงใหม่,2562,2019,6,,,1494,dnp_tourism,https://catalog.dnp.go.th/dataset/91d66c6a-5b88-41ee-8597-11be8aec5aa6/resource/be300299-f9a3-4eac-b558-0c088dd77a64/download/tourism59-68.csv,2026-09-16T11:38:42.038912+00:00,1.0
khun_khan,ขุนขาน,เชียงใหม่,2562,2019,7,,,1580,dnp_tourism,https://catalog.dnp.go.th/dataset/91d66c6a-5b88-41ee-8597-11be8aec5aa6/resource/be300299-f9a3-4eac-b558-0c088dd77a64/download/tourism59-68.csv,2026-09-16T11:38:42.038915+00:00,1.0
khun_khan,ขุนขาน,เชียงใหม่,2562,2019,8,,,1349,dnp_tourism,https://catalog.dnp.go.th/dataset/91d66c6a-5b88-41ee-8597-11be8aec5aa6/resource/be300299-f9a3-4eac-b558-0c088dd77a64/download/tourism59-68.csv,2026-09-16T11:38:42.038917+00:00,1.0
khun_khan,ขุนขาน,เชียงใหม่,2562,2019,9,,,1778,dnp_tourism,https://catalog.dnp.go.th/dataset/91d66c6a-5b88-41ee-8597-11be8aec5aa6/resource/be300299-f9a3-4eac-b558-0c088dd77a64/download/tourism59-68.csv,2026-09-16T11:38:42.038920+00:00,1.0
mae_wang,แม่วาง,เชียงใหม่,2562,2018,10,,,59,dnp_tourism,https://catalog.dnp.go.th/dataset/91d66c6a-5b88-41ee-8597-11be8aec5aa6/resource/be300299-f9a3-4eac-b558-0c088dd77a64/download/tourism59-68.csv,2026-09-16T11:38:42.038928+00:00,1.0
mae_wang,แม่วาง,เชียงใหม่,2562,2018,11,,,22,dnp_tourism,https://catalog.dnp.go.th/dataset/91d66c6a-5b88-41ee-8597-11be8aec5aa6/resource/be300299-f9a3-4eac-b558-0c088dd77a64/download/tourism59-68.csv,2026-09-16T11:38:42.038931+00:00,1.0
mae_wang,แม่วาง,เชียงใหม่,2562,2018,12,,,192,dnp_tourism,https://catalog.dnp.go.th/dataset/91d66c6a-5b88-41ee-8597-11be8aec5aa6/resource/be300299-f9a3-4eac-b558-0c088dd77a64/download/tourism59-68.csv,2026-09-16T11:38:42.038933+00:00,1.0
mae_wang,แม่วาง,เชียงใหม่,2562,2019,1,,,135,dnp_tourism,https://catalog.dnp.go.th/dataset/91d66c6a-5b88-41ee-8597-11be8aec5aa6/resource/be300299-f9a3-4eac-b558-0c088dd77a64/download/tourism59-68.csv,2026-09-16T11:38:42.038936+00:00,1.0
mae_wang,แม่วาง,เชียงใหม่,2562,2019,2,,,22,dnp_tourism,https://catalog.dnp.go.th/dataset/91d66c6a-5b88-41ee-8597-11be8aec5aa6/resource/be300299-f9a3-4eac-b558-0c088dd77a64/download/tourism59-68.csv,2026-09-16T11:38:42.038938+00:00,1.0
mae_wang,แม่วาง,เชียงใหม่,2562,2019,3,,,9,dnp_tourism,https://catalog.dnp.go.th/dataset/91d66c6a-5b88-41ee-8597-11be8aec5aa6/resource/be300299-f9a3-4eac-b558-0c088dd77a64/download/tourism59-68.csv,2026-09-16T11:38:42.038941+00:00,1.0
mae_wang,แม่วาง,เชียงใหม่,2562,2019,4,,,49,dnp_tourism,https://catalog.dnp.go.th/dataset/91d66c6a-5b88-41ee-8597-11be8aec5aa6/resource/be300299-f9a3-4eac-b558-0c088dd77a64/download/tourism59-68.csv,2026-09-16T11:38:42.038943+00:00,1.0
mae_wang,แม่วาง,เชียงใหม่,2562,2019,5,,,21,dnp_tourism,https://catalog.dnp.go.th/dataset/91d66c6a-5b88-41ee-8597-11be8aec5aa6/resource/be300299-f9a3-4eac-b558-0c088dd77a64/download/tourism59-68.csv,2026-09-16T11:38:42.038946+00:00,1.0
mae_wang,แม่วาง,เชียงใหม่,2562,2019,6,,,19,dnp_tourism,https://catalog.dnp.go.th/dataset/91d66c6a-5b88-41ee-8597-11be8aec5aa6/resource/be300299-f9a3-4eac-b558-0c088dd77a64/download/tourism59-68.csv,2026-09-16T11:38:42.038948+00:00,1.0
mae_wang,แม่วาง,เชียงใหม่,2562,2019,7,,,21,dnp_tourism,https://catalog.dnp.go.th/dataset/91d66c6a-5b88-41ee-8597-11be8aec5aa6/resource/be300299-f9a3-4eac-b558-0c088dd77a64/download/tourism59-68.csv,2026-09-16T11:38:42.038962+00:00,1.0
mae_wang,แม่วาง,เชียงใหม่,2562,2019,8,,,28,dnp_tourism,https://catalog.dnp.go.th/dataset/91d66c6a-5b88-41ee-8597-11be8aec5aa6/resource/be300299-f9a3-4eac-b558-0c088dd77a64/download/tourism59-68.csv,2026-09-16T11:38:42.038965+00:00,1.0
mae_wang,แม่วาง,เชียงใหม่,2562,2019,9,,,10,dnp_tourism,https://catalog.dnp.go.th/dataset/91d66c6a-5b88-41ee-8597-11be8aec5aa6/resource/be300299-f9a3-4eac-b558-0c088dd77a64/download/tourism59-68.csv,2026-09-16T11:38:42.038968+00:00,1.0
doi_inthanon,ดอยอินทนนท์,เชียงใหม่,2563,2019,10,,,97109,dnp_tourism,https://catalog.dnp.go.th/dataset/91d66c6a-5b88-41ee-8597-11be8aec5aa6/resource/be300299-f9a3-4eac-b558-0c088dd77a64/download/tourism59-68.csv,2026-09-16T11:38:42.039546+00:00,1.0
doi_inthanon,ดอยอินทนนท์,เชียงใหม่,2563,2019,11,,,112628,dnp_tourism,https://catalog.dnp.go.th/dataset/91d66c6a-5b88-41ee-8597-11be8aec5aa6/resource/be300299-f9a3-4eac-b558-0c088dd77a64/download/tourism59-68.csv,2026-09-16T11:38:42.039549+00:00,1.0
doi_inthanon,ดอยอินทนนท์,เชียงใหม่,2563,2019,12,,,239851,dnp_tourism,https://catalog.dnp.go.th/dataset/91d66c6a-5b88-41ee-8597-11be8aec5aa6/resource/be300299-f9a3-4eac-b558-0c088dd77a64/download/tourism59-68.csv,2026-09-16T11:38:42.039552+00:00,1.0
doi_inthanon,ดอยอินทนนท์,เชียงใหม่,2563,2020,1,,,148352,dnp_tourism,https://catalog.dnp.go.th/dataset/91d66c6a-5b88-41ee-8597-11be8aec5aa6/resource/be300299-f9a3-4eac-b558-0c088dd77a64/download/tourism59-68.csv,2026-09-16T11:38:42.039555+00:00,1.0
doi_inthanon,ดอยอินทนนท์,เชียงใหม่,2563,2020,2,,,67171,dnp_tourism,https://catalog.dnp.go.th/dataset/91d66c6a-5b88-41ee-8597-11be8aec5aa6/resource/be300299-f9a3-4eac-b558-0c088dd77a64/download/tourism59-68.csv,2026-09-16T11:38:42.039557+00:00,1.0
doi_inthanon,ดอยอินทนนท์,เชียงใหม่,2563,2020,3,,,16260,dnp_tourism,https://catalog.dnp.go.th/dataset/91d66c6a-5b88-41ee-8597-11be8aec5aa6/resource/be300299-f9a3-4eac-b558-0c088dd77a64/download/tourism59-68.csv,2026-09-16T11:38:42.039560+00:00,1.0
doi_inthanon,ดอยอินทนนท์,เชียงใหม่,2563,2020,4,,,0,dnp_tourism,https://catalog.dnp.go.th/dataset/91d66c6a-5b88-41ee-8597-11be8aec5aa6/resource/be300299-f9a3-4eac-b558-0c088dd77a64/download/tourism59-68.csv,2026-09-16T11:38:42.039563+00:00,1.0
doi_inthanon,ดอยอินทนนท์,เชียงใหม่,2563,2020,5,,,0,dnp_tourism,https://catalog.dnp.go.th/dataset/91d66c6a-5b88-41ee-8597-11be8aec5aa6/resource/be300299-f9a3-4eac-b558-0c088dd77a64/download/tourism59-68.csv,2026-09-16T11:38:42.039565+00:00,1.0
doi_inthanon,ดอยอินทนนท์,เชียงใหม่,2563,2020,6,,,2,dnp_tourism,https://catalog.dnp.go.th/dataset/91d66c6a-5b88-41ee-8597-11be8aec5aa6/resource/be300299-f9a3-4eac-b558-0c088dd77a64/download/tourism59-68.csv,2026-09-16T11:38:42.039568+00:00,1.0
doi_inthanon,ดอยอินทนนท์,เชียงใหม่,2563,2020,7,,,0,dnp_tourism,https://catalog.dnp.go.th/dataset/91d66c6a-5b88-41ee-8597-11be8aec5aa6/resource/be300299-f9a3-4eac-b558-0c088dd77a64/download/tourism59-68.csv,2026-09-16T11:38:42.039571+00:00,1.0
doi_inthanon,ดอยอินทนนท์,เชียงใหม่,2563,2020,8,,,21161,dnp_tourism,https://catalog.dnp.go.th/dataset/91d66c6a-5b88-41ee-8597-11be8aec5aa6/resource/be300299-f9a3-4eac-b558-0c088dd77a64/download/tourism59-68.csv,2026-09-16T11:38:42.039573+00:00,1.0
doi_inthanon,ดอยอินทนนท์,เชียงใหม่,2563,2020,9,,,29940,dnp_tourism,https://catalog.dnp.go.th/dataset/91d66c6a-5b88-41ee-8597-11be8aec5aa6/resource/be300299-f9a3-4eac-b558-0c088dd77a64/download/tourism59-68.csv,2026-09-16T11:38:42.039576+00:00,1.0
mae_ping,แม่ปิง,เชียงใหม่,2563,2019,10,,,2233,dnp_tourism,https://catalog.dnp.go.th/dataset/91d66c6a-5b88-41ee-8597-11be8aec5aa6/resource/be300299-f9a3-4eac-b558-0c088dd77a64/download/tourism59-68.csv,2026-09-16T11:38:42.039584+00:00,1.0
mae_ping,แม่ปิง,เชียงใหม่,2563,2019,11,,,2280,dnp_tourism,https://catalog.dnp.go.th/dataset/91d66c6a-5b88-41ee-8597-11be8aec5aa6/resource/be300299-f9a3-4eac-b558-0c088dd77a64/download/tourism59-68.csv,2026-09-16T11:38:42.039587+00:00,1.0
mae_ping,แม่ปิง,เชียงใหม่,2563,2019,12,,,7250,dnp_tourism,https://catalog.dnp.go.th/dataset/91d66c6a-5b88-41ee-8597-11be8aec5aa6/resource/be300299-f9a3-4eac-b558-0c088dd77a64/download/tourism59-68.csv,2026-09-16T11:38:42.039589+00:00,1.0
mae_ping,แม่ปิง,เชียงใหม่,2563,2020,1,,,4761,dnp_tourism,https://catalog.dnp.go.th/dataset/91d66c6a-5b88-41ee-8597-11be8aec5aa6/resource/be300299-f9a3-4eac-b558-0c088dd77a64/download/tourism59-68.csv,2026-09-16T11:38:42.039592+00:00,1.0
mae_ping,แม่ปิง,เชียงใหม่,2563,2020,2,,,2211,dnp_tourism,https://catalog.dnp.go.th/dataset/91d66c6a-5b88-41ee-8597-11be8aec5aa6/resource/be300299-f9a3-4eac-b558-0c088dd77a64/download/tourism59-68.csv,2026-09-16T11:38:42.039594+00:00,1.0
mae_ping,แม่ปิง,เชียงใหม่,2563,2020,3,,,1015,dnp_tourism,https://catalog.dnp.go.th/dataset/91d66c6a-5b88-41ee-8597-11be8aec5aa6/resource/be300299-f9a3-4eac-b558-0c088dd77a64/download/tourism59-68.csv,2026-09-16T11:38:42.039597+00:00,1.0
mae_ping,แม่ปิง,เชียงใหม่,2563,2020,4,,,0,dnp_tourism,https://catalog.dnp.go.th/dataset/91d66c6a-5b88-41ee-8597-11be8aec5aa6/resource/be300299-f9a3-4eac-b558-0c088dd77a64/download/tourism59-68.csv,2026-09-16T11:38:42.039599+00:00,1.0
mae_ping,แม่ปิง,เชียงใหม่,2563,2020,5,,,0,dnp_tourism,https://catalog.dnp.go.th/dataset/91d66c6a-5b88-41ee-8597-11be8aec5aa6/resource/be300299-f9a3-4eac-b558-0c088dd77a64/download/tourism59-68.csv,2026-09-16T11:38:42.039604+00:00,1.0
mae_ping,แม่ปิง,เชียงใหม่,2563,2020,6,,,0,dnp_tourism,https://catalog.dnp.go.th/dataset/91d66c6a-5b88-41ee-8597-11be8aec5aa6/resource/be300299-f9a3-4eac-b558-0c088dd77a64/download/tourism59-68.csv,2026-09-16T11:38:42.039606+00:00,1.0
mae_ping,แม่ปิง,เชียงใหม่,2563,2020,7,,,302,dnp_tourism,https://catalog.dnp.go.th/dataset/91d66c6a-5b88-41ee-8597-11be8aec5aa6/resource/be300299-f9a3-4eac-b558-0c088dd77a64/download/tourism59-68.csv,2026-09-16T11:38:42.039611+00:00,1.0
mae_ping,แม่ปิง,เชียงใหม่,2563,2020,8,,,112,dnp_tourism,https://catalog.dnp.go.th/dataset/91d66c6a-5b88-41ee-8597-11be8aec5aa6/resource/be300299-f9a3-4eac-b558-0c088dd77a64/download/tourism59-68.csv,2026-09-16T11:38:42.039613+00:00,1.0
mae_ping,แม่ปิง,เชียงใหม่,2563,2020,9,,,167,dnp_tourism,https://catalog.dnp.go.th/dataset/91d66c6a-5b88-41ee-8597-11be8aec5aa6/resource/be300299-f9a3-4eac-b558-0c088dd77a64/download/tourism59-68.csv,2026-09-16T11:38:42.039616+00:00,1.0
pha_daeng,ผาแดง,เชียงใหม่,2563,2019,10,,,3189,dnp_tourism,https://catalog.dnp.go.th/dataset/91d66c6a-5b88-41ee-8597-11be8aec5aa6/resource/be300299-f9a3-4eac-b558-0c088dd77a64/download/tourism59-68.csv,2026-09-16T11:38:42.039625+00:00,1.0
pha_daeng,ผาแดง,เชียงใหม่,2563,2019,11,,,2574,dnp_tourism,https://catalog.dnp.go.th/dataset/91d66c6a-5b88-41ee-8597-11be8aec5aa6/resource/be300299-f9a3-4eac-b558-0c088dd77a64/download/tourism59-68.csv,2026-09-16T11:38:42.039627+00:00,1.0
pha_daeng,ผาแดง,เชียงใหม่,2563,2019,12,,,6389,dnp_tourism,https://catalog.dnp.go.th/dataset/91d66c6a-5b88-41ee-8597-11be8aec5aa6/resource/be300299-f9a3-4eac-b558-0c088dd77a64/download/tourism59-68.csv,2026-09-16T11:38:42.039630+00:00,1.0
pha_daeng,ผาแดง,เชียงใหม่,2563,2020,1,,,6901,dnp_tourism,https://catalog.dnp.go.th/dataset/91d66c6a-5b88-41ee-8597-11be8aec5aa6/resource/be300299-f9a3-4eac-b558-0c088dd77a64/download/tourism59-68.csv,2026-09-16T11:38:42.039632+00:00,1.0
pha_daeng,ผาแดง,เชียงใหม่,2563,2020,2,,,4070,dnp_tourism,https://catalog.dnp.go.th/dataset/91d66c6a-5b88-41ee-8597-11be8aec5aa6/resource/be300299-f9a3-4eac-b558-0c088dd77a64/download/tourism59-68.csv,2026-09-16T11:38:42.039635+00:00,1.0
pha_daeng,ผาแดง,เชียงใหม่,2563,2020,3,,,1956,dnp_tourism,https://catalog.dnp.go.th/dataset/91d66c6a-5b88-41ee-8597-11be8aec5aa6/resource/be300299-f9a3-4eac-b558-0c088dd77a64/download/tourism59-68.csv,2026-09-16T11:38:42.039637+00:00,1.0
pha_daeng,ผาแดง,เชียงใหม่,2563,2020,4,,,0,dnp_tourism,https://catalog.dnp.go.th/dataset/91d66c6a-5b88-41ee-8597-11be8aec5aa6/resource/be300299-f9a3-4eac-b558-0c088dd77a64/download/tourism59-68.csv,2026-09-16T11:38:42.039640+00:00,1.0
pha_daeng,ผาแดง,เชียงใหม่,2563,2020,5,,,0,dnp_tourism,https://catalog.dnp.go.th/dataset/91d66c6a-5b88-41ee-8597-11be8aec5aa6/resource/be300299-f9a3-4eac-b558-0c088dd77a64/download/tourism59-68.csv,2026-09-16T11:38:42.039642+00:00,1.0
pha_daeng,ผาแดง,เชียงใหม่,2563,2020,6,,,0,dnp_tourism,https://catalog.dnp.go.th/dataset/91d66c6a-5b88-41ee-8597-11be8aec5aa6/resource/be300299-f9a3-4eac-b558-0c088dd77a64/download/tourism59-68.csv,2026-09-16T11:38:42.039645+00:00,1.0
pha_daeng,ผาแดง,เชียงใหม่,2563,2020,7,,,0,dnp_tourism,https://catalog.dnp.go.th/dataset/91d66c6a-5b88-41ee-8597-11be8aec5aa6/resource/be300299-f9a3-4eac-b558-0c088dd77a64/download/tourism59-68.csv,2026-09-16T11:38:42.039647+00:00,1.0
pha_daeng,ผาแดง,เชียงใหม่,2563,2020,8,,,0,dnp_tourism,https://catalog.dnp.go.th/dataset/91d66c6a-5b88-41ee-8597-11be8aec5aa6/resource/be300299-f9a3-4eac-b558-0c088dd77a64/download/tourism59-68.csv,2026-09-16T11:38:42.039649+00:00,1.0
pha_daeng,ผาแดง,เชียงใหม่,2563,2020,9,,,1544,dnp_tourism,https://catalog.dnp.go.th/dataset/91d66c6a-5b88-41ee-8597-11be8aec5aa6/resource/be300299-f9a3-4eac-b558-0c088dd77a64/download/tourism59-68.csv,2026-09-16T11:38:42.039652+00:00,1.0
doi_pha_hom_pok,ดอยผ้าห่มปก,เชียงใหม่,2563,2019,10,,,7288,dnp_tourism,https://catalog.dnp.go.th/dataset/91d66c6a-5b88-41ee-8597-11be8aec5aa6/resource/be300299-f9a3-4eac-b558-0c088dd77a64/download/tourism59-68.csv,2026-09-16T11:38:42.039660+00:00,1.0
doi_pha_hom_pok,ดอยผ้าห่มปก,เชียงใหม่,2563,2019,11,,,7474,dnp_tourism,https://catalog.dnp.go.th/dataset/91d66c6a-5b88-41ee-8597-11be8aec5aa6/resource/be300299-f9a3-4eac-b558-0c088dd77a64/download/tourism59-68.csv,2026-09-16T11:38:42.039662+00:00,1.0
doi_pha_hom_pok,ดอยผ้าห่มปก,เชียงใหม่,2563,2019,12,,,19548,dnp_tourism,https://catalog.dnp.go.th/dataset/91d66c6a-5b88-41ee-8597-11be8aec5aa6/resource/be300299-f9a3-4eac-b558-0c088dd77a64/download/tourism59-68.csv,2026-09-16T11:38:42.039665+00:00,1.0
doi_pha_hom_pok,ดอยผ้าห่มปก,เชียงใหม่,2563,2020,1,,,18230,dnp_tourism,https://catalog.dnp.go.th/dataset/91d66c6a-5b88-41ee-8597-11be8aec5aa6/resource/be300299-f9a3-4eac-b558-0c088dd77a64/download/tourism59-68.csv,2026-09-16T11:38:42.039668+00:00,1.0
doi_pha_hom_pok,ดอยผ้าห่มปก,เชียงใหม่,2563,2020,2,,,8474,dnp_tourism,https://catalog.dnp.go.th/dataset/91d66c6a-5b88-41ee-8597-11be8aec5aa6/resource/be300299-f9a3-4eac-b558-0c088dd77a64/download/tourism59-68.csv,2026-09-16T11:38:42.039670+00:00,1.0
doi_pha_hom_pok,ดอยผ้าห่มปก,เชียงใหม่,2563,2020,3,,,2543,dnp_tourism,https://catalog.dnp.go.th/dataset/91d66c6a-5b88-41ee-8597-11be8aec5aa6/resource/be300299-f9a3-4eac-b558-0c088dd77a64/download/tourism59-68.csv,2026-09-16T11:38:42.039673+00:00,1.0
doi_pha_hom_pok,ดอยผ้าห่มปก,เชียงใหม่,2563,2020,4,,,0,dnp_tourism,https://catalog.dnp.go.th/dataset/91d66c6a-5b88-41ee-8597-11be8aec5aa6/resource/be300299-f9a3-4eac-b558-0c088dd77a64/download/tourism59-68.csv,2026-09-16T11:38:42.039675+00:00,1.0
doi_pha_hom_pok,ดอยผ้าห่มปก,เชียงใหม่,2563,2020,5,,,0,dnp_tourism,https://catalog.dnp.go.th/dataset/91d66c6a-5b88-41ee-8597-11be8aec5aa6/resource/be300299-f9a3-4eac-b558-0c088dd77a64/download/tourism59-68.csv,2026-09-16T11:38:42.039678+00:00,1.0
doi_pha_hom_pok,ดอยผ้าห่มปก,เชียงใหม่,2563,2020,6,,,0,dnp_tourism,https://catalog.dnp.go.th/dataset/91d66c6a-5b88-41ee-8597-11be8aec5aa6/resource/be300299-f9a3-4eac-b558-0c088dd77a64/download/tourism59-68.csv,2026-09-16T11:38:42.039680+00:00,1.0
doi_pha_hom_pok,ดอยผ้าห่มปก,เชียงใหม่,2563,2020,7,,,5057,dnp_tourism,https://catalog.dnp.go.th/dataset/91d66c6a-5b88-41ee-8597-11be8aec5aa6/resource/be300299-f9a3-4eac-b558-0c088dd77a64/download/tourism59-68.csv,2026-09-16T11:38:42.039683+00:00,1.0
doi_pha_hom_pok,ดอยผ้าห่มปก,เชียงใหม่,2563,2020,8,,,3486,dnp_tourism,https://catalog.dnp.go.th/dataset/91d66c6a-5b88-41ee-8597-11be8aec5aa6/resource/be300299-f9a3-4eac-b558-0c088dd77a64/download/tourism59-68.csv,2026-09-16T11:38:42.039685+00:00,1.0
doi_pha_hom_pok,ดอยผ้าห่มปก,เชียงใหม่,2563,2020,9,,,4316,dnp_tourism,https://catalog.dnp.go.th/dataset/91d66c6a-5b88-41ee-8597-11be8aec5aa6/resource/be300299-f9a3-4eac-b558-0c088dd77a64/download/tourism59-68.csv,2026-09-16T11:38:42.039687+00:00,1.0
huai_nam_dang,ห้วยน้ำดัง,เชียงใหม่,2563,2019,10,,,15268,dnp_tourism,https://catalog.dnp.go.th/dataset/91d66c6a-5b88-41ee-8597-11be8aec5aa6/resource/be300299-f9a3-4eac-b558-0c088dd77a64/download/tourism59-68.csv,2026-09-16T11:38:42.039695+00:00,1.0
huai_nam_dang,ห้วยน้ำดัง,เชียงใหม่,2563,2019,11,,,17643,dnp_tourism,https://catalog.dnp.go.th/dataset/91d66c6a-5b88-41ee-8597-11be8aec5aa6/resource/be300299-f9a3-4eac-b558-0c088dd77a64/download/tourism59-68.csv,2026-09-16T11:38:42.039698+00:00,1.0
huai_nam_dang,ห้วยน้ำดัง,เชียงใหม่,2563,2019,12,,,44638,dnp_tourism,https://catalog.dnp.go.th/dataset/91d66c6a-5b88-41ee-8597-11be8aec5aa6/resource/be300299-f9a3-4eac-b558-0c088dd77a64/download/tourism59-68.csv,2026-09-16T11:38:42.039701+00:00,1.0
huai_nam_dang,ห้วยน้ำดัง,เชียงใหม่,2563,2020,1,,,27120,dnp_tourism,https://catalog.dnp.go.th/dataset/91d66c6a-5b88-41ee-8597-11be8aec5aa6/resource/be300299-f9a3-4eac-b558-0c088dd77a64/download/tourism59-68.csv,2026-09-16T11:38:42.039703+00:00,1.0
huai_nam_dang,ห้วยน้ำดัง,เชียงใหม่,2563,2020,2,,,11192,dnp_tourism,https://catalog.dnp.go.th/dataset/91d66c6a-5b88-41ee-8597-11be8aec5aa6/resource/be300299-f9a3-4eac-b558-0c088dd77a64/download/tourism59-68.csv,2026-09-16T11:38:42.039706+00:00,1.0
huai_nam_dang,ห้วยน้ำดัง,เชียงใหม่,2563,2020,3,,,3445,dnp_tourism,https://catalog.dnp.go.th/dataset/91d66c6a-5b88-41ee-8597-11be8aec5aa6/resource/be300299-f9a3-4eac-b558-0c088dd77a64/download/tourism59-68.csv,2026-09-16T11:38:42.039708+00:00,1.0
huai_nam_dang,ห้วยน้ำดัง,เชียงใหม่,2563,2020,4,,,0,dnp_tourism,https://catalog.dnp.go.th/dataset/91d66c6a-5b88-41ee-8597-11be8aec5aa6/resource/be300299-f9a3-4eac-b558-0c088dd77a64/download/tourism59-68.csv,2026-09-16T11:38:42.039711+00:00,1.0
huai_nam_dang,ห้วยน้ำดัง,เชียงใหม่,2563,2020,5,,,0,dnp_tourism,https://catalog.dnp.go.th/dataset/91d66c6a-5b88-41ee-8597-11be8aec5aa6/resource/be300299-f9a3-4eac-b558-0c088dd77a64/download/tourism59-68.csv,2026-09-16T11:38:42.039713+00:00,1.0
huai_nam_dang,ห้วยน้ำดัง,เชียงใหม่,2563,2020,6,,,0,dnp_tourism,https://catalog.dnp.go.th/dataset/91d66c6a-5b88-41ee-8597-11be8aec5aa6/resource/be300299-f9a3-4eac-b558-0c088dd77a64/download/tourism59-68.csv,2026-09-16T11:38:42.039716+00:00,1.0
huai_nam_dang,ห้วยน้ำดัง,เชียงใหม่,2563,2020,7,,,1966,dnp_tourism,https://catalog.dnp.go.th/dataset/91d66c6a-5b88-41ee-8597-11be8aec5aa6/resource/be300299-f9a3-4eac-b558-0c088dd77a64/download/tourism59-68.csv,2026-09-16T11:38:42.039718+00:00,1.0
huai_nam_dang,ห้วยน้ำดัง,เชียงใหม่,2563,2020,8,,,2107,dnp_tourism,https://catalog.dnp.go.th/dataset/91d66c6a-5b88-41ee-8597-11be8aec5aa6/resource/be300299-f9a3-4eac-b558-0c088dd77a64/download/tourism59-68.csv,2026-09-16T11:38:42.039720+00:00,1.0
huai_nam_dang,ห้วยน้ำดัง,เชียงใหม่,2563,2020,9,,,4008,dnp_tourism,https://catalog.dnp.go.th/dataset/91d66c6a-5b88-41ee-8597-11be8aec5aa6/resource/be300299-f9a3-4eac-b558-0c088dd77a64/download/tourism59-68.csv,2026-09-16T11:38:42.039725+00:00,1.0
doi_suthep_pui,ดอยสุเทพ-ปุย,เชียงใหม่,2563,2019,10,,,31244,dnp_tourism,https://catalog.dnp.go.th/dataset/91d66c6a-5b88-41ee-8597-11be8aec5aa6/resource/be300299-f9a3-4eac-b558-0c088dd77a64/download/tourism59-68.csv,2026-09-16T11:38:42.039734+00:00,1.0
doi_suthep_pui,ดอยสุเทพ-ปุย,เชียงใหม่,2563,2019,11,,,30544,dnp_tourism,https://catalog.dnp.go.th/dataset/91d66c6a-5b88-41ee-8597-11be8aec5aa6/resource/be300299-f9a3-4eac-b558-0c088dd77a64/download/tourism59-68.csv,2026-09-16T11:38:42.039736+00:00,1.0
doi_suthep_pui,ดอยสุเทพ-ปุย,เชียงใหม่,2563,2019,12,,,37980,dnp_tourism,https://catalog.dnp.go.th/dataset/91d66c6a-5b88-41ee-8597-11be8aec5aa6/resource/be300299-f9a3-4eac-b558-0c088dd77a64/download/tourism59-68.csv,2026-09-16T11:38:42.039739+00:00,1.0
doi_suthep_pui,ดอยสุเทพ-ปุย,เชียงใหม่,2563,2020,1,,,32196,dnp_tourism,https://catalog.dnp.go.th/dataset/91d66c6a-5b88-41ee-8597-11be8aec5aa6/resource/be300299-f9a3-4eac-b558-0c088dd77a64/download/tourism59-68.csv,2026-09-16T11:38:42.039741+00:00,1.0
doi_suthep_pui,ดอยสุเทพ-ปุย,เชียงใหม่,2563,2020,2,,,23629,dnp_tourism,https://catalog.dnp.go.th/dataset/91d66c6a-5b88-41ee-8597-11be8aec5aa6/resource/be300299-f9a3-4eac-b558-0c088dd77a64/download/tourism59-68.csv,2026-09-16T11:38:42.039744+00:00,1.0
doi_suthep_pui,ดอยสุเทพ-ปุย,เชียงใหม่,2563,2020,3,,,13312,dnp_tourism,https://catalog.dnp.go.th/dataset/91d66c6a-5b88-41ee-8597-11be8aec5aa6/resource/be300299-f9a3-4eac-b558-0c088dd77a64/download/tourism59-68.csv,2026-09-16T11:38:42.039746+00:00,1.0
doi_suthep_pui,ดอยสุเทพ-ปุย,เชียงใหม่,2563,2020,4,,,0,dnp_tourism,https://catalog.dnp.go.th/dataset/91d66c6a-5b88-41ee-8597-11be8aec5aa6/resource/be300299-f9a3-4eac-b558-0c088dd77a64/download/tourism59-68.csv,2026-09-16T11:38:42.039748+00:00,1.0
doi_suthep_pui,ดอยสุเทพ-ปุย,เชียงใหม่,2563,2020,5,,,0,dnp_tourism,https://catalog.dnp.go.th/dataset/91d66c6a-5b88-41ee-8597-11be8aec5aa6/resource/be300299-f9a3-4eac-b558-0c088dd77a64/download/tourism59-68.csv,2026-09-16T11:38:42.039751+00:00,1.0
doi_suthep_pui,ดอยสุเทพ-ปุย,เชียงใหม่,2563,2020,6,,,0,dnp_tourism,https://catalog.dnp.go.th/dataset/91d66c6a-5b88-41ee-8597-11be8aec5aa6/resource/be300299-f9a3-4eac-b558-0c088dd77a64/download/tourism59-68.csv,2026-09-16T11:38:42.039753+00:00,1.0
doi_suthep_pui,ดอยสุเทพ-ปุย,เชียงใหม่,2563,2020,7,,,12294,dnp_tourism,https://catalog.dnp.go.th/dataset/91d66c6a-5b88-41ee-8597-11be8aec5aa6/resource/be300299-f9a3-4eac-b558-0c088dd77a64/download/tourism59-68.csv,2026-09-16T11:38:42.039756+00:00,1.0
doi_suthep_pui,ดอยสุเทพ-ปุย,เชียงใหม่,2563,2020,8,,,7222,dnp_tourism,https://catalog.dnp.go.th/dataset/91d66c6a-5b88-41ee-8597-11be8aec5aa6/resource/be300299-f9a3-4eac-b558-0c088dd77a64/download/tourism59-68.csv,2026-09-16T11:38:42.039758+00:00,1.0
doi_suthep_pui,ดอยสุเทพ-ปุย,เชียงใหม่,2563,2020,9,,,8511,dnp_tourism,https://catalog.dnp.go.th/dataset/91d66c6a-5b88-41ee-8597-11be8aec5aa6/resource/be300299-f9a3-4eac-b558-0c088dd77a64/download/tourism59-68.csv,2026-09-16T11:38:42.039760+00:00,1.0
ob_luang,ออบหลวง,เชียงใหม่,2563,2019,10,,,4965,dnp_tourism,https://catalog.dnp.go.th/dataset/91d66c6a-5b88-41ee-8597-11be8aec5aa6/resource/be300299-f9a3-4eac-b558-0c088dd77a64/download/tourism59-68.csv,2026-09-16T11:38:42.039769+00:00,1.0
ob_luang,ออบหลวง,เชียงใหม่,2563,2019,11,,,6055,dnp_tourism,https://catalog.dnp.go.th/dataset/91d66c6a-5b88-41ee-8597-11be8aec5aa6/resource/be300299-f9a3-4eac-b558-0c088dd77a64/download/tourism59-68.csv,2026-09-16T11:38:42.039771+00:00,1.0
ob_luang,ออบหลวง,เชียงใหม่,2563,2019,12,,,11981,dnp_tourism,https://catalog.dnp.go.th/dataset/91d66c6a-5b88-41ee-8597-11be8aec5aa6/resource/be300299-f9a3-4eac-b558-0c088dd77a64/download/tourism59-68.csv,2026-09-16T11:38:42.039774+00:00,1.0
ob_luang,ออบหลวง,เชียงใหม่,2563,2020,1,,,6517,dnp_tourism,https://catalog.dnp.go.th/dataset/91d66c6a-5b88-41ee-8597-11be8aec5aa6/resource/be300299-f9a3-4eac-b558-0c088dd77a64/download/tourism59-68.csv,2026-09-16T11:38:42.039776+00:00,1.0
ob_luang,ออบหลวง,เชียงใหม่,2563,2020,2,,,3048,dnp_tourism,https://catalog.dnp.go.th/dataset/91d66c6a-5b88-41ee-8597-11be8aec5aa6/resource/be300299-f9a3-4eac-b558-0c088dd77a64/download/tourism59-68.csv,2026-09-16T11:38:42.039779+00:00,1.0
ob_luang,ออบหลวง,เชียงใหม่,2563,2020,3,,,1076,dnp_tourism,https://catalog.dnp.go.th/dataset/91d66c6a-5b88-41ee-8597-11be8aec5aa6/resource/be300299-f9a3-4eac-b558-0c088dd77a64/download/tourism59-68.csv,2026-09-16T11:38:42.039781+00:00,1.0
ob_luang,ออบหลวง,เชียงใหม่,2563,2020,4,,,0,dnp_tourism,https://catalog.dnp.go.th/dataset/91d66c6a-5b88-41ee-8597-11be8aec5aa6/resource/be300299-f9a3-4eac-b558-0c088dd77a64/download/tourism59-68.csv,2026-09-16T11:38:42.039784+00:00,1.0
ob_luang,ออบหลวง,เชียงใหม่,2563,2020,5,,,0,dnp_tourism,https://catalog.dnp.go.th/dataset/91d66c6a-5b88-41ee-8597-11be8aec5aa6/resource/be300299-f9a3-4eac-b558-0c088dd77a64/download/tourism59-68.csv,2026-09-16T11:38:42.039786+00:00,1.0
ob_luang,ออบหลวง,เชียงใหม่,2563,2020,6,,,0,dnp_tourism,https://catalog.dnp.go.th/dataset/91d66c6a-5b88-41ee-8597-11be8aec5aa6/resource/be300299-f9a3-4eac-b558-0c088dd77a64/download/tourism59-68.csv,2026-09-16T11:38:42.039788+00:00,1.0
ob_luang,ออบหลวง,เชียงใหม่,2563,2020,7,,,2387,dnp_tourism,https://catalog.dnp.go.th/dataset/91d66c6a-5b88-41ee-8597-11be8aec5aa6/resource/be300299-f9a3-4eac-b558-0c088dd77a64/download/tourism59-68.csv,2026-09-16T11:38:42.039791+00:00,1.0
ob_luang,ออบหลวง,เชียงใหม่,2563,2020,8,,,1484,dnp_tourism,https://catalog.dnp.go.th/dataset/91d66c6a-5b88-41ee-8597-11be8aec5aa6/resource/be300299-f9a3-4eac-b558-0c088dd77a64/download/tourism59-68.csv,2026-09-16T11:38:42.039794+00:00,1.0
ob_luang,ออบหลวง,เชียงใหม่,2563,2020,9,,,2575,dnp_tourism,https://catalog.dnp.go.th/dataset/91d66c6a-5b88-41ee-8597-11be8aec5aa6/resource/be300299-f9a3-4eac-b558-0c088dd77a64/download/tourism59-68.csv,2026-09-16T11:38:42.039796+00:00,1.0
sri_lanna,ศรีลานนา,เชียงใหม่,2563,2019,10,,,6666,dnp_tourism,https://catalog.dnp.go.th/dataset/91d66c6a-5b88-41ee-8597-11be8aec5aa6/resource/be300299-f9a3-4eac-b558-0c088dd77a64/download/tourism59-68.csv,2026-09-16T11:38:42.039804+00:00,1.0
sri_lanna,ศรีลานนา,เชียงใหม่,2563,2019,11,,,5070,dnp_tourism,https://catalog.dnp.go.th/dataset/91d66c6a-5b88-41ee-8597-11be8aec5aa6/resource/be300299-f9a3-4eac-b558-0c088dd77a64/download/tourism59-68.csv,2026-09-16T11:38:42.039806+00:00,1.0
sri_lanna,ศรีลานนา,เชียงใหม่,2563,2019,12,,,6569,dnp_tourism,https://catalog.dnp.go.th/dataset/91d66c6a-5b88-41ee-8597-11be8aec5aa6/resource/be300299-f9a3-4eac-b558-0c088dd77a64/download/tourism59-68.csv,2026-09-16T11:38:42.039809+00:00,1.0
sri_lanna,ศรีลานนา,เชียงใหม่,2563,2020,1,,,4605,dnp_tourism,https://catalog.dnp.go.th/dataset/91d66c6a-5b88-41ee-8597-11be8aec5aa6/resource/be300299-f9a3-4eac-b558-0c088dd77a64/download/tourism59-68.csv,2026-09-16T11:38:42.039811+00:00,1.0
sri_lanna,ศรีลานนา,เชียงใหม่,2563,2020,2,,,4604,dnp_tourism,https://catalog.dnp.go.th/dataset/91d66c6a-5b88-41ee-8597-11be8aec5aa6/resource/be300299-f9a3-4eac-b558-0c088dd77a64/download/tourism59-68.csv,2026-09-16T11:38:42.039814+00:00,1.0
sri_lanna,ศรีลานนา,เชียงใหม่,2563,2020,3,,,4545,dnp_tourism,https://catalog.dnp.go.th/dataset/91d66c6a-5b88-41ee-8597-11be8aec5aa6/resource/be300299-f9a3-4eac-b558-0c088dd77a64/download/tourism59-68.csv,2026-09-16T11:38:42.039816+00:00,1.0
sri_lanna,ศรีลานนา,เชียงใหม่,2563,2020,4,,,0,dnp_tourism,https://catalog.dnp.go.th/dataset/91d66c6a-5b88-41ee-8597-11be8aec5aa6/resource/be300299-f9a3-4eac-b558-0c088dd77a64/download/tourism59-68.csv,2026-09-16T11:38:42.039819+00:00,1.0
sri_lanna,ศรีลานนา,เชียงใหม่,2563,2020,5,,,0,dnp_tourism,https://catalog.dnp.go.th/dataset/91d66c6a-5b88-41ee-8597-11be8aec5aa6/resource/be300299-f9a3-4eac-b558-0c088dd77a64/download/tourism59-68.csv,2026-09-16T11:38:42.039821+00:00,1.0
sri_lanna,ศรีลานนา,เชียงใหม่,2563,2020,6,,,0,dnp_tourism,https://catalog.dnp.go.th/dataset/91d66c6a-5b88-41ee-8597-11be8aec5aa6/resource/be300299-f9a3-4eac-b558-0c088dd77a64/download/tourism59-68.csv,2026-09-16T11:38:42.039824+00:00,1.0
sri_lanna,ศรีลานนา,เชียงใหม่,2563,2020,7,,,6856,dnp_tourism,https://catalog.dnp.go.th/dataset/91d66c6a-5b88-41ee-8597-11be8aec5aa6/resource/be300299-f9a3-4eac-b558-0c088dd77a64/download/tourism59-68.csv,2026-09-16T11:38:42.039826+00:00,1.0
sri_lanna,ศรีลานนา,เชียงใหม่,2563,2020,8,,,3700,dnp_tourism,https://catalog.dnp.go.th/dataset/91d66c6a-5b88-41ee-8597-11be8aec5aa6/resource/be300299-f9a3-4eac-b558-0c088dd77a64/download/tourism59-68.csv,2026-09-16T11:38:42.039829+00:00,1.0
sri_lanna,ศรีลานนา,เชียงใหม่,2563,2020,9,,,4374,dnp_tourism,https://catalog.dnp.go.th/dataset/91d66c6a-5b88-41ee-8597-11be8aec5aa6/resource/be300299-f9a3-4eac-b558-0c088dd77a64/download/tourism59-68.csv,2026-09-16T11:38:42.039831+00:00,1.0
mae_takhrai,แม่ตะไคร้,เชียงใหม่,2563,2019,10,,,2064,dnp_tourism,https://catalog.dnp.go.th/dataset/91d66c6a-5b88-41ee-8597-11be8aec5aa6/resource/be300299-f9a3-4eac-b558-0c088dd77a64/download/tourism59-68.csv,2026-09-16T11:38:42.039854+00:00,1.0
mae_takhrai,แม่ตะไคร้,เชียงใหม่,2563,2019,11,,,2363,dnp_tourism,https://catalog.dnp.go.th/dataset/91d66c6a-5b88-41ee-8597-11be8aec5aa6/resource/be300299-f9a3-4eac-b558-0c088dd77a64/download/tourism59-68.csv,2026-09-16T11:38:42.039857+00:00,1.0
mae_takhrai,แม่ตะไคร้,เชียงใหม่,2563,2019,12,,,2968,dnp_tourism,https://catalog.dnp.go.th/dataset/91d66c6a-5b88-41ee-8597-11be8aec5aa6/resource/be300299-f9a3-4eac-b558-0c088dd77a64/download/tourism59-68.csv,2026-09-16T11:38:42.039859+00:00,1.0
mae_takhrai,แม่ตะไคร้,เชียงใหม่,2563,2020,1,,,2418,dnp_tourism,https://catalog.dnp.go.th/dataset/91d66c6a-5b88-41ee-8597-11be8aec5aa6/resource/be300299-f9a3-4eac-b558-0c088dd77a64/download/tourism59-68.csv,2026-09-16T11:38:42.039863+00:00,1.0
mae_takhrai,แม่ตะไคร้,เชียงใหม่,2563,2020,2,,,2165,dnp_tourism,https://catalog.dnp.go.th/dataset/91d66c6a-5b88-41ee-8597-11be8aec5aa6/resource/be300299-f9a3-4eac-b558-0c088dd77a64/download/tourism59-68.csv,2026-09-16T11:38:42.039866+00:00,1.0
mae_takhrai,แม่ตะไคร้,เชียงใหม่,2563,2020,3,,,1646,dnp_tourism,https://catalog.dnp.go.th/dataset/91d66c6a-5b88-41ee-8597-11be8aec5aa6/resource/be300299-f9a3-4eac-b558-0c088dd77a64/download/tourism59-68.csv,2026-09-16T11:38:42.039868+00:00,1.0
mae_takhrai,แม่ตะไคร้,เชียงใหม่,2563,2020,4,,,0,dnp_tourism,https://catalog.dnp.go.th/dataset/91d66c6a-5b88-41ee-8597-11be8aec5aa6/resource/be300299-f9a3-4eac-b558-0c088dd77a64/download/tourism59-68.csv,2026-09-16T11:38:42.039871+00:00,1.0
mae_takhrai,แม่ตะไคร้,เชียงใหม่,2563,2020,5,,,0,dnp_tourism,https://catalog.dnp.go.th/dataset/91d66c6a-5b88-41ee-8597-11be8aec5aa6/resource/be300299-f9a3-4eac-b558-0c088dd77a64/download/tourism59-68.csv,2026-09-16T11:38:42.039873+00:00,1.0
mae_takhrai,แม่ตะไคร้,เชียงใหม่,2563,2020,6,,,0,dnp_tourism,https://catalog.dnp.go.th/dataset/91d66c6a-5b88-41ee-8597-11be8aec5aa6/resource/be300299-f9a3-4eac-b558-0c088dd77a64/download/tourism59-68.csv,2026-09-16T11:38:42.039875+00:00,1.0
mae_takhrai,แม่ตะไคร้,เชียงใหม่,2563,2020,7,,,1627,dnp_tourism,https://catalog.dnp.go.th/dataset/91d66c6a-5b88-41ee-8597-11be8aec5aa6/resource/be300299-f9a3-4eac-b558-0c088dd77a64/download/tourism59-68.csv,2026-09-16T11:38:42.039878+00:00,1.0
mae_takhrai,แม่ตะไคร้,เชียงใหม่,2563,2020,8,,,177,dnp_tourism,https://catalog.dnp.go.th/dataset/91d66c6a-5b88-41ee-8597-11be8aec5aa6/resource/be300299-f9a3-4eac-b558-0c088dd77a64/download/tourism59-68.csv,2026-09-16T11:38:42.039881+00:00,1.0
mae_takhrai,แม่ตะไคร้,เชียงใหม่,2563,2020,9,,,455,dnp_tourism,https://catalog.dnp.go.th/dataset/91d66c6a-5b88-41ee-8597-11be8aec5aa6/resource/be300299-f9a3-4eac-b558-0c088dd77a64/download/tourism59-68.csv,2026-09-16T11:38:42.039883+00:00,1.0
khun_khan,ขุนขาน,เชียงใหม่,2563,2019,10,,,90,dnp_tourism,https://catalog.dnp.go.th/dataset/91d66c6a-5b88-41ee-8597-11be8aec5aa6/resource/be300299-f9a3-4eac-b558-0c088dd77a64/download/tourism59-68.csv,2026-09-16T11:38:42.039891+00:00,1.0
khun_khan,ขุนขาน,เชียงใหม่,2563,2019,11,,,834,dnp_tourism,https://catalog.dnp.go.th/dataset/91d66c6a-5b88-41ee-8597-11be8aec5aa6/resource/be300299-f9a3-4eac-b558-0c088dd77a64/download/tourism59-68.csv,2026-09-16T11:38:42.039894+00:00,1.0
khun_khan,ขุนขาน,เชียงใหม่,2563,2019,12,,,205,dnp_tourism,https://catalog.dnp.go.th/dataset/91d66c6a-5b88-41ee-8597-11be8aec5aa6/resource/be300299-f9a3-4eac-b558-0c088dd77a64/download/tourism59-68.csv,2026-09-16T11:38:42.039897+00:00,1.0
khun_khan,ขุนขาน,เชียงใหม่,2563,2020,1,,,79,dnp_tourism,https://catalog.dnp.go.th/dataset/91d66c6a-5b88-41ee-8597-11be8aec5aa6/resource/be300299-f9a3-4eac-b558-0c088dd77a64/download/tourism59-68.csv,2026-09-16T11:38:42.039899+00:00,1.0
khun_khan,ขุนขาน,เชียงใหม่,2563,2020,2,,,18,dnp_tourism,https://catalog.dnp.go.th/dataset/91d66c6a-5b88-41ee-8597-11be8aec5aa6/resource/be300299-f9a3-4eac-b558-0c088dd77a64/download/tourism59-68.csv,2026-09-16T11:38:42.039901+00:00,1.0
khun_khan,ขุนขาน,เชียงใหม่,2563,2020,3,,,2,dnp_tourism,https://catalog.dnp.go.th/dataset/91d66c6a-5b88-41ee-8597-11be8aec5aa6/resource/be300299-f9a3-4eac-b558-0c088dd77a64/download/tourism59-68.csv,2026-09-16T11:38:42.039904+00:00,1.0
khun_khan,ขุนขาน,เชียงใหม่,2563,2020,4,,,0,dnp_tourism,https://catalog.dnp.go.th/dataset/91d66c6a-5b88-41ee-8597-11be8aec5aa6/resource/be300299-f9a3-4eac-b558-0c088dd77a64/download/tourism59-68.csv,2026-09-16T11:38:42.039906+00:00,1.0
khun_khan,ขุนขาน,เชียงใหม่,2563,2020,5,,,0,dnp_tourism,https://catalog.dnp.go.th/dataset/91d66c6a-5b88-41ee-8597-11be8aec5aa6/resource/be300299-f9a3-4eac-b558-0c088dd77a64/download/tourism59-68.csv,2026-09-16T11:38:42.039909+00:00,1.0
khun_khan,ขุนขาน,เชียงใหม่,2563,2020,6,,,0,dnp_tourism,https://catalog.dnp.go.th/dataset/91d66c6a-5b88-41ee-8597-11be8aec5aa6/resource/be300299-f9a3-4eac-b558-0c088dd77a64/download/tourism59-68.csv,2026-09-16T11:38:42.039911+00:00,1.0
khun_khan,ขุนขาน,เชียงใหม่,2563,2020,7,,,0,dnp_tourism,https://catalog.dnp.go.th/dataset/91d66c6a-5b88-41ee-8597-11be8aec5aa6/resource/be300299-f9a3-4eac-b558-0c088dd77a64/download/tourism59-68.csv,2026-09-16T11:38:42.039914+00:00,1.0
khun_khan,ขุนขาน,เชียงใหม่,2563,2020,8,,,0,dnp_tourism,https://catalog.dnp.go.th/dataset/91d66c6a-5b88-41ee-8597-11be8aec5aa6/resource/be300299-f9a3-4eac-b558-0c088dd77a64/download/tourism59-68.csv,2026-09-16T11:38:42.039916+00:00,1.0
khun_khan,ขุนขาน,เชียงใหม่,2563,2020,9,,,17,dnp_tourism,https://catalog.dnp.go.th/dataset/91d66c6a-5b88-41ee-8597-11be8aec5aa6/resource/be300299-f9a3-4eac-b558-0c088dd77a64/download/tourism59-68.csv,2026-09-16T11:38:42.039918+00:00,1.0
mae_wang,แม่วาง,เชียงใหม่,2563,2019,10,,,9527,dnp_tourism,https://catalog.dnp.go.th/dataset/91d66c6a-5b88-41ee-8597-11be8aec5aa6/resource/be300299-f9a3-4eac-b558-0c088dd77a64/download/tourism59-68.csv,2026-09-16T11:38:42.039927+00:00,1.0
mae_wang,แม่วาง,เชียงใหม่,2563,2019,11,,,7868,dnp_tourism,https://catalog.dnp.go.th/dataset/91d66c6a-5b88-41ee-8597-11be8aec5aa6/resource/be300299-f9a3-4eac-b558-0c088dd77a64/download/tourism59-68.csv,2026-09-16T11:38:42.039929+00:00,1.0
mae_wang,แม่วาง,เชียงใหม่,2563,2019,12,,,16871,dnp_tourism,https://catalog.dnp.go.th/dataset/91d66c6a-5b88-41ee-8597-11be8aec5aa6/resource/be300299-f9a3-4eac-b558-0c088dd77a64/download/tourism59-68.csv,2026-09-16T11:38:42.039932+00:00,1.0
mae_wang,แม่วาง,เชียงใหม่,2563,2020,1,,,9825,dnp_tourism,https://catalog.dnp.go.th/dataset/91d66c6a-5b88-41ee-8597-11be8aec5aa6/resource/be300299-f9a3-4eac-b558-0c088dd77a64/download/tourism59-68.csv,2026-09-16T11:38:42.039937+00:00,1.0
mae_wang,แม่วาง,เชียงใหม่,2563,2020,2,,,4899,dnp_tourism,https://catalog.dnp.go.th/dataset/91d66c6a-5b88-41ee-8597-11be8aec5aa6/resource/be300299-f9a3-4eac-b558-0c088dd77a64/download/tourism59-68.csv,2026-09-16T11:38:42.039939+00:00,1.0
mae_wang,แม่วาง,เชียงใหม่,2563,2020,3,,,1496,dnp_tourism,https://catalog.dnp.go.th/dataset/91d66c6a-5b88-41ee-8597-11be8aec5aa6/resource/be300299-f9a3-4eac-b558-0c088dd77a64/download/tourism59-68.csv,2026-09-16T11:38:42.039942+00:00,1.0
mae_wang,แม่วาง,เชียงใหม่,2563,2020,4,,,0,dnp_tourism,https://catalog.dnp.go.th/dataset/91d66c6a-5b88-41ee-8597-11be8aec5aa6/resource/be300299-f9a3-4eac-b558-0c088dd77a64/download/tourism59-68.csv,2026-09-16T11:38:42.039944+00:00,1.0
mae_wang,แม่วาง,เชียงใหม่,2563,2020,5,,,0,dnp_tourism,https://catalog.dnp.go.th/dataset/91d66c6a-5b88-41ee-8597-11be8aec5aa6/resource/be300299-f9a3-4eac-b558-0c088dd77a64/download/tourism59-68.csv,2026-09-16T11:38:42.039947+00:00,1.0
mae_wang,แม่วาง,เชียงใหม่,2563,2020,6,,,0,dnp_tourism,https://catalog.dnp.go.th/dataset/91d66c6a-5b88-41ee-8597-11be8aec5aa6/resource/be300299-f9a3-4eac-b558-0c088dd77a64/download/tourism59-68.csv,2026-09-16T11:38:42.039949+00:00,1.0
mae_wang,แม่วาง,เชียงใหม่,2563,2020,7,,,0,dnp_tourism,https://catalog.dnp.go.th/dataset/91d66c6a-5b88-41ee-8597-11be8aec5aa6/resource/be300299-f9a3-4eac-b558-0c088dd77a64/download/tourism59-68.csv,2026-09-16T11:38:42.039952+00:00,1.0
mae_wang,แม่วาง,เชียงใหม่,2563,2020,8,,,2986,dnp_tourism,https://catalog.dnp.go.th/dataset/91d66c6a-5b88-41ee-8597-11be8aec5aa6/resource/be300299-f9a3-4eac-b558-0c088dd77a64/download/tourism59-68.csv,2026-09-16T11:38:42.039954+00:00,1.0
mae_wang,แม่วาง,เชียงใหม่,2563,2020,9,,,3763,dnp_tourism,https://catalog.dnp.go.th/dataset/91d66c6a-5b88-41ee-8597-11be8aec5aa6/resource/be300299-f9a3-4eac-b558-0c088dd77a64/download/tourism59-68.csv,2026-09-16T11:38:42.039957+00:00,1.0
doi_inthanon,ดอยอินทนนท์,เชียงใหม่,2564,2020,10,,,60305,dnp_tourism,https://catalog.dnp.go.th/dataset/91d66c6a-5b88-41ee-8597-11be8aec5aa6/resource/be300299-f9a3-4eac-b558-0c088dd77a64/download/tourism59-68.csv,2026-09-16T11:38:42.040526+00:00,1.0
doi_inthanon,ดอยอินทนนท์,เชียงใหม่,2564,2020,11,,,151800,dnp_tourism,https://catalog.dnp.go.th/dataset/91d66c6a-5b88-41ee-8597-11be8aec5aa6/resource/be300299-f9a3-4eac-b558-0c088dd77a64/download/tourism59-68.csv,2026-09-16T11:38:42.040531+00:00,1.0
doi_inthanon,ดอยอินทนนท์,เชียงใหม่,2564,2020,12,,,106177,dnp_tourism,https://catalog.dnp.go.th/dataset/91d66c6a-5b88-41ee-8597-11be8aec5aa6/resource/be300299-f9a3-4eac-b558-0c088dd77a64/download/tourism59-68.csv,2026-09-16T11:38:42.040534+00:00,1.0
doi_inthanon,ดอยอินทนนท์,เชียงใหม่,2564,2021,1,,,29895,dnp_tourism,https://catalog.dnp.go.th/dataset/91d66c6a-5b88-41ee-8597-11be8aec5aa6/resource/be300299-f9a3-4eac-b558-0c088dd77a64/download/tourism59-68.csv,2026-09-16T11:38:42.040537+00:00,1.0
doi_inthanon,ดอยอินทนนท์,เชียงใหม่,2564,2021,2,,,15939,dnp_tourism,https://catalog.dnp.go.th/dataset/91d66c6a-5b88-41ee-8597-11be8aec5aa6/resource/be300299-f9a3-4eac-b558-0c088dd77a64/download/tourism59-68.csv,2026-09-16T11:38:42.040540+00:00,1.0
doi_inthanon,ดอยอินทนนท์,เชียงใหม่,2564,2021,3,,,12203,dnp_tourism,https://catalog.dnp.go.th/dataset/91d66c6a-5b88-41ee-8597-11be8aec5aa6/resource/be300299-f9a3-4eac-b558-0c088dd77a64/download/tourism59-68.csv,2026-09-16T11:38:42.040542+00:00,1.0
doi_inthanon,ดอยอินทนนท์,เชียงใหม่,2564,2021,4,,,5570,dnp_tourism,https://catalog.dnp.go.th/dataset/91d66c6a-5b88-41ee-8597-11be8aec5aa6/resource/be300299-f9a3-4eac-b558-0c088dd77a64/download/tourism59-68.csv,2026-09-16T11:38:42.040545+00:00,1.0
doi_inthanon,ดอยอินทนนท์,เชียงใหม่,2564,2021,5,,,0,dnp_tourism,https://catalog.dnp.go.th/dataset/91d66c6a-5b88-41ee-8597-11be8aec5aa6/resource/be300299-f9a3-4eac-b558-0c088dd77a64/download/tourism59-68.csv,2026-09-16T11:38:42.040549+00:00,1.0
doi_inthanon,ดอยอินทนนท์,เชียงใหม่,2564,2021,6,,,0,dnp_tourism,https://catalog.dnp.go.th/dataset/91d66c6a-5b88-41ee-8597-11be8aec5aa6/resource/be300299-f9a3-4eac-b558-0c088dd77a64/download/tourism59-68.csv,2026-09-16T11:38:42.040551+00:00,1.0
doi_inthanon,ดอยอินทนนท์,เชียงใหม่,2564,2021,7,,,0,dnp_tourism,https://catalog.dnp.go.th/dataset/91d66c6a-5b88-41ee-8597-11be8aec5aa6/resource/be300299-f9a3-4eac-b558-0c088dd77a64/download/tourism59-68.csv,2026-09-16T11:38:42.040554+00:00,1.0
doi_inthanon,ดอยอินทนนท์,เชียงใหม่,2564,2021,8,,,0,dnp_tourism,https://catalog.dnp.go.th/dataset/91d66c6a-5b88-41ee-8597-11be8aec5aa6/resource/be300299-f9a3-4eac-b558-0c088dd77a64/download/tourism59-68.csv,2026-09-16T11:38:42.040556+00:00,1.0
doi_inthanon,ดอยอินทนนท์,เชียงใหม่,2564,2021,9,,,0,dnp_tourism,https://catalog.dnp.go.th/dataset/91d66c6a-5b88-41ee-8597-11be8aec5aa6/resource/be300299-f9a3-4eac-b558-0c088dd77a64/download/tourism59-68.csv,2026-09-16T11:38:42.040559+00:00,1.0
mae_ping,แม่ปิง,เชียงใหม่,2564,2020,10,,,1174,dnp_tourism,https://catalog.dnp.go.th/dataset/91d66c6a-5b88-41ee-8597-11be8aec5aa6/resource/be300299-f9a3-4eac-b558-0c088dd77a64/download/tourism59-68.csv,2026-09-16T11:38:42.040582+00:00,1.0
mae_ping,แม่ปิง,เชียงใหม่,2564,2020,11,,,3361,dnp_tourism,https://catalog.dnp.go.th/dataset/91d66c6a-5b88-41ee-8597-11be8aec5aa6/resource/be300299-f9a3-4eac-b558-0c088dd77a64/download/tourism59-68.csv,2026-09-16T11:38:42.040585+00:00,1.0
mae_ping,แม่ปิง,เชียงใหม่,2564,2020,12,,,5044,dnp_tourism,https://catalog.dnp.go.th/dataset/91d66c6a-5b88-41ee-8597-11be8aec5aa6/resource/be300299-f9a3-4eac-b558-0c088dd77a64/download/tourism59-68.csv,2026-09-16T11:38:42.040587+00:00,1.0
mae_ping,แม่ปิง,เชียงใหม่,2564,2021,1,,,1266,dnp_tourism,https://catalog.dnp.go.th/dataset/91d66c6a-5b88-41ee-8597-11be8aec5aa6/resource/be300299-f9a3-4eac-b558-0c088dd77a64/download/tourism59-68.csv,2026-09-16T11:38:42.040590+00:00,1.0
mae_ping,แม่ปิง,เชียงใหม่,2564,2021,2,,,1385,dnp_tourism,https://catalog.dnp.go.th/dataset/91d66c6a-5b88-41ee-8597-11be8aec5aa6/resource/be300299-f9a3-4eac-b558-0c088dd77a64/download/tourism59-68.csv,2026-09-16T11:38:42.040592+00:00,1.0
mae_ping,แม่ปิง,เชียงใหม่,2564,2021,3,,,1506,dnp_tourism,https://catalog.dnp.go.th/dataset/91d66c6a-5b88-41ee-8597-11be8aec5aa6/resource/be300299-f9a3-4eac-b558-0c088dd77a64/download/tourism59-68.csv,2026-09-16T11:38:42.040595+00:00,1.0
mae_ping,แม่ปิง,เชียงใหม่,2564,2021,4,,,534,dnp_tourism,https://catalog.dnp.go.th/dataset/91d66c6a-5b88-41ee-8597-11be8aec5aa6/resource/be300299-f9a3-4eac-b558-0c088dd77a64/download/tourism59-68.csv,2026-09-16T11:38:42.040597+00:00,1.0
mae_ping,แม่ปิง,เชียงใหม่,2564,2021,5,,,135,dnp_tourism,https://catalog.dnp.go.th/dataset/91d66c6a-5b88-41ee-8597-11be8aec5aa6/resource/be300299-f9a3-4eac-b558-0c088dd77a64/download/tourism59-68.csv,2026-09-16T11:38:42.040600+00:00,1.0
mae_ping,แม่ปิง,เชียงใหม่,2564,2021,6,,,3,dnp_tourism,https://catalog.dnp.go.th/dataset/91d66c6a-5b88-41ee-8597-11be8aec5aa6/resource/be300299-f9a3-4eac-b558-0c088dd77a64/download/tourism59-68.csv,2026-09-16T11:38:42.040602+00:00,1.0
mae_ping,แม่ปิง,เชียงใหม่,2564,2021,7,,,0,dnp_tourism,https://catalog.dnp.go.th/dataset/91d66c6a-5b88-41ee-8597-11be8aec5aa6/resource/be300299-f9a3-4eac-b558-0c088dd77a64/download/tourism59-68.csv,2026-09-16T11:38:42.040605+00:00,1.0
mae_ping,แม่ปิง,เชียงใหม่,2564,2021,8,,,0,dnp_tourism,https://catalog.dnp.go.th/dataset/91d66c6a-5b88-41ee-8597-11be8aec5aa6/resource/be300299-f9a3-4eac-b558-0c088dd77a64/download/tourism59-68.csv,2026-09-16T11:38:42.040607+00:00,1.0
mae_ping,แม่ปิง,เชียงใหม่,2564,2021,9,,,0,dnp_tourism,https://catalog.dnp.go.th/dataset/91d66c6a-5b88-41ee-8597-11be8aec5aa6/resource/be300299-f9a3-4eac-b558-0c088dd77a64/download/tourism59-68.csv,2026-09-16T11:38:42.040609+00:00,1.0
pha_daeng,ผาแดง,เชียงใหม่,2564,2020,10,,,2497,dnp_tourism,https://catalog.dnp.go.th/dataset/91d66c6a-5b88-41ee-8597-11be8aec5aa6/resource/be300299-f9a3-4eac-b558-0c088dd77a64/download/tourism59-68.csv,2026-09-16T11:38:42.040618+00:00,1.0
pha_daeng,ผาแดง,เชียงใหม่,2564,2020,11,,,4770,dnp_tourism,https://catalog.dnp.go.th/dataset/91d66c6a-5b88-41ee-8597-11be8aec5aa6/resource/be300299-f9a3-4eac-b558-0c088dd77a64/download/tourism59-68.csv,2026-09-16T11:38:42.040620+00:00,1.0
pha_daeng,ผาแดง,เชียงใหม่,2564,2020,12,,,3770,dnp_tourism,https://catalog.dnp.go.th/dataset/91d66c6a-5b88-41ee-8597-11be8aec5aa6/resource/be300299-f9a3-4eac-b558-0c088dd77a64/download/tourism59-68.csv,2026-09-16T11:38:42.040623+00:00,1.0
pha_daeng,ผาแดง,เชียงใหม่,2564,2021,1,,,1575,dnp_tourism,https://catalog.dnp.go.th/dataset/91d66c6a-5b88-41ee-8597-11be8aec5aa6/resource/be300299-f9a3-4eac-b558-0c088dd77a64/download/tourism59-68.csv,2026-09-16T11:38:42.040625+00:00,1.0
pha_daeng,ผาแดง,เชียงใหม่,2564,2021,2,,,2412,dnp_tourism,https://catalog.dnp.go.th/dataset/91d66c6a-5b88-41ee-8597-11be8aec5aa6/resource/be300299-f9a3-4eac-b558-0c088dd77a64/download/tourism59-68.csv,2026-09-16T11:38:42.040628+00:00,1.0
pha_daeng,ผาแดง,เชียงใหม่,2564,2021,3,,,2789,dnp_tourism,https://catalog.dnp.go.th/dataset/91d66c6a-5b88-41ee-8597-11be8aec5aa6/resource/be300299-f9a3-4eac-b558-0c088dd77a64/download/tourism59-68.csv,2026-09-16T11:38:42.040630+00:00,1.0
pha_daeng,ผาแดง,เชียงใหม่,2564,2021,4,,,647,dnp_tourism,https://catalog.dnp.go.th/dataset/91d66c6a-5b88-41ee-8597-11be8aec5aa6/resource/be300299-f9a3-4eac-b558-0c088dd77a64/download/tourism59-68.csv,2026-09-16T11:38:42.040633+00:00,1.0
pha_daeng,ผาแดง,เชียงใหม่,2564,2021,5,,,0,dnp_tourism,https://catalog.dnp.go.th/dataset/91d66c6a-5b88-41ee-8597-11be8aec5aa6/resource/be300299-f9a3-4eac-b558-0c088dd77a64/download/tourism59-68.csv,2026-09-16T11:38:42.040635+00:00,1.0
pha_daeng,ผาแดง,เชียงใหม่,2564,2021,6,,,0,dnp_tourism,https://catalog.dnp.go.th/dataset/91d66c6a-5b88-41ee-8597-11be8aec5aa6/resource/be300299-f9a3-4eac-b558-0c088dd77a64/download/tourism59-68.csv,2026-09-16T11:38:42.040638+00:00,1.0
pha_daeng,ผาแดง,เชียงใหม่,2564,2021,7,,,0,dnp_tourism,https://catalog.dnp.go.th/dataset/91d66c6a-5b88-41ee-8597-11be8aec5aa6/resource/be300299-f9a3-4eac-b558-0c088dd77a64/download/tourism59-68.csv,2026-09-16T11:38:42.040640+00:00,1.0
pha_daeng,ผาแดง,เชียงใหม่,2564,2021,8,,,0,dnp_tourism,https://catalog.dnp.go.th/dataset/91d66c6a-5b88-41ee-8597-11be8aec5aa6/resource/be300299-f9a3-4eac-b558-0c088dd77a64/download/tourism59-68.csv,2026-09-16T11:38:42.040643+00:00,1.0
pha_daeng,ผาแดง,เชียงใหม่,2564,2021,9,,,0,dnp_tourism,https://catalog.dnp.go.th/dataset/91d66c6a-5b88-41ee-8597-11be8aec5aa6/resource/be300299-f9a3-4eac-b558-0c088dd77a64/download/tourism59-68.csv,2026-09-16T11:38:42.040645+00:00,1.0
doi_pha_hom_pok,ดอยผ้าห่มปก,เชียงใหม่,2564,2020,10,,,5317,dnp_tourism,https://catalog.dnp.go.th/dataset/91d66c6a-5b88-41ee-8597-11be8aec5aa6/resource/be300299-f9a3-4eac-b558-0c088dd77a64/download/tourism59-68.csv,2026-09-16T11:38:42.040653+00:00,1.0
doi_pha_hom_pok,ดอยผ้าห่มปก,เชียงใหม่,2564,2020,11,,,10151,dnp_tourism,https://catalog.dnp.go.th/dataset/91d66c6a-5b88-41ee-8597-11be8aec5aa6/resource/be300299-f9a3-4eac-b558-0c088dd77a64/download/tourism59-68.csv,2026-09-16T11:38:42.040656+00:00,1.0
doi_pha_hom_pok,ดอยผ้าห่มปก,เชียงใหม่,2564,2020,12,,,10185,dnp_tourism,https://catalog.dnp.go.th/dataset/91d66c6a-5b88-41ee-8597-11be8aec5aa6/resource/be300299-f9a3-4eac-b558-0c088dd77a64/download/tourism59-68.csv,2026-09-16T11:38:42.040659+00:00,1.0
doi_pha_hom_pok,ดอยผ้าห่มปก,เชียงใหม่,2564,2021,1,,,11254,dnp_tourism,https://catalog.dnp.go.th/dataset/91d66c6a-5b88-41ee-8597-11be8aec5aa6/resource/be300299-f9a3-4eac-b558-0c088dd77a64/download/tourism59-68.csv,2026-09-16T11:38:42.040661+00:00,1.0
doi_pha_hom_pok,ดอยผ้าห่มปก,เชียงใหม่,2564,2021,2,,,5902,dnp_tourism,https://catalog.dnp.go.th/dataset/91d66c6a-5b88-41ee-8597-11be8aec5aa6/resource/be300299-f9a3-4eac-b558-0c088dd77a64/download/tourism59-68.csv,2026-09-16T11:38:42.040664+00:00,1.0
doi_pha_hom_pok,ดอยผ้าห่มปก,เชียงใหม่,2564,2021,3,,,6653,dnp_tourism,https://catalog.dnp.go.th/dataset/91d66c6a-5b88-41ee-8597-11be8aec5aa6/resource/be300299-f9a3-4eac-b558-0c088dd77a64/download/tourism59-68.csv,2026-09-16T11:38:42.040666+00:00,1.0
doi_pha_hom_pok,ดอยผ้าห่มปก,เชียงใหม่,2564,2021,4,,,1209,dnp_tourism,https://catalog.dnp.go.th/dataset/91d66c6a-5b88-41ee-8597-11be8aec5aa6/resource/be300299-f9a3-4eac-b558-0c088dd77a64/download/tourism59-68.csv,2026-09-16T11:38:42.040669+00:00,1.0
doi_pha_hom_pok,ดอยผ้าห่มปก,เชียงใหม่,2564,2021,5,,,0,dnp_tourism,https://catalog.dnp.go.th/dataset/91d66c6a-5b88-41ee-8597-11be8aec5aa6/resource/be300299-f9a3-4eac-b558-0c088dd77a64/download/tourism59-68.csv,2026-09-16T11:38:42.040671+00:00,1.0
doi_pha_hom_pok,ดอยผ้าห่มปก,เชียงใหม่,2564,2021,6,,,0,dnp_tourism,https://catalog.dnp.go.th/dataset/91d66c6a-5b88-41ee-8597-11be8aec5aa6/resource/be300299-f9a3-4eac-b558-0c088dd77a64/download/tourism59-68.csv,2026-09-16T11:38:42.040673+00:00,1.0
doi_pha_hom_pok,ดอยผ้าห่มปก,เชียงใหม่,2564,2021,7,,,0,dnp_tourism,https://catalog.dnp.go.th/dataset/91d66c6a-5b88-41ee-8597-11be8aec5aa6/resource/be300299-f9a3-4eac-b558-0c088dd77a64/download/tourism59-68.csv,2026-09-16T11:38:42.040676+00:00,1.0
doi_pha_hom_pok,ดอยผ้าห่มปก,เชียงใหม่,2564,2021,8,,,0,dnp_tourism,https://catalog.dnp.go.th/dataset/91d66c6a-5b88-41ee-8597-11be8aec5aa6/resource/be300299-f9a3-4eac-b558-0c088dd77a64/download/tourism59-68.csv,2026-09-16T11:38:42.040678+00:00,1.0
doi_pha_hom_pok,ดอยผ้าห่มปก,เชียงใหม่,2564,2021,9,,,0,dnp_tourism,https://catalog.dnp.go.th/dataset/91d66c6a-5b88-41ee-8597-11be8aec5aa6/resource/be300299-f9a3-4eac-b558-0c088dd77a64/download/tourism59-68.csv,2026-09-16T11:38:42.040682+00:00,1.0
huai_nam_dang,ห้วยน้ำดัง,เชียงใหม่,2564,2020,10,,,8294,dnp_tourism,https://catalog.dnp.go.th/dataset/91d66c6a-5b88-41ee-8597-11be8aec5aa6/resource/be300299-f9a3-4eac-b558-0c088dd77a64/download/tourism59-68.csv,2026-09-16T11:38:42.040691+00:00,1.0
huai_nam_dang,ห้วยน้ำดัง,เชียงใหม่,2564,2020,11,,,24941,dnp_tourism,https://catalog.dnp.go.th/dataset/91d66c6a-5b88-41ee-8597-11be8aec5aa6/resource/be300299-f9a3-4eac-b558-0c088dd77a64/download/tourism59-68.csv,2026-09-16T11:38:42.040693+00:00,1.0
huai_nam_dang,ห้วยน้ำดัง,เชียงใหม่,2564,2020,12,,,24638,dnp_tourism,https://catalog.dnp.go.th/dataset/91d66c6a-5b88-41ee-8597-11be8aec5aa6/resource/be300299-f9a3-4eac-b558-0c088dd77a64/download/tourism59-68.csv,2026-09-16T11:38:42.040696+00:00,1.0
huai_nam_dang,ห้วยน้ำดัง,เชียงใหม่,2564,2021,1,,,9631,dnp_tourism,https://catalog.dnp.go.th/dataset/91d66c6a-5b88-41ee-8597-11be8aec5aa6/resource/be300299-f9a3-4eac-b558-0c088dd77a64/download/tourism59-68.csv,2026-09-16T11:38:42.040698+00:00,1.0
huai_nam_dang,ห้วยน้ำดัง,เชียงใหม่,2564,2021,2,,,4126,dnp_tourism,https://catalog.dnp.go.th/dataset/91d66c6a-5b88-41ee-8597-11be8aec5aa6/resource/be300299-f9a3-4eac-b558-0c088dd77a64/download/tourism59-68.csv,2026-09-16T11:38:42.040701+00:00,1.0
huai_nam_dang,ห้วยน้ำดัง,เชียงใหม่,2564,2021,3,,,2325,dnp_tourism,https://catalog.dnp.go.th/dataset/91d66c6a-5b88-41ee-8597-11be8aec5aa6/resource/be300299-f9a3-4eac-b558-0c088dd77a64/download/tourism59-68.csv,2026-09-16T11:38:42.040703+00:00,1.0
huai_nam_dang,ห้วยน้ำดัง,เชียงใหม่,2564,2021,4,,,896,dnp_tourism,https://catalog.dnp.go.th/dataset/91d66c6a-5b88-41ee-8597-11be8aec5aa6/resource/be300299-f9a3-4eac-b558-0c088dd77a64/download/tourism59-68.csv,2026-09-16T11:38:42.040706+00:00,1.0
huai_nam_dang,ห้วยน้ำดัง,เชียงใหม่,2564,2021,5,,,0,dnp_tourism,https://catalog.dnp.go.th/dataset/91d66c6a-5b88-41ee-8597-11be8aec5aa6/resource/be300299-f9a3-4eac-b558-0c088dd77a64/download/tourism59-68.csv,2026-09-16T11:38:42.040708+00:00,1.0
huai_nam_dang,ห้วยน้ำดัง,เชียงใหม่,2564,2021,6,,,0,dnp_tourism,https://catalog.dnp.go.th/dataset/91d66c6a-5b88-41ee-8597-11be8aec5aa6/resource/be300299-f9a3-4eac-b558-0c088dd77a64/download/tourism59-68.csv,2026-09-16T11:38:42.040711+00:00,1.0
huai_nam_dang,ห้วยน้ำดัง,เชียงใหม่,2564,2021,7,,,0,dnp_tourism,https://catalog.dnp.go.th/dataset/91d66c6a-5b88-41ee-8597-11be8aec5aa6/resource/be300299-f9a3-4eac-b558-0c088dd77a64/download/tourism59-68.csv,2026-09-16T11:38:42.040713+00:00,1.0
huai_nam_dang,ห้วยน้ำดัง,เชียงใหม่,2564,2021,8,,,0,dnp_tourism,https://catalog.dnp.go.th/dataset/91d66c6a-5b88-41ee-8597-11be8aec5aa6/resource/be300299-f9a3-4eac-b558-0c088dd77a64/download/tourism59-68.csv,2026-09-16T11:38:42.040716+00:00,1.0
huai_nam_dang,ห้วยน้ำดัง,เชียงใหม่,2564,2021,9,,,0,dnp_tourism,https://catalog.dnp.go.th/dataset/91d66c6a-5b88-41ee-8597-11be8aec5aa6/resource/be300299-f9a3-4eac-b558-0c088dd77a64/download/tourism59-68.csv,2026-09-16T11:38:42.040718+00:00,1.0
doi_suthep_pui,ดอยสุเทพ-ปุย,เชียงใหม่,2564,2020,10,,,11016,dnp_tourism,https://catalog.dnp.go.th/dataset/91d66c6a-5b88-41ee-8597-11be8aec5aa6/resource/be300299-f9a3-4eac-b558-0c088dd77a64/download/tourism59-68.csv,2026-09-16T11:38:42.040726+00:00,1.0
doi_suthep_pui,ดอยสุเทพ-ปุย,เชียงใหม่,2564,2020,11,,,22134,dnp_tourism,https://catalog.dnp.go.th/dataset/91d66c6a-5b88-41ee-8597-11be8aec5aa6/resource/be300299-f9a3-4eac-b558-0c088dd77a64/download/tourism59-68.csv,2026-09-16T11:38:42.040729+00:00,1.0
doi_suthep_pui,ดอยสุเทพ-ปุย,เชียงใหม่,2564,2020,12,,,15671,dnp_tourism,https://catalog.dnp.go.th/dataset/91d66c6a-5b88-41ee-8597-11be8aec5aa6/resource/be300299-f9a3-4eac-b558-0c088dd77a64/download/tourism59-68.csv,2026-09-16T11:38:42.040731+00:00,1.0
doi_suthep_pui,ดอยสุเทพ-ปุย,เชียงใหม่,2564,2021,1,,,10565,dnp_tourism,https://catalog.dnp.go.th/dataset/91d66c6a-5b88-41ee-8597-11be8aec5aa6/resource/be300299-f9a3-4eac-b558-0c088dd77a64/download/tourism59-68.csv,2026-09-16T11:38:42.040734+00:00,1.0
doi_suthep_pui,ดอยสุเทพ-ปุย,เชียงใหม่,2564,2021,2,,,8585,dnp_tourism,https://catalog.dnp.go.th/dataset/91d66c6a-5b88-41ee-8597-11be8aec5aa6/resource/be300299-f9a3-4eac-b558-0c088dd77a64/download/tourism59-68.csv,2026-09-16T11:38:42.040736+00:00,1.0
doi_suthep_pui,ดอยสุเทพ-ปุย,เชียงใหม่,2564,2021,3,,,9535,dnp_tourism,https://catalog.dnp.go.th/dataset/91d66c6a-5b88-41ee-8597-11be8aec5aa6/resource/be300299-f9a3-4eac-b558-0c088dd77a64/download/tourism59-68.csv,2026-09-16T11:38:42.040739+00:00,1.0
doi_suthep_pui,ดอยสุเทพ-ปุย,เชียงใหม่,2564,2021,4,,,3103,dnp_tourism,https://catalog.dnp.go.th/dataset/91d66c6a-5b88-41ee-8597-11be8aec5aa6/resource/be300299-f9a3-4eac-b558-0c088dd77a64/download/tourism59-68.csv,2026-09-16T11:38:42.040741+00:00,1.0
doi_suthep_pui,ดอยสุเทพ-ปุย,เชียงใหม่,2564,2021,5,,,98,dnp_tourism,https://catalog.dnp.go.th/dataset/91d66c6a-5b88-41ee-8597-11be8aec5aa6/resource/be300299-f9a3-4eac-b558-0c088dd77a64/download/tourism59-68.csv,2026-09-16T11:38:42.040744+00:00,1.0
doi_suthep_pui,ดอยสุเทพ-ปุย,เชียงใหม่,2564,2021,6,,,0,dnp_tourism,https://catalog.dnp.go.th/dataset/91d66c6a-5b88-41ee-8597-11be8aec5aa6/resource/be300299-f9a3-4eac-b558-0c088dd77a64/download/tourism59-68.csv,2026-09-16T11:38:42.040746+00:00,1.0
doi_suthep_pui,ดอยสุเทพ-ปุย,เชียงใหม่,2564,2021,7,,,0,dnp_tourism,https://catalog.dnp.go.th/dataset/91d66c6a-5b88-41ee-8597-11be8aec5aa6/resource/be300299-f9a3-4eac-b558-0c088dd77a64/download/tourism59-68.csv,2026-09-16T11:38:42.040749+00:00,1.0
doi_suthep_pui,ดอยสุเทพ-ปุย,เชียงใหม่,2564,2021,8,,,1497,dnp_tourism,https://catalog.dnp.go.th/dataset/91d66c6a-5b88-41ee-8597-11be8aec5aa6/resource/be300299-f9a3-4eac-b558-0c088dd77a64/download/tourism59-68.csv,2026-09-16T11:38:42.040751+00:00,1.0
doi_suthep_pui,ดอยสุเทพ-ปุย,เชียงใหม่,2564,2021,9,,,1522,dnp_tourism,https://catalog.dnp.go.th/dataset/91d66c6a-5b88-41ee-8597-11be8aec5aa6/resource/be300299-f9a3-4eac-b558-0c088dd77a64/download/tourism59-68.csv,2026-09-16T11:38:42.040754+00:00,1.0
ob_luang,ออบหลวง,เชียงใหม่,2564,2020,10,,,3785,dnp_tourism,https://catalog.dnp.go.th/dataset/91d66c6a-5b88-41ee-8597-11be8aec5aa6/resource/be300299-f9a3-4eac-b558-0c088dd77a64/download/tourism59-68.csv,2026-09-16T11:38:42.040762+00:00,1.0
ob_luang,ออบหลวง,เชียงใหม่,2564,2020,11,,,9967,dnp_tourism,https://catalog.dnp.go.th/dataset/91d66c6a-5b88-41ee-8597-11be8aec5aa6/resource/be300299-f9a3-4eac-b558-0c088dd77a64/download/tourism59-68.csv,2026-09-16T11:38:42.040764+00:00,1.0
ob_luang,ออบหลวง,เชียงใหม่,2564,2020,12,,,7763,dnp_tourism,https://catalog.dnp.go.th/dataset/91d66c6a-5b88-41ee-8597-11be8aec5aa6/resource/be300299-f9a3-4eac-b558-0c088dd77a64/download/tourism59-68.csv,2026-09-16T11:38:42.040767+00:00,1.0
ob_luang,ออบหลวง,เชียงใหม่,2564,2021,1,,,2423,dnp_tourism,https://catalog.dnp.go.th/dataset/91d66c6a-5b88-41ee-8597-11be8aec5aa6/resource/be300299-f9a3-4eac-b558-0c088dd77a64/download/tourism59-68.csv,2026-09-16T11:38:42.040770+00:00,1.0
ob_luang,ออบหลวง,เชียงใหม่,2564,2021,2,,,2169,dnp_tourism,https://catalog.dnp.go.th/dataset/91d66c6a-5b88-41ee-8597-11be8aec5aa6/resource/be300299-f9a3-4eac-b558-0c088dd77a64/download/tourism59-68.csv,2026-09-16T11:38:42.040772+00:00,1.0
ob_luang,ออบหลวง,เชียงใหม่,2564,2021,3,,,2401,dnp_tourism,https://catalog.dnp.go.th/dataset/91d66c6a-5b88-41ee-8597-11be8aec5aa6/resource/be300299-f9a3-4eac-b558-0c088dd77a64/download/tourism59-68.csv,2026-09-16T11:38:42.040774+00:00,1.0
ob_luang,ออบหลวง,เชียงใหม่,2564,2021,4,,,863,dnp_tourism,https://catalog.dnp.go.th/dataset/91d66c6a-5b88-41ee-8597-11be8aec5aa6/resource/be300299-f9a3-4eac-b558-0c088dd77a64/download/tourism59-68.csv,2026-09-16T11:38:42.040777+00:00,1.0
ob_luang,ออบหลวง,เชียงใหม่,2564,2021,5,,,0,dnp_tourism,https://catalog.dnp.go.th/dataset/91d66c6a-5b88-41ee-8597-11be8aec5aa6/resource/be300299-f9a3-4eac-b558-0c088dd77a64/download/tourism59-68.csv,2026-09-16T11:38:42.040780+00:00,1.0
ob_luang,ออบหลวง,เชียงใหม่,2564,2021,6,,,0,dnp_tourism,https://catalog.dnp.go.th/dataset/91d66c6a-5b88-41ee-8597-11be8aec5aa6/resource/be300299-f9a3-4eac-b558-0c088dd77a64/download/tourism59-68.csv,2026-09-16T11:38:42.040782+00:00,1.0
ob_luang,ออบหลวง,เชียงใหม่,2564,2021,7,,,0,dnp_tourism,https://catalog.dnp.go.th/dataset/91d66c6a-5b88-41ee-8597-11be8aec5aa6/resource/be300299-f9a3-4eac-b558-0c088dd77a64/download/tourism59-68.csv,2026-09-16T11:38:42.040784+00:00,1.0
ob_luang,ออบหลวง,เชียงใหม่,2564,2021,8,,,0,dnp_tourism,https://catalog.dnp.go.th/dataset/91d66c6a-5b88-41ee-8597-11be8aec5aa6/resource/be300299-f9a3-4eac-b558-0c088dd77a64/download/tourism59-68.csv,2026-09-16T11:38:42.040787+00:00,1.0
ob_luang,ออบหลวง,เชียงใหม่,2564,2021,9,,,0,dnp_tourism,https://catalog.dnp.go.th/dataset/91d66c6a-5b88-41ee-8597-11be8aec5aa6/resource/be300299-f9a3-4eac-b558-0c088dd77a64/download/tourism59-68.csv,2026-09-16T11:38:42.040789+00:00,1.0
sri_lanna,ศรีลานนา,เชียงใหม่,2564,2020,10,,,6342,dnp_tourism,https://catalog.dnp.go.th/dataset/91d66c6a-5b88-41ee-8597-11be8aec5aa6/resource/be300299-f9a3-4eac-b558-0c088dd77a64/download/tourism59-68.csv,2026-09-16T11:38:42.040797+00:00,1.0
sri_lanna,ศรีลานนา,เชียงใหม่,2564,2020,11,,,7124,dnp_tourism,https://catalog.dnp.go.th/dataset/91d66c6a-5b88-41ee-8597-11be8aec5aa6/resource/be300299-f9a3-4eac-b558-0c088dd77a64/download/tourism59-68.csv,2026-09-16T11:38:42.040800+00:00,1.0
sri_lanna,ศรีลานนา,เชียงใหม่,2564,2020,12,,,6324,dnp_tourism,https://catalog.dnp.go.th/dataset/91d66c6a-5b88-41ee-8597-11be8aec5aa6/resource/be300299-f9a3-4eac-b558-0c088dd77a64/download/tourism59-68.csv,2026-09-16T11:38:42.040802+00:00,1.0
sri_lanna,ศรีลานนา,เชียงใหม่,2564,2021,1,,,3484,dnp_tourism,https://catalog.dnp.go.th/dataset/91d66c6a-5b88-41ee-8597-11be8aec5aa6/resource/be300299-f9a3-4eac-b558-0c088dd77a64/download/tourism59-68.csv,2026-09-16T11:38:42.040807+00:00,1.0
sri_lanna,ศรีลานนา,เชียงใหม่,2564,2021,2,,,3935,dnp_tourism,https://catalog.dnp.go.th/dataset/91d66c6a-5b88-41ee-8597-11be8aec5aa6/resource/be300299-f9a3-4eac-b558-0c088dd77a64/download/tourism59-68.csv,2026-09-16T11:38:42.040809+00:00,1.0
sri_lanna,ศรีลานนา,เชียงใหม่,2564,2021,3,,,7078,dnp_tourism,https://catalog.dnp.go.th/dataset/91d66c6a-5b88-41ee-8597-11be8aec5aa6/resource/be300299-f9a3-4eac-b558-0c088dd77a64/download/tourism59-68.csv,2026-09-16T11:38:42.040812+00:00,1.0
sri_lanna,ศรีลานนา,เชียงใหม่,2564,2021,4,,,5551,dnp_tourism,https://catalog.dnp.go.th/dataset/91d66c6a-5b88-41ee-8597-11be8aec5aa6/resource/be300299-f9a3-4eac-b558-0c088dd77a64/download/tourism59-68.csv,2026-09-16T11:38:42.040814+00:00,1.0
sri_lanna,ศรีลานนา,เชียงใหม่,2564,2021,5,,,0,dnp_tourism,https://catalog.dnp.go.th/dataset/91d66c6a-5b88-41ee-8597-11be8aec5aa6/resource/be300299-f9a3-4eac-b558-0c088dd77a64/download/tourism59-68.csv,2026-09-16T11:38:42.040817+00:00,1.0
sri_lanna,ศรีลานนา,เชียงใหม่,2564,2021,6,,,0,dnp_tourism,https://catalog.dnp.go.th/dataset/91d66c6a-5b88-41ee-8597-11be8aec5aa6/resource/be300299-f9a3-4eac-b558-0c088dd77a64/download/tourism59-68.csv,2026-09-16T11:38:42.040819+00:00,1.0
sri_lanna,ศรีลานนา,เชียงใหม่,2564,2021,7,,,0,dnp_tourism,https://catalog.dnp.go.th/dataset/91d66c6a-5b88-41ee-8597-11be8aec5aa6/resource/be300299-f9a3-4eac-b558-0c088dd77a64/download/tourism59-68.csv,2026-09-16T11:38:42.040824+00:00,1.0
sri_lanna,ศรีลานนา,เชียงใหม่,2564,2021,8,,,5,dnp_tourism,https://catalog.dnp.go.th/dataset/91d66c6a-5b88-41ee-8597-11be8aec5aa6/resource/be300299-f9a3-4eac-b558-0c088dd77a64/download/tourism59-68.csv,2026-09-16T11:38:42.040826+00:00,1.0
sri_lanna,ศรีลานนา,เชียงใหม่,2564,2021,9,,,1176,dnp_tourism,https://catalog.dnp.go.th/dataset/91d66c6a-5b88-41ee-8597-11be8aec5aa6/resource/be300299-f9a3-4eac-b558-0c088dd77a64/download/tourism59-68.csv,2026-09-16T11:38:42.040829+00:00,1.0
mae_takhrai,แม่ตะไคร้,เชียงใหม่,2564,2020,10,,,152,dnp_tourism,https://catalog.dnp.go.th/dataset/91d66c6a-5b88-41ee-8597-11be8aec5aa6/resource/be300299-f9a3-4eac-b558-0c088dd77a64/download/tourism59-68.csv,2026-09-16T11:38:42.040852+00:00,1.0
mae_takhrai,แม่ตะไคร้,เชียงใหม่,2564,2020,11,,,383,dnp_tourism,https://catalog.dnp.go.th/dataset/91d66c6a-5b88-41ee-8597-11be8aec5aa6/resource/be300299-f9a3-4eac-b558-0c088dd77a64/download/tourism59-68.csv,2026-09-16T11:38:42.040855+00:00,1.0
mae_takhrai,แม่ตะไคร้,เชียงใหม่,2564,2020,12,,,246,dnp_tourism,https://catalog.dnp.go.th/dataset/91d66c6a-5b88-41ee-8597-11be8aec5aa6/resource/be300299-f9a3-4eac-b558-0c088dd77a64/download/tourism59-68.csv,2026-09-16T11:38:42.040857+00:00,1.0
mae_takhrai,แม่ตะไคร้,เชียงใหม่,2564,2021,1,,,682,dnp_tourism,https://catalog.dnp.go.th/dataset/91d66c6a-5b88-41ee-8597-11be8aec5aa6/resource/be300299-f9a3-4eac-b558-0c088dd77a64/download/tourism59-68.csv,2026-09-16T11:38:42.040860+00:00,1.0
mae_takhrai,แม่ตะไคร้,เชียงใหม่,2564,2021,2,,,564,dnp_tourism,https://catalog.dnp.go.th/dataset/91d66c6a-5b88-41ee-8597-11be8aec5aa6/resource/be300299-f9a3-4eac-b558-0c088dd77a64/download/tourism59-68.csv,2026-09-16T11:38:42.040862+00:00,1.0
mae_takhrai,แม่ตะไคร้,เชียงใหม่,2564,2021,3,,,628,dnp_tourism,https://catalog.dnp.go.th/dataset/91d66c6a-5b88-41ee-8597-11be8aec5aa6/resource/be300299-f9a3-4eac-b558-0c088dd77a64/download/tourism59-68.csv,2026-09-16T11:38:42.040865+00:00,1.0
mae_takhrai,แม่ตะไคร้,เชียงใหม่,2564,2021,4,,,38,dnp_tourism,https://catalog.dnp.go.th/dataset/91d66c6a-5b88-41ee-8597-11be8aec5aa6/resource/be300299-f9a3-4eac-b558-0c088dd77a64/download/tourism59-68.csv,2026-09-16T11:38:42.040867+00:00,1.0
mae_takhrai,แม่ตะไคร้,เชียงใหม่,2564,2021,5,,,0,dnp_tourism,https://catalog.dnp.go.th/dataset/91d66c6a-5b88-41ee-8597-11be8aec5aa6/resource/be300299-f9a3-4eac-b558-0c088dd77a64/download/tourism59-68.csv,2026-09-16T11:38:42.040869+00:00,1.0
mae_takhrai,แม่ตะไคร้,เชียงใหม่,2564,2021,6,,,0,dnp_tourism,https://catalog.dnp.go.th/dataset/91d66c6a-5b88-41ee-8597-11be8aec5aa6/resource/be300299-f9a3-4eac-b558-0c088dd77a64/download/tourism59-68.csv,2026-09-16T11:38:42.040872+00:00,1.0
mae_takhrai,แม่ตะไคร้,เชียงใหม่,2564,2021,7,,,0,dnp_tourism,https://catalog.dnp.go.th/dataset/91d66c6a-5b88-41ee-8597-11be8aec5aa6/resource/be300299-f9a3-4eac-b558-0c088dd77a64/download/tourism59-68.csv,2026-09-16T11:38:42.040874+00:00,1.0
mae_takhrai,แม่ตะไคร้,เชียงใหม่,2564,2021,8,,,0,dnp_tourism,https://catalog.dnp.go.th/dataset/91d66c6a-5b88-41ee-8597-11be8aec5aa6/resource/be300299-f9a3-4eac-b558-0c088dd77a64/download/tourism59-68.csv,2026-09-16T11:38:42.040877+00:00,1.0
mae_takhrai,แม่ตะไคร้,เชียงใหม่,2564,2021,9,,,0,dnp_tourism,https://catalog.dnp.go.th/dataset/91d66c6a-5b88-41ee-8597-11be8aec5aa6/resource/be300299-f9a3-4eac-b558-0c088dd77a64/download/tourism59-68.csv,2026-09-16T11:38:42.040879+00:00,1.0
khun_khan,ขุนขาน,เชียงใหม่,2564,2020,10,,,26,dnp_tourism,https://catalog.dnp.go.th/dataset/91d66c6a-5b88-41ee-8597-11be8aec5aa6/resource/be300299-f9a3-4eac-b558-0c088dd77a64/download/tourism59-68.csv,2026-09-16T11:38:42.040887+00:00,1.0
khun_khan,ขุนขาน,เชียงใหม่,2564,2020,11,,,958,dnp_tourism,https://catalog.dnp.go.th/dataset/91d66c6a-5b88-41ee-8597-11be8aec5aa6/resource/be300299-f9a3-4eac-b558-0c088dd77a64/download/tourism59-68.csv,2026-09-16T11:38:42.040890+00:00,1.0
khun_khan,ขุนขาน,เชียงใหม่,2564,2020,12,,,170,dnp_tourism,https://catalog.dnp.go.th/dataset/91d66c6a-5b88-41ee-8597-11be8aec5aa6/resource/be300299-f9a3-4eac-b558-0c088dd77a64/download/tourism59-68.csv,2026-09-16T11:38:42.040892+00:00,1.0
khun_khan,ขุนขาน,เชียงใหม่,2564,2021,1,,,118,dnp_tourism,https://catalog.dnp.go.th/dataset/91d66c6a-5b88-41ee-8597-11be8aec5aa6/resource/be300299-f9a3-4eac-b558-0c088dd77a64/download/tourism59-68.csv,2026-09-16T11:38:42.040895+00:00,1.0
khun_khan,ขุนขาน,เชียงใหม่,2564,2021,2,,,48,dnp_tourism,https://catalog.dnp.go.th/dataset/91d66c6a-5b88-41ee-8597-11be8aec5aa6/resource/be300299-f9a3-4eac-b558-0c088dd77a64/download/tourism59-68.csv,2026-09-16T11:38:42.040897+00:00,1.0
khun_khan,ขุนขาน,เชียงใหม่,2564,2021,3,,,32,dnp_tourism,https://catalog.dnp.go.th/dataset/91d66c6a-5b88-41ee-8597-11be8aec5aa6/resource/be300299-f9a3-4eac-b558-0c088dd77a64/download/tourism59-68.csv,2026-09-16T11:38:42.040900+00:00,1.0
khun_khan,ขุนขาน,เชียงใหม่,2564,2021,4,,,10,dnp_tourism,https://catalog.dnp.go.th/dataset/91d66c6a-5b88-41ee-8597-11be8aec5aa6/resource/be300299-f9a3-4eac-b558-0c088dd77a64/download/tourism59-68.csv,2026-09-16T11:38:42.040902+00:00,1.0
khun_khan,ขุนขาน,เชียงใหม่,2564,2021,5,,,0,dnp_tourism,https://catalog.dnp.go.th/dataset/91d66c6a-5b88-41ee-8597-11be8aec5aa6/resource/be300299-f9a3-4eac-b558-0c088dd77a64/download/tourism59-68.csv,2026-09-16T11:38:42.040905+00:00,1.0
khun_khan,ขุนขาน,เชียงใหม่,2564,2021,6,,,0,dnp_tourism,https://catalog.dnp.go.th/dataset/91d66c6a-5b88-41ee-8597-11be8aec5aa6/resource/be300299-f9a3-4eac-b558-0c088dd77a64/download/tourism59-68.csv,2026-09-16T11:38:42.040907+00:00,1.0
khun_khan,ขุนขาน,เชียงใหม่,2564,2021,7,,,0,dnp_tourism,https://catalog.dnp.go.th/dataset/91d66c6a-5b88-41ee-8597-11be8aec5aa6/resource/be300299-f9a3-4eac-b558-0c088dd77a64/download/tourism59-68.csv,2026-09-16T11:38:42.040910+00:00,1.0
khun_khan,ขุนขาน,เชียงใหม่,2564,2021,8,,,5,dnp_tourism,https://catalog.dnp.go.th/dataset/91d66c6a-5b88-41ee-8597-11be8aec5aa6/resource/be300299-f9a3-4eac-b558-0c088dd77a64/download/tourism59-68.csv,2026-09-16T11:38:42.040912+00:00,1.0
khun_khan,ขุนขาน,เชียงใหม่,2564,2021,9,,,0,dnp_tourism,https://catalog.dnp.go.th/dataset/91d66c6a-5b88-41ee-8597-11be8aec5aa6/resource/be300299-f9a3-4eac-b558-0c088dd77a64/download/tourism59-68.csv,2026-09-16T11:38:42.040914+00:00,1.0
mae_wang,แม่วาง,เชียงใหม่,2564,2020,10,,,6516,dnp_tourism,https://catalog.dnp.go.th/dataset/91d66c6a-5b88-41ee-8597-11be8aec5aa6/resource/be300299-f9a3-4eac-b558-0c088dd77a64/download/tourism59-68.csv,2026-09-16T11:38:42.040923+00:00,1.0
mae_wang,แม่วาง,เชียงใหม่,2564,2020,11,,,11618,dnp_tourism,https://catalog.dnp.go.th/dataset/91d66c6a-5b88-41ee-8597-11be8aec5aa6/resource/be300299-f9a3-4eac-b558-0c088dd77a64/download/tourism59-68.csv,2026-09-16T11:38:42.040926+00:00,1.0
mae_wang,แม่วาง,เชียงใหม่,2564,2020,12,,,10109,dnp_tourism,https://catalog.dnp.go.th/dataset/91d66c6a-5b88-41ee-8597-11be8aec5aa6/resource/be300299-f9a3-4eac-b558-0c088dd77a64/download/tourism59-68.csv,2026-09-16T11:38:42.040928+00:00,1.0
mae_wang,แม่วาง,เชียงใหม่,2564,2021,1,,,3494,dnp_tourism,https://catalog.dnp.go.th/dataset/91d66c6a-5b88-41ee-8597-11be8aec5aa6/resource/be300299-f9a3-4eac-b558-0c088dd77a64/download/tourism59-68.csv,2026-09-16T11:38:42.040931+00:00,1.0
mae_wang,แม่วาง,เชียงใหม่,2564,2021,2,,,2341,dnp_tourism,https://catalog.dnp.go.th/dataset/91d66c6a-5b88-41ee-8597-11be8aec5aa6/resource/be300299-f9a3-4eac-b558-0c088dd77a64/download/tourism59-68.csv,2026-09-16T11:38:42.040933+00:00,1.0
mae_wang,แม่วาง,เชียงใหม่,2564,2021,3,,,0,dnp_tourism,https://catalog.dnp.go.th/dataset/91d66c6a-5b88-41ee-8597-11be8aec5aa6/resource/be300299-f9a3-4eac-b558-0c088dd77a64/download/tourism59-68.csv,2026-09-16T11:38:42.040937+00:00,1.0
mae_wang,แม่วาง,เชียงใหม่,2564,2021,4,,,0,dnp_tourism,https://catalog.dnp.go.th/dataset/91d66c6a-5b88-41ee-8597-11be8aec5aa6/resource/be300299-f9a3-4eac-b558-0c088dd77a64/download/tourism59-68.csv,2026-09-16T11:38:42.040939+00:00,1.0
mae_wang,แม่วาง,เชียงใหม่,2564,2021,5,,,0,dnp_tourism,https://catalog.dnp.go.th/dataset/91d66c6a-5b88-41ee-8597-11be8aec5aa6/resource/be300299-f9a3-4eac-b558-0c088dd77a64/download/tourism59-68.csv,2026-09-16T11:38:42.040943+00:00,1.0
mae_wang,แม่วาง,เชียงใหม่,2564,2021,6,,,758,dnp_tourism,https://catalog.dnp.go.th/dataset/91d66c6a-5b88-41ee-8597-11be8aec5aa6/resource/be300299-f9a3-4eac-b558-0c088dd77a64/download/tourism59-68.csv,2026-09-16T11:38:42.040946+00:00,1.0
mae_wang,แม่วาง,เชียงใหม่,2564,2021,7,,,0,dnp_tourism,https://catalog.dnp.go.th/dataset/91d66c6a-5b88-41ee-8597-11be8aec5aa6/resource/be300299-f9a3-4eac-b558-0c088dd77a64/download/tourism59-68.csv,2026-09-16T11:38:42.040949+00:00,1.0
mae_wang,แม่วาง,เชียงใหม่,2564,2021,8,,,0,dnp_tourism,https://catalog.dnp.go.th/dataset/91d66c6a-5b88-41ee-8597-11be8aec5aa6/resource/be300299-f9a3-4eac-b558-0c088dd77a64/download/tourism59-68.csv,2026-09-16T11:38:42.040951+00:00,1.0
mae_wang,แม่วาง,เชียงใหม่,2564,2021,9,,,0,dnp_tourism,https://catalog.dnp.go.th/dataset/91d66c6a-5b88-41ee-8597-11be8aec5aa6/resource/be300299-f9a3-4eac-b558-0c088dd77a64/download/tourism59-68.csv,2026-09-16T11:38:42.040954+00:00,1.0
doi_inthanon,ดอยอินทนนท์,เชียงใหม่,2565,2021,10,,,0,dnp_tourism,https://catalog.dnp.go.th/dataset/91d66c6a-5b88-41ee-8597-11be8aec5aa6/resource/be300299-f9a3-4eac-b558-0c088dd77a64/download/tourism59-68.csv,2026-09-16T11:38:42.041688+00:00,1.0
doi_inthanon,ดอยอินทนนท์,เชียงใหม่,2565,2021,11,,,33534,dnp_tourism,https://catalog.dnp.go.th/dataset/91d66c6a-5b88-41ee-8597-11be8aec5aa6/resource/be300299-f9a3-4eac-b558-0c088dd77a64/download/tourism59-68.csv,2026-09-16T11:38:42.041696+00:00,1.0
doi_inthanon,ดอยอินทนนท์,เชียงใหม่,2565,2021,12,,,127240,dnp_tourism,https://catalog.dnp.go.th/dataset/91d66c6a-5b88-41ee-8597-11be8aec5aa6/resource/be300299-f9a3-4eac-b558-0c088dd77a64/download/tourism59-68.csv,2026-09-16T11:38:42.041700+00:00,1.0
doi_inthanon,ดอยอินทนนท์,เชียงใหม่,2565,2022,1,,,86547,dnp_tourism,https://catalog.dnp.go.th/dataset/91d66c6a-5b88-41ee-8597-11be8aec5aa6/resource/be300299-f9a3-4eac-b558-0c088dd77a64/download/tourism59-68.csv,2026-09-16T11:38:42.041702+00:00,1.0
doi_inthanon,ดอยอินทนนท์,เชียงใหม่,2565,2022,2,,,29519,dnp_tourism,https://catalog.dnp.go.th/dataset/91d66c6a-5b88-41ee-8597-11be8aec5aa6/resource/be300299-f9a3-4eac-b558-0c088dd77a64/download/tourism59-68.csv,2026-09-16T11:38:42.041705+00:00,1.0
doi_inthanon,ดอยอินทนนท์,เชียงใหม่,2565,2022,3,,,15992,dnp_tourism,https://catalog.dnp.go.th/dataset/91d66c6a-5b88-41ee-8597-11be8aec5aa6/resource/be300299-f9a3-4eac-b558-0c088dd77a64/download/tourism59-68.csv,2026-09-16T11:38:42.041708+00:00,1.0
doi_inthanon,ดอยอินทนนท์,เชียงใหม่,2565,2022,4,,,35394,dnp_tourism,https://catalog.dnp.go.th/dataset/91d66c6a-5b88-41ee-8597-11be8aec5aa6/resource/be300299-f9a3-4eac-b558-0c088dd77a64/download/tourism59-68.csv,2026-09-16T11:38:42.041711+00:00,1.0
doi_inthanon,ดอยอินทนนท์,เชียงใหม่,2565,2022,5,,,16065,dnp_tourism,https://catalog.dnp.go.th/dataset/91d66c6a-5b88-41ee-8597-11be8aec5aa6/resource/be300299-f9a3-4eac-b558-0c088dd77a64/download/tourism59-68.csv,2026-09-16T11:38:42.041713+00:00,1.0
doi_inthanon,ดอยอินทนนท์,เชียงใหม่,2565,2022,6,,,15907,dnp_tourism,https://catalog.dnp.go.th/dataset/91d66c6a-5b88-41ee-8597-11be8aec5aa6/resource/be300299-f9a3-4eac-b558-0c088dd77a64/download/tourism59-68.csv,2026-09-16T11:38:42.041716+00:00,1.0
doi_inthanon,ดอยอินทนนท์,เชียงใหม่,2565,2022,7,,,27433,dnp_tourism,https://catalog.dnp.go.th/dataset/91d66c6a-5b88-41ee-8597-11be8aec5aa6/resource/be300299-f9a3-4eac-b558-0c088dd77a64/download/tourism59-68.csv,2026-09-16T11:38:42.041719+00:00,1.0
doi_inthanon,ดอยอินทนนท์,เชียงใหม่,2565,2022,8,,,27454,dnp_tourism,https://catalog.dnp.go.th/dataset/91d66c6a-5b88-41ee-8597-11be8aec5aa6/resource/be300299-f9a3-4eac-b558-0c088dd77a64/download/tourism59-68.csv,2026-09-16T11:38:42.041721+00:00,1.0
doi_inthanon,ดอยอินทนนท์,เชียงใหม่,2565,2022,9,,,24080,dnp_tourism,https://catalog.dnp.go.th/dataset/91d66c6a-5b88-41ee-8597-11be8aec5aa6/resource/be300299-f9a3-4eac-b558-0c088dd77a64/download/tourism59-68.csv,2026-09-16T11:38:42.041724+00:00,1.0
mae_ping,แม่ปิง,เชียงใหม่,2565,2021,10,,,619,dnp_tourism,https://catalog.dnp.go.th/dataset/91d66c6a-5b88-41ee-8597-11be8aec5aa6/resource/be300299-f9a3-4eac-b558-0c088dd77a64/download/tourism59-68.csv,2026-09-16T11:38:42.041734+00:00,1.0
mae_ping,แม่ปิง,เชียงใหม่,2565,2021,11,,,1253,dnp_tourism,https://catalog.dnp.go.th/dataset/91d66c6a-5b88-41ee-8597-11be8aec5aa6/resource/be300299-f9a3-4eac-b558-0c088dd77a64/download/tourism59-68.csv,2026-09-16T11:38:42.041737+00:00,1.0
mae_ping,แม่ปิง,เชียงใหม่,2565,2021,12,,,4238,dnp_tourism,https://catalog.dnp.go.th/dataset/91d66c6a-5b88-41ee-8597-11be8aec5aa6/resource/be300299-f9a3-4eac-b558-0c088dd77a64/download/tourism59-68.csv,2026-09-16T11:38:42.041740+00:00,1.0
mae_ping,แม่ปิง,เชียงใหม่,2565,2022,1,,,3374,dnp_tourism,https://catalog.dnp.go.th/dataset/91d66c6a-5b88-41ee-8597-11be8aec5aa6/resource/be300299-f9a3-4eac-b558-0c088dd77a64/download/tourism59-68.csv,2026-09-16T11:38:42.041742+00:00,1.0
mae_ping,แม่ปิง,เชียงใหม่,2565,2022,2,,,1774,dnp_tourism,https://catalog.dnp.go.th/dataset/91d66c6a-5b88-41ee-8597-11be8aec5aa6/resource/be300299-f9a3-4eac-b558-0c088dd77a64/download/tourism59-68.csv,2026-09-16T11:38:42.041745+00:00,1.0
mae_ping,แม่ปิง,เชียงใหม่,2565,2022,3,,,1367,dnp_tourism,https://catalog.dnp.go.th/dataset/91d66c6a-5b88-41ee-8597-11be8aec5aa6/resource/be300299-f9a3-4eac-b558-0c088dd77a64/download/tourism59-68.csv,2026-09-16T11:38:42.041747+00:00,1.0
mae_ping,แม่ปิง,เชียงใหม่,2565,2022,4,,,3300,dnp_tourism,https://catalog.dnp.go.th/dataset/91d66c6a-5b88-41ee-8597-11be8aec5aa6/resource/be300299-f9a3-4eac-b558-0c088dd77a64/download/tourism59-68.csv,2026-09-16T11:38:42.041750+00:00,1.0
mae_ping,แม่ปิง,เชียงใหม่,2565,2022,5,,,969,dnp_tourism,https://catalog.dnp.go.th/dataset/91d66c6a-5b88-41ee-8597-11be8aec5aa6/resource/be300299-f9a3-4eac-b558-0c088dd77a64/download/tourism59-68.csv,2026-09-16T11:38:42.041753+00:00,1.0
mae_ping,แม่ปิง,เชียงใหม่,2565,2022,6,,,675,dnp_tourism,https://catalog.dnp.go.th/dataset/91d66c6a-5b88-41ee-8597-11be8aec5aa6/resource/be300299-f9a3-4eac-b558-0c088dd77a64/download/tourism59-68.csv,2026-09-16T11:38:42.041755+00:00,1.0
mae_ping,แม่ปิง,เชียงใหม่,2565,2022,7,,,0,dnp_tourism,https://catalog.dnp.go.th/dataset/91d66c6a-5b88-41ee-8597-11be8aec5aa6/resource/be300299-f9a3-4eac-b558-0c088dd77a64/download/tourism59-68.csv,2026-09-16T11:38:42.041758+00:00,1.0
mae_ping,แม่ปิง,เชียงใหม่,2565,2022,8,,,0,dnp_tourism,https://catalog.dnp.go.th/dataset/91d66c6a-5b88-41ee-8597-11be8aec5aa6/resource/be300299-f9a3-4eac-b558-0c088dd77a64/download/tourism59-68.csv,2026-09-16T11:38:42.041760+00:00,1.0
mae_ping,แม่ปิง,เชียงใหม่,2565,2022,9,,,0,dnp_tourism,https://catalog.dnp.go.th/dataset/91d66c6a-5b88-41ee-8597-11be8aec5aa6/resource/be300299-f9a3-4eac-b558-0c088dd77a64/download/tourism59-68.csv,2026-09-16T11:38:42.041763+00:00,1.0
pha_daeng,ผาแดง,เชียงใหม่,2565,2021,10,,,697,dnp_tourism,https://catalog.dnp.go.th/dataset/91d66c6a-5b88-41ee-8597-11be8aec5aa6/resource/be300299-f9a3-4eac-b558-0c088dd77a64/download/tourism59-68.csv,2026-09-16T11:38:42.041772+00:00,1.0
pha_daeng,ผาแดง,เชียงใหม่,2565,2021,11,,,1093,dnp_tourism,https://catalog.dnp.go.th/dataset/91d66c6a-5b88-41ee-8597-11be8aec5aa6/resource/be300299-f9a3-4eac-b558-0c088dd77a64/download/tourism59-68.csv,2026-09-16T11:38:42.041775+00:00,1.0
pha_daeng,ผาแดง,เชียงใหม่,2565,2021,12,,,4258,dnp_tourism,https://catalog.dnp.go.th/dataset/91d66c6a-5b88-41ee-8597-11be8aec5aa6/resource/be300299-f9a3-4eac-b558-0c088dd77a64/download/tourism59-68.csv,2026-09-16T11:38:42.041777+00:00,1.0
pha_daeng,ผาแดง,เชียงใหม่,2565,2022,1,,,3898,dnp_tourism,https://catalog.dnp.go.th/dataset/91d66c6a-5b88-41ee-8597-11be8aec5aa6/resource/be300299-f9a3-4eac-b558-0c088dd77a64/download/tourism59-68.csv,2026-09-16T11:38:42.041779+00:00,1.0
pha_daeng,ผาแดง,เชียงใหม่,2565,2022,2,,,1464,dnp_tourism,https://catalog.dnp.go.th/dataset/91d66c6a-5b88-41ee-8597-11be8aec5aa6/resource/be300299-f9a3-4eac-b558-0c088dd77a64/download/tourism59-68.csv,2026-09-16T11:38:42.041782+00:00,1.0
pha_daeng,ผาแดง,เชียงใหม่,2565,2022,3,,,1579,dnp_tourism,https://catalog.dnp.go.th/dataset/91d66c6a-5b88-41ee-8597-11be8aec5aa6/resource/be300299-f9a3-4eac-b558-0c088dd77a64/download/tourism59-68.csv,2026-09-16T11:38:42.041785+00:00,1.0
pha_daeng,ผาแดง,เชียงใหม่,2565,2022,4,,,3924,dnp_tourism,https://catalog.dnp.go.th/dataset/91d66c6a-5b88-41ee-8597-11be8aec5aa6/resource/be300299-f9a3-4eac-b558-0c088dd77a64/download/tourism59-68.csv,2026-09-16T11:38:42.041787+00:00,1.0
pha_daeng,ผาแดง,เชียงใหม่,2565,2022,5,,,1419,dnp_tourism,https://catalog.dnp.go.th/dataset/91d66c6a-5b88-41ee-8597-11be8aec5aa6/resource/be300299-f9a3-4eac-b558-0c088dd77a64/download/tourism59-68.csv,2026-09-16T11:38:42.041789+00:00,1.0
pha_daeng,ผาแดง,เชียงใหม่,2565,2022,6,,,991,dnp_tourism,https://catalog.dnp.go.th/dataset/91d66c6a-5b88-41ee-8597-11be8aec5aa6/resource/be300299-f9a3-4eac-b558-0c088dd77a64/download/tourism59-68.csv,2026-09-16T11:38:42.041792+00:00,1.0
pha_daeng,ผาแดง,เชียงใหม่,2565,2022,7,,,1260,dnp_tourism,https://catalog.dnp.go.th/dataset/91d66c6a-5b88-41ee-8597-11be8aec5aa6/resource/be300299-f9a3-4eac-b558-0c088dd77a64/download/tourism59-68.csv,2026-09-16T11:38:42.041794+00:00,1.0
pha_daeng,ผาแดง,เชียงใหม่,2565,2022,8,,,978,dnp_tourism,https://catalog.dnp.go.th/dataset/91d66c6a-5b88-41ee-8597-11be8aec5aa6/resource/be300299-f9a3-4eac-b558-0c088dd77a64/download/tourism59-68.csv,2026-09-16T11:38:42.041797+00:00,1.0
pha_daeng,ผาแดง,เชียงใหม่,2565,2022,9,,,1042,dnp_tourism,https://catalog.dnp.go.th/dataset/91d66c6a-5b88-41ee-8597-11be8aec5aa6/resource/be300299-f9a3-4eac-b558-0c088dd77a64/download/tourism59-68.csv,2026-09-16T11:38:42.041805+00:00,1.0
doi_pha_hom_pok,ดอยผ้าห่มปก,เชียงใหม่,2565,2021,10,,,1197,dnp_tourism,https://catalog.dnp.go.th/dataset/91d66c6a-5b88-41ee-8597-11be8aec5aa6/resource/be300299-f9a3-4eac-b558-0c088dd77a64/download/tourism59-68.csv,2026-09-16T11:38:42.041815+00:00,1.0
doi_pha_hom_pok,ดอยผ้าห่มปก,เชียงใหม่,2565,2021,11,,,3341,dnp_tourism,https://catalog.dnp.go.th/dataset/91d66c6a-5b88-41ee-8597-11be8aec5aa6/resource/be300299-f9a3-4eac-b558-0c088dd77a64/download/tourism59-68.csv,2026-09-16T11:38:42.041817+00:00,1.0
doi_pha_hom_pok,ดอยผ้าห่มปก,เชียงใหม่,2565,2021,12,,,16266,dnp_tourism,https://catalog.dnp.go.th/dataset/91d66c6a-5b88-41ee-8597-11be8aec5aa6/resource/be300299-f9a3-4eac-b558-0c088dd77a64/download/tourism59-68.csv,2026-09-16T11:38:42.041820+00:00,1.0
doi_pha_hom_pok,ดอยผ้าห่มปก,เชียงใหม่,2565,2022,1,,,15394,dnp_tourism,https://catalog.dnp.go.th/dataset/91d66c6a-5b88-41ee-8597-11be8aec5aa6/resource/be300299-f9a3-4eac-b558-0c088dd77a64/download/tourism59-68.csv,2026-09-16T11:38:42.041822+00:00,1.0
doi_pha_hom_pok,ดอยผ้าห่มปก,เชียงใหม่,2565,2022,2,,,7338,dnp_tourism,https://catalog.dnp.go.th/dataset/91d66c6a-5b88-41ee-8597-11be8aec5aa6/resource/be300299-f9a3-4eac-b558-0c088dd77a64/download/tourism59-68.csv,2026-09-16T11:38:42.041825+00:00,1.0
doi_pha_hom_pok,ดอยผ้าห่มปก,เชียงใหม่,2565,2022,3,,,3738,dnp_tourism,https://catalog.dnp.go.th/dataset/91d66c6a-5b88-41ee-8597-11be8aec5aa6/resource/be300299-f9a3-4eac-b558-0c088dd77a64/download/tourism59-68.csv,2026-09-16T11:38:42.041827+00:00,1.0
doi_pha_hom_pok,ดอยผ้าห่มปก,เชียงใหม่,2565,2022,4,,,12193,dnp_tourism,https://catalog.dnp.go.th/dataset/91d66c6a-5b88-41ee-8597-11be8aec5aa6/resource/be300299-f9a3-4eac-b558-0c088dd77a64/download/tourism59-68.csv,2026-09-16T11:38:42.041830+00:00,1.0
doi_pha_hom_pok,ดอยผ้าห่มปก,เชียงใหม่,2565,2022,5,,,2917,dnp_tourism,https://catalog.dnp.go.th/dataset/91d66c6a-5b88-41ee-8597-11be8aec5aa6/resource/be300299-f9a3-4eac-b558-0c088dd77a64/download/tourism59-68.csv,2026-09-16T11:38:42.041832+00:00,1.0
doi_pha_hom_pok,ดอยผ้าห่มปก,เชียงใหม่,2565,2022,6,,,3097,dnp_tourism,https://catalog.dnp.go.th/dataset/91d66c6a-5b88-41ee-8597-11be8aec5aa6/resource/be300299-f9a3-4eac-b558-0c088dd77a64/download/tourism59-68.csv,2026-09-16T11:38:42.041835+00:00,1.0
doi_pha_hom_pok,ดอยผ้าห่มปก,เชียงใหม่,2565,2022,7,,,4813,dnp_tourism,https://catalog.dnp.go.th/dataset/91d66c6a-5b88-41ee-8597-11be8aec5aa6/resource/be300299-f9a3-4eac-b558-0c088dd77a64/download/tourism59-68.csv,2026-09-16T11:38:42.041837+00:00,1.0
doi_pha_hom_pok,ดอยผ้าห่มปก,เชียงใหม่,2565,2022,8,,,2210,dnp_tourism,https://catalog.dnp.go.th/dataset/91d66c6a-5b88-41ee-8597-11be8aec5aa6/resource/be300299-f9a3-4eac-b558-0c088dd77a64/download/tourism59-68.csv,2026-09-16T11:38:42.041839+00:00,1.0
doi_pha_hom_pok,ดอยผ้าห่มปก,เชียงใหม่,2565,2022,9,,,2381,dnp_tourism,https://catalog.dnp.go.th/dataset/91d66c6a-5b88-41ee-8597-11be8aec5aa6/resource/be300299-f9a3-4eac-b558-0c088dd77a64/download/tourism59-68.csv,2026-09-16T11:38:42.041842+00:00,1.0
huai_nam_dang,ห้วยน้ำดัง,เชียงใหม่,2565,2021,10,,,3814,dnp_tourism,https://catalog.dnp.go.th/dataset/91d66c6a-5b88-41ee-8597-11be8aec5aa6/resource/be300299-f9a3-4eac-b558-0c088dd77a64/download/tourism59-68.csv,2026-09-16T11:38:42.041851+00:00,1.0
huai_nam_dang,ห้วยน้ำดัง,เชียงใหม่,2565,2021,11,,,8343,dnp_tourism,https://catalog.dnp.go.th/dataset/91d66c6a-5b88-41ee-8597-11be8aec5aa6/resource/be300299-f9a3-4eac-b558-0c088dd77a64/download/tourism59-68.csv,2026-09-16T11:38:42.041853+00:00,1.0
huai_nam_dang,ห้วยน้ำดัง,เชียงใหม่,2565,2021,12,,,34376,dnp_tourism,https://catalog.dnp.go.th/dataset/91d66c6a-5b88-41ee-8597-11be8aec5aa6/resource/be300299-f9a3-4eac-b558-0c088dd77a64/download/tourism59-68.csv,2026-09-16T11:38:42.041856+00:00,1.0
huai_nam_dang,ห้วยน้ำดัง,เชียงใหม่,2565,2022,1,,,19810,dnp_tourism,https://catalog.dnp.go.th/dataset/91d66c6a-5b88-41ee-8597-11be8aec5aa6/resource/be300299-f9a3-4eac-b558-0c088dd77a64/download/tourism59-68.csv,2026-09-16T11:38:42.041858+00:00,1.0
huai_nam_dang,ห้วยน้ำดัง,เชียงใหม่,2565,2022,2,,,7795,dnp_tourism,https://catalog.dnp.go.th/dataset/91d66c6a-5b88-41ee-8597-11be8aec5aa6/resource/be300299-f9a3-4eac-b558-0c088dd77a64/download/tourism59-68.csv,2026-09-16T11:38:42.041861+00:00,1.0
huai_nam_dang,ห้วยน้ำดัง,เชียงใหม่,2565,2022,3,,,2578,dnp_tourism,https://catalog.dnp.go.th/dataset/91d66c6a-5b88-41ee-8597-11be8aec5aa6/resource/be300299-f9a3-4eac-b558-0c088dd77a64/download/tourism59-68.csv,2026-09-16T11:38:42.041863+00:00,1.0
huai_nam_dang,ห้วยน้ำดัง,เชียงใหม่,2565,2022,4,,,4158,dnp_tourism,https://catalog.dnp.go.th/dataset/91d66c6a-5b88-41ee-8597-11be8aec5aa6/resource/be300299-f9a3-4eac-b558-0c088dd77a64/download/tourism59-68.csv,2026-09-16T11:38:42.041866+00:00,1.0
huai_nam_dang,ห้วยน้ำดัง,เชียงใหม่,2565,2022,5,,,3068,dnp_tourism,https://catalog.dnp.go.th/dataset/91d66c6a-5b88-41ee-8597-11be8aec5aa6/resource/be300299-f9a3-4eac-b558-0c088dd77a64/download/tourism59-68.csv,2026-09-16T11:38:42.041868+00:00,1.0
huai_nam_dang,ห้วยน้ำดัง,เชียงใหม่,2565,2022,6,,,3240,dnp_tourism,https://catalog.dnp.go.th/dataset/91d66c6a-5b88-41ee-8597-11be8aec5aa6/resource/be300299-f9a3-4eac-b558-0c088dd77a64/download/tourism59-68.csv,2026-09-16T11:38:42.041870+00:00,1.0
huai_nam_dang,ห้วยน้ำดัง,เชียงใหม่,2565,2022,7,,,3648,dnp_tourism,https://catalog.dnp.go.th/dataset/91d66c6a-5b88-41ee-8597-11be8aec5aa6/resource/be300299-f9a3-4eac-b558-0c088dd77a64/download/tourism59-68.csv,2026-09-16T11:38:42.041873+00:00,1.0
huai_nam_dang,ห้วยน้ำดัง,เชียงใหม่,2565,2022,8,,,3034,dnp_tourism,https://catalog.dnp.go.th/dataset/91d66c6a-5b88-41ee-8597-11be8aec5aa6/resource/be300299-f9a3-4eac-b558-0c088dd77a64/download/tourism59-68.csv,2026-09-16T11:38:42.041875+00:00,1.0
huai_nam_dang,ห้วยน้ำดัง,เชียงใหม่,2565,2022,9,,,2097,dnp_tourism,https://catalog.dnp.go.th/dataset/91d66c6a-5b88-41ee-8597-11be8aec5aa6/resource/be300299-f9a3-4eac-b558-0c088dd77a64/download/tourism59-68.csv,2026-09-16T11:38:42.041878+00:00,1.0
doi_suthep_pui,ดอยสุเทพ-ปุย,เชียงใหม่,2565,2021,10,,,2497,dnp_tourism,https://catalog.dnp.go.th/dataset/91d66c6a-5b88-41ee-8597-11be8aec5aa6/resource/be300299-f9a3-4eac-b558-0c088dd77a64/download/tourism59-68.csv,2026-09-16T11:38:42.041887+00:00,1.0
doi_suthep_pui,ดอยสุเทพ-ปุย,เชียงใหม่,2565,2021,11,,,7451,dnp_tourism,https://catalog.dnp.go.th/dataset/91d66c6a-5b88-41ee-8597-11be8aec5aa6/resource/be300299-f9a3-4eac-b558-0c088dd77a64/download/tourism59-68.csv,2026-09-16T11:38:42.041889+00:00,1.0
doi_suthep_pui,ดอยสุเทพ-ปุย,เชียงใหม่,2565,2021,12,,,11721,dnp_tourism,https://catalog.dnp.go.th/dataset/91d66c6a-5b88-41ee-8597-11be8aec5aa6/resource/be300299-f9a3-4eac-b558-0c088dd77a64/download/tourism59-68.csv,2026-09-16T11:38:42.041892+00:00,1.0
doi_suthep_pui,ดอยสุเทพ-ปุย,เชียงใหม่,2565,2022,1,,,16497,dnp_tourism,https://catalog.dnp.go.th/dataset/91d66c6a-5b88-41ee-8597-11be8aec5aa6/resource/be300299-f9a3-4eac-b558-0c088dd77a64/download/tourism59-68.csv,2026-09-16T11:38:42.041896+00:00,1.0
doi_suthep_pui,ดอยสุเทพ-ปุย,เชียงใหม่,2565,2022,2,,,9147,dnp_tourism,https://catalog.dnp.go.th/dataset/91d66c6a-5b88-41ee-8597-11be8aec5aa6/resource/be300299-f9a3-4eac-b558-0c088dd77a64/download/tourism59-68.csv,2026-09-16T11:38:42.041899+00:00,1.0
doi_suthep_pui,ดอยสุเทพ-ปุย,เชียงใหม่,2565,2022,3,,,10119,dnp_tourism,https://catalog.dnp.go.th/dataset/91d66c6a-5b88-41ee-8597-11be8aec5aa6/resource/be300299-f9a3-4eac-b558-0c088dd77a64/download/tourism59-68.csv,2026-09-16T11:38:42.041902+00:00,1.0
doi_suthep_pui,ดอยสุเทพ-ปุย,เชียงใหม่,2565,2022,4,,,21180,dnp_tourism,https://catalog.dnp.go.th/dataset/91d66c6a-5b88-41ee-8597-11be8aec5aa6/resource/be300299-f9a3-4eac-b558-0c088dd77a64/download/tourism59-68.csv,2026-09-16T11:38:42.041904+00:00,1.0
doi_suthep_pui,ดอยสุเทพ-ปุย,เชียงใหม่,2565,2022,5,,,8907,dnp_tourism,https://catalog.dnp.go.th/dataset/91d66c6a-5b88-41ee-8597-11be8aec5aa6/resource/be300299-f9a3-4eac-b558-0c088dd77a64/download/tourism59-68.csv,2026-09-16T11:38:42.041907+00:00,1.0
doi_suthep_pui,ดอยสุเทพ-ปุย,เชียงใหม่,2565,2022,6,,,9811,dnp_tourism,https://catalog.dnp.go.th/dataset/91d66c6a-5b88-41ee-8597-11be8aec5aa6/resource/be300299-f9a3-4eac-b558-0c088dd77a64/download/tourism59-68.csv,2026-09-16T11:38:42.041909+00:00,1.0
doi_suthep_pui,ดอยสุเทพ-ปุย,เชียงใหม่,2565,2022,7,,,12688,dnp_tourism,https://catalog.dnp.go.th/dataset/91d66c6a-5b88-41ee-8597-11be8aec5aa6/resource/be300299-f9a3-4eac-b558-0c088dd77a64/download/tourism59-68.csv,2026-09-16T11:38:42.041911+00:00,1.0
doi_suthep_pui,ดอยสุเทพ-ปุย,เชียงใหม่,2565,2022,8,,,10290,dnp_tourism,https://catalog.dnp.go.th/dataset/91d66c6a-5b88-41ee-8597-11be8aec5aa6/resource/be300299-f9a3-4eac-b558-0c088dd77a64/download/tourism59-68.csv,2026-09-16T11:38:42.041914+00:00,1.0
doi_suthep_pui,ดอยสุเทพ-ปุย,เชียงใหม่,2565,2022,9,,,7169,dnp_tourism,https://catalog.dnp.go.th/dataset/91d66c6a-5b88-41ee-8597-11be8aec5aa6/resource/be300299-f9a3-4eac-b558-0c088dd77a64/download/tourism59-68.csv,2026-09-16T11:38:42.041916+00:00,1.0
ob_luang,ออบหลวง,เชียงใหม่,2565,2021,10,,,0,dnp_tourism,https://catalog.dnp.go.th/dataset/91d66c6a-5b88-41ee-8597-11be8aec5aa6/resource/be300299-f9a3-4eac-b558-0c088dd77a64/download/tourism59-68.csv,2026-09-16T11:38:42.041926+00:00,1.0
ob_luang,ออบหลวง,เชียงใหม่,2565,2021,11,,,1157,dnp_tourism,https://catalog.dnp.go.th/dataset/91d66c6a-5b88-41ee-8597-11be8aec5aa6/resource/be300299-f9a3-4eac-b558-0c088dd77a64/download/tourism59-68.csv,2026-09-16T11:38:42.041928+00:00,1.0
ob_luang,ออบหลวง,เชียงใหม่,2565,2021,12,,,7043,dnp_tourism,https://catalog.dnp.go.th/dataset/91d66c6a-5b88-41ee-8597-11be8aec5aa6/resource/be300299-f9a3-4eac-b558-0c088dd77a64/download/tourism59-68.csv,2026-09-16T11:38:42.041931+00:00,1.0
ob_luang,ออบหลวง,เชียงใหม่,2565,2022,1,,,5666,dnp_tourism,https://catalog.dnp.go.th/dataset/91d66c6a-5b88-41ee-8597-11be8aec5aa6/resource/be300299-f9a3-4eac-b558-0c088dd77a64/download/tourism59-68.csv,2026-09-16T11:38:42.041935+00:00,1.0
ob_luang,ออบหลวง,เชียงใหม่,2565,2022,2,,,2422,dnp_tourism,https://catalog.dnp.go.th/dataset/91d66c6a-5b88-41ee-8597-11be8aec5aa6/resource/be300299-f9a3-4eac-b558-0c088dd77a64/download/tourism59-68.csv,2026-09-16T11:38:42.041938+00:00,1.0
ob_luang,ออบหลวง,เชียงใหม่,2565,2022,3,,,1263,dnp_tourism,https://catalog.dnp.go.th/dataset/91d66c6a-5b88-41ee-8597-11be8aec5aa6/resource/be300299-f9a3-4eac-b558-0c088dd77a64/download/tourism59-68.csv,2026-09-16T11:38:42.041940+00:00,1.0
ob_luang,ออบหลวง,เชียงใหม่,2565,2022,4,,,2226,dnp_tourism,https://catalog.dnp.go.th/dataset/91d66c6a-5b88-41ee-8597-11be8aec5aa6/resource/be300299-f9a3-4eac-b558-0c088dd77a64/download/tourism59-68.csv,2026-09-16T11:38:42.041943+00:00,1.0
ob_luang,ออบหลวง,เชียงใหม่,2565,2022,5,,,1281,dnp_tourism,https://catalog.dnp.go.th/dataset/91d66c6a-5b88-41ee-8597-11be8aec5aa6/resource/be300299-f9a3-4eac-b558-0c088dd77a64/download/tourism59-68.csv,2026-09-16T11:38:42.041945+00:00,1.0
ob_luang,ออบหลวง,เชียงใหม่,2565,2022,6,,,1040,dnp_tourism,https://catalog.dnp.go.th/dataset/91d66c6a-5b88-41ee-8597-11be8aec5aa6/resource/be300299-f9a3-4eac-b558-0c088dd77a64/download/tourism59-68.csv,2026-09-16T11:38:42.041959+00:00,1.0
ob_luang,ออบหลวง,เชียงใหม่,2565,2022,7,,,1724,dnp_tourism,https://catalog.dnp.go.th/dataset/91d66c6a-5b88-41ee-8597-11be8aec5aa6/resource/be300299-f9a3-4eac-b558-0c088dd77a64/download/tourism59-68.csv,2026-09-16T11:38:42.041962+00:00,1.0
ob_luang,ออบหลวง,เชียงใหม่,2565,2022,8,,,1098,dnp_tourism,https://catalog.dnp.go.th/dataset/91d66c6a-5b88-41ee-8597-11be8aec5aa6/resource/be300299-f9a3-4eac-b558-0c088dd77a64/download/tourism59-68.csv,2026-09-16T11:38:42.041965+00:00,1.0
ob_luang,ออบหลวง,เชียงใหม่,2565,2022,9,,,1077,dnp_tourism,https://catalog.dnp.go.th/dataset/91d66c6a-5b88-41ee-8597-11be8aec5aa6/resource/be300299-f9a3-4eac-b558-0c088dd77a64/download/tourism59-68.csv,2026-09-16T11:38:42.041967+00:00,1.0
sri_lanna,ศรีลานนา,เชียงใหม่,2565,2021,10,,,4086,dnp_tourism,https://catalog.dnp.go.th/dataset/91d66c6a-5b88-41ee-8597-11be8aec5aa6/resource/be300299-f9a3-4eac-b558-0c088dd77a64/download/tourism59-68.csv,2026-09-16T11:38:42.041976+00:00,1.0
sri_lanna,ศรีลานนา,เชียงใหม่,2565,2021,11,,,4395,dnp_tourism,https://catalog.dnp.go.th/dataset/91d66c6a-5b88-41ee-8597-11be8aec5aa6/resource/be300299-f9a3-4eac-b558-0c088dd77a64/download/tourism59-68.csv,2026-09-16T11:38:42.041978+00:00,1.0
sri_lanna,ศรีลานนา,เชียงใหม่,2565,2021,12,,,8814,dnp_tourism,https://catalog.dnp.go.th/dataset/91d66c6a-5b88-41ee-8597-11be8aec5aa6/resource/be300299-f9a3-4eac-b558-0c088dd77a64/download/tourism59-68.csv,2026-09-16T11:38:42.041981+00:00,1.0
sri_lanna,ศรีลานนา,เชียงใหม่,2565,2022,1,,,7168,dnp_tourism,https://catalog.dnp.go.th/dataset/91d66c6a-5b88-41ee-8597-11be8aec5aa6/resource/be300299-f9a3-4eac-b558-0c088dd77a64/download/tourism59-68.csv,2026-09-16T11:38:42.041983+00:00,1.0
sri_lanna,ศรีลานนา,เชียงใหม่,2565,2022,2,,,5000,dnp_tourism,https://catalog.dnp.go.th/dataset/91d66c6a-5b88-41ee-8597-11be8aec5aa6/resource/be300299-f9a3-4eac-b558-0c088dd77a64/download/tourism59-68.csv,2026-09-16T11:38:42.041986+00:00,1.0
sri_lanna,ศรีลานนา,เชียงใหม่,2565,2022,3,,,6675,dnp_tourism,https://catalog.dnp.go.th/dataset/91d66c6a-5b88-41ee-8597-11be8aec5aa6/resource/be300299-f9a3-4eac-b558-0c088dd77a64/download/tourism59-68.csv,2026-09-16T11:38:42.041988+00:00,1.0
sri_lanna,ศรีลานนา,เชียงใหม่,2565,2022,4,,,12331,dnp_tourism,https://catalog.dnp.go.th/dataset/91d66c6a-5b88-41ee-8597-11be8aec5aa6/resource/be300299-f9a3-4eac-b558-0c088dd77a64/download/tourism59-68.csv,2026-09-16T11:38:42.041991+00:00,1.0
sri_lanna,ศรีลานนา,เชียงใหม่,2565,2022,5,,,8318,dnp_tourism,https://catalog.dnp.go.th/dataset/91d66c6a-5b88-41ee-8597-11be8aec5aa6/resource/be300299-f9a3-4eac-b558-0c088dd77a64/download/tourism59-68.csv,2026-09-16T11:38:42.041993+00:00,1.0
sri_lanna,ศรีลานนา,เชียงใหม่,2565,2022,6,,,5747,dnp_tourism,https://catalog.dnp.go.th/dataset/91d66c6a-5b88-41ee-8597-11be8aec5aa6/resource/be300299-f9a3-4eac-b558-0c088dd77a64/download/tourism59-68.csv,2026-09-16T11:38:42.041996+00:00,1.0
sri_lanna,ศรีลานนา,เชียงใหม่,2565,2022,7,,,7900,dnp_tourism,https://catalog.dnp.go.th/dataset/91d66c6a-5b88-41ee-8597-11be8aec5aa6/resource/be300299-f9a3-4eac-b558-0c088dd77a64/download/tourism59-68.csv,2026-09-16T11:38:42.041999+00:00,1.0
sri_lanna,ศรีลานนา,เชียงใหม่,2565,2022,8,,,5363,dnp_tourism,https://catalog.dnp.go.th/dataset/91d66c6a-5b88-41ee-8597-11be8aec5aa6/resource/be300299-f9a3-4eac-b558-0c088dd77a64/download/tourism59-68.csv,2026-09-16T11:38:42.042001+00:00,1.0
sri_lanna,ศรีลานนา,เชียงใหม่,2565,2022,9,,,4896,dnp_tourism,https://catalog.dnp.go.th/dataset/91d66c6a-5b88-41ee-8597-11be8aec5aa6/resource/be300299-f9a3-4eac-b558-0c088dd77a64/download/tourism59-68.csv,2026-09-16T11:38:42.042003+00:00,1.0
mae_takhrai,แม่ตะไคร้,เชียงใหม่,2565,2021,10,,,0,dnp_tourism,https://catalog.dnp.go.th/dataset/91d66c6a-5b88-41ee-8597-11be8aec5aa6/resource/be300299-f9a3-4eac-b558-0c088dd77a64/download/tourism59-68.csv,2026-09-16T11:38:42.042029+00:00,1.0
mae_takhrai,แม่ตะไคร้,เชียงใหม่,2565,2021,11,,,512,dnp_tourism,https://catalog.dnp.go.th/dataset/91d66c6a-5b88-41ee-8597-11be8aec5aa6/resource/be300299-f9a3-4eac-b558-0c088dd77a64/download/tourism59-68.csv,2026-09-16T11:38:42.042032+00:00,1.0
mae_takhrai,แม่ตะไคร้,เชียงใหม่,2565,2021,12,,,1452,dnp_tourism,https://catalog.dnp.go.th/dataset/91d66c6a-5b88-41ee-8597-11be8aec5aa6/resource/be300299-f9a3-4eac-b558-0c088dd77a64/download/tourism59-68.csv,2026-09-16T11:38:42.042035+00:00,1.0
mae_takhrai,แม่ตะไคร้,เชียงใหม่,2565,2022,1,,,1223,dnp_tourism,https://catalog.dnp.go.th/dataset/91d66c6a-5b88-41ee-8597-11be8aec5aa6/resource/be300299-f9a3-4eac-b558-0c088dd77a64/download/tourism59-68.csv,2026-09-16T11:38:42.042037+00:00,1.0
mae_takhrai,แม่ตะไคร้,เชียงใหม่,2565,2022,2,,,670,dnp_tourism,https://catalog.dnp.go.th/dataset/91d66c6a-5b88-41ee-8597-11be8aec5aa6/resource/be300299-f9a3-4eac-b558-0c088dd77a64/download/tourism59-68.csv,2026-09-16T11:38:42.042039+00:00,1.0
mae_takhrai,แม่ตะไคร้,เชียงใหม่,2565,2022,3,,,1254,dnp_tourism,https://catalog.dnp.go.th/dataset/91d66c6a-5b88-41ee-8597-11be8aec5aa6/resource/be300299-f9a3-4eac-b558-0c088dd77a64/download/tourism59-68.csv,2026-09-16T11:38:42.042042+00:00,1.0
mae_takhrai,แม่ตะไคร้,เชียงใหม่,2565,2022,4,,,2333,dnp_tourism,https://catalog.dnp.go.th/dataset/91d66c6a-5b88-41ee-8597-11be8aec5aa6/resource/be300299-f9a3-4eac-b558-0c088dd77a64/download/tourism59-68.csv,2026-09-16T11:38:42.042044+00:00,1.0
mae_takhrai,แม่ตะไคร้,เชียงใหม่,2565,2022,5,,,941,dnp_tourism,https://catalog.dnp.go.th/dataset/91d66c6a-5b88-41ee-8597-11be8aec5aa6/resource/be300299-f9a3-4eac-b558-0c088dd77a64/download/tourism59-68.csv,2026-09-16T11:38:42.042047+00:00,1.0
mae_takhrai,แม่ตะไคร้,เชียงใหม่,2565,2022,6,,,0,dnp_tourism,https://catalog.dnp.go.th/dataset/91d66c6a-5b88-41ee-8597-11be8aec5aa6/resource/be300299-f9a3-4eac-b558-0c088dd77a64/download/tourism59-68.csv,2026-09-16T11:38:42.042049+00:00,1.0
mae_takhrai,แม่ตะไคร้,เชียงใหม่,2565,2022,7,,,0,dnp_tourism,https://catalog.dnp.go.th/dataset/91d66c6a-5b88-41ee-8597-11be8aec5aa6/resource/be300299-f9a3-4eac-b558-0c088dd77a64/download/tourism59-68.csv,2026-09-16T11:38:42.042052+00:00,1.0
mae_takhrai,แม่ตะไคร้,เชียงใหม่,2565,2022,8,,,13,dnp_tourism,https://catalog.dnp.go.th/dataset/91d66c6a-5b88-41ee-8597-11be8aec5aa6/resource/be300299-f9a3-4eac-b558-0c088dd77a64/download/tourism59-68.csv,2026-09-16T11:38:42.042054+00:00,1.0
mae_takhrai,แม่ตะไคร้,เชียงใหม่,2565,2022,9,,,226,dnp_tourism,https://catalog.dnp.go.th/dataset/91d66c6a-5b88-41ee-8597-11be8aec5aa6/resource/be300299-f9a3-4eac-b558-0c088dd77a64/download/tourism59-68.csv,2026-09-16T11:38:42.042057+00:00,1.0
khun_khan,ขุนขาน,เชียงใหม่,2565,2021,10,,,49,dnp_tourism,https://catalog.dnp.go.th/dataset/91d66c6a-5b88-41ee-8597-11be8aec5aa6/resource/be300299-f9a3-4eac-b558-0c088dd77a64/download/tourism59-68.csv,2026-09-16T11:38:42.042066+00:00,1.0
khun_khan,ขุนขาน,เชียงใหม่,2565,2021,11,,,152,dnp_tourism,https://catalog.dnp.go.th/dataset/91d66c6a-5b88-41ee-8597-11be8aec5aa6/resource/be300299-f9a3-4eac-b558-0c088dd77a64/download/tourism59-68.csv,2026-09-16T11:38:42.042068+00:00,1.0
khun_khan,ขุนขาน,เชียงใหม่,2565,2021,12,,,350,dnp_tourism,https://catalog.dnp.go.th/dataset/91d66c6a-5b88-41ee-8597-11be8aec5aa6/resource/be300299-f9a3-4eac-b558-0c088dd77a64/download/tourism59-68.csv,2026-09-16T11:38:42.042071+00:00,1.0
khun_khan,ขุนขาน,เชียงใหม่,2565,2022,1,,,545,dnp_tourism,https://catalog.dnp.go.th/dataset/91d66c6a-5b88-41ee-8597-11be8aec5aa6/resource/be300299-f9a3-4eac-b558-0c088dd77a64/download/tourism59-68.csv,2026-09-16T11:38:42.042073+00:00,1.0
khun_khan,ขุนขาน,เชียงใหม่,2565,2022,2,,,91,dnp_tourism,https://catalog.dnp.go.th/dataset/91d66c6a-5b88-41ee-8597-11be8aec5aa6/resource/be300299-f9a3-4eac-b558-0c088dd77a64/download/tourism59-68.csv,2026-09-16T11:38:42.042076+00:00,1.0
khun_khan,ขุนขาน,เชียงใหม่,2565,2022,3,,,60,dnp_tourism,https://catalog.dnp.go.th/dataset/91d66c6a-5b88-41ee-8597-11be8aec5aa6/resource/be300299-f9a3-4eac-b558-0c088dd77a64/download/tourism59-68.csv,2026-09-16T11:38:42.042078+00:00,1.0
khun_khan,ขุนขาน,เชียงใหม่,2565,2022,4,,,473,dnp_tourism,https://catalog.dnp.go.th/dataset/91d66c6a-5b88-41ee-8597-11be8aec5aa6/resource/be300299-f9a3-4eac-b558-0c088dd77a64/download/tourism59-68.csv,2026-09-16T11:38:42.042081+00:00,1.0
khun_khan,ขุนขาน,เชียงใหม่,2565,2022,5,,,260,dnp_tourism,https://catalog.dnp.go.th/dataset/91d66c6a-5b88-41ee-8597-11be8aec5aa6/resource/be300299-f9a3-4eac-b558-0c088dd77a64/download/tourism59-68.csv,2026-09-16T11:38:42.042086+00:00,1.0
khun_khan,ขุนขาน,เชียงใหม่,2565,2022,6,,,45,dnp_tourism,https://catalog.dnp.go.th/dataset/91d66c6a-5b88-41ee-8597-11be8aec5aa6/resource/be300299-f9a3-4eac-b558-0c088dd77a64/download/tourism59-68.csv,2026-09-16T11:38:42.042088+00:00,1.0
khun_khan,ขุนขาน,เชียงใหม่,2565,2022,7,,,61,dnp_tourism,https://catalog.dnp.go.th/dataset/91d66c6a-5b88-41ee-8597-11be8aec5aa6/resource/be300299-f9a3-4eac-b558-0c088dd77a64/download/tourism59-68.csv,2026-09-16T11:38:42.042091+00:00,1.0
khun_khan,ขุนขาน,เชียงใหม่,2565,2022,8,,,14,dnp_tourism,https://catalog.dnp.go.th/dataset/91d66c6a-5b88-41ee-8597-11be8aec5aa6/resource/be300299-f9a3-4eac-b558-0c088dd77a64/download/tourism59-68.csv,2026-09-16T11:38:42.042093+00:00,1.0
khun_khan,ขุนขาน,เชียงใหม่,2565,2022,9,,,30,dnp_tourism,https://catalog.dnp.go.th/dataset/91d66c6a-5b88-41ee-8597-11be8aec5aa6/resource/be300299-f9a3-4eac-b558-0c088dd77a64/download/tourism59-68.csv,2026-09-16T11:38:42.042095+00:00,1.0
mae_wang,แม่วาง,เชียงใหม่,2565,2021,10,,,0,dnp_tourism,https://catalog.dnp.go.th/dataset/91d66c6a-5b88-41ee-8597-11be8aec5aa6/resource/be300299-f9a3-4eac-b558-0c088dd77a64/download/tourism59-68.csv,2026-09-16T11:38:42.042107+00:00,1.0
mae_wang,แม่วาง,เชียงใหม่,2565,2021,11,,,2527,dnp_tourism,https://catalog.dnp.go.th/dataset/91d66c6a-5b88-41ee-8597-11be8aec5aa6/resource/be300299-f9a3-4eac-b558-0c088dd77a64/download/tourism59-68.csv,2026-09-16T11:38:42.042110+00:00,1.0
mae_wang,แม่วาง,เชียงใหม่,2565,2021,12,,,10205,dnp_tourism,https://catalog.dnp.go.th/dataset/91d66c6a-5b88-41ee-8597-11be8aec5aa6/resource/be300299-f9a3-4eac-b558-0c088dd77a64/download/tourism59-68.csv,2026-09-16T11:38:42.042112+00:00,1.0
mae_wang,แม่วาง,เชียงใหม่,2565,2022,1,,,6639,dnp_tourism,https://catalog.dnp.go.th/dataset/91d66c6a-5b88-41ee-8597-11be8aec5aa6/resource/be300299-f9a3-4eac-b558-0c088dd77a64/download/tourism59-68.csv,2026-09-16T11:38:42.042115+00:00,1.0
mae_wang,แม่วาง,เชียงใหม่,2565,2022,2,,,3190,dnp_tourism,https://catalog.dnp.go.th/dataset/91d66c6a-5b88-41ee-8597-11be8aec5aa6/resource/be300299-f9a3-4eac-b558-0c088dd77a64/download/tourism59-68.csv,2026-09-16T11:38:42.042117+00:00,1.0
mae_wang,แม่วาง,เชียงใหม่,2565,2022,3,,,1694,dnp_tourism,https://catalog.dnp.go.th/dataset/91d66c6a-5b88-41ee-8597-11be8aec5aa6/resource/be300299-f9a3-4eac-b558-0c088dd77a64/download/tourism59-68.csv,2026-09-16T11:38:42.042120+00:00,1.0
mae_wang,แม่วาง,เชียงใหม่,2565,2022,4,,,2377,dnp_tourism,https://catalog.dnp.go.th/dataset/91d66c6a-5b88-41ee-8597-11be8aec5aa6/resource/be300299-f9a3-4eac-b558-0c088dd77a64/download/tourism59-68.csv,2026-09-16T11:38:42.042122+00:00,1.0
mae_wang,แม่วาง,เชียงใหม่,2565,2022,5,,,1864,dnp_tourism,https://catalog.dnp.go.th/dataset/91d66c6a-5b88-41ee-8597-11be8aec5aa6/resource/be300299-f9a3-4eac-b558-0c088dd77a64/download/tourism59-68.csv,2026-09-16T11:38:42.042125+00:00,1.0
mae_wang,แม่วาง,เชียงใหม่,2565,2022,6,,,1665,dnp_tourism,https://catalog.dnp.go.th/dataset/91d66c6a-5b88-41ee-8597-11be8aec5aa6/resource/be300299-f9a3-4eac-b558-0c088dd77a64/download/tourism59-68.csv,2026-09-16T11:38:42.042127+00:00,1.0
mae_wang,แม่วาง,เชียงใหม่,2565,2022,7,,,2642,dnp_tourism,https://catalog.dnp.go.th/dataset/91d66c6a-5b88-41ee-8597-11be8aec5aa6/resource/be300299-f9a3-4eac-b558-0c088dd77a64/download/tourism59-68.csv,2026-09-16T11:38:42.042130+00:00,1.0
mae_wang,แม่วาง,เชียงใหม่,2565,2022,8,,,1979,dnp_tourism,https://catalog.dnp.go.th/dataset/91d66c6a-5b88-41ee-8597-11be8aec5aa6/resource/be300299-f9a3-4eac-b558-0c088dd77a64/download/tourism59-68.csv,2026-09-16T11:38:42.042132+00:00,1.0
mae_wang,แม่วาง,เชียงใหม่,2565,2022,9,,,2390,dnp_tourism,https://catalog.dnp.go.th/dataset/91d66c6a-5b88-41ee-8597-11be8aec5aa6/resource/be300299-f9a3-4eac-b558-0c088dd77a64/download/tourism59-68.csv,2026-09-16T11:38:42.042134+00:00,1.0
doi_inthanon,ดอยอินทนนท์,เชียงใหม่,2566,2022,10,,,66475,dnp_tourism,https://catalog.dnp.go.th/dataset/91d66c6a-5b88-41ee-8597-11be8aec5aa6/resource/be300299-f9a3-4eac-b558-0c088dd77a64/download/tourism59-68.csv,2026-09-16T11:38:42.042807+00:00,1.0
doi_inthanon,ดอยอินทนนท์,เชียงใหม่,2566,2022,11,,,95117,dnp_tourism,https://catalog.dnp.go.th/dataset/91d66c6a-5b88-41ee-8597-11be8aec5aa6/resource/be300299-f9a3-4eac-b558-0c088dd77a64/download/tourism59-68.csv,2026-09-16T11:38:42.042811+00:00,1.0
doi_inthanon,ดอยอินทนนท์,เชียงใหม่,2566,2022,12,,,168307,dnp_tourism,https://catalog.dnp.go.th/dataset/91d66c6a-5b88-41ee-8597-11be8aec5aa6/resource/be300299-f9a3-4eac-b558-0c088dd77a64/download/tourism59-68.csv,2026-09-16T11:38:42.042814+00:00,1.0
doi_inthanon,ดอยอินทนนท์,เชียงใหม่,2566,2023,1,,,131995,dnp_tourism,https://catalog.dnp.go.th/dataset/91d66c6a-5b88-41ee-8597-11be8aec5aa6/resource/be300299-f9a3-4eac-b558-0c088dd77a64/download/tourism59-68.csv,2026-09-16T11:38:42.042816+00:00,1.0
doi_inthanon,ดอยอินทนนท์,เชียงใหม่,2566,2023,2,,,62377,dnp_tourism,https://catalog.dnp.go.th/dataset/91d66c6a-5b88-41ee-8597-11be8aec5aa6/resource/be300299-f9a3-4eac-b558-0c088dd77a64/download/tourism59-68.csv,2026-09-16T11:38:42.042819+00:00,1.0
doi_inthanon,ดอยอินทนนท์,เชียงใหม่,2566,2023,3,,,37011,dnp_tourism,https://catalog.dnp.go.th/dataset/91d66c6a-5b88-41ee-8597-11be8aec5aa6/resource/be300299-f9a3-4eac-b558-0c088dd77a64/download/tourism59-68.csv,2026-09-16T11:38:42.042822+00:00,1.0
doi_inthanon,ดอยอินทนนท์,เชียงใหม่,2566,2023,4,,,44622,dnp_tourism,https://catalog.dnp.go.th/dataset/91d66c6a-5b88-41ee-8597-11be8aec5aa6/resource/be300299-f9a3-4eac-b558-0c088dd77a64/download/tourism59-68.csv,2026-09-16T11:38:42.042824+00:00,1.0
doi_inthanon,ดอยอินทนนท์,เชียงใหม่,2566,2023,5,,,22185,dnp_tourism,https://catalog.dnp.go.th/dataset/91d66c6a-5b88-41ee-8597-11be8aec5aa6/resource/be300299-f9a3-4eac-b558-0c088dd77a64/download/tourism59-68.csv,2026-09-16T11:38:42.042827+00:00,1.0
doi_inthanon,ดอยอินทนนท์,เชียงใหม่,2566,2023,6,,,26403,dnp_tourism,https://catalog.dnp.go.th/dataset/91d66c6a-5b88-41ee-8597-11be8aec5aa6/resource/be300299-f9a3-4eac-b558-0c088dd77a64/download/tourism59-68.csv,2026-09-16T11:38:42.042829+00:00,1.0
doi_inthanon,ดอยอินทนนท์,เชียงใหม่,2566,2023,7,,,36784,dnp_tourism,https://catalog.dnp.go.th/dataset/91d66c6a-5b88-41ee-8597-11be8aec5aa6/resource/be300299-f9a3-4eac-b558-0c088dd77a64/download/tourism59-68.csv,2026-09-16T11:38:42.042832+00:00,1.0
doi_inthanon,ดอยอินทนนท์,เชียงใหม่,2566,2023,8,,,35789,dnp_tourism,https://catalog.dnp.go.th/dataset/91d66c6a-5b88-41ee-8597-11be8aec5aa6/resource/be300299-f9a3-4eac-b558-0c088dd77a64/download/tourism59-68.csv,2026-09-16T11:38:42.042834+00:00,1.0
doi_inthanon,ดอยอินทนนท์,เชียงใหม่,2566,2023,9,,,30973,dnp_tourism,https://catalog.dnp.go.th/dataset/91d66c6a-5b88-41ee-8597-11be8aec5aa6/resource/be300299-f9a3-4eac-b558-0c088dd77a64/download/tourism59-68.csv,2026-09-16T11:38:42.042837+00:00,1.0
mae_ping,แม่ปิง,เชียงใหม่,2566,2022,10,,,1057,dnp_tourism,https://catalog.dnp.go.th/dataset/91d66c6a-5b88-41ee-8597-11be8aec5aa6/resource/be300299-f9a3-4eac-b558-0c088dd77a64/download/tourism59-68.csv,2026-09-16T11:38:42.042846+00:00,1.0
mae_ping,แม่ปิง,เชียงใหม่,2566,2022,11,,,1710,dnp_tourism,https://catalog.dnp.go.th/dataset/91d66c6a-5b88-41ee-8597-11be8aec5aa6/resource/be300299-f9a3-4eac-b558-0c088dd77a64/download/tourism59-68.csv,2026-09-16T11:38:42.042848+00:00,1.0
mae_ping,แม่ปิง,เชียงใหม่,2566,2022,12,,,3618,dnp_tourism,https://catalog.dnp.go.th/dataset/91d66c6a-5b88-41ee-8597-11be8aec5aa6/resource/be300299-f9a3-4eac-b558-0c088dd77a64/download/tourism59-68.csv,2026-09-16T11:38:42.042851+00:00,1.0
mae_ping,แม่ปิง,เชียงใหม่,2566,2023,1,,,3391,dnp_tourism,https://catalog.dnp.go.th/dataset/91d66c6a-5b88-41ee-8597-11be8aec5aa6/resource/be300299-f9a3-4eac-b558-0c088dd77a64/download/tourism59-68.csv,2026-09-16T11:38:42.042854+00:00,1.0
mae_ping,แม่ปิง,เชียงใหม่,2566,2023,2,,,1470,dnp_tourism,https://catalog.dnp.go.th/dataset/91d66c6a-5b88-41ee-8597-11be8aec5aa6/resource/be300299-f9a3-4eac-b558-0c088dd77a64/download/tourism59-68.csv,2026-09-16T11:38:42.042856+00:00,1.0
mae_ping,แม่ปิง,เชียงใหม่,2566,2023,3,,,1802,dnp_tourism,https://catalog.dnp.go.th/dataset/91d66c6a-5b88-41ee-8597-11be8aec5aa6/resource/be300299-f9a3-4eac-b558-0c088dd77a64/download/tourism59-68.csv,2026-09-16T11:38:42.042858+00:00,1.0
mae_ping,แม่ปิง,เชียงใหม่,2566,2023,4,,,4218,dnp_tourism,https://catalog.dnp.go.th/dataset/91d66c6a-5b88-41ee-8597-11be8aec5aa6/resource/be300299-f9a3-4eac-b558-0c088dd77a64/download/tourism59-68.csv,2026-09-16T11:38:42.042861+00:00,1.0
mae_ping,แม่ปิง,เชียงใหม่,2566,2023,5,,,894,dnp_tourism,https://catalog.dnp.go.th/dataset/91d66c6a-5b88-41ee-8597-11be8aec5aa6/resource/be300299-f9a3-4eac-b558-0c088dd77a64/download/tourism59-68.csv,2026-09-16T11:38:42.042863+00:00,1.0
mae_ping,แม่ปิง,เชียงใหม่,2566,2023,6,,,790,dnp_tourism,https://catalog.dnp.go.th/dataset/91d66c6a-5b88-41ee-8597-11be8aec5aa6/resource/be300299-f9a3-4eac-b558-0c088dd77a64/download/tourism59-68.csv,2026-09-16T11:38:42.042866+00:00,1.0
mae_ping,แม่ปิง,เชียงใหม่,2566,2023,7,,,998,dnp_tourism,https://catalog.dnp.go.th/dataset/91d66c6a-5b88-41ee-8597-11be8aec5aa6/resource/be300299-f9a3-4eac-b558-0c088dd77a64/download/tourism59-68.csv,2026-09-16T11:38:42.042870+00:00,1.0
mae_ping,แม่ปิง,เชียงใหม่,2566,2023,8,,,936,dnp_tourism,https://catalog.dnp.go.th/dataset/91d66c6a-5b88-41ee-8597-11be8aec5aa6/resource/be300299-f9a3-4eac-b558-0c088dd77a64/download/tourism59-68.csv,2026-09-16T11:38:42.042873+00:00,1.0
mae_ping,แม่ปิง,เชียงใหม่,2566,2023,9,,,704,dnp_tourism,https://catalog.dnp.go.th/dataset/91d66c6a-5b88-41ee-8597-11be8aec5aa6/resource/be300299-f9a3-4eac-b558-0c088dd77a64/download/tourism59-68.csv,2026-09-16T11:38:42.042878+00:00,1.0
pha_daeng,ผาแดง,เชียงใหม่,2566,2022,10,,,2327,dnp_tourism,https://catalog.dnp.go.th/dataset/91d66c6a-5b88-41ee-8597-11be8aec5aa6/resource/be300299-f9a3-4eac-b558-0c088dd77a64/download/tourism59-68.csv,2026-09-16T11:38:42.042887+00:00,1.0
pha_daeng,ผาแดง,เชียงใหม่,2566,2022,11,,,2592,dnp_tourism,https://catalog.dnp.go.th/dataset/91d66c6a-5b88-41ee-8597-11be8aec5aa6/resource/be300299-f9a3-4eac-b558-0c088dd77a64/download/tourism59-68.csv,2026-09-16T11:38:42.042890+00:00,1.0
pha_daeng,ผาแดง,เชียงใหม่,2566,2022,12,,,5227,dnp_tourism,https://catalog.dnp.go.th/dataset/91d66c6a-5b88-41ee-8597-11be8aec5aa6/resource/be300299-f9a3-4eac-b558-0c088dd77a64/download/tourism59-68.csv,2026-09-16T11:38:42.042892+00:00,1.0
pha_daeng,ผาแดง,เชียงใหม่,2566,2023,1,,,7200,dnp_tourism,https://catalog.dnp.go.th/dataset/91d66c6a-5b88-41ee-8597-11be8aec5aa6/resource/be300299-f9a3-4eac-b558-0c088dd77a64/download/tourism59-68.csv,2026-09-16T11:38:42.042895+00:00,1.0
pha_daeng,ผาแดง,เชียงใหม่,2566,2023,2,,,3010,dnp_tourism,https://catalog.dnp.go.th/dataset/91d66c6a-5b88-41ee-8597-11be8aec5aa6/resource/be300299-f9a3-4eac-b558-0c088dd77a64/download/tourism59-68.csv,2026-09-16T11:38:42.042897+00:00,1.0
pha_daeng,ผาแดง,เชียงใหม่,2566,2023,3,,,3027,dnp_tourism,https://catalog.dnp.go.th/dataset/91d66c6a-5b88-41ee-8597-11be8aec5aa6/resource/be300299-f9a3-4eac-b558-0c088dd77a64/download/tourism59-68.csv,2026-09-16T11:38:42.042900+00:00,1.0
pha_daeng,ผาแดง,เชียงใหม่,2566,2023,4,,,7052,dnp_tourism,https://catalog.dnp.go.th/dataset/91d66c6a-5b88-41ee-8597-11be8aec5aa6/resource/be300299-f9a3-4eac-b558-0c088dd77a64/download/tourism59-68.csv,2026-09-16T11:38:42.042902+00:00,1.0
pha_daeng,ผาแดง,เชียงใหม่,2566,2023,5,,,1927,dnp_tourism,https://catalog.dnp.go.th/dataset/91d66c6a-5b88-41ee-8597-11be8aec5aa6/resource/be300299-f9a3-4eac-b558-0c088dd77a64/download/tourism59-68.csv,2026-09-16T11:38:42.042905+00:00,1.0
pha_daeng,ผาแดง,เชียงใหม่,2566,2023,6,,,1494,dnp_tourism,https://catalog.dnp.go.th/dataset/91d66c6a-5b88-41ee-8597-11be8aec5aa6/resource/be300299-f9a3-4eac-b558-0c088dd77a64/download/tourism59-68.csv,2026-09-16T11:38:42.042907+00:00,1.0
pha_daeng,ผาแดง,เชียงใหม่,2566,2023,7,,,1954,dnp_tourism,https://catalog.dnp.go.th/dataset/91d66c6a-5b88-41ee-8597-11be8aec5aa6/resource/be300299-f9a3-4eac-b558-0c088dd77a64/download/tourism59-68.csv,2026-09-16T11:38:42.042912+00:00,1.0
pha_daeng,ผาแดง,เชียงใหม่,2566,2023,8,,,1659,dnp_tourism,https://catalog.dnp.go.th/dataset/91d66c6a-5b88-41ee-8597-11be8aec5aa6/resource/be300299-f9a3-4eac-b558-0c088dd77a64/download/tourism59-68.csv,2026-09-16T11:38:42.042914+00:00,1.0
pha_daeng,ผาแดง,เชียงใหม่,2566,2023,9,,,1173,dnp_tourism,https://catalog.dnp.go.th/dataset/91d66c6a-5b88-41ee-8597-11be8aec5aa6/resource/be300299-f9a3-4eac-b558-0c088dd77a64/download/tourism59-68.csv,2026-09-16T11:38:42.042917+00:00,1.0
doi_pha_hom_pok,ดอยผ้าห่มปก,เชียงใหม่,2566,2022,10,,,5752,dnp_tourism,https://catalog.dnp.go.th/dataset/91d66c6a-5b88-41ee-8597-11be8aec5aa6/resource/be300299-f9a3-4eac-b558-0c088dd77a64/download/tourism59-68.csv,2026-09-16T11:38:42.042926+00:00,1.0
doi_pha_hom_pok,ดอยผ้าห่มปก,เชียงใหม่,2566,2022,11,,,5527,dnp_tourism,https://catalog.dnp.go.th/dataset/91d66c6a-5b88-41ee-8597-11be8aec5aa6/resource/be300299-f9a3-4eac-b558-0c088dd77a64/download/tourism59-68.csv,2026-09-16T11:38:42.042928+00:00,1.0
doi_pha_hom_pok,ดอยผ้าห่มปก,เชียงใหม่,2566,2022,12,,,16471,dnp_tourism,https://catalog.dnp.go.th/dataset/91d66c6a-5b88-41ee-8597-11be8aec5aa6/resource/be300299-f9a3-4eac-b558-0c088dd77a64/download/tourism59-68.csv,2026-09-16T11:38:42.042931+00:00,1.0
doi_pha_hom_pok,ดอยผ้าห่มปก,เชียงใหม่,2566,2023,1,,,19096,dnp_tourism,https://catalog.dnp.go.th/dataset/91d66c6a-5b88-41ee-8597-11be8aec5aa6/resource/be300299-f9a3-4eac-b558-0c088dd77a64/download/tourism59-68.csv,2026-09-16T11:38:42.042933+00:00,1.0
doi_pha_hom_pok,ดอยผ้าห่มปก,เชียงใหม่,2566,2023,2,,,7586,dnp_tourism,https://catalog.dnp.go.th/dataset/91d66c6a-5b88-41ee-8597-11be8aec5aa6/resource/be300299-f9a3-4eac-b558-0c088dd77a64/download/tourism59-68.csv,2026-09-16T11:38:42.042936+00:00,1.0
doi_pha_hom_pok,ดอยผ้าห่มปก,เชียงใหม่,2566,2023,3,,,4908,dnp_tourism,https://catalog.dnp.go.th/dataset/91d66c6a-5b88-41ee-8597-11be8aec5aa6/resource/be300299-f9a3-4eac-b558-0c088dd77a64/download/tourism59-68.csv,2026-09-16T11:38:42.042938+00:00,1.0
doi_pha_hom_pok,ดอยผ้าห่มปก,เชียงใหม่,2566,2023,4,,,10927,dnp_tourism,https://catalog.dnp.go.th/dataset/91d66c6a-5b88-41ee-8597-11be8aec5aa6/resource/be300299-f9a3-4eac-b558-0c088dd77a64/download/tourism59-68.csv,2026-09-16T11:38:42.042941+00:00,1.0
doi_pha_hom_pok,ดอยผ้าห่มปก,เชียงใหม่,2566,2023,5,,,2354,dnp_tourism,https://catalog.dnp.go.th/dataset/91d66c6a-5b88-41ee-8597-11be8aec5aa6/resource/be300299-f9a3-4eac-b558-0c088dd77a64/download/tourism59-68.csv,2026-09-16T11:38:42.042943+00:00,1.0
doi_pha_hom_pok,ดอยผ้าห่มปก,เชียงใหม่,2566,2023,6,,,2380,dnp_tourism,https://catalog.dnp.go.th/dataset/91d66c6a-5b88-41ee-8597-11be8aec5aa6/resource/be300299-f9a3-4eac-b558-0c088dd77a64/download/tourism59-68.csv,2026-09-16T11:38:42.042946+00:00,1.0
doi_pha_hom_pok,ดอยผ้าห่มปก,เชียงใหม่,2566,2023,7,,,3871,dnp_tourism,https://catalog.dnp.go.th/dataset/91d66c6a-5b88-41ee-8597-11be8aec5aa6/resource/be300299-f9a3-4eac-b558-0c088dd77a64/download/tourism59-68.csv,2026-09-16T11:38:42.042948+00:00,1.0
doi_pha_hom_pok,ดอยผ้าห่มปก,เชียงใหม่,2566,2023,8,,,3820,dnp_tourism,https://catalog.dnp.go.th/dataset/91d66c6a-5b88-41ee-8597-11be8aec5aa6/resource/be300299-f9a3-4eac-b558-0c088dd77a64/download/tourism59-68.csv,2026-09-16T11:38:42.042950+00:00,1.0
doi_pha_hom_pok,ดอยผ้าห่มปก,เชียงใหม่,2566,2023,9,,,2027,dnp_tourism,https://catalog.dnp.go.th/dataset/91d66c6a-5b88-41ee-8597-11be8aec5aa6/resource/be300299-f9a3-4eac-b558-0c088dd77a64/download/tourism59-68.csv,2026-09-16T11:38:42.042953+00:00,1.0
huai_nam_dang,ห้วยน้ำดัง,เชียงใหม่,2566,2022,10,,,10292,dnp_tourism,https://catalog.dnp.go.th/dataset/91d66c6a-5b88-41ee-8597-11be8aec5aa6/resource/be300299-f9a3-4eac-b558-0c088dd77a64/download/tourism59-68.csv,2026-09-16T11:38:42.042962+00:00,1.0
huai_nam_dang,ห้วยน้ำดัง,เชียงใหม่,2566,2022,11,,,17881,dnp_tourism,https://catalog.dnp.go.th/dataset/91d66c6a-5b88-41ee-8597-11be8aec5aa6/resource/be300299-f9a3-4eac-b558-0c088dd77a64/download/tourism59-68.csv,2026-09-16T11:38:42.042964+00:00,1.0
huai_nam_dang,ห้วยน้ำดัง,เชียงใหม่,2566,2022,12,,,36287,dnp_tourism,https://catalog.dnp.go.th/dataset/91d66c6a-5b88-41ee-8597-11be8aec5aa6/resource/be300299-f9a3-4eac-b558-0c088dd77a64/download/tourism59-68.csv,2026-09-16T11:38:42.042967+00:00,1.0
huai_nam_dang,ห้วยน้ำดัง,เชียงใหม่,2566,2023,1,,,26788,dnp_tourism,https://catalog.dnp.go.th/dataset/91d66c6a-5b88-41ee-8597-11be8aec5aa6/resource/be300299-f9a3-4eac-b558-0c088dd77a64/download/tourism59-68.csv,2026-09-16T11:38:42.042969+00:00,1.0
huai_nam_dang,ห้วยน้ำดัง,เชียงใหม่,2566,2023,2,,,12958,dnp_tourism,https://catalog.dnp.go.th/dataset/91d66c6a-5b88-41ee-8597-11be8aec5aa6/resource/be300299-f9a3-4eac-b558-0c088dd77a64/download/tourism59-68.csv,2026-09-16T11:38:42.042972+00:00,1.0
huai_nam_dang,ห้วยน้ำดัง,เชียงใหม่,2566,2023,3,,,7769,dnp_tourism,https://catalog.dnp.go.th/dataset/91d66c6a-5b88-41ee-8597-11be8aec5aa6/resource/be300299-f9a3-4eac-b558-0c088dd77a64/download/tourism59-68.csv,2026-09-16T11:38:42.042974+00:00,1.0
huai_nam_dang,ห้วยน้ำดัง,เชียงใหม่,2566,2023,4,,,4938,dnp_tourism,https://catalog.dnp.go.th/dataset/91d66c6a-5b88-41ee-8597-11be8aec5aa6/resource/be300299-f9a3-4eac-b558-0c088dd77a64/download/tourism59-68.csv,2026-09-16T11:38:42.042977+00:00,1.0
huai_nam_dang,ห้วยน้ำดัง,เชียงใหม่,2566,2023,5,,,2123,dnp_tourism,https://catalog.dnp.go.th/dataset/91d66c6a-5b88-41ee-8597-11be8aec5aa6/resource/be300299-f9a3-4eac-b558-0c088dd77a64/download/tourism59-68.csv,2026-09-16T11:38:42.042979+00:00,1.0
huai_nam_dang,ห้วยน้ำดัง,เชียงใหม่,2566,2023,6,,,3290,dnp_tourism,https://catalog.dnp.go.th/dataset/91d66c6a-5b88-41ee-8597-11be8aec5aa6/resource/be300299-f9a3-4eac-b558-0c088dd77a64/download/tourism59-68.csv,2026-09-16T11:38:42.042982+00:00,1.0
huai_nam_dang,ห้วยน้ำดัง,เชียงใหม่,2566,2023,7,,,5567,dnp_tourism,https://catalog.dnp.go.th/dataset/91d66c6a-5b88-41ee-8597-11be8aec5aa6/resource/be300299-f9a3-4eac-b558-0c088dd77a64/download/tourism59-68.csv,2026-09-16T11:38:42.042984+00:00,1.0
huai_nam_dang,ห้วยน้ำดัง,เชียงใหม่,2566,2023,8,,,4885,dnp_tourism,https://catalog.dnp.go.th/dataset/91d66c6a-5b88-41ee-8597-11be8aec5aa6/resource/be300299-f9a3-4eac-b558-0c088dd77a64/download/tourism59-68.csv,2026-09-16T11:38:42.042986+00:00,1.0
huai_nam_dang,ห้วยน้ำดัง,เชียงใหม่,2566,2023,9,,,2549,dnp_tourism,https://catalog.dnp.go.th/dataset/91d66c6a-5b88-41ee-8597-11be8aec5aa6/resource/be300299-f9a3-4eac-b558-0c088dd77a64/download/tourism59-68.csv,2026-09-16T11:38:42.042989+00:00,1.0
doi_suthep_pui,ดอยสุเทพ-ปุย,เชียงใหม่,2566,2022,10,,,13590,dnp_tourism,https://catalog.dnp.go.th/dataset/91d66c6a-5b88-41ee-8597-11be8aec5aa6/resource/be300299-f9a3-4eac-b558-0c088dd77a64/download/tourism59-68.csv,2026-09-16T11:38:42.042998+00:00,1.0
doi_suthep_pui,ดอยสุเทพ-ปุย,เชียงใหม่,2566,2022,11,,,20758,dnp_tourism,https://catalog.dnp.go.th/dataset/91d66c6a-5b88-41ee-8597-11be8aec5aa6/resource/be300299-f9a3-4eac-b558-0c088dd77a64/download/tourism59-68.csv,2026-09-16T11:38:42.043001+00:00,1.0
doi_suthep_pui,ดอยสุเทพ-ปุย,เชียงใหม่,2566,2022,12,,,27056,dnp_tourism,https://catalog.dnp.go.th/dataset/91d66c6a-5b88-41ee-8597-11be8aec5aa6/resource/be300299-f9a3-4eac-b558-0c088dd77a64/download/tourism59-68.csv,2026-09-16T11:38:42.043003+00:00,1.0
doi_suthep_pui,ดอยสุเทพ-ปุย,เชียงใหม่,2566,2023,1,,,26497,dnp_tourism,https://catalog.dnp.go.th/dataset/91d66c6a-5b88-41ee-8597-11be8aec5aa6/resource/be300299-f9a3-4eac-b558-0c088dd77a64/download/tourism59-68.csv,2026-09-16T11:38:42.043007+00:00,1.0
doi_suthep_pui,ดอยสุเทพ-ปุย,เชียงใหม่,2566,2023,2,,,21391,dnp_tourism,https://catalog.dnp.go.th/dataset/91d66c6a-5b88-41ee-8597-11be8aec5aa6/resource/be300299-f9a3-4eac-b558-0c088dd77a64/download/tourism59-68.csv,2026-09-16T11:38:42.043010+00:00,1.0
doi_suthep_pui,ดอยสุเทพ-ปุย,เชียงใหม่,2566,2023,3,,,20565,dnp_tourism,https://catalog.dnp.go.th/dataset/91d66c6a-5b88-41ee-8597-11be8aec5aa6/resource/be300299-f9a3-4eac-b558-0c088dd77a64/download/tourism59-68.csv,2026-09-16T11:38:42.043012+00:00,1.0
doi_suthep_pui,ดอยสุเทพ-ปุย,เชียงใหม่,2566,2023,4,,,29631,dnp_tourism,https://catalog.dnp.go.th/dataset/91d66c6a-5b88-41ee-8597-11be8aec5aa6/resource/be300299-f9a3-4eac-b558-0c088dd77a64/download/tourism59-68.csv,2026-09-16T11:38:42.043015+00:00,1.0
doi_suthep_pui,ดอยสุเทพ-ปุย,เชียงใหม่,2566,2023,5,,,17098,dnp_tourism,https://catalog.dnp.go.th/dataset/91d66c6a-5b88-41ee-8597-11be8aec5aa6/resource/be300299-f9a3-4eac-b558-0c088dd77a64/download/tourism59-68.csv,2026-09-16T11:38:42.043018+00:00,1.0
doi_suthep_pui,ดอยสุเทพ-ปุย,เชียงใหม่,2566,2023,6,,,14449,dnp_tourism,https://catalog.dnp.go.th/dataset/91d66c6a-5b88-41ee-8597-11be8aec5aa6/resource/be300299-f9a3-4eac-b558-0c088dd77a64/download/tourism59-68.csv,2026-09-16T11:38:42.043020+00:00,1.0
doi_suthep_pui,ดอยสุเทพ-ปุย,เชียงใหม่,2566,2023,7,,,24398,dnp_tourism,https://catalog.dnp.go.th/dataset/91d66c6a-5b88-41ee-8597-11be8aec5aa6/resource/be300299-f9a3-4eac-b558-0c088dd77a64/download/tourism59-68.csv,2026-09-16T11:38:42.043022+00:00,1.0
doi_suthep_pui,ดอยสุเทพ-ปุย,เชียงใหม่,2566,2023,8,,,15129,dnp_tourism,https://catalog.dnp.go.th/dataset/91d66c6a-5b88-41ee-8597-11be8aec5aa6/resource/be300299-f9a3-4eac-b558-0c088dd77a64/download/tourism59-68.csv,2026-09-16T11:38:42.043025+00:00,1.0
doi_suthep_pui,ดอยสุเทพ-ปุย,เชียงใหม่,2566,2023,9,,,11495,dnp_tourism,https://catalog.dnp.go.th/dataset/91d66c6a-5b88-41ee-8597-11be8aec5aa6/resource/be300299-f9a3-4eac-b558-0c088dd77a64/download/tourism59-68.csv,2026-09-16T11:38:42.043027+00:00,1.0
ob_luang,ออบหลวง,เชียงใหม่,2566,2022,10,,,2755,dnp_tourism,https://catalog.dnp.go.th/dataset/91d66c6a-5b88-41ee-8597-11be8aec5aa6/resource/be300299-f9a3-4eac-b558-0c088dd77a64/download/tourism59-68.csv,2026-09-16T11:38:42.043036+00:00,1.0
ob_luang,ออบหลวง,เชียงใหม่,2566,2022,11,,,4842,dnp_tourism,https://catalog.dnp.go.th/dataset/91d66c6a-5b88-41ee-8597-11be8aec5aa6/resource/be300299-f9a3-4eac-b558-0c088dd77a64/download/tourism59-68.csv,2026-09-16T11:38:42.043039+00:00,1.0
ob_luang,ออบหลวง,เชียงใหม่,2566,2022,12,,,7511,dnp_tourism,https://catalog.dnp.go.th/dataset/91d66c6a-5b88-41ee-8597-11be8aec5aa6/resource/be300299-f9a3-4eac-b558-0c088dd77a64/download/tourism59-68.csv,2026-09-16T11:38:42.043042+00:00,1.0
ob_luang,ออบหลวง,เชียงใหม่,2566,2023,1,,,5776,dnp_tourism,https://catalog.dnp.go.th/dataset/91d66c6a-5b88-41ee-8597-11be8aec5aa6/resource/be300299-f9a3-4eac-b558-0c088dd77a64/download/tourism59-68.csv,2026-09-16T11:38:42.043044+00:00,1.0
ob_luang,ออบหลวง,เชียงใหม่,2566,2023,2,,,2757,dnp_tourism,https://catalog.dnp.go.th/dataset/91d66c6a-5b88-41ee-8597-11be8aec5aa6/resource/be300299-f9a3-4eac-b558-0c088dd77a64/download/tourism59-68.csv,2026-09-16T11:38:42.043047+00:00,1.0
ob_luang,ออบหลวง,เชียงใหม่,2566,2023,3,,,1504,dnp_tourism,https://catalog.dnp.go.th/dataset/91d66c6a-5b88-41ee-8597-11be8aec5aa6/resource/be300299-f9a3-4eac-b558-0c088dd77a64/download/tourism59-68.csv,2026-09-16T11:38:42.043049+00:00,1.0
ob_luang,ออบหลวง,เชียงใหม่,2566,2023,4,,,1822,dnp_tourism,https://catalog.dnp.go.th/dataset/91d66c6a-5b88-41ee-8597-11be8aec5aa6/resource/be300299-f9a3-4eac-b558-0c088dd77a64/download/tourism59-68.csv,2026-09-16T11:38:42.043051+00:00,1.0
ob_luang,ออบหลวง,เชียงใหม่,2566,2023,5,,,1123,dnp_tourism,https://catalog.dnp.go.th/dataset/91d66c6a-5b88-41ee-8597-11be8aec5aa6/resource/be300299-f9a3-4eac-b558-0c088dd77a64/download/tourism59-68.csv,2026-09-16T11:38:42.043054+00:00,1.0
ob_luang,ออบหลวง,เชียงใหม่,2566,2023,6,,,1184,dnp_tourism,https://catalog.dnp.go.th/dataset/91d66c6a-5b88-41ee-8597-11be8aec5aa6/resource/be300299-f9a3-4eac-b558-0c088dd77a64/download/tourism59-68.csv,2026-09-16T11:38:42.043056+00:00,1.0
ob_luang,ออบหลวง,เชียงใหม่,2566,2023,7,,,1864,dnp_tourism,https://catalog.dnp.go.th/dataset/91d66c6a-5b88-41ee-8597-11be8aec5aa6/resource/be300299-f9a3-4eac-b558-0c088dd77a64/download/tourism59-68.csv,2026-09-16T11:38:42.043058+00:00,1.0
ob_luang,ออบหลวง,เชียงใหม่,2566,2023,8,,,1616,dnp_tourism,https://catalog.dnp.go.th/dataset/91d66c6a-5b88-41ee-8597-11be8aec5aa6/resource/be300299-f9a3-4eac-b558-0c088dd77a64/download/tourism59-68.csv,2026-09-16T11:38:42.043061+00:00,1.0
ob_luang,ออบหลวง,เชียงใหม่,2566,2023,9,,,1410,dnp_tourism,https://catalog.dnp.go.th/dataset/91d66c6a-5b88-41ee-8597-11be8aec5aa6/resource/be300299-f9a3-4eac-b558-0c088dd77a64/download/tourism59-68.csv,2026-09-16T11:38:42.043063+00:00,1.0
sri_lanna,ศรีลานนา,เชียงใหม่,2566,2022,10,,,6629,dnp_tourism,https://catalog.dnp.go.th/dataset/91d66c6a-5b88-41ee-8597-11be8aec5aa6/resource/be300299-f9a3-4eac-b558-0c088dd77a64/download/tourism59-68.csv,2026-09-16T11:38:42.043071+00:00,1.0
sri_lanna,ศรีลานนา,เชียงใหม่,2566,2022,11,,,5469,dnp_tourism,https://catalog.dnp.go.th/dataset/91d66c6a-5b88-41ee-8597-11be8aec5aa6/resource/be300299-f9a3-4eac-b558-0c088dd77a64/download/tourism59-68.csv,2026-09-16T11:38:42.043074+00:00,1.0
sri_lanna,ศรีลานนา,เชียงใหม่,2566,2022,12,,,9246,dnp_tourism,https://catalog.dnp.go.th/dataset/91d66c6a-5b88-41ee-8597-11be8aec5aa6/resource/be300299-f9a3-4eac-b558-0c088dd77a64/download/tourism59-68.csv,2026-09-16T11:38:42.043076+00:00,1.0
sri_lanna,ศรีลานนา,เชียงใหม่,2566,2023,1,,,7474,dnp_tourism,https://catalog.dnp.go.th/dataset/91d66c6a-5b88-41ee-8597-11be8aec5aa6/resource/be300299-f9a3-4eac-b558-0c088dd77a64/download/tourism59-68.csv,2026-09-16T11:38:42.043079+00:00,1.0
sri_lanna,ศรีลานนา,เชียงใหม่,2566,2023,2,,,5352,dnp_tourism,https://catalog.dnp.go.th/dataset/91d66c6a-5b88-41ee-8597-11be8aec5aa6/resource/be300299-f9a3-4eac-b558-0c088dd77a64/download/tourism59-68.csv,2026-09-16T11:38:42.043081+00:00,1.0
sri_lanna,ศรีลานนา,เชียงใหม่,2566,2023,3,,,6871,dnp_tourism,https://catalog.dnp.go.th/dataset/91d66c6a-5b88-41ee-8597-11be8aec5aa6/resource/be300299-f9a3-4eac-b558-0c088dd77a64/download/tourism59-68.csv,2026-09-16T11:38:42.043084+00:00,1.0
sri_lanna,ศรีลานนา,เชียงใหม่,2566,2023,4,,,10611,dnp_tourism,https://catalog.dnp.go.th/dataset/91d66c6a-5b88-41ee-8597-11be8aec5aa6/resource/be300299-f9a3-4eac-b558-0c088dd77a64/download/tourism59-68.csv,2026-09-16T11:38:42.043086+00:00,1.0
sri_lanna,ศรีลานนา,เชียงใหม่,2566,2023,5,,,6352,dnp_tourism,https://catalog.dnp.go.th/dataset/91d66c6a-5b88-41ee-8597-11be8aec5aa6/resource/be300299-f9a3-4eac-b558-0c088dd77a64/download/tourism59-68.csv,2026-09-16T11:38:42.043089+00:00,1.0
sri_lanna,ศรีลานนา,เชียงใหม่,2566,2023,6,,,5491,dnp_tourism,https://catalog.dnp.go.th/dataset/91d66c6a-5b88-41ee-8597-11be8aec5aa6/resource/be300299-f9a3-4eac-b558-0c088dd77a64/download/tourism59-68.csv,2026-09-16T11:38:42.043091+00:00,1.0
sri_lanna,ศรีลานนา,เชียงใหม่,2566,2023,7,,,7107,dnp_tourism,https://catalog.dnp.go.th/dataset/91d66c6a-5b88-41ee-8597-11be8aec5aa6/resource/be300299-f9a3-4eac-b558-0c088dd77a64/download/tourism59-68.csv,2026-09-16T11:38:42.043093+00:00,1.0
sri_lanna,ศรีลานนา,เชียงใหม่,2566,2023,8,,,6624,dnp_tourism,https://catalog.dnp.go.th/dataset/91d66c6a-5b88-41ee-8597-11be8aec5aa6/resource/be300299-f9a3-4eac-b558-0c088dd77a64/download/tourism59-68.csv,2026-09-16T11:38:42.043096+00:00,1.0
sri_lanna,ศรีลานนา,เชียงใหม่,2566,2023,9,,,4934,dnp_tourism,https://catalog.dnp.go.th/dataset/91d66c6a-5b88-41ee-8597-11be8aec5aa6/resource/be300299-f9a3-4eac-b558-0c088dd77a64/download/tourism59-68.csv,2026-09-16T11:38:42.043098+00:00,1.0
mae_takhrai,แม่ตะไคร้,เชียงใหม่,2566,2022,10,,,769,dnp_tourism,https://catalog.dnp.go.th/dataset/91d66c6a-5b88-41ee-8597-11be8aec5aa6/resource/be300299-f9a3-4eac-b558-0c088dd77a64/download/tourism59-68.csv,2026-09-16T11:38:42.043123+00:00,1.0
mae_takhrai,แม่ตะไคร้,เชียงใหม่,2566,2022,11,,,1923,dnp_tourism,https://catalog.dnp.go.th/dataset/91d66c6a-5b88-41ee-8597-11be8aec5aa6/resource/be300299-f9a3-4eac-b558-0c088dd77a64/download/tourism59-68.csv,2026-09-16T11:38:42.043126+00:00,1.0
mae_takhrai,แม่ตะไคร้,เชียงใหม่,2566,2022,12,,,2466,dnp_tourism,https://catalog.dnp.go.th/dataset/91d66c6a-5b88-41ee-8597-11be8aec5aa6/resource/be300299-f9a3-4eac-b558-0c088dd77a64/download/tourism59-68.csv,2026-09-16T11:38:42.043129+00:00,1.0
mae_takhrai,แม่ตะไคร้,เชียงใหม่,2566,2023,1,,,2699,dnp_tourism,https://catalog.dnp.go.th/dataset/91d66c6a-5b88-41ee-8597-11be8aec5aa6/resource/be300299-f9a3-4eac-b558-0c088dd77a64/download/tourism59-68.csv,2026-09-16T11:38:42.043131+00:00,1.0
mae_takhrai,แม่ตะไคร้,เชียงใหม่,2566,2023,2,,,1535,dnp_tourism,https://catalog.dnp.go.th/dataset/91d66c6a-5b88-41ee-8597-11be8aec5aa6/resource/be300299-f9a3-4eac-b558-0c088dd77a64/download/tourism59-68.csv,2026-09-16T11:38:42.043134+00:00,1.0
mae_takhrai,แม่ตะไคร้,เชียงใหม่,2566,2023,3,,,2393,dnp_tourism,https://catalog.dnp.go.th/dataset/91d66c6a-5b88-41ee-8597-11be8aec5aa6/resource/be300299-f9a3-4eac-b558-0c088dd77a64/download/tourism59-68.csv,2026-09-16T11:38:42.043136+00:00,1.0
mae_takhrai,แม่ตะไคร้,เชียงใหม่,2566,2023,4,,,7074,dnp_tourism,https://catalog.dnp.go.th/dataset/91d66c6a-5b88-41ee-8597-11be8aec5aa6/resource/be300299-f9a3-4eac-b558-0c088dd77a64/download/tourism59-68.csv,2026-09-16T11:38:42.043139+00:00,1.0
mae_takhrai,แม่ตะไคร้,เชียงใหม่,2566,2023,5,,,1306,dnp_tourism,https://catalog.dnp.go.th/dataset/91d66c6a-5b88-41ee-8597-11be8aec5aa6/resource/be300299-f9a3-4eac-b558-0c088dd77a64/download/tourism59-68.csv,2026-09-16T11:38:42.043143+00:00,1.0
mae_takhrai,แม่ตะไคร้,เชียงใหม่,2566,2023,6,,,1137,dnp_tourism,https://catalog.dnp.go.th/dataset/91d66c6a-5b88-41ee-8597-11be8aec5aa6/resource/be300299-f9a3-4eac-b558-0c088dd77a64/download/tourism59-68.csv,2026-09-16T11:38:42.043145+00:00,1.0
mae_takhrai,แม่ตะไคร้,เชียงใหม่,2566,2023,7,,,1105,dnp_tourism,https://catalog.dnp.go.th/dataset/91d66c6a-5b88-41ee-8597-11be8aec5aa6/resource/be300299-f9a3-4eac-b558-0c088dd77a64/download/tourism59-68.csv,2026-09-16T11:38:42.043148+00:00,1.0
mae_takhrai,แม่ตะไคร้,เชียงใหม่,2566,2023,8,,,1253,dnp_tourism,https://catalog.dnp.go.th/dataset/91d66c6a-5b88-41ee-8597-11be8aec5aa6/resource/be300299-f9a3-4eac-b558-0c088dd77a64/download/tourism59-68.csv,2026-09-16T11:38:42.043150+00:00,1.0
mae_takhrai,แม่ตะไคร้,เชียงใหม่,2566,2023,9,,,1037,dnp_tourism,https://catalog.dnp.go.th/dataset/91d66c6a-5b88-41ee-8597-11be8aec5aa6/resource/be300299-f9a3-4eac-b558-0c088dd77a64/download/tourism59-68.csv,2026-09-16T11:38:42.043153+00:00,1.0
khun_khan,ขุนขาน,เชียงใหม่,2566,2022,10,,,917,dnp_tourism,https://catalog.dnp.go.th/dataset/91d66c6a-5b88-41ee-8597-11be8aec5aa6/resource/be300299-f9a3-4eac-b558-0c088dd77a64/download/tourism59-68.csv,2026-09-16T11:38:42.043161+00:00,1.0
khun_khan,ขุนขาน,เชียงใหม่,2566,2022,11,,,2147,dnp_tourism,https://catalog.dnp.go.th/dataset/91d66c6a-5b88-41ee-8597-11be8aec5aa6/resource/be300299-f9a3-4eac-b558-0c088dd77a64/download/tourism59-68.csv,2026-09-16T11:38:42.043164+00:00,1.0
khun_khan,ขุนขาน,เชียงใหม่,2566,2022,12,,,3916,dnp_tourism,https://catalog.dnp.go.th/dataset/91d66c6a-5b88-41ee-8597-11be8aec5aa6/resource/be300299-f9a3-4eac-b558-0c088dd77a64/download/tourism59-68.csv,2026-09-16T11:38:42.043166+00:00,1.0
khun_khan,ขุนขาน,เชียงใหม่,2566,2023,1,,,3962,dnp_tourism,https://catalog.dnp.go.th/dataset/91d66c6a-5b88-41ee-8597-11be8aec5aa6/resource/be300299-f9a3-4eac-b558-0c088dd77a64/download/tourism59-68.csv,2026-09-16T11:38:42.043169+00:00,1.0
khun_khan,ขุนขาน,เชียงใหม่,2566,2023,2,,,2668,dnp_tourism,https://catalog.dnp.go.th/dataset/91d66c6a-5b88-41ee-8597-11be8aec5aa6/resource/be300299-f9a3-4eac-b558-0c088dd77a64/download/tourism59-68.csv,2026-09-16T11:38:42.043171+00:00,1.0
khun_khan,ขุนขาน,เชียงใหม่,2566,2023,3,,,1326,dnp_tourism,https://catalog.dnp.go.th/dataset/91d66c6a-5b88-41ee-8597-11be8aec5aa6/resource/be300299-f9a3-4eac-b558-0c088dd77a64/download/tourism59-68.csv,2026-09-16T11:38:42.043174+00:00,1.0
khun_khan,ขุนขาน,เชียงใหม่,2566,2023,4,,,812,dnp_tourism,https://catalog.dnp.go.th/dataset/91d66c6a-5b88-41ee-8597-11be8aec5aa6/resource/be300299-f9a3-4eac-b558-0c088dd77a64/download/tourism59-68.csv,2026-09-16T11:38:42.043176+00:00,1.0
khun_khan,ขุนขาน,เชียงใหม่,2566,2023,5,,,652,dnp_tourism,https://catalog.dnp.go.th/dataset/91d66c6a-5b88-41ee-8597-11be8aec5aa6/resource/be300299-f9a3-4eac-b558-0c088dd77a64/download/tourism59-68.csv,2026-09-16T11:38:42.043179+00:00,1.0
khun_khan,ขุนขาน,เชียงใหม่,2566,2023,6,,,752,dnp_tourism,https://catalog.dnp.go.th/dataset/91d66c6a-5b88-41ee-8597-11be8aec5aa6/resource/be300299-f9a3-4eac-b558-0c088dd77a64/download/tourism59-68.csv,2026-09-16T11:38:42.043181+00:00,1.0
khun_khan,ขุนขาน,เชียงใหม่,2566,2023,7,,,1198,dnp_tourism,https://catalog.dnp.go.th/dataset/91d66c6a-5b88-41ee-8597-11be8aec5aa6/resource/be300299-f9a3-4eac-b558-0c088dd77a64/download/tourism59-68.csv,2026-09-16T11:38:42.043184+00:00,1.0
khun_khan,ขุนขาน,เชียงใหม่,2566,2023,8,,,226,dnp_tourism,https://catalog.dnp.go.th/dataset/91d66c6a-5b88-41ee-8597-11be8aec5aa6/resource/be300299-f9a3-4eac-b558-0c088dd77a64/download/tourism59-68.csv,2026-09-16T11:38:42.043186+00:00,1.0
khun_khan,ขุนขาน,เชียงใหม่,2566,2023,9,,,75,dnp_tourism,https://catalog.dnp.go.th/dataset/91d66c6a-5b88-41ee-8597-11be8aec5aa6/resource/be300299-f9a3-4eac-b558-0c088dd77a64/download/tourism59-68.csv,2026-09-16T11:38:42.043189+00:00,1.0
mae_wang,แม่วาง,เชียงใหม่,2566,2022,10,,,5070,dnp_tourism,https://catalog.dnp.go.th/dataset/91d66c6a-5b88-41ee-8597-11be8aec5aa6/resource/be300299-f9a3-4eac-b558-0c088dd77a64/download/tourism59-68.csv,2026-09-16T11:38:42.043197+00:00,1.0
mae_wang,แม่วาง,เชียงใหม่,2566,2022,11,,,6261,dnp_tourism,https://catalog.dnp.go.th/dataset/91d66c6a-5b88-41ee-8597-11be8aec5aa6/resource/be300299-f9a3-4eac-b558-0c088dd77a64/download/tourism59-68.csv,2026-09-16T11:38:42.043200+00:00,1.0
mae_wang,แม่วาง,เชียงใหม่,2566,2022,12,,,10853,dnp_tourism,https://catalog.dnp.go.th/dataset/91d66c6a-5b88-41ee-8597-11be8aec5aa6/resource/be300299-f9a3-4eac-b558-0c088dd77a64/download/tourism59-68.csv,2026-09-16T11:38:42.043203+00:00,1.0
mae_wang,แม่วาง,เชียงใหม่,2566,2023,1,,,9713,dnp_tourism,https://catalog.dnp.go.th/dataset/91d66c6a-5b88-41ee-8597-11be8aec5aa6/resource/be300299-f9a3-4eac-b558-0c088dd77a64/download/tourism59-68.csv,2026-09-16T11:38:42.043205+00:00,1.0
mae_wang,แม่วาง,เชียงใหม่,2566,2023,2,,,4547,dnp_tourism,https://catalog.dnp.go.th/dataset/91d66c6a-5b88-41ee-8597-11be8aec5aa6/resource/be300299-f9a3-4eac-b558-0c088dd77a64/download/tourism59-68.csv,2026-09-16T11:38:42.043208+00:00,1.0
mae_wang,แม่วาง,เชียงใหม่,2566,2023,3,,,0,dnp_tourism,https://catalog.dnp.go.th/dataset/91d66c6a-5b88-41ee-8597-11be8aec5aa6/resource/be300299-f9a3-4eac-b558-0c088dd77a64/download/tourism59-68.csv,2026-09-16T11:38:42.043210+00:00,1.0
mae_wang,แม่วาง,เชียงใหม่,2566,2023,4,,,0,dnp_tourism,https://catalog.dnp.go.th/dataset/91d66c6a-5b88-41ee-8597-11be8aec5aa6/resource/be300299-f9a3-4eac-b558-0c088dd77a64/download/tourism59-68.csv,2026-09-16T11:38:42.043213+00:00,1.0
mae_wang,แม่วาง,เชียงใหม่,2566,2023,5,,,1647,dnp_tourism,https://catalog.dnp.go.th/dataset/91d66c6a-5b88-41ee-8597-11be8aec5aa6/resource/be300299-f9a3-4eac-b558-0c088dd77a64/download/tourism59-68.csv,2026-09-16T11:38:42.043215+00:00,1.0
mae_wang,แม่วาง,เชียงใหม่,2566,2023,6,,,2650,dnp_tourism,https://catalog.dnp.go.th/dataset/91d66c6a-5b88-41ee-8597-11be8aec5aa6/resource/be300299-f9a3-4eac-b558-0c088dd77a64/download/tourism59-68.csv,2026-09-16T11:38:42.043218+00:00,1.0
mae_wang,แม่วาง,เชียงใหม่,2566,2023,7,,,3593,dnp_tourism,https://catalog.dnp.go.th/dataset/91d66c6a-5b88-41ee-8597-11be8aec5aa6/resource/be300299-f9a3-4eac-b558-0c088dd77a64/download/tourism59-68.csv,2026-09-16T11:38:42.043221+00:00,1.0
mae_wang,แม่วาง,เชียงใหม่,2566,2023,8,,,3393,dnp_tourism,https://catalog.dnp.go.th/dataset/91d66c6a-5b88-41ee-8597-11be8aec5aa6/resource/be300299-f9a3-4eac-b558-0c088dd77a64/download/tourism59-68.csv,2026-09-16T11:38:42.043223+00:00,1.0
mae_wang,แม่วาง,เชียงใหม่,2566,2023,9,,,3329,dnp_tourism,https://catalog.dnp.go.th/dataset/91d66c6a-5b88-41ee-8597-11be8aec5aa6/resource/be300299-f9a3-4eac-b558-0c088dd77a64/download/tourism59-68.csv,2026-09-16T11:38:42.043225+00:00,1.0
doi_inthanon,ดอยอินทนนท์,เชียงใหม่,2567,2023,10,,,64243,dnp_tourism,https://catalog.dnp.go.th/dataset/91d66c6a-5b88-41ee-8597-11be8aec5aa6/resource/be300299-f9a3-4eac-b558-0c088dd77a64/download/tourism59-68.csv,2026-09-16T11:38:42.043862+00:00,1.0
doi_inthanon,ดอยอินทนนท์,เชียงใหม่,2567,2023,11,,,104443,dnp_tourism,https://catalog.dnp.go.th/dataset/91d66c6a-5b88-41ee-8597-11be8aec5aa6/resource/be300299-f9a3-4eac-b558-0c088dd77a64/download/tourism59-68.csv,2026-09-16T11:38:42.043865+00:00,1.0
doi_inthanon,ดอยอินทนนท์,เชียงใหม่,2567,2023,12,,,193320,dnp_tourism,https://catalog.dnp.go.th/dataset/91d66c6a-5b88-41ee-8597-11be8aec5aa6/resource/be300299-f9a3-4eac-b558-0c088dd77a64/download/tourism59-68.csv,2026-09-16T11:38:42.043868+00:00,1.0
doi_inthanon,ดอยอินทนนท์,เชียงใหม่,2567,2024,1,,,137066,dnp_tourism,https://catalog.dnp.go.th/dataset/91d66c6a-5b88-41ee-8597-11be8aec5aa6/resource/be300299-f9a3-4eac-b558-0c088dd77a64/download/tourism59-68.csv,2026-09-16T11:38:42.043873+00:00,1.0
doi_inthanon,ดอยอินทนนท์,เชียงใหม่,2567,2024,2,,,75987,dnp_tourism,https://catalog.dnp.go.th/dataset/91d66c6a-5b88-41ee-8597-11be8aec5aa6/resource/be300299-f9a3-4eac-b558-0c088dd77a64/download/tourism59-68.csv,2026-09-16T11:38:42.043875+00:00,1.0
doi_inthanon,ดอยอินทนนท์,เชียงใหม่,2567,2024,3,,,45241,dnp_tourism,https://catalog.dnp.go.th/dataset/91d66c6a-5b88-41ee-8597-11be8aec5aa6/resource/be300299-f9a3-4eac-b558-0c088dd77a64/download/tourism59-68.csv,2026-09-16T11:38:42.043878+00:00,1.0
doi_inthanon,ดอยอินทนนท์,เชียงใหม่,2567,2024,4,,,52338,dnp_tourism,https://catalog.dnp.go.th/dataset/91d66c6a-5b88-41ee-8597-11be8aec5aa6/resource/be300299-f9a3-4eac-b558-0c088dd77a64/download/tourism59-68.csv,2026-09-16T11:38:42.043880+00:00,1.0
doi_inthanon,ดอยอินทนนท์,เชียงใหม่,2567,2024,5,,,28636,dnp_tourism,https://catalog.dnp.go.th/dataset/91d66c6a-5b88-41ee-8597-11be8aec5aa6/resource/be300299-f9a3-4eac-b558-0c088dd77a64/download/tourism59-68.csv,2026-09-16T11:38:42.043883+00:00,1.0
doi_inthanon,ดอยอินทนนท์,เชียงใหม่,2567,2024,6,,,29899,dnp_tourism,https://catalog.dnp.go.th/dataset/91d66c6a-5b88-41ee-8597-11be8aec5aa6/resource/be300299-f9a3-4eac-b558-0c088dd77a64/download/tourism59-68.csv,2026-09-16T11:38:42.043886+00:00,1.0
doi_inthanon,ดอยอินทนนท์,เชียงใหม่,2567,2024,7,,,44644,dnp_tourism,https://catalog.dnp.go.th/dataset/91d66c6a-5b88-41ee-8597-11be8aec5aa6/resource/be300299-f9a3-4eac-b558-0c088dd77a64/download/tourism59-68.csv,2026-09-16T11:38:42.043888+00:00,1.0
doi_inthanon,ดอยอินทนนท์,เชียงใหม่,2567,2024,8,,,46257,dnp_tourism,https://catalog.dnp.go.th/dataset/91d66c6a-5b88-41ee-8597-11be8aec5aa6/resource/be300299-f9a3-4eac-b558-0c088dd77a64/download/tourism59-68.csv,2026-09-16T11:38:42.043891+00:00,1.0
doi_inthanon,ดอยอินทนนท์,เชียงใหม่,2567,2024,9,,,31782,dnp_tourism,https://catalog.dnp.go.th/dataset/91d66c6a-5b88-41ee-8597-11be8aec5aa6/resource/be300299-f9a3-4eac-b558-0c088dd77a64/download/tourism59-68.csv,2026-09-16T11:38:42.043895+00:00,1.0
mae_ping,แม่ปิง,เชียงใหม่,2567,2023,10,,,984,dnp_tourism,https://catalog.dnp.go.th/dataset/91d66c6a-5b88-41ee-8597-11be8aec5aa6/resource/be300299-f9a3-4eac-b558-0c088dd77a64/download/tourism59-68.csv,2026-09-16T11:38:42.043904+00:00,1.0
mae_ping,แม่ปิง,เชียงใหม่,2567,2023,11,,,1333,dnp_tourism,https://catalog.dnp.go.th/dataset/91d66c6a-5b88-41ee-8597-11be8aec5aa6/resource/be300299-f9a3-4eac-b558-0c088dd77a64/download/tourism59-68.csv,2026-09-16T11:38:42.043907+00:00,1.0
mae_ping,แม่ปิง,เชียงใหม่,2567,2023,12,,,6420,dnp_tourism,https://catalog.dnp.go.th/dataset/91d66c6a-5b88-41ee-8597-11be8aec5aa6/resource/be300299-f9a3-4eac-b558-0c088dd77a64/download/tourism59-68.csv,2026-09-16T11:38:42.043909+00:00,1.0
mae_ping,แม่ปิง,เชียงใหม่,2567,2024,1,,,6856,dnp_tourism,https://catalog.dnp.go.th/dataset/91d66c6a-5b88-41ee-8597-11be8aec5aa6/resource/be300299-f9a3-4eac-b558-0c088dd77a64/download/tourism59-68.csv,2026-09-16T11:38:42.043912+00:00,1.0
mae_ping,แม่ปิง,เชียงใหม่,2567,2024,2,,,5686,dnp_tourism,https://catalog.dnp.go.th/dataset/91d66c6a-5b88-41ee-8597-11be8aec5aa6/resource/be300299-f9a3-4eac-b558-0c088dd77a64/download/tourism59-68.csv,2026-09-16T11:38:42.043914+00:00,1.0
mae_ping,แม่ปิง,เชียงใหม่,2567,2024,3,,,5216,dnp_tourism,https://catalog.dnp.go.th/dataset/91d66c6a-5b88-41ee-8597-11be8aec5aa6/resource/be300299-f9a3-4eac-b558-0c088dd77a64/download/tourism59-68.csv,2026-09-16T11:38:42.043917+00:00,1.0
mae_ping,แม่ปิง,เชียงใหม่,2567,2024,4,,,4526,dnp_tourism,https://catalog.dnp.go.th/dataset/91d66c6a-5b88-41ee-8597-11be8aec5aa6/resource/be300299-f9a3-4eac-b558-0c088dd77a64/download/tourism59-68.csv,2026-09-16T11:38:42.043919+00:00,1.0
mae_ping,แม่ปิง,เชียงใหม่,2567,2024,5,,,1947,dnp_tourism,https://catalog.dnp.go.th/dataset/91d66c6a-5b88-41ee-8597-11be8aec5aa6/resource/be300299-f9a3-4eac-b558-0c088dd77a64/download/tourism59-68.csv,2026-09-16T11:38:42.043922+00:00,1.0
mae_ping,แม่ปิง,เชียงใหม่,2567,2024,6,,,1350,dnp_tourism,https://catalog.dnp.go.th/dataset/91d66c6a-5b88-41ee-8597-11be8aec5aa6/resource/be300299-f9a3-4eac-b558-0c088dd77a64/download/tourism59-68.csv,2026-09-16T11:38:42.043924+00:00,1.0
mae_ping,แม่ปิง,เชียงใหม่,2567,2024,7,,,466,dnp_tourism,https://catalog.dnp.go.th/dataset/91d66c6a-5b88-41ee-8597-11be8aec5aa6/resource/be300299-f9a3-4eac-b558-0c088dd77a64/download/tourism59-68.csv,2026-09-16T11:38:42.043926+00:00,1.0
mae_ping,แม่ปิง,เชียงใหม่,2567,2024,8,,,403,dnp_tourism,https://catalog.dnp.go.th/dataset/91d66c6a-5b88-41ee-8597-11be8aec5aa6/resource/be300299-f9a3-4eac-b558-0c088dd77a64/download/tourism59-68.csv,2026-09-16T11:38:42.043929+00:00,1.0
mae_ping,แม่ปิง,เชียงใหม่,2567,2024,9,,,228,dnp_tourism,https://catalog.dnp.go.th/dataset/91d66c6a-5b88-41ee-8597-11be8aec5aa6/resource/be300299-f9a3-4eac-b558-0c088dd77a64/download/tourism59-68.csv,2026-09-16T11:38:42.043931+00:00,1.0
pha_daeng,ผาแดง,เชียงใหม่,2567,2023,10,,,2242,dnp_tourism,https://catalog.dnp.go.th/dataset/91d66c6a-5b88-41ee-8597-11be8aec5aa6/resource/be300299-f9a3-4eac-b558-0c088dd77a64/download/tourism59-68.csv,2026-09-16T11:38:42.043940+00:00,1.0
pha_daeng,ผาแดง,เชียงใหม่,2567,2023,11,,,2419,dnp_tourism,https://catalog.dnp.go.th/dataset/91d66c6a-5b88-41ee-8597-11be8aec5aa6/resource/be300299-f9a3-4eac-b558-0c088dd77a64/download/tourism59-68.csv,2026-09-16T11:38:42.043942+00:00,1.0
pha_daeng,ผาแดง,เชียงใหม่,2567,2023,12,,,5739,dnp_tourism,https://catalog.dnp.go.th/dataset/91d66c6a-5b88-41ee-8597-11be8aec5aa6/resource/be300299-f9a3-4eac-b558-0c088dd77a64/download/tourism59-68.csv,2026-09-16T11:38:42.043945+00:00,1.0
pha_daeng,ผาแดง,เชียงใหม่,2567,2024,1,,,6178,dnp_tourism,https://catalog.dnp.go.th/dataset/91d66c6a-5b88-41ee-8597-11be8aec5aa6/resource/be300299-f9a3-4eac-b558-0c088dd77a64/download/tourism59-68.csv,2026-09-16T11:38:42.043947+00:00,1.0
pha_daeng,ผาแดง,เชียงใหม่,2567,2024,2,,,4283,dnp_tourism,https://catalog.dnp.go.th/dataset/91d66c6a-5b88-41ee-8597-11be8aec5aa6/resource/be300299-f9a3-4eac-b558-0c088dd77a64/download/tourism59-68.csv,2026-09-16T11:38:42.043950+00:00,1.0
pha_daeng,ผาแดง,เชียงใหม่,2567,2024,3,,,3787,dnp_tourism,https://catalog.dnp.go.th/dataset/91d66c6a-5b88-41ee-8597-11be8aec5aa6/resource/be300299-f9a3-4eac-b558-0c088dd77a64/download/tourism59-68.csv,2026-09-16T11:38:42.043952+00:00,1.0
pha_daeng,ผาแดง,เชียงใหม่,2567,2024,4,,,7375,dnp_tourism,https://catalog.dnp.go.th/dataset/91d66c6a-5b88-41ee-8597-11be8aec5aa6/resource/be300299-f9a3-4eac-b558-0c088dd77a64/download/tourism59-68.csv,2026-09-16T11:38:42.043955+00:00,1.0
pha_daeng,ผาแดง,เชียงใหม่,2567,2024,5,,,2321,dnp_tourism,https://catalog.dnp.go.th/dataset/91d66c6a-5b88-41ee-8597-11be8aec5aa6/resource/be300299-f9a3-4eac-b558-0c088dd77a64/download/tourism59-68.csv,2026-09-16T11:38:42.043957+00:00,1.0
pha_daeng,ผาแดง,เชียงใหม่,2567,2024,6,,,1360,dnp_tourism,https://catalog.dnp.go.th/dataset/91d66c6a-5b88-41ee-8597-11be8aec5aa6/resource/be300299-f9a3-4eac-b558-0c088dd77a64/download/tourism59-68.csv,2026-09-16T11:38:42.043960+00:00,1.0
pha_daeng,ผาแดง,เชียงใหม่,2567,2024,7,,,1872,dnp_tourism,https://catalog.dnp.go.th/dataset/91d66c6a-5b88-41ee-8597-11be8aec5aa6/resource/be300299-f9a3-4eac-b558-0c088dd77a64/download/tourism59-68.csv,2026-09-16T11:38:42.043962+00:00,1.0
pha_daeng,ผาแดง,เชียงใหม่,2567,2024,8,,,1249,dnp_tourism,https://catalog.dnp.go.th/dataset/91d66c6a-5b88-41ee-8597-11be8aec5aa6/resource/be300299-f9a3-4eac-b558-0c088dd77a64/download/tourism59-68.csv,2026-09-16T11:38:42.043964+00:00,1.0
pha_daeng,ผาแดง,เชียงใหม่,2567,2024,9,,,709,dnp_tourism,https://catalog.dnp.go.th/dataset/91d66c6a-5b88-41ee-8597-11be8aec5aa6/resource/be300299-f9a3-4eac-b558-0c088dd77a64/download/tourism59-68.csv,2026-09-16T11:38:42.043967+00:00,1.0
doi_pha_hom_pok,ดอยผ้าห่มปก,เชียงใหม่,2567,2023,10,,,4451,dnp_tourism,https://catalog.dnp.go.th/dataset/91d66c6a-5b88-41ee-8597-11be8aec5aa6/resource/be300299-f9a3-4eac-b558-0c088dd77a64/download/tourism59-68.csv,2026-09-16T11:38:42.043976+00:00,1.0
doi_pha_hom_pok,ดอยผ้าห่มปก,เชียงใหม่,2567,2023,11,,,4319,dnp_tourism,https://catalog.dnp.go.th/dataset/91d66c6a-5b88-41ee-8597-11be8aec5aa6/resource/be300299-f9a3-4eac-b558-0c088dd77a64/download/tourism59-68.csv,2026-09-16T11:38:42.043978+00:00,1.0
doi_pha_hom_pok,ดอยผ้าห่มปก,เชียงใหม่,2567,2023,12,,,14424,dnp_tourism,https://catalog.dnp.go.th/dataset/91d66c6a-5b88-41ee-8597-11be8aec5aa6/resource/be300299-f9a3-4eac-b558-0c088dd77a64/download/tourism59-68.csv,2026-09-16T11:38:42.043981+00:00,1.0
doi_pha_hom_pok,ดอยผ้าห่มปก,เชียงใหม่,2567,2024,1,,,14980,dnp_tourism,https://catalog.dnp.go.th/dataset/91d66c6a-5b88-41ee-8597-11be8aec5aa6/resource/be300299-f9a3-4eac-b558-0c088dd77a64/download/tourism59-68.csv,2026-09-16T11:38:42.043983+00:00,1.0
doi_pha_hom_pok,ดอยผ้าห่มปก,เชียงใหม่,2567,2024,2,,,6919,dnp_tourism,https://catalog.dnp.go.th/dataset/91d66c6a-5b88-41ee-8597-11be8aec5aa6/resource/be300299-f9a3-4eac-b558-0c088dd77a64/download/tourism59-68.csv,2026-09-16T11:38:42.043986+00:00,1.0
doi_pha_hom_pok,ดอยผ้าห่มปก,เชียงใหม่,2567,2024,3,,,3738,dnp_tourism,https://catalog.dnp.go.th/dataset/91d66c6a-5b88-41ee-8597-11be8aec5aa6/resource/be300299-f9a3-4eac-b558-0c088dd77a64/download/tourism59-68.csv,2026-09-16T11:38:42.043988+00:00,1.0
doi_pha_hom_pok,ดอยผ้าห่มปก,เชียงใหม่,2567,2024,4,,,10329,dnp_tourism,https://catalog.dnp.go.th/dataset/91d66c6a-5b88-41ee-8597-11be8aec5aa6/resource/be300299-f9a3-4eac-b558-0c088dd77a64/download/tourism59-68.csv,2026-09-16T11:38:42.043991+00:00,1.0
doi_pha_hom_pok,ดอยผ้าห่มปก,เชียงใหม่,2567,2024,5,,,1959,dnp_tourism,https://catalog.dnp.go.th/dataset/91d66c6a-5b88-41ee-8597-11be8aec5aa6/resource/be300299-f9a3-4eac-b558-0c088dd77a64/download/tourism59-68.csv,2026-09-16T11:38:42.043993+00:00,1.0
doi_pha_hom_pok,ดอยผ้าห่มปก,เชียงใหม่,2567,2024,6,,,2317,dnp_tourism,https://catalog.dnp.go.th/dataset/91d66c6a-5b88-41ee-8597-11be8aec5aa6/resource/be300299-f9a3-4eac-b558-0c088dd77a64/download/tourism59-68.csv,2026-09-16T11:38:42.043996+00:00,1.0
doi_pha_hom_pok,ดอยผ้าห่มปก,เชียงใหม่,2567,2024,7,,,3087,dnp_tourism,https://catalog.dnp.go.th/dataset/91d66c6a-5b88-41ee-8597-11be8aec5aa6/resource/be300299-f9a3-4eac-b558-0c088dd77a64/download/tourism59-68.csv,2026-09-16T11:38:42.043998+00:00,1.0
doi_pha_hom_pok,ดอยผ้าห่มปก,เชียงใหม่,2567,2024,8,,,2611,dnp_tourism,https://catalog.dnp.go.th/dataset/91d66c6a-5b88-41ee-8597-11be8aec5aa6/resource/be300299-f9a3-4eac-b558-0c088dd77a64/download/tourism59-68.csv,2026-09-16T11:38:42.044000+00:00,1.0
doi_pha_hom_pok,ดอยผ้าห่มปก,เชียงใหม่,2567,2024,9,,,995,dnp_tourism,https://catalog.dnp.go.th/dataset/91d66c6a-5b88-41ee-8597-11be8aec5aa6/resource/be300299-f9a3-4eac-b558-0c088dd77a64/download/tourism59-68.csv,2026-09-16T11:38:42.044003+00:00,1.0
huai_nam_dang,ห้วยน้ำดัง,เชียงใหม่,2567,2023,10,,,9337,dnp_tourism,https://catalog.dnp.go.th/dataset/91d66c6a-5b88-41ee-8597-11be8aec5aa6/resource/be300299-f9a3-4eac-b558-0c088dd77a64/download/tourism59-68.csv,2026-09-16T11:38:42.044012+00:00,1.0
huai_nam_dang,ห้วยน้ำดัง,เชียงใหม่,2567,2023,11,,,14696,dnp_tourism,https://catalog.dnp.go.th/dataset/91d66c6a-5b88-41ee-8597-11be8aec5aa6/resource/be300299-f9a3-4eac-b558-0c088dd77a64/download/tourism59-68.csv,2026-09-16T11:38:42.044014+00:00,1.0
huai_nam_dang,ห้วยน้ำดัง,เชียงใหม่,2567,2023,12,,,33176,dnp_tourism,https://catalog.dnp.go.th/dataset/91d66c6a-5b88-41ee-8597-11be8aec5aa6/resource/be300299-f9a3-4eac-b558-0c088dd77a64/download/tourism59-68.csv,2026-09-16T11:38:42.044017+00:00,1.0
huai_nam_dang,ห้วยน้ำดัง,เชียงใหม่,2567,2024,1,,,22170,dnp_tourism,https://catalog.dnp.go.th/dataset/91d66c6a-5b88-41ee-8597-11be8aec5aa6/resource/be300299-f9a3-4eac-b558-0c088dd77a64/download/tourism59-68.csv,2026-09-16T11:38:42.044022+00:00,1.0
huai_nam_dang,ห้วยน้ำดัง,เชียงใหม่,2567,2024,2,,,12411,dnp_tourism,https://catalog.dnp.go.th/dataset/91d66c6a-5b88-41ee-8597-11be8aec5aa6/resource/be300299-f9a3-4eac-b558-0c088dd77a64/download/tourism59-68.csv,2026-09-16T11:38:42.044024+00:00,1.0
huai_nam_dang,ห้วยน้ำดัง,เชียงใหม่,2567,2024,3,,,5319,dnp_tourism,https://catalog.dnp.go.th/dataset/91d66c6a-5b88-41ee-8597-11be8aec5aa6/resource/be300299-f9a3-4eac-b558-0c088dd77a64/download/tourism59-68.csv,2026-09-16T11:38:42.044027+00:00,1.0
huai_nam_dang,ห้วยน้ำดัง,เชียงใหม่,2567,2024,4,,,4407,dnp_tourism,https://catalog.dnp.go.th/dataset/91d66c6a-5b88-41ee-8597-11be8aec5aa6/resource/be300299-f9a3-4eac-b558-0c088dd77a64/download/tourism59-68.csv,2026-09-16T11:38:42.044029+00:00,1.0
huai_nam_dang,ห้วยน้ำดัง,เชียงใหม่,2567,2024,5,,,2348,dnp_tourism,https://catalog.dnp.go.th/dataset/91d66c6a-5b88-41ee-8597-11be8aec5aa6/resource/be300299-f9a3-4eac-b558-0c088dd77a64/download/tourism59-68.csv,2026-09-16T11:38:42.044032+00:00,1.0
huai_nam_dang,ห้วยน้ำดัง,เชียงใหม่,2567,2024,6,,,3975,dnp_tourism,https://catalog.dnp.go.th/dataset/91d66c6a-5b88-41ee-8597-11be8aec5aa6/resource/be300299-f9a3-4eac-b558-0c088dd77a64/download/tourism59-68.csv,2026-09-16T11:38:42.044034+00:00,1.0
huai_nam_dang,ห้วยน้ำดัง,เชียงใหม่,2567,2024,7,,,5878,dnp_tourism,https://catalog.dnp.go.th/dataset/91d66c6a-5b88-41ee-8597-11be8aec5aa6/resource/be300299-f9a3-4eac-b558-0c088dd77a64/download/tourism59-68.csv,2026-09-16T11:38:42.044037+00:00,1.0
huai_nam_dang,ห้วยน้ำดัง,เชียงใหม่,2567,2024,8,,,4437,dnp_tourism,https://catalog.dnp.go.th/dataset/91d66c6a-5b88-41ee-8597-11be8aec5aa6/resource/be300299-f9a3-4eac-b558-0c088dd77a64/download/tourism59-68.csv,2026-09-16T11:38:42.044039+00:00,1.0
huai_nam_dang,ห้วยน้ำดัง,เชียงใหม่,2567,2024,9,,,2955,dnp_tourism,https://catalog.dnp.go.th/dataset/91d66c6a-5b88-41ee-8597-11be8aec5aa6/resource/be300299-f9a3-4eac-b558-0c088dd77a64/download/tourism59-68.csv,2026-09-16T11:38:42.044041+00:00,1.0
doi_suthep_pui,ดอยสุเทพ-ปุย,เชียงใหม่,2567,2023,10,,,21012,dnp_tourism,https://catalog.dnp.go.th/dataset/91d66c6a-5b88-41ee-8597-11be8aec5aa6/resource/be300299-f9a3-4eac-b558-0c088dd77a64/download/tourism59-68.csv,2026-09-16T11:38:42.044050+00:00,1.0
doi_suthep_pui,ดอยสุเทพ-ปุย,เชียงใหม่,2567,2023,11,,,26675,dnp_tourism,https://catalog.dnp.go.th/dataset/91d66c6a-5b88-41ee-8597-11be8aec5aa6/resource/be300299-f9a3-4eac-b558-0c088dd77a64/download/tourism59-68.csv,2026-09-16T11:38:42.044053+00:00,1.0
doi_suthep_pui,ดอยสุเทพ-ปุย,เชียงใหม่,2567,2023,12,,,37344,dnp_tourism,https://catalog.dnp.go.th/dataset/91d66c6a-5b88-41ee-8597-11be8aec5aa6/resource/be300299-f9a3-4eac-b558-0c088dd77a64/download/tourism59-68.csv,2026-09-16T11:38:42.044055+00:00,1.0
doi_suthep_pui,ดอยสุเทพ-ปุย,เชียงใหม่,2567,2024,1,,,34995,dnp_tourism,https://catalog.dnp.go.th/dataset/91d66c6a-5b88-41ee-8597-11be8aec5aa6/resource/be300299-f9a3-4eac-b558-0c088dd77a64/download/tourism59-68.csv,2026-09-16T11:38:42.044058+00:00,1.0
doi_suthep_pui,ดอยสุเทพ-ปุย,เชียงใหม่,2567,2024,2,,,29156,dnp_tourism,https://catalog.dnp.go.th/dataset/91d66c6a-5b88-41ee-8597-11be8aec5aa6/resource/be300299-f9a3-4eac-b558-0c088dd77a64/download/tourism59-68.csv,2026-09-16T11:38:42.044060+00:00,1.0
doi_suthep_pui,ดอยสุเทพ-ปุย,เชียงใหม่,2567,2024,3,,,29707,dnp_tourism,https://catalog.dnp.go.th/dataset/91d66c6a-5b88-41ee-8597-11be8aec5aa6/resource/be300299-f9a3-4eac-b558-0c088dd77a64/download/tourism59-68.csv,2026-09-16T11:38:42.044063+00:00,1.0
doi_suthep_pui,ดอยสุเทพ-ปุย,เชียงใหม่,2567,2024,4,,,34067,dnp_tourism,https://catalog.dnp.go.th/dataset/91d66c6a-5b88-41ee-8597-11be8aec5aa6/resource/be300299-f9a3-4eac-b558-0c088dd77a64/download/tourism59-68.csv,2026-09-16T11:38:42.044065+00:00,1.0
doi_suthep_pui,ดอยสุเทพ-ปุย,เชียงใหม่,2567,2024,5,,,19615,dnp_tourism,https://catalog.dnp.go.th/dataset/91d66c6a-5b88-41ee-8597-11be8aec5aa6/resource/be300299-f9a3-4eac-b558-0c088dd77a64/download/tourism59-68.csv,2026-09-16T11:38:42.044068+00:00,1.0
doi_suthep_pui,ดอยสุเทพ-ปุย,เชียงใหม่,2567,2024,6,,,16471,dnp_tourism,https://catalog.dnp.go.th/dataset/91d66c6a-5b88-41ee-8597-11be8aec5aa6/resource/be300299-f9a3-4eac-b558-0c088dd77a64/download/tourism59-68.csv,2026-09-16T11:38:42.044070+00:00,1.0
doi_suthep_pui,ดอยสุเทพ-ปุย,เชียงใหม่,2567,2024,7,,,20404,dnp_tourism,https://catalog.dnp.go.th/dataset/91d66c6a-5b88-41ee-8597-11be8aec5aa6/resource/be300299-f9a3-4eac-b558-0c088dd77a64/download/tourism59-68.csv,2026-09-16T11:38:42.044073+00:00,1.0
doi_suthep_pui,ดอยสุเทพ-ปุย,เชียงใหม่,2567,2024,8,,,17282,dnp_tourism,https://catalog.dnp.go.th/dataset/91d66c6a-5b88-41ee-8597-11be8aec5aa6/resource/be300299-f9a3-4eac-b558-0c088dd77a64/download/tourism59-68.csv,2026-09-16T11:38:42.044075+00:00,1.0
doi_suthep_pui,ดอยสุเทพ-ปุย,เชียงใหม่,2567,2024,9,,,9360,dnp_tourism,https://catalog.dnp.go.th/dataset/91d66c6a-5b88-41ee-8597-11be8aec5aa6/resource/be300299-f9a3-4eac-b558-0c088dd77a64/download/tourism59-68.csv,2026-09-16T11:38:42.044077+00:00,1.0
ob_luang,ออบหลวง,เชียงใหม่,2567,2023,10,,,3077,dnp_tourism,https://catalog.dnp.go.th/dataset/91d66c6a-5b88-41ee-8597-11be8aec5aa6/resource/be300299-f9a3-4eac-b558-0c088dd77a64/download/tourism59-68.csv,2026-09-16T11:38:42.044086+00:00,1.0
ob_luang,ออบหลวง,เชียงใหม่,2567,2023,11,,,5500,dnp_tourism,https://catalog.dnp.go.th/dataset/91d66c6a-5b88-41ee-8597-11be8aec5aa6/resource/be300299-f9a3-4eac-b558-0c088dd77a64/download/tourism59-68.csv,2026-09-16T11:38:42.044089+00:00,1.0
ob_luang,ออบหลวง,เชียงใหม่,2567,2023,12,,,7950,dnp_tourism,https://catalog.dnp.go.th/dataset/91d66c6a-5b88-41ee-8597-11be8aec5aa6/resource/be300299-f9a3-4eac-b558-0c088dd77a64/download/tourism59-68.csv,2026-09-16T11:38:42.044091+00:00,1.0
ob_luang,ออบหลวง,เชียงใหม่,2567,2024,1,,,6353,dnp_tourism,https://catalog.dnp.go.th/dataset/91d66c6a-5b88-41ee-8597-11be8aec5aa6/resource/be300299-f9a3-4eac-b558-0c088dd77a64/download/tourism59-68.csv,2026-09-16T11:38:42.044094+00:00,1.0
ob_luang,ออบหลวง,เชียงใหม่,2567,2024,2,,,3138,dnp_tourism,https://catalog.dnp.go.th/dataset/91d66c6a-5b88-41ee-8597-11be8aec5aa6/resource/be300299-f9a3-4eac-b558-0c088dd77a64/download/tourism59-68.csv,2026-09-16T11:38:42.044096+00:00,1.0
ob_luang,ออบหลวง,เชียงใหม่,2567,2024,3,,,1423,dnp_tourism,https://catalog.dnp.go.th/dataset/91d66c6a-5b88-41ee-8597-11be8aec5aa6/resource/be300299-f9a3-4eac-b558-0c088dd77a64/download/tourism59-68.csv,2026-09-16T11:38:42.044099+00:00,1.0
ob_luang,ออบหลวง,เชียงใหม่,2567,2024,4,,,1887,dnp_tourism,https://catalog.dnp.go.th/dataset/91d66c6a-5b88-41ee-8597-11be8aec5aa6/resource/be300299-f9a3-4eac-b558-0c088dd77a64/download/tourism59-68.csv,2026-09-16T11:38:42.044101+00:00,1.0
ob_luang,ออบหลวง,เชียงใหม่,2567,2024,5,,,1084,dnp_tourism,https://catalog.dnp.go.th/dataset/91d66c6a-5b88-41ee-8597-11be8aec5aa6/resource/be300299-f9a3-4eac-b558-0c088dd77a64/download/tourism59-68.csv,2026-09-16T11:38:42.044103+00:00,1.0
ob_luang,ออบหลวง,เชียงใหม่,2567,2024,6,,,1327,dnp_tourism,https://catalog.dnp.go.th/dataset/91d66c6a-5b88-41ee-8597-11be8aec5aa6/resource/be300299-f9a3-4eac-b558-0c088dd77a64/download/tourism59-68.csv,2026-09-16T11:38:42.044106+00:00,1.0
ob_luang,ออบหลวง,เชียงใหม่,2567,2024,7,,,1766,dnp_tourism,https://catalog.dnp.go.th/dataset/91d66c6a-5b88-41ee-8597-11be8aec5aa6/resource/be300299-f9a3-4eac-b558-0c088dd77a64/download/tourism59-68.csv,2026-09-16T11:38:42.044108+00:00,1.0
ob_luang,ออบหลวง,เชียงใหม่,2567,2024,8,,,1567,dnp_tourism,https://catalog.dnp.go.th/dataset/91d66c6a-5b88-41ee-8597-11be8aec5aa6/resource/be300299-f9a3-4eac-b558-0c088dd77a64/download/tourism59-68.csv,2026-09-16T11:38:42.044111+00:00,1.0
ob_luang,ออบหลวง,เชียงใหม่,2567,2024,9,,,1198,dnp_tourism,https://catalog.dnp.go.th/dataset/91d66c6a-5b88-41ee-8597-11be8aec5aa6/resource/be300299-f9a3-4eac-b558-0c088dd77a64/download/tourism59-68.csv,2026-09-16T11:38:42.044113+00:00,1.0
sri_lanna,ศรีลานนา,เชียงใหม่,2567,2023,10,,,6959,dnp_tourism,https://catalog.dnp.go.th/dataset/91d66c6a-5b88-41ee-8597-11be8aec5aa6/resource/be300299-f9a3-4eac-b558-0c088dd77a64/download/tourism59-68.csv,2026-09-16T11:38:42.044122+00:00,1.0
sri_lanna,ศรีลานนา,เชียงใหม่,2567,2023,11,,,5870,dnp_tourism,https://catalog.dnp.go.th/dataset/91d66c6a-5b88-41ee-8597-11be8aec5aa6/resource/be300299-f9a3-4eac-b558-0c088dd77a64/download/tourism59-68.csv,2026-09-16T11:38:42.044124+00:00,1.0
sri_lanna,ศรีลานนา,เชียงใหม่,2567,2023,12,,,12136,dnp_tourism,https://catalog.dnp.go.th/dataset/91d66c6a-5b88-41ee-8597-11be8aec5aa6/resource/be300299-f9a3-4eac-b558-0c088dd77a64/download/tourism59-68.csv,2026-09-16T11:38:42.044127+00:00,1.0
sri_lanna,ศรีลานนา,เชียงใหม่,2567,2024,1,,,9122,dnp_tourism,https://catalog.dnp.go.th/dataset/91d66c6a-5b88-41ee-8597-11be8aec5aa6/resource/be300299-f9a3-4eac-b558-0c088dd77a64/download/tourism59-68.csv,2026-09-16T11:38:42.044129+00:00,1.0
sri_lanna,ศรีลานนา,เชียงใหม่,2567,2024,2,,,7339,dnp_tourism,https://catalog.dnp.go.th/dataset/91d66c6a-5b88-41ee-8597-11be8aec5aa6/resource/be300299-f9a3-4eac-b558-0c088dd77a64/download/tourism59-68.csv,2026-09-16T11:38:42.044132+00:00,1.0
sri_lanna,ศรีลานนา,เชียงใหม่,2567,2024,3,,,7443,dnp_tourism,https://catalog.dnp.go.th/dataset/91d66c6a-5b88-41ee-8597-11be8aec5aa6/resource/be300299-f9a3-4eac-b558-0c088dd77a64/download/tourism59-68.csv,2026-09-16T11:38:42.044134+00:00,1.0
sri_lanna,ศรีลานนา,เชียงใหม่,2567,2024,4,,,10267,dnp_tourism,https://catalog.dnp.go.th/dataset/91d66c6a-5b88-41ee-8597-11be8aec5aa6/resource/be300299-f9a3-4eac-b558-0c088dd77a64/download/tourism59-68.csv,2026-09-16T11:38:42.044137+00:00,1.0
sri_lanna,ศรีลานนา,เชียงใหม่,2567,2024,5,,,7145,dnp_tourism,https://catalog.dnp.go.th/dataset/91d66c6a-5b88-41ee-8597-11be8aec5aa6/resource/be300299-f9a3-4eac-b558-0c088dd77a64/download/tourism59-68.csv,2026-09-16T11:38:42.044142+00:00,1.0
sri_lanna,ศรีลานนา,เชียงใหม่,2567,2024,6,,,5564,dnp_tourism,https://catalog.dnp.go.th/dataset/91d66c6a-5b88-41ee-8597-11be8aec5aa6/resource/be300299-f9a3-4eac-b558-0c088dd77a64/download/tourism59-68.csv,2026-09-16T11:38:42.044144+00:00,1.0
sri_lanna,ศรีลานนา,เชียงใหม่,2567,2024,7,,,6920,dnp_tourism,https://catalog.dnp.go.th/dataset/91d66c6a-5b88-41ee-8597-11be8aec5aa6/resource/be300299-f9a3-4eac-b558-0c088dd77a64/download/tourism59-68.csv,2026-09-16T11:38:42.044147+00:00,1.0
sri_lanna,ศรีลานนา,เชียงใหม่,2567,2024,8,,,5568,dnp_tourism,https://catalog.dnp.go.th/dataset/91d66c6a-5b88-41ee-8597-11be8aec5aa6/resource/be300299-f9a3-4eac-b558-0c088dd77a64/download/tourism59-68.csv,2026-09-16T11:38:42.044149+00:00,1.0
sri_lanna,ศรีลานนา,เชียงใหม่,2567,2024,9,,,5049,dnp_tourism,https://catalog.dnp.go.th/dataset/91d66c6a-5b88-41ee-8597-11be8aec5aa6/resource/be300299-f9a3-4eac-b558-0c088dd77a64/download/tourism59-68.csv,2026-09-16T11:38:42.044151+00:00,1.0
mae_takhrai,แม่ตะไคร้,เชียงใหม่,2567,2023,10,,,1345,dnp_tourism,https://catalog.dnp.go.th/dataset/91d66c6a-5b88-41ee-8597-11be8aec5aa6/resource/be300299-f9a3-4eac-b558-0c088dd77a64/download/tourism59-68.csv,2026-09-16T11:38:42.044176+00:00,1.0
mae_takhrai,แม่ตะไคร้,เชียงใหม่,2567,2023,11,,,1936,dnp_tourism,https://catalog.dnp.go.th/dataset/91d66c6a-5b88-41ee-8597-11be8aec5aa6/resource/be300299-f9a3-4eac-b558-0c088dd77a64/download/tourism59-68.csv,2026-09-16T11:38:42.044179+00:00,1.0
mae_takhrai,แม่ตะไคร้,เชียงใหม่,2567,2023,12,,,4820,dnp_tourism,https://catalog.dnp.go.th/dataset/91d66c6a-5b88-41ee-8597-11be8aec5aa6/resource/be300299-f9a3-4eac-b558-0c088dd77a64/download/tourism59-68.csv,2026-09-16T11:38:42.044181+00:00,1.0
mae_takhrai,แม่ตะไคร้,เชียงใหม่,2567,2024,1,,,4449,dnp_tourism,https://catalog.dnp.go.th/dataset/91d66c6a-5b88-41ee-8597-11be8aec5aa6/resource/be300299-f9a3-4eac-b558-0c088dd77a64/download/tourism59-68.csv,2026-09-16T11:38:42.044184+00:00,1.0
mae_takhrai,แม่ตะไคร้,เชียงใหม่,2567,2024,2,,,3835,dnp_tourism,https://catalog.dnp.go.th/dataset/91d66c6a-5b88-41ee-8597-11be8aec5aa6/resource/be300299-f9a3-4eac-b558-0c088dd77a64/download/tourism59-68.csv,2026-09-16T11:38:42.044186+00:00,1.0
mae_takhrai,แม่ตะไคร้,เชียงใหม่,2567,2024,3,,,3484,dnp_tourism,https://catalog.dnp.go.th/dataset/91d66c6a-5b88-41ee-8597-11be8aec5aa6/resource/be300299-f9a3-4eac-b558-0c088dd77a64/download/tourism59-68.csv,2026-09-16T11:38:42.044188+00:00,1.0
mae_takhrai,แม่ตะไคร้,เชียงใหม่,2567,2024,4,,,5054,dnp_tourism,https://catalog.dnp.go.th/dataset/91d66c6a-5b88-41ee-8597-11be8aec5aa6/resource/be300299-f9a3-4eac-b558-0c088dd77a64/download/tourism59-68.csv,2026-09-16T11:38:42.044191+00:00,1.0
mae_takhrai,แม่ตะไคร้,เชียงใหม่,2567,2024,5,,,0,dnp_tourism,https://catalog.dnp.go.th/dataset/91d66c6a-5b88-41ee-8597-11be8aec5aa6/resource/be300299-f9a3-4eac-b558-0c088dd77a64/download/tourism59-68.csv,2026-09-16T11:38:42.044193+00:00,1.0
mae_takhrai,แม่ตะไคร้,เชียงใหม่,2567,2024,6,,,0,dnp_tourism,https://catalog.dnp.go.th/dataset/91d66c6a-5b88-41ee-8597-11be8aec5aa6/resource/be300299-f9a3-4eac-b558-0c088dd77a64/download/tourism59-68.csv,2026-09-16T11:38:42.044196+00:00,1.0
mae_takhrai,แม่ตะไคร้,เชียงใหม่,2567,2024,7,,,60,dnp_tourism,https://catalog.dnp.go.th/dataset/91d66c6a-5b88-41ee-8597-11be8aec5aa6/resource/be300299-f9a3-4eac-b558-0c088dd77a64/download/tourism59-68.csv,2026-09-16T11:38:42.044201+00:00,1.0
mae_takhrai,แม่ตะไคร้,เชียงใหม่,2567,2024,8,,,0,dnp_tourism,https://catalog.dnp.go.th/dataset/91d66c6a-5b88-41ee-8597-11be8aec5aa6/resource/be300299-f9a3-4eac-b558-0c088dd77a64/download/tourism59-68.csv,2026-09-16T11:38:42.044203+00:00,1.0
mae_takhrai,แม่ตะไคร้,เชียงใหม่,2567,2024,9,,,0,dnp_tourism,https://catalog.dnp.go.th/dataset/91d66c6a-5b88-41ee-8597-11be8aec5aa6/resource/be300299-f9a3-4eac-b558-0c088dd77a64/download/tourism59-68.csv,2026-09-16T11:38:42.044206+00:00,1.0
khun_khan,ขุนขาน,เชียงใหม่,2567,2023,10,,,1102,dnp_tourism,https://catalog.dnp.go.th/dataset/91d66c6a-5b88-41ee-8597-11be8aec5aa6/resource/be300299-f9a3-4eac-b558-0c088dd77a64/download/tourism59-68.csv,2026-09-16T11:38:42.044214+00:00,1.0
khun_khan,ขุนขาน,เชียงใหม่,2567,2023,11,,,1993,dnp_tourism,https://catalog.dnp.go.th/dataset/91d66c6a-5b88-41ee-8597-11be8aec5aa6/resource/be300299-f9a3-4eac-b558-0c088dd77a64/download/tourism59-68.csv,2026-09-16T11:38:42.044217+00:00,1.0
khun_khan,ขุนขาน,เชียงใหม่,2567,2023,12,,,3551,dnp_tourism,https://catalog.dnp.go.th/dataset/91d66c6a-5b88-41ee-8597-11be8aec5aa6/resource/be300299-f9a3-4eac-b558-0c088dd77a64/download/tourism59-68.csv,2026-09-16T11:38:42.044219+00:00,1.0
khun_khan,ขุนขาน,เชียงใหม่,2567,2024,1,,,2864,dnp_tourism,https://catalog.dnp.go.th/dataset/91d66c6a-5b88-41ee-8597-11be8aec5aa6/resource/be300299-f9a3-4eac-b558-0c088dd77a64/download/tourism59-68.csv,2026-09-16T11:38:42.044222+00:00,1.0
khun_khan,ขุนขาน,เชียงใหม่,2567,2024,2,,,2337,dnp_tourism,https://catalog.dnp.go.th/dataset/91d66c6a-5b88-41ee-8597-11be8aec5aa6/resource/be300299-f9a3-4eac-b558-0c088dd77a64/download/tourism59-68.csv,2026-09-16T11:38:42.044224+00:00,1.0
khun_khan,ขุนขาน,เชียงใหม่,2567,2024,3,,,970,dnp_tourism,https://catalog.dnp.go.th/dataset/91d66c6a-5b88-41ee-8597-11be8aec5aa6/resource/be300299-f9a3-4eac-b558-0c088dd77a64/download/tourism59-68.csv,2026-09-16T11:38:42.044227+00:00,1.0
khun_khan,ขุนขาน,เชียงใหม่,2567,2024,4,,,863,dnp_tourism,https://catalog.dnp.go.th/dataset/91d66c6a-5b88-41ee-8597-11be8aec5aa6/resource/be300299-f9a3-4eac-b558-0c088dd77a64/download/tourism59-68.csv,2026-09-16T11:38:42.044229+00:00,1.0
khun_khan,ขุนขาน,เชียงใหม่,2567,2024,5,,,533,dnp_tourism,https://catalog.dnp.go.th/dataset/91d66c6a-5b88-41ee-8597-11be8aec5aa6/resource/be300299-f9a3-4eac-b558-0c088dd77a64/download/tourism59-68.csv,2026-09-16T11:38:42.044232+00:00,1.0
khun_khan,ขุนขาน,เชียงใหม่,2567,2024,6,,,675,dnp_tourism,https://catalog.dnp.go.th/dataset/91d66c6a-5b88-41ee-8597-11be8aec5aa6/resource/be300299-f9a3-4eac-b558-0c088dd77a64/download/tourism59-68.csv,2026-09-16T11:38:42.044234+00:00,1.0
khun_khan,ขุนขาน,เชียงใหม่,2567,2024,7,,,1554,dnp_tourism,https://catalog.dnp.go.th/dataset/91d66c6a-5b88-41ee-8597-11be8aec5aa6/resource/be300299-f9a3-4eac-b558-0c088dd77a64/download/tourism59-68.csv,2026-09-16T11:38:42.044237+00:00,1.0
khun_khan,ขุนขาน,เชียงใหม่,2567,2024,8,,,1549,dnp_tourism,https://catalog.dnp.go.th/dataset/91d66c6a-5b88-41ee-8597-11be8aec5aa6/resource/be300299-f9a3-4eac-b558-0c088dd77a64/download/tourism59-68.csv,2026-09-16T11:38:42.044239+00:00,1.0
khun_khan,ขุนขาน,เชียงใหม่,2567,2024,9,,,62,dnp_tourism,https://catalog.dnp.go.th/dataset/91d66c6a-5b88-41ee-8597-11be8aec5aa6/resource/be300299-f9a3-4eac-b558-0c088dd77a64/download/tourism59-68.csv,2026-09-16T11:38:42.044242+00:00,1.0
mae_wang,แม่วาง,เชียงใหม่,2567,2023,10,,,5784,dnp_tourism,https://catalog.dnp.go.th/dataset/91d66c6a-5b88-41ee-8597-11be8aec5aa6/resource/be300299-f9a3-4eac-b558-0c088dd77a64/download/tourism59-68.csv,2026-09-16T11:38:42.044250+00:00,1.0
mae_wang,แม่วาง,เชียงใหม่,2567,2023,11,,,7624,dnp_tourism,https://catalog.dnp.go.th/dataset/91d66c6a-5b88-41ee-8597-11be8aec5aa6/resource/be300299-f9a3-4eac-b558-0c088dd77a64/download/tourism59-68.csv,2026-09-16T11:38:42.044253+00:00,1.0
mae_wang,แม่วาง,เชียงใหม่,2567,2023,12,,,12144,dnp_tourism,https://catalog.dnp.go.th/dataset/91d66c6a-5b88-41ee-8597-11be8aec5aa6/resource/be300299-f9a3-4eac-b558-0c088dd77a64/download/tourism59-68.csv,2026-09-16T11:38:42.044256+00:00,1.0
mae_wang,แม่วาง,เชียงใหม่,2567,2024,1,,,10129,dnp_tourism,https://catalog.dnp.go.th/dataset/91d66c6a-5b88-41ee-8597-11be8aec5aa6/resource/be300299-f9a3-4eac-b558-0c088dd77a64/download/tourism59-68.csv,2026-09-16T11:38:42.044258+00:00,1.0
mae_wang,แม่วาง,เชียงใหม่,2567,2024,2,,,7003,dnp_tourism,https://catalog.dnp.go.th/dataset/91d66c6a-5b88-41ee-8597-11be8aec5aa6/resource/be300299-f9a3-4eac-b558-0c088dd77a64/download/tourism59-68.csv,2026-09-16T11:38:42.044261+00:00,1.0
mae_wang,แม่วาง,เชียงใหม่,2567,2024,3,,,0,dnp_tourism,https://catalog.dnp.go.th/dataset/91d66c6a-5b88-41ee-8597-11be8aec5aa6/resource/be300299-f9a3-4eac-b558-0c088dd77a64/download/tourism59-68.csv,2026-09-16T11:38:42.044263+00:00,1.0
mae_wang,แม่วาง,เชียงใหม่,2567,2024,4,,,0,dnp_tourism,https://catalog.dnp.go.th/dataset/91d66c6a-5b88-41ee-8597-11be8aec5aa6/resource/be300299-f9a3-4eac-b558-0c088dd77a64/download/tourism59-68.csv,2026-09-16T11:38:42.044266+00:00,1.0
mae_wang,แม่วาง,เชียงใหม่,2567,2024,5,,,2422,dnp_tourism,https://catalog.dnp.go.th/dataset/91d66c6a-5b88-41ee-8597-11be8aec5aa6/resource/be300299-f9a3-4eac-b558-0c088dd77a64/download/tourism59-68.csv,2026-09-16T11:38:42.044268+00:00,1.0
mae_wang,แม่วาง,เชียงใหม่,2567,2024,6,,,4175,dnp_tourism,https://catalog.dnp.go.th/dataset/91d66c6a-5b88-41ee-8597-11be8aec5aa6/resource/be300299-f9a3-4eac-b558-0c088dd77a64/download/tourism59-68.csv,2026-09-16T11:38:42.044271+00:00,1.0
mae_wang,แม่วาง,เชียงใหม่,2567,2024,7,,,6673,dnp_tourism,https://catalog.dnp.go.th/dataset/91d66c6a-5b88-41ee-8597-11be8aec5aa6/resource/be300299-f9a3-4eac-b558-0c088dd77a64/download/tourism59-68.csv,2026-09-16T11:38:42.044273+00:00,1.0
mae_wang,แม่วาง,เชียงใหม่,2567,2024,8,,,5824,dnp_tourism,https://catalog.dnp.go.th/dataset/91d66c6a-5b88-41ee-8597-11be8aec5aa6/resource/be300299-f9a3-4eac-b558-0c088dd77a64/download/tourism59-68.csv,2026-09-16T11:38:42.044276+00:00,1.0
mae_wang,แม่วาง,เชียงใหม่,2567,2024,9,,,4264,dnp_tourism,https://catalog.dnp.go.th/dataset/91d66c6a-5b88-41ee-8597-11be8aec5aa6/resource/be300299-f9a3-4eac-b558-0c088dd77a64/download/tourism59-68.csv,2026-09-16T11:38:42.044280+00:00,1.0
doi_inthanon,ดอยอินทนนท์,เชียงใหม่,2568,2024,10,,,57549,dnp_tourism,https://catalog.dnp.go.th/dataset/91d66c6a-5b88-41ee-8597-11be8aec5aa6/resource/be300299-f9a3-4eac-b558-0c088dd77a64/download/tourism59-68.csv,2026-09-16T11:38:42.044936+00:00,1.0
doi_inthanon,ดอยอินทนนท์,เชียงใหม่,2568,2024,11,,,111441,dnp_tourism,https://catalog.dnp.go.th/dataset/91d66c6a-5b88-41ee-8597-11be8aec5aa6/resource/be300299-f9a3-4eac-b558-0c088dd77a64/download/tourism59-68.csv,2026-09-16T11:38:42.044939+00:00,1.0
doi_inthanon,ดอยอินทนนท์,เชียงใหม่,2568,2024,12,,,201696,dnp_tourism,https://catalog.dnp.go.th/dataset/91d66c6a-5b88-41ee-8597-11be8aec5aa6/resource/be300299-f9a3-4eac-b558-0c088dd77a64/download/tourism59-68.csv,2026-09-16T11:38:42.044942+00:00,1.0
doi_inthanon,ดอยอินทนนท์,เชียงใหม่,2568,2025,1,,,164545,dnp_tourism,https://catalog.dnp.go.th/dataset/91d66c6a-5b88-41ee-8597-11be8aec5aa6/resource/be300299-f9a3-4eac-b558-0c088dd77a64/download/tourism59-68.csv,2026-09-16T11:38:42.044944+00:00,1.0
doi_inthanon,ดอยอินทนนท์,เชียงใหม่,2568,2025,2,,,74594,dnp_tourism,https://catalog.dnp.go.th/dataset/91d66c6a-5b88-41ee-8597-11be8aec5aa6/resource/be300299-f9a3-4eac-b558-0c088dd77a64/download/tourism59-68.csv,2026-09-16T11:38:42.044947+00:00,1.0
doi_inthanon,ดอยอินทนนท์,เชียงใหม่,2568,2025,3,,,40895,dnp_tourism,https://catalog.dnp.go.th/dataset/91d66c6a-5b88-41ee-8597-11be8aec5aa6/resource/be300299-f9a3-4eac-b558-0c088dd77a64/download/tourism59-68.csv,2026-09-16T11:38:42.044949+00:00,1.0
doi_inthanon,ดอยอินทนนท์,เชียงใหม่,2568,2025,4,,,40742,dnp_tourism,https://catalog.dnp.go.th/dataset/91d66c6a-5b88-41ee-8597-11be8aec5aa6/resource/be300299-f9a3-4eac-b558-0c088dd77a64/download/tourism59-68.csv,2026-09-16T11:38:42.044952+00:00,1.0
doi_inthanon,ดอยอินทนนท์,เชียงใหม่,2568,2025,5,,,28952,dnp_tourism,https://catalog.dnp.go.th/dataset/91d66c6a-5b88-41ee-8597-11be8aec5aa6/resource/be300299-f9a3-4eac-b558-0c088dd77a64/download/tourism59-68.csv,2026-09-16T11:38:42.044954+00:00,1.0
doi_inthanon,ดอยอินทนนท์,เชียงใหม่,2568,2025,6,,,27311,dnp_tourism,https://catalog.dnp.go.th/dataset/91d66c6a-5b88-41ee-8597-11be8aec5aa6/resource/be300299-f9a3-4eac-b558-0c088dd77a64/download/tourism59-68.csv,2026-09-16T11:38:42.044959+00:00,1.0
doi_inthanon,ดอยอินทนนท์,เชียงใหม่,2568,2025,7,,,39648,dnp_tourism,https://catalog.dnp.go.th/dataset/91d66c6a-5b88-41ee-8597-11be8aec5aa6/resource/be300299-f9a3-4eac-b558-0c088dd77a64/download/tourism59-68.csv,2026-09-16T11:38:42.044961+00:00,1.0
doi_inthanon,ดอยอินทนนท์,เชียงใหม่,2568,2025,8,,,45221,dnp_tourism,https://catalog.dnp.go.th/dataset/91d66c6a-5b88-41ee-8597-11be8aec5aa6/resource/be300299-f9a3-4eac-b558-0c088dd77a64/download/tourism59-68.csv,2026-09-16T11:38:42.044964+00:00,1.0
doi_inthanon,ดอยอินทนนท์,เชียงใหม่,2568,2025,9,,,33688,dnp_tourism,https://catalog.dnp.go.th/dataset/91d66c6a-5b88-41ee-8597-11be8aec5aa6/resource/be300299-f9a3-4eac-b558-0c088dd77a64/download/tourism59-68.csv,2026-09-16T11:38:42.044966+00:00,1.0
mae_ping,แม่ปิง,เชียงใหม่,2568,2024,10,,,511,dnp_tourism,https://catalog.dnp.go.th/dataset/91d66c6a-5b88-41ee-8597-11be8aec5aa6/resource/be300299-f9a3-4eac-b558-0c088dd77a64/download/tourism59-68.csv,2026-09-16T11:38:42.044975+00:00,1.0
mae_ping,แม่ปิง,เชียงใหม่,2568,2024,11,,,1998,dnp_tourism,https://catalog.dnp.go.th/dataset/91d66c6a-5b88-41ee-8597-11be8aec5aa6/resource/be300299-f9a3-4eac-b558-0c088dd77a64/download/tourism59-68.csv,2026-09-16T11:38:42.044978+00:00,1.0
mae_ping,แม่ปิง,เชียงใหม่,2568,2024,12,,,11476,dnp_tourism,https://catalog.dnp.go.th/dataset/91d66c6a-5b88-41ee-8597-11be8aec5aa6/resource/be300299-f9a3-4eac-b558-0c088dd77a64/download/tourism59-68.csv,2026-09-16T11:38:42.044981+00:00,1.0
mae_ping,แม่ปิง,เชียงใหม่,2568,2025,1,,,10228,dnp_tourism,https://catalog.dnp.go.th/dataset/91d66c6a-5b88-41ee-8597-11be8aec5aa6/resource/be300299-f9a3-4eac-b558-0c088dd77a64/download/tourism59-68.csv,2026-09-16T11:38:42.044983+00:00,1.0
mae_ping,แม่ปิง,เชียงใหม่,2568,2025,2,,,6077,dnp_tourism,https://catalog.dnp.go.th/dataset/91d66c6a-5b88-41ee-8597-11be8aec5aa6/resource/be300299-f9a3-4eac-b558-0c088dd77a64/download/tourism59-68.csv,2026-09-16T11:38:42.044986+00:00,1.0
mae_ping,แม่ปิง,เชียงใหม่,2568,2025,3,,,4484,dnp_tourism,https://catalog.dnp.go.th/dataset/91d66c6a-5b88-41ee-8597-11be8aec5aa6/resource/be300299-f9a3-4eac-b558-0c088dd77a64/download/tourism59-68.csv,2026-09-16T11:38:42.044988+00:00,1.0
mae_ping,แม่ปิง,เชียงใหม่,2568,2025,4,,,6640,dnp_tourism,https://catalog.dnp.go.th/dataset/91d66c6a-5b88-41ee-8597-11be8aec5aa6/resource/be300299-f9a3-4eac-b558-0c088dd77a64/download/tourism59-68.csv,2026-09-16T11:38:42.044991+00:00,1.0
mae_ping,แม่ปิง,เชียงใหม่,2568,2025,5,,,1120,dnp_tourism,https://catalog.dnp.go.th/dataset/91d66c6a-5b88-41ee-8597-11be8aec5aa6/resource/be300299-f9a3-4eac-b558-0c088dd77a64/download/tourism59-68.csv,2026-09-16T11:38:42.044993+00:00,1.0
mae_ping,แม่ปิง,เชียงใหม่,2568,2025,6,,,362,dnp_tourism,https://catalog.dnp.go.th/dataset/91d66c6a-5b88-41ee-8597-11be8aec5aa6/resource/be300299-f9a3-4eac-b558-0c088dd77a64/download/tourism59-68.csv,2026-09-16T11:38:42.044996+00:00,1.0
mae_ping,แม่ปิง,เชียงใหม่,2568,2025,7,,,633,dnp_tourism,https://catalog.dnp.go.th/dataset/91d66c6a-5b88-41ee-8597-11be8aec5aa6/resource/be300299-f9a3-4eac-b558-0c088dd77a64/download/tourism59-68.csv,2026-09-16T11:38:42.044998+00:00,1.0
mae_ping,แม่ปิง,เชียงใหม่,2568,2025,8,,,756,dnp_tourism,https://catalog.dnp.go.th/dataset/91d66c6a-5b88-41ee-8597-11be8aec5aa6/resource/be300299-f9a3-4eac-b558-0c088dd77a64/download/tourism59-68.csv,2026-09-16T11:38:42.045000+00:00,1.0
mae_ping,แม่ปิง,เชียงใหม่,2568,2025,9,,,497,dnp_tourism,https://catalog.dnp.go.th/dataset/91d66c6a-5b88-41ee-8597-11be8aec5aa6/resource/be300299-f9a3-4eac-b558-0c088dd77a64/download/tourism59-68.csv,2026-09-16T11:38:42.045003+00:00,1.0
pha_daeng,ผาแดง,เชียงใหม่,2568,2024,10,,,1793,dnp_tourism,https://catalog.dnp.go.th/dataset/91d66c6a-5b88-41ee-8597-11be8aec5aa6/resource/be300299-f9a3-4eac-b558-0c088dd77a64/download/tourism59-68.csv,2026-09-16T11:38:42.045011+00:00,1.0
pha_daeng,ผาแดง,เชียงใหม่,2568,2024,11,,,2691,dnp_tourism,https://catalog.dnp.go.th/dataset/91d66c6a-5b88-41ee-8597-11be8aec5aa6/resource/be300299-f9a3-4eac-b558-0c088dd77a64/download/tourism59-68.csv,2026-09-16T11:38:42.045014+00:00,1.0
pha_daeng,ผาแดง,เชียงใหม่,2568,2024,12,,,7408,dnp_tourism,https://catalog.dnp.go.th/dataset/91d66c6a-5b88-41ee-8597-11be8aec5aa6/resource/be300299-f9a3-4eac-b558-0c088dd77a64/download/tourism59-68.csv,2026-09-16T11:38:42.045016+00:00,1.0
pha_daeng,ผาแดง,เชียงใหม่,2568,2025,1,,,7346,dnp_tourism,https://catalog.dnp.go.th/dataset/91d66c6a-5b88-41ee-8597-11be8aec5aa6/resource/be300299-f9a3-4eac-b558-0c088dd77a64/download/tourism59-68.csv,2026-09-16T11:38:42.045019+00:00,1.0
pha_daeng,ผาแดง,เชียงใหม่,2568,2025,2,,,4610,dnp_tourism,https://catalog.dnp.go.th/dataset/91d66c6a-5b88-41ee-8597-11be8aec5aa6/resource/be300299-f9a3-4eac-b558-0c088dd77a64/download/tourism59-68.csv,2026-09-16T11:38:42.045021+00:00,1.0
pha_daeng,ผาแดง,เชียงใหม่,2568,2025,3,,,4866,dnp_tourism,https://catalog.dnp.go.th/dataset/91d66c6a-5b88-41ee-8597-11be8aec5aa6/resource/be300299-f9a3-4eac-b558-0c088dd77a64/download/tourism59-68.csv,2026-09-16T11:38:42.045024+00:00,1.0
pha_daeng,ผาแดง,เชียงใหม่,2568,2025,4,,,7782,dnp_tourism,https://catalog.dnp.go.th/dataset/91d66c6a-5b88-41ee-8597-11be8aec5aa6/resource/be300299-f9a3-4eac-b558-0c088dd77a64/download/tourism59-68.csv,2026-09-16T11:38:42.045026+00:00,1.0
pha_daeng,ผาแดง,เชียงใหม่,2568,2025,5,,,2602,dnp_tourism,https://catalog.dnp.go.th/dataset/91d66c6a-5b88-41ee-8597-11be8aec5aa6/resource/be300299-f9a3-4eac-b558-0c088dd77a64/download/tourism59-68.csv,2026-09-16T11:38:42.045028+00:00,1.0
pha_daeng,ผาแดง,เชียงใหม่,2568,2025,6,,,1533,dnp_tourism,https://catalog.dnp.go.th/dataset/91d66c6a-5b88-41ee-8597-11be8aec5aa6/resource/be300299-f9a3-4eac-b558-0c088dd77a64/download/tourism59-68.csv,2026-09-16T11:38:42.045031+00:00,1.0
pha_daeng,ผาแดง,เชียงใหม่,2568,2025,7,,,1719,dnp_tourism,https://catalog.dnp.go.th/dataset/91d66c6a-5b88-41ee-8597-11be8aec5aa6/resource/be300299-f9a3-4eac-b558-0c088dd77a64/download/tourism59-68.csv,2026-09-16T11:38:42.045033+00:00,1.0
pha_daeng,ผาแดง,เชียงใหม่,2568,2025,8,,,1562,dnp_tourism,https://catalog.dnp.go.th/dataset/91d66c6a-5b88-41ee-8597-11be8aec5aa6/resource/be300299-f9a3-4eac-b558-0c088dd77a64/download/tourism59-68.csv,2026-09-16T11:38:42.045036+00:00,1.0
pha_daeng,ผาแดง,เชียงใหม่,2568,2025,9,,,954,dnp_tourism,https://catalog.dnp.go.th/dataset/91d66c6a-5b88-41ee-8597-11be8aec5aa6/resource/be300299-f9a3-4eac-b558-0c088dd77a64/download/tourism59-68.csv,2026-09-16T11:38:42.045038+00:00,1.0
doi_pha_hom_pok,ดอยผ้าห่มปก,เชียงใหม่,2568,2024,10,,,3125,dnp_tourism,https://catalog.dnp.go.th/dataset/91d66c6a-5b88-41ee-8597-11be8aec5aa6/resource/be300299-f9a3-4eac-b558-0c088dd77a64/download/tourism59-68.csv,2026-09-16T11:38:42.045047+00:00,1.0
doi_pha_hom_pok,ดอยผ้าห่มปก,เชียงใหม่,2568,2024,11,,,3826,dnp_tourism,https://catalog.dnp.go.th/dataset/91d66c6a-5b88-41ee-8597-11be8aec5aa6/resource/be300299-f9a3-4eac-b558-0c088dd77a64/download/tourism59-68.csv,2026-09-16T11:38:42.045049+00:00,1.0
doi_pha_hom_pok,ดอยผ้าห่มปก,เชียงใหม่,2568,2024,12,,,12979,dnp_tourism,https://catalog.dnp.go.th/dataset/91d66c6a-5b88-41ee-8597-11be8aec5aa6/resource/be300299-f9a3-4eac-b558-0c088dd77a64/download/tourism59-68.csv,2026-09-16T11:38:42.045051+00:00,1.0
doi_pha_hom_pok,ดอยผ้าห่มปก,เชียงใหม่,2568,2025,1,,,17016,dnp_tourism,https://catalog.dnp.go.th/dataset/91d66c6a-5b88-41ee-8597-11be8aec5aa6/resource/be300299-f9a3-4eac-b558-0c088dd77a64/download/tourism59-68.csv,2026-09-16T11:38:42.045056+00:00,1.0
doi_pha_hom_pok,ดอยผ้าห่มปก,เชียงใหม่,2568,2025,2,,,5361,dnp_tourism,https://catalog.dnp.go.th/dataset/91d66c6a-5b88-41ee-8597-11be8aec5aa6/resource/be300299-f9a3-4eac-b558-0c088dd77a64/download/tourism59-68.csv,2026-09-16T11:38:42.045058+00:00,1.0
doi_pha_hom_pok,ดอยผ้าห่มปก,เชียงใหม่,2568,2025,3,,,2396,dnp_tourism,https://catalog.dnp.go.th/dataset/91d66c6a-5b88-41ee-8597-11be8aec5aa6/resource/be300299-f9a3-4eac-b558-0c088dd77a64/download/tourism59-68.csv,2026-09-16T11:38:42.045061+00:00,1.0
doi_pha_hom_pok,ดอยผ้าห่มปก,เชียงใหม่,2568,2025,4,,,8092,dnp_tourism,https://catalog.dnp.go.th/dataset/91d66c6a-5b88-41ee-8597-11be8aec5aa6/resource/be300299-f9a3-4eac-b558-0c088dd77a64/download/tourism59-68.csv,2026-09-16T11:38:42.045063+00:00,1.0
doi_pha_hom_pok,ดอยผ้าห่มปก,เชียงใหม่,2568,2025,5,,,2159,dnp_tourism,https://catalog.dnp.go.th/dataset/91d66c6a-5b88-41ee-8597-11be8aec5aa6/resource/be300299-f9a3-4eac-b558-0c088dd77a64/download/tourism59-68.csv,2026-09-16T11:38:42.045066+00:00,1.0
doi_pha_hom_pok,ดอยผ้าห่มปก,เชียงใหม่,2568,2025,6,,,2154,dnp_tourism,https://catalog.dnp.go.th/dataset/91d66c6a-5b88-41ee-8597-11be8aec5aa6/resource/be300299-f9a3-4eac-b558-0c088dd77a64/download/tourism59-68.csv,2026-09-16T11:38:42.045068+00:00,1.0
doi_pha_hom_pok,ดอยผ้าห่มปก,เชียงใหม่,2568,2025,7,,,2425,dnp_tourism,https://catalog.dnp.go.th/dataset/91d66c6a-5b88-41ee-8597-11be8aec5aa6/resource/be300299-f9a3-4eac-b558-0c088dd77a64/download/tourism59-68.csv,2026-09-16T11:38:42.045071+00:00,1.0
doi_pha_hom_pok,ดอยผ้าห่มปก,เชียงใหม่,2568,2025,8,,,3350,dnp_tourism,https://catalog.dnp.go.th/dataset/91d66c6a-5b88-41ee-8597-11be8aec5aa6/resource/be300299-f9a3-4eac-b558-0c088dd77a64/download/tourism59-68.csv,2026-09-16T11:38:42.045073+00:00,1.0
doi_pha_hom_pok,ดอยผ้าห่มปก,เชียงใหม่,2568,2025,9,,,2166,dnp_tourism,https://catalog.dnp.go.th/dataset/91d66c6a-5b88-41ee-8597-11be8aec5aa6/resource/be300299-f9a3-4eac-b558-0c088dd77a64/download/tourism59-68.csv,2026-09-16T11:38:42.045075+00:00,1.0
huai_nam_dang,ห้วยน้ำดัง,เชียงใหม่,2568,2024,10,,,8405,dnp_tourism,https://catalog.dnp.go.th/dataset/91d66c6a-5b88-41ee-8597-11be8aec5aa6/resource/be300299-f9a3-4eac-b558-0c088dd77a64/download/tourism59-68.csv,2026-09-16T11:38:42.045084+00:00,1.0
huai_nam_dang,ห้วยน้ำดัง,เชียงใหม่,2568,2024,11,,,18521,dnp_tourism,https://catalog.dnp.go.th/dataset/91d66c6a-5b88-41ee-8597-11be8aec5aa6/resource/be300299-f9a3-4eac-b558-0c088dd77a64/download/tourism59-68.csv,2026-09-16T11:38:42.045087+00:00,1.0
huai_nam_dang,ห้วยน้ำดัง,เชียงใหม่,2568,2024,12,,,35912,dnp_tourism,https://catalog.dnp.go.th/dataset/91d66c6a-5b88-41ee-8597-11be8aec5aa6/resource/be300299-f9a3-4eac-b558-0c088dd77a64/download/tourism59-68.csv,2026-09-16T11:38:42.045089+00:00,1.0
huai_nam_dang,ห้วยน้ำดัง,เชียงใหม่,2568,2025,1,,,26853,dnp_tourism,https://catalog.dnp.go.th/dataset/91d66c6a-5b88-41ee-8597-11be8aec5aa6/resource/be300299-f9a3-4eac-b558-0c088dd77a64/download/tourism59-68.csv,2026-09-16T11:38:42.045092+00:00,1.0
huai_nam_dang,ห้วยน้ำดัง,เชียงใหม่,2568,2025,2,,,15757,dnp_tourism,https://catalog.dnp.go.th/dataset/91d66c6a-5b88-41ee-8597-11be8aec5aa6/resource/be300299-f9a3-4eac-b558-0c088dd77a64/download/tourism59-68.csv,2026-09-16T11:38:42.045094+00:00,1.0
huai_nam_dang,ห้วยน้ำดัง,เชียงใหม่,2568,2025,3,,,7130,dnp_tourism,https://catalog.dnp.go.th/dataset/91d66c6a-5b88-41ee-8597-11be8aec5aa6/resource/be300299-f9a3-4eac-b558-0c088dd77a64/download/tourism59-68.csv,2026-09-16T11:38:42.045097+00:00,1.0
huai_nam_dang,ห้วยน้ำดัง,เชียงใหม่,2568,2025,4,,,5231,dnp_tourism,https://catalog.dnp.go.th/dataset/91d66c6a-5b88-41ee-8597-11be8aec5aa6/resource/be300299-f9a3-4eac-b558-0c088dd77a64/download/tourism59-68.csv,2026-09-16T11:38:42.045099+00:00,1.0
huai_nam_dang,ห้วยน้ำดัง,เชียงใหม่,2568,2025,5,,,2844,dnp_tourism,https://catalog.dnp.go.th/dataset/91d66c6a-5b88-41ee-8597-11be8aec5aa6/resource/be300299-f9a3-4eac-b558-0c088dd77a64/download/tourism59-68.csv,2026-09-16T11:38:42.045101+00:00,1.0
huai_nam_dang,ห้วยน้ำดัง,เชียงใหม่,2568,2025,6,,,3718,dnp_tourism,https://catalog.dnp.go.th/dataset/91d66c6a-5b88-41ee-8597-11be8aec5aa6/resource/be300299-f9a3-4eac-b558-0c088dd77a64/download/tourism59-68.csv,2026-09-16T11:38:42.045104+00:00,1.0
huai_nam_dang,ห้วยน้ำดัง,เชียงใหม่,2568,2025,7,,,6139,dnp_tourism,https://catalog.dnp.go.th/dataset/91d66c6a-5b88-41ee-8597-11be8aec5aa6/resource/be300299-f9a3-4eac-b558-0c088dd77a64/download/tourism59-68.csv,2026-09-16T11:38:42.045106+00:00,1.0
huai_nam_dang,ห้วยน้ำดัง,เชียงใหม่,2568,2025,8,,,5345,dnp_tourism,https://catalog.dnp.go.th/dataset/91d66c6a-5b88-41ee-8597-11be8aec5aa6/resource/be300299-f9a3-4eac-b558-0c088dd77a64/download/tourism59-68.csv,2026-09-16T11:38:42.045109+00:00,1.0
huai_nam_dang,ห้วยน้ำดัง,เชียงใหม่,2568,2025,9,,,5511,dnp_tourism,https://catalog.dnp.go.th/dataset/91d66c6a-5b88-41ee-8597-11be8aec5aa6/resource/be300299-f9a3-4eac-b558-0c088dd77a64/download/tourism59-68.csv,2026-09-16T11:38:42.045111+00:00,1.0
doi_suthep_pui,ดอยสุเทพ-ปุย,เชียงใหม่,2568,2024,10,,,22386,dnp_tourism,https://catalog.dnp.go.th/dataset/91d66c6a-5b88-41ee-8597-11be8aec5aa6/resource/be300299-f9a3-4eac-b558-0c088dd77a64/download/tourism59-68.csv,2026-09-16T11:38:42.045120+00:00,1.0
doi_suthep_pui,ดอยสุเทพ-ปุย,เชียงใหม่,2568,2024,11,,,36598,dnp_tourism,https://catalog.dnp.go.th/dataset/91d66c6a-5b88-41ee-8597-11be8aec5aa6/resource/be300299-f9a3-4eac-b558-0c088dd77a64/download/tourism59-68.csv,2026-09-16T11:38:42.045122+00:00,1.0
doi_suthep_pui,ดอยสุเทพ-ปุย,เชียงใหม่,2568,2024,12,,,52637,dnp_tourism,https://catalog.dnp.go.th/dataset/91d66c6a-5b88-41ee-8597-11be8aec5aa6/resource/be300299-f9a3-4eac-b558-0c088dd77a64/download/tourism59-68.csv,2026-09-16T11:38:42.045125+00:00,1.0
doi_suthep_pui,ดอยสุเทพ-ปุย,เชียงใหม่,2568,2025,1,,,48675,dnp_tourism,https://catalog.dnp.go.th/dataset/91d66c6a-5b88-41ee-8597-11be8aec5aa6/resource/be300299-f9a3-4eac-b558-0c088dd77a64/download/tourism59-68.csv,2026-09-16T11:38:42.045127+00:00,1.0
doi_suthep_pui,ดอยสุเทพ-ปุย,เชียงใหม่,2568,2025,2,,,39460,dnp_tourism,https://catalog.dnp.go.th/dataset/91d66c6a-5b88-41ee-8597-11be8aec5aa6/resource/be300299-f9a3-4eac-b558-0c088dd77a64/download/tourism59-68.csv,2026-09-16T11:38:42.045153+00:00,1.0
doi_suthep_pui,ดอยสุเทพ-ปุย,เชียงใหม่,2568,2025,3,,,42827,dnp_tourism,https://catalog.dnp.go.th/dataset/91d66c6a-5b88-41ee-8597-11be8aec5aa6/resource/be300299-f9a3-4eac-b558-0c088dd77a64/download/tourism59-68.csv,2026-09-16T11:38:42.045156+00:00,1.0
doi_suthep_pui,ดอยสุเทพ-ปุย,เชียงใหม่,2568,2025,4,,,37238,dnp_tourism,https://catalog.dnp.go.th/dataset/91d66c6a-5b88-41ee-8597-11be8aec5aa6/resource/be300299-f9a3-4eac-b558-0c088dd77a64/download/tourism59-68.csv,2026-09-16T11:38:42.045163+00:00,1.0
doi_suthep_pui,ดอยสุเทพ-ปุย,เชียงใหม่,2568,2025,5,,,30364,dnp_tourism,https://catalog.dnp.go.th/dataset/91d66c6a-5b88-41ee-8597-11be8aec5aa6/resource/be300299-f9a3-4eac-b558-0c088dd77a64/download/tourism59-68.csv,2026-09-16T11:38:42.045166+00:00,1.0
doi_suthep_pui,ดอยสุเทพ-ปุย,เชียงใหม่,2568,2025,6,,,27375,dnp_tourism,https://catalog.dnp.go.th/dataset/91d66c6a-5b88-41ee-8597-11be8aec5aa6/resource/be300299-f9a3-4eac-b558-0c088dd77a64/download/tourism59-68.csv,2026-09-16T11:38:42.045168+00:00,1.0
doi_suthep_pui,ดอยสุเทพ-ปุย,เชียงใหม่,2568,2025,7,,,29503,dnp_tourism,https://catalog.dnp.go.th/dataset/91d66c6a-5b88-41ee-8597-11be8aec5aa6/resource/be300299-f9a3-4eac-b558-0c088dd77a64/download/tourism59-68.csv,2026-09-16T11:38:42.045170+00:00,1.0
doi_suthep_pui,ดอยสุเทพ-ปุย,เชียงใหม่,2568,2025,8,,,36139,dnp_tourism,https://catalog.dnp.go.th/dataset/91d66c6a-5b88-41ee-8597-11be8aec5aa6/resource/be300299-f9a3-4eac-b558-0c088dd77a64/download/tourism59-68.csv,2026-09-16T11:38:42.045173+00:00,1.0
doi_suthep_pui,ดอยสุเทพ-ปุย,เชียงใหม่,2568,2025,9,,,29560,dnp_tourism,https://catalog.dnp.go.th/dataset/91d66c6a-5b88-41ee-8597-11be8aec5aa6/resource/be300299-f9a3-4eac-b558-0c088dd77a64/download/tourism59-68.csv,2026-09-16T11:38:42.045175+00:00,1.0
ob_luang,ออบหลวง,เชียงใหม่,2568,2024,10,,,2339,dnp_tourism,https://catalog.dnp.go.th/dataset/91d66c6a-5b88-41ee-8597-11be8aec5aa6/resource/be300299-f9a3-4eac-b558-0c088dd77a64/download/tourism59-68.csv,2026-09-16T11:38:42.045185+00:00,1.0
ob_luang,ออบหลวง,เชียงใหม่,2568,2024,11,,,5111,dnp_tourism,https://catalog.dnp.go.th/dataset/91d66c6a-5b88-41ee-8597-11be8aec5aa6/resource/be300299-f9a3-4eac-b558-0c088dd77a64/download/tourism59-68.csv,2026-09-16T11:38:42.045187+00:00,1.0
ob_luang,ออบหลวง,เชียงใหม่,2568,2024,12,,,8715,dnp_tourism,https://catalog.dnp.go.th/dataset/91d66c6a-5b88-41ee-8597-11be8aec5aa6/resource/be300299-f9a3-4eac-b558-0c088dd77a64/download/tourism59-68.csv,2026-09-16T11:38:42.045189+00:00,1.0
ob_luang,ออบหลวง,เชียงใหม่,2568,2025,1,,,7359,dnp_tourism,https://catalog.dnp.go.th/dataset/91d66c6a-5b88-41ee-8597-11be8aec5aa6/resource/be300299-f9a3-4eac-b558-0c088dd77a64/download/tourism59-68.csv,2026-09-16T11:38:42.045194+00:00,1.0
ob_luang,ออบหลวง,เชียงใหม่,2568,2025,2,,,3565,dnp_tourism,https://catalog.dnp.go.th/dataset/91d66c6a-5b88-41ee-8597-11be8aec5aa6/resource/be300299-f9a3-4eac-b558-0c088dd77a64/download/tourism59-68.csv,2026-09-16T11:38:42.045197+00:00,1.0
ob_luang,ออบหลวง,เชียงใหม่,2568,2025,3,,,2055,dnp_tourism,https://catalog.dnp.go.th/dataset/91d66c6a-5b88-41ee-8597-11be8aec5aa6/resource/be300299-f9a3-4eac-b558-0c088dd77a64/download/tourism59-68.csv,2026-09-16T11:38:42.045199+00:00,1.0
ob_luang,ออบหลวง,เชียงใหม่,2568,2025,4,,,2227,dnp_tourism,https://catalog.dnp.go.th/dataset/91d66c6a-5b88-41ee-8597-11be8aec5aa6/resource/be300299-f9a3-4eac-b558-0c088dd77a64/download/tourism59-68.csv,2026-09-16T11:38:42.045202+00:00,1.0
ob_luang,ออบหลวง,เชียงใหม่,2568,2025,5,,,1309,dnp_tourism,https://catalog.dnp.go.th/dataset/91d66c6a-5b88-41ee-8597-11be8aec5aa6/resource/be300299-f9a3-4eac-b558-0c088dd77a64/download/tourism59-68.csv,2026-09-16T11:38:42.045205+00:00,1.0
ob_luang,ออบหลวง,เชียงใหม่,2568,2025,6,,,1117,dnp_tourism,https://catalog.dnp.go.th/dataset/91d66c6a-5b88-41ee-8597-11be8aec5aa6/resource/be300299-f9a3-4eac-b558-0c088dd77a64/download/tourism59-68.csv,2026-09-16T11:38:42.045208+00:00,1.0
ob_luang,ออบหลวง,เชียงใหม่,2568,2025,7,,,1448,dnp_tourism,https://catalog.dnp.go.th/dataset/91d66c6a-5b88-41ee-8597-11be8aec5aa6/resource/be300299-f9a3-4eac-b558-0c088dd77a64/download/tourism59-68.csv,2026-09-16T11:38:42.045211+00:00,1.0
ob_luang,ออบหลวง,เชียงใหม่,2568,2025,8,,,1786,dnp_tourism,https://catalog.dnp.go.th/dataset/91d66c6a-5b88-41ee-8597-11be8aec5aa6/resource/be300299-f9a3-4eac-b558-0c088dd77a64/download/tourism59-68.csv,2026-09-16T11:38:42.045213+00:00,1.0
ob_luang,ออบหลวง,เชียงใหม่,2568,2025,9,,,1478,dnp_tourism,https://catalog.dnp.go.th/dataset/91d66c6a-5b88-41ee-8597-11be8aec5aa6/resource/be300299-f9a3-4eac-b558-0c088dd77a64/download/tourism59-68.csv,2026-09-16T11:38:42.045216+00:00,1.0
sri_lanna,ศรีลานนา,เชียงใหม่,2568,2024,10,,,5358,dnp_tourism,https://catalog.dnp.go.th/dataset/91d66c6a-5b88-41ee-8597-11be8aec5aa6/resource/be300299-f9a3-4eac-b558-0c088dd77a64/download/tourism59-68.csv,2026-09-16T11:38:42.045224+00:00,1.0
sri_lanna,ศรีลานนา,เชียงใหม่,2568,2024,11,,,6369,dnp_tourism,https://catalog.dnp.go.th/dataset/91d66c6a-5b88-41ee-8597-11be8aec5aa6/resource/be300299-f9a3-4eac-b558-0c088dd77a64/download/tourism59-68.csv,2026-09-16T11:38:42.045227+00:00,1.0
sri_lanna,ศรีลานนา,เชียงใหม่,2568,2024,12,,,11285,dnp_tourism,https://catalog.dnp.go.th/dataset/91d66c6a-5b88-41ee-8597-11be8aec5aa6/resource/be300299-f9a3-4eac-b558-0c088dd77a64/download/tourism59-68.csv,2026-09-16T11:38:42.045230+00:00,1.0
sri_lanna,ศรีลานนา,เชียงใหม่,2568,2025,1,,,9325,dnp_tourism,https://catalog.dnp.go.th/dataset/91d66c6a-5b88-41ee-8597-11be8aec5aa6/resource/be300299-f9a3-4eac-b558-0c088dd77a64/download/tourism59-68.csv,2026-09-16T11:38:42.045232+00:00,1.0
sri_lanna,ศรีลานนา,เชียงใหม่,2568,2025,2,,,9443,dnp_tourism,https://catalog.dnp.go.th/dataset/91d66c6a-5b88-41ee-8597-11be8aec5aa6/resource/be300299-f9a3-4eac-b558-0c088dd77a64/download/tourism59-68.csv,2026-09-16T11:38:42.045235+00:00,1.0
sri_lanna,ศรีลานนา,เชียงใหม่,2568,2025,3,,,11727,dnp_tourism,https://catalog.dnp.go.th/dataset/91d66c6a-5b88-41ee-8597-11be8aec5aa6/resource/be300299-f9a3-4eac-b558-0c088dd77a64/download/tourism59-68.csv,2026-09-16T11:38:42.045237+00:00,1.0
sri_lanna,ศรีลานนา,เชียงใหม่,2568,2025,4,,,10718,dnp_tourism,https://catalog.dnp.go.th/dataset/91d66c6a-5b88-41ee-8597-11be8aec5aa6/resource/be300299-f9a3-4eac-b558-0c088dd77a64/download/tourism59-68.csv,2026-09-16T11:38:42.045240+00:00,1.0
sri_lanna,ศรีลานนา,เชียงใหม่,2568,2025,5,,,7058,dnp_tourism,https://catalog.dnp.go.th/dataset/91d66c6a-5b88-41ee-8597-11be8aec5aa6/resource/be300299-f9a3-4eac-b558-0c088dd77a64/download/tourism59-68.csv,2026-09-16T11:38:42.045242+00:00,1.0
sri_lanna,ศรีลานนา,เชียงใหม่,2568,2025,6,,,4927,dnp_tourism,https://catalog.dnp.go.th/dataset/91d66c6a-5b88-41ee-8597-11be8aec5aa6/resource/be300299-f9a3-4eac-b558-0c088dd77a64/download/tourism59-68.csv,2026-09-16T11:38:42.045244+00:00,1.0
sri_lanna,ศรีลานนา,เชียงใหม่,2568,2025,7,,,5690,dnp_tourism,https://catalog.dnp.go.th/dataset/91d66c6a-5b88-41ee-8597-11be8aec5aa6/resource/be300299-f9a3-4eac-b558-0c088dd77a64/download/tourism59-68.csv,2026-09-16T11:38:42.045247+00:00,1.0
sri_lanna,ศรีลานนา,เชียงใหม่,2568,2025,8,,,5802,dnp_tourism,https://catalog.dnp.go.th/dataset/91d66c6a-5b88-41ee-8597-11be8aec5aa6/resource/be300299-f9a3-4eac-b558-0c088dd77a64/download/tourism59-68.csv,2026-09-16T11:38:42.045249+00:00,1.0
sri_lanna,ศรีลานนา,เชียงใหม่,2568,2025,9,,,4907,dnp_tourism,https://catalog.dnp.go.th/dataset/91d66c6a-5b88-41ee-8597-11be8aec5aa6/resource/be300299-f9a3-4eac-b558-0c088dd77a64/download/tourism59-68.csv,2026-09-16T11:38:42.045252+00:00,1.0
mae_takhrai,แม่ตะไคร้,เชียงใหม่,2568,2024,10,,,0,dnp_tourism,https://catalog.dnp.go.th/dataset/91d66c6a-5b88-41ee-8597-11be8aec5aa6/resource/be300299-f9a3-4eac-b558-0c088dd77a64/download/tourism59-68.csv,2026-09-16T11:38:42.045277+00:00,1.0
mae_takhrai,แม่ตะไคร้,เชียงใหม่,2568,2024,11,,,1588,dnp_tourism,https://catalog.dnp.go.th/dataset/91d66c6a-5b88-41ee-8597-11be8aec5aa6/resource/be300299-f9a3-4eac-b558-0c088dd77a64/download/tourism59-68.csv,2026-09-16T11:38:42.045296+00:00,1.0
mae_takhrai,แม่ตะไคร้,เชียงใหม่,2568,2024,12,,,4160,dnp_tourism,https://catalog.dnp.go.th/dataset/91d66c6a-5b88-41ee-8597-11be8aec5aa6/resource/be300299-f9a3-4eac-b558-0c088dd77a64/download/tourism59-68.csv,2026-09-16T11:38:42.045302+00:00,1.0
mae_takhrai,แม่ตะไคร้,เชียงใหม่,2568,2025,1,,,2515,dnp_tourism,https://catalog.dnp.go.th/dataset/91d66c6a-5b88-41ee-8597-11be8aec5aa6/resource/be300299-f9a3-4eac-b558-0c088dd77a64/download/tourism59-68.csv,2026-09-16T11:38:42.045306+00:00,1.0
mae_takhrai,แม่ตะไคร้,เชียงใหม่,2568,2025,2,,,1601,dnp_tourism,https://catalog.dnp.go.th/dataset/91d66c6a-5b88-41ee-8597-11be8aec5aa6/resource/be300299-f9a3-4eac-b558-0c088dd77a64/download/tourism59-68.csv,2026-09-16T11:38:42.045308+00:00,1.0
mae_takhrai,แม่ตะไคร้,เชียงใหม่,2568,2025,3,,,1864,dnp_tourism,https://catalog.dnp.go.th/dataset/91d66c6a-5b88-41ee-8597-11be8aec5aa6/resource/be300299-f9a3-4eac-b558-0c088dd77a64/download/tourism59-68.csv,2026-09-16T11:38:42.045311+00:00,1.0
mae_takhrai,แม่ตะไคร้,เชียงใหม่,2568,2025,4,,,4924,dnp_tourism,https://catalog.dnp.go.th/dataset/91d66c6a-5b88-41ee-8597-11be8aec5aa6/resource/be300299-f9a3-4eac-b558-0c088dd77a64/download/tourism59-68.csv,2026-09-16T11:38:42.045314+00:00,1.0
mae_takhrai,แม่ตะไคร้,เชียงใหม่,2568,2025,5,,,1231,dnp_tourism,https://catalog.dnp.go.th/dataset/91d66c6a-5b88-41ee-8597-11be8aec5aa6/resource/be300299-f9a3-4eac-b558-0c088dd77a64/download/tourism59-68.csv,2026-09-16T11:38:42.045316+00:00,1.0
mae_takhrai,แม่ตะไคร้,เชียงใหม่,2568,2025,6,,,803,dnp_tourism,https://catalog.dnp.go.th/dataset/91d66c6a-5b88-41ee-8597-11be8aec5aa6/resource/be300299-f9a3-4eac-b558-0c088dd77a64/download/tourism59-68.csv,2026-09-16T11:38:42.045319+00:00,1.0
mae_takhrai,แม่ตะไคร้,เชียงใหม่,2568,2025,7,,,0,dnp_tourism,https://catalog.dnp.go.th/dataset/91d66c6a-5b88-41ee-8597-11be8aec5aa6/resource/be300299-f9a3-4eac-b558-0c088dd77a64/download/tourism59-68.csv,2026-09-16T11:38:42.045368+00:00,1.0
mae_takhrai,แม่ตะไคร้,เชียงใหม่,2568,2025,8,,,1419,dnp_tourism,https://catalog.dnp.go.th/dataset/91d66c6a-5b88-41ee-8597-11be8aec5aa6/resource/be300299-f9a3-4eac-b558-0c088dd77a64/download/tourism59-68.csv,2026-09-16T11:38:42.045373+00:00,1.0
mae_takhrai,แม่ตะไคร้,เชียงใหม่,2568,2025,9,,,1169,dnp_tourism,https://catalog.dnp.go.th/dataset/91d66c6a-5b88-41ee-8597-11be8aec5aa6/resource/be300299-f9a3-4eac-b558-0c088dd77a64/download/tourism59-68.csv,2026-09-16T11:38:42.045376+00:00,1.0
khun_khan,ขุนขาน,เชียงใหม่,2568,2024,10,,,791,dnp_tourism,https://catalog.dnp.go.th/dataset/91d66c6a-5b88-41ee-8597-11be8aec5aa6/resource/be300299-f9a3-4eac-b558-0c088dd77a64/download/tourism59-68.csv,2026-09-16T11:38:42.045404+00:00,1.0
khun_khan,ขุนขาน,เชียงใหม่,2568,2024,11,,,2544,dnp_tourism,https://catalog.dnp.go.th/dataset/91d66c6a-5b88-41ee-8597-11be8aec5aa6/resource/be300299-f9a3-4eac-b558-0c088dd77a64/download/tourism59-68.csv,2026-09-16T11:38:42.045408+00:00,1.0
khun_khan,ขุนขาน,เชียงใหม่,2568,2024,12,,,6463,dnp_tourism,https://catalog.dnp.go.th/dataset/91d66c6a-5b88-41ee-8597-11be8aec5aa6/resource/be300299-f9a3-4eac-b558-0c088dd77a64/download/tourism59-68.csv,2026-09-16T11:38:42.045411+00:00,1.0
khun_khan,ขุนขาน,เชียงใหม่,2568,2025,1,,,4764,dnp_tourism,https://catalog.dnp.go.th/dataset/91d66c6a-5b88-41ee-8597-11be8aec5aa6/resource/be300299-f9a3-4eac-b558-0c088dd77a64/download/tourism59-68.csv,2026-09-16T11:38:42.045414+00:00,1.0
khun_khan,ขุนขาน,เชียงใหม่,2568,2025,2,,,3746,dnp_tourism,https://catalog.dnp.go.th/dataset/91d66c6a-5b88-41ee-8597-11be8aec5aa6/resource/be300299-f9a3-4eac-b558-0c088dd77a64/download/tourism59-68.csv,2026-09-16T11:38:42.045416+00:00,1.0
khun_khan,ขุนขาน,เชียงใหม่,2568,2025,3,,,1968,dnp_tourism,https://catalog.dnp.go.th/dataset/91d66c6a-5b88-41ee-8597-11be8aec5aa6/resource/be300299-f9a3-4eac-b558-0c088dd77a64/download/tourism59-68.csv,2026-09-16T11:38:42.045419+00:00,1.0
khun_khan,ขุนขาน,เชียงใหม่,2568,2025,4,,,1083,dnp_tourism,https://catalog.dnp.go.th/dataset/91d66c6a-5b88-41ee-8597-11be8aec5aa6/resource/be300299-f9a3-4eac-b558-0c088dd77a64/download/tourism59-68.csv,2026-09-16T11:38:42.045421+00:00,1.0
khun_khan,ขุนขาน,เชียงใหม่,2568,2025,5,,,1092,dnp_tourism,https://catalog.dnp.go.th/dataset/91d66c6a-5b88-41ee-8597-11be8aec5aa6/resource/be300299-f9a3-4eac-b558-0c088dd77a64/download/tourism59-68.csv,2026-09-16T11:38:42.045424+00:00,1.0
khun_khan,ขุนขาน,เชียงใหม่,2568,2025,6,,,1080,dnp_tourism,https://catalog.dnp.go.th/dataset/91d66c6a-5b88-41ee-8597-11be8aec5aa6/resource/be300299-f9a3-4eac-b558-0c088dd77a64/download/tourism59-68.csv,2026-09-16T11:38:42.045426+00:00,1.0
khun_khan,ขุนขาน,เชียงใหม่,2568,2025,7,,,1494,dnp_tourism,https://catalog.dnp.go.th/dataset/91d66c6a-5b88-41ee-8597-11be8aec5aa6/resource/be300299-f9a3-4eac-b558-0c088dd77a64/download/tourism59-68.csv,2026-09-16T11:38:42.045429+00:00,1.0
khun_khan,ขุนขาน,เชียงใหม่,2568,2025,8,,,1266,dnp_tourism,https://catalog.dnp.go.th/dataset/91d66c6a-5b88-41ee-8597-11be8aec5aa6/resource/be300299-f9a3-4eac-b558-0c088dd77a64/download/tourism59-68.csv,2026-09-16T11:38:42.045431+00:00,1.0
khun_khan,ขุนขาน,เชียงใหม่,2568,2025,9,,,329,dnp_tourism,https://catalog.dnp.go.th/dataset/91d66c6a-5b88-41ee-8597-11be8aec5aa6/resource/be300299-f9a3-4eac-b558-0c088dd77a64/download/tourism59-68.csv,2026-09-16T11:38:42.045437+00:00,1.0
mae_wang,แม่วาง,เชียงใหม่,2568,2024,10,,,6392,dnp_tourism,https://catalog.dnp.go.th/dataset/91d66c6a-5b88-41ee-8597-11be8aec5aa6/resource/be300299-f9a3-4eac-b558-0c088dd77a64/download/tourism59-68.csv,2026-09-16T11:38:42.045447+00:00,1.0
mae_wang,แม่วาง,เชียงใหม่,2568,2024,11,,,9608,dnp_tourism,https://catalog.dnp.go.th/dataset/91d66c6a-5b88-41ee-8597-11be8aec5aa6/resource/be300299-f9a3-4eac-b558-0c088dd77a64/download/tourism59-68.csv,2026-09-16T11:38:42.045450+00:00,1.0
mae_wang,แม่วาง,เชียงใหม่,2568,2024,12,,,19051,dnp_tourism,https://catalog.dnp.go.th/dataset/91d66c6a-5b88-41ee-8597-11be8aec5aa6/resource/be300299-f9a3-4eac-b558-0c088dd77a64/download/tourism59-68.csv,2026-09-16T11:38:42.045453+00:00,1.0
mae_wang,แม่วาง,เชียงใหม่,2568,2025,1,,,17804,dnp_tourism,https://catalog.dnp.go.th/dataset/91d66c6a-5b88-41ee-8597-11be8aec5aa6/resource/be300299-f9a3-4eac-b558-0c088dd77a64/download/tourism59-68.csv,2026-09-16T11:38:42.045455+00:00,1.0
mae_wang,แม่วาง,เชียงใหม่,2568,2025,2,,,12438,dnp_tourism,https://catalog.dnp.go.th/dataset/91d66c6a-5b88-41ee-8597-11be8aec5aa6/resource/be300299-f9a3-4eac-b558-0c088dd77a64/download/tourism59-68.csv,2026-09-16T11:38:42.045458+00:00,1.0
mae_wang,แม่วาง,เชียงใหม่,2568,2025,3,,,0,dnp_tourism,https://catalog.dnp.go.th/dataset/91d66c6a-5b88-41ee-8597-11be8aec5aa6/resource/be300299-f9a3-4eac-b558-0c088dd77a64/download/tourism59-68.csv,2026-09-16T11:38:42.045460+00:00,1.0
mae_wang,แม่วาง,เชียงใหม่,2568,2025,4,,,0,dnp_tourism,https://catalog.dnp.go.th/dataset/91d66c6a-5b88-41ee-8597-11be8aec5aa6/resource/be300299-f9a3-4eac-b558-0c088dd77a64/download/tourism59-68.csv,2026-09-16T11:38:42.045463+00:00,1.0
mae_wang,แม่วาง,เชียงใหม่,2568,2025,5,,,4323,dnp_tourism,https://catalog.dnp.go.th/dataset/91d66c6a-5b88-41ee-8597-11be8aec5aa6/resource/be300299-f9a3-4eac-b558-0c088dd77a64/download/tourism59-68.csv,2026-09-16T11:38:42.045466+00:00,1.0
mae_wang,แม่วาง,เชียงใหม่,2568,2025,6,,,4831,dnp_tourism,https://catalog.dnp.go.th/dataset/91d66c6a-5b88-41ee-8597-11be8aec5aa6/resource/be300299-f9a3-4eac-b558-0c088dd77a64/download/tourism59-68.csv,2026-09-16T11:38:42.045468+00:00,1.0
mae_wang,แม่วาง,เชียงใหม่,2568,2025,7,,,5820,dnp_tourism,https://catalog.dnp.go.th/dataset/91d66c6a-5b88-41ee-8597-11be8aec5aa6/resource/be300299-f9a3-4eac-b558-0c088dd77a64/download/tourism59-68.csv,2026-09-16T11:38:42.045471+00:00,1.0
mae_wang,แม่วาง,เชียงใหม่,2568,2025,8,,,5746,dnp_tourism,https://catalog.dnp.go.th/dataset/91d66c6a-5b88-41ee-8597-11be8aec5aa6/resource/be300299-f9a3-4eac-b558-0c088dd77a64/download/tourism59-68.csv,2026-09-16T11:38:42.045473+00:00,1.0
mae_wang,แม่วาง,เชียงใหม่,2568,2025,9,,,5674,dnp_tourism,https://catalog.dnp.go.th/dataset/91d66c6a-5b88-41ee-8597-11be8aec5aa6/resource/be300299-f9a3-4eac-b558-0c088dd77a64/download/tourism59-68.csv,2026-09-16T11:38:42.045475+00:00,1.0
