park_id,calendar_year,month,avg_temperature_2m_c,avg_relative_humidity_pct,total_precipitation_mm,avg_wind_speed_10m_kmh,weather_observations,source_name,retrieved_at,schema_version
doi_inthanon,2015,1,7.423,75.755,84.2,3.829,744,open_meteo,2026-09-16T11:38:43.484103+00:00,1.0
doi_inthanon,2015,2,8.983,58.141,1.2,4.295,672,open_meteo,2026-09-16T11:38:43.484103+00:00,1.0
doi_inthanon,2015,3,12.997,56.91,61.8,4.77,744,open_meteo,2026-09-16T11:38:43.484103+00:00,1.0
doi_inthanon,2015,4,13.104,68.757,167.3,5.11,720,open_meteo,2026-09-16T11:38:43.484103+00:00,1.0
doi_inthanon,2015,5,13.941,78.922,159.9,5.443,744,open_meteo,2026-09-16T11:38:43.484103+00:00,1.0
doi_inthanon,2015,6,13.09,83.493,228.0,6.089,720,open_meteo,2026-09-16T11:38:43.484103+00:00,1.0
doi_inthanon,2015,7,12.109,89.762,305.2,5.892,744,open_meteo,2026-09-16T11:38:43.484103+00:00,1.0
doi_inthanon,2015,8,12.294,87.981,227.4,5.115,744,open_meteo,2026-09-16T11:38:43.484103+00:00,1.0
doi_inthanon,2015,9,12.382,87.26,178.2,4.456,720,open_meteo,2026-09-16T11:38:43.484103+00:00,1.0
doi_inthanon,2015,10,11.331,85.294,105.3,3.428,744,open_meteo,2026-09-16T11:38:43.484103+00:00,1.0
doi_inthanon,2015,11,11.111,79.165,41.0,3.409,720,open_meteo,2026-09-16T11:38:43.484103+00:00,1.0
doi_inthanon,2015,12,9.093,77.431,32.1,3.434,744,open_meteo,2026-09-16T11:38:43.484103+00:00,1.0
doi_inthanon,2016,1,7.046,66.823,32.3,4.631,744,open_meteo,2026-09-16T11:38:43.484103+00:00,1.0
doi_inthanon,2016,2,9.235,61.996,10.2,4.712,696,open_meteo,2026-09-16T11:38:43.484103+00:00,1.0
doi_inthanon,2016,3,13.661,51.503,0.9,5.558,744,open_meteo,2026-09-16T11:38:43.484103+00:00,1.0
doi_inthanon,2016,4,16.894,45.782,8.4,7.097,720,open_meteo,2026-09-16T11:38:43.484103+00:00,1.0
doi_inthanon,2016,5,15.404,64.204,117.5,5.221,744,open_meteo,2026-09-16T11:38:43.484103+00:00,1.0
doi_inthanon,2016,6,12.592,88.176,324.0,4.62,720,open_meteo,2026-09-16T11:38:43.484103+00:00,1.0
doi_inthanon,2016,7,12.255,89.692,293.7,4.993,744,open_meteo,2026-09-16T11:38:43.484103+00:00,1.0
doi_inthanon,2016,8,12.379,89.297,252.1,5.506,744,open_meteo,2026-09-16T11:38:43.484103+00:00,1.0
doi_inthanon,2016,9,12.116,88.85,220.1,3.93,720,open_meteo,2026-09-16T11:38:43.484103+00:00,1.0
doi_inthanon,2016,10,11.803,87.156,118.8,3.505,744,open_meteo,2026-09-16T11:38:43.484103+00:00,1.0
doi_inthanon,2016,11,10.726,83.508,67.0,3.432,720,open_meteo,2026-09-16T11:38:43.484103+00:00,1.0
doi_inthanon,2016,12,9.32,73.07,2.9,4.153,744,open_meteo,2026-09-16T11:38:43.484103+00:00,1.0
doi_inthanon,2017,1,8.832,77.819,34.3,4.021,744,open_meteo,2026-09-16T11:38:43.484103+00:00,1.0
doi_inthanon,2017,2,10.662,52.949,5.4,5.308,672,open_meteo,2026-09-16T11:38:43.484103+00:00,1.0
doi_inthanon,2017,3,13.384,46.789,1.6,6.455,744,open_meteo,2026-09-16T11:38:43.484103+00:00,1.0
doi_inthanon,2017,4,13.388,69.218,82.4,5.547,720,open_meteo,2026-09-16T11:38:43.484103+00:00,1.0
doi_inthanon,2017,5,13.22,84.039,248.0,4.226,744,open_meteo,2026-09-16T11:38:43.484103+00:00,1.0
doi_inthanon,2017,6,12.082,90.744,287.2,6.446,720,open_meteo,2026-09-16T11:38:43.484103+00:00,1.0
doi_inthanon,2017,7,11.214,94.484,532.4,5.491,744,open_meteo,2026-09-16T11:38:43.484103+00:00,1.0
doi_inthanon,2017,8,11.658,92.405,271.2,5.469,744,open_meteo,2026-09-16T11:38:43.484103+00:00,1.0
doi_inthanon,2017,9,12.333,89.517,262.8,3.958,720,open_meteo,2026-09-16T11:38:43.484103+00:00,1.0
doi_inthanon,2017,10,11.085,91.343,356.6,3.387,744,open_meteo,2026-09-16T11:38:43.484103+00:00,1.0
doi_inthanon,2017,11,10.041,84.942,70.6,3.849,720,open_meteo,2026-09-16T11:38:43.484103+00:00,1.0
doi_inthanon,2017,12,8.051,79.965,36.3,4.571,744,open_meteo,2026-09-16T11:38:43.484103+00:00,1.0
doi_inthanon,2018,1,8.928,71.93,13.3,5.185,744,open_meteo,2026-09-16T11:38:43.484103+00:00,1.0
doi_inthanon,2018,2,10.819,55.743,7.8,5.362,672,open_meteo,2026-09-16T11:38:43.484103+00:00,1.0
doi_inthanon,2018,3,12.711,54.973,15.0,5.115,744,open_meteo,2026-09-16T11:38:43.484103+00:00,1.0
doi_inthanon,2018,4,13.004,69.897,74.4,4.657,720,open_meteo,2026-09-16T11:38:43.484103+00:00,1.0
doi_inthanon,2018,5,12.513,84.88,252.6,4.799,744,open_meteo,2026-09-16T11:38:43.484103+00:00,1.0
doi_inthanon,2018,6,11.732,93.429,378.6,6.898,720,open_meteo,2026-09-16T11:38:43.484103+00:00,1.0
doi_inthanon,2018,7,11.549,94.766,466.9,7.274,744,open_meteo,2026-09-16T11:38:43.484103+00:00,1.0
doi_inthanon,2018,8,11.237,95.253,557.0,6.666,744,open_meteo,2026-09-16T11:38:43.484103+00:00,1.0
doi_inthanon,2018,9,12.008,89.487,253.8,3.765,720,open_meteo,2026-09-16T11:38:43.484103+00:00,1.0
doi_inthanon,2018,10,11.509,87.946,164.0,3.37,744,open_meteo,2026-09-16T11:38:43.484103+00:00,1.0
doi_inthanon,2018,11,10.368,78.34,50.3,3.682,720,open_meteo,2026-09-16T11:38:43.484103+00:00,1.0
doi_inthanon,2018,12,9.72,79.062,52.5,3.904,744,open_meteo,2026-09-16T11:38:43.484103+00:00,1.0
doi_inthanon,2019,1,8.927,73.747,52.6,4.459,744,open_meteo,2026-09-16T11:38:43.484103+00:00,1.0
doi_inthanon,2019,2,12.75,44.384,0.3,5.143,672,open_meteo,2026-09-16T11:38:43.484103+00:00,1.0
doi_inthanon,2019,3,13.69,46.761,2.4,5.812,744,open_meteo,2026-09-16T11:38:43.484103+00:00,1.0
doi_inthanon,2019,4,16.152,46.562,2.7,6.265,720,open_meteo,2026-09-16T11:38:43.484103+00:00,1.0
doi_inthanon,2019,5,14.268,80.488,211.7,5.192,744,open_meteo,2026-09-16T11:38:43.484103+00:00,1.0
doi_inthanon,2019,6,12.667,89.986,258.2,6.379,720,open_meteo,2026-09-16T11:38:43.484103+00:00,1.0
doi_inthanon,2019,7,11.601,94.141,345.9,6.999,744,open_meteo,2026-09-16T11:38:43.484103+00:00,1.0
doi_inthanon,2019,8,11.663,95.528,590.4,5.993,744,open_meteo,2026-09-16T11:38:43.484103+00:00,1.0
doi_inthanon,2019,9,11.647,89.093,268.3,4.721,720,open_meteo,2026-09-16T11:38:43.484103+00:00,1.0
doi_inthanon,2019,10,11.835,86.34,124.1,3.219,744,open_meteo,2026-09-16T11:38:43.484103+00:00,1.0
doi_inthanon,2019,11,10.424,80.401,55.6,3.772,720,open_meteo,2026-09-16T11:38:43.484103+00:00,1.0
doi_inthanon,2019,12,8.348,66.007,9.8,4.695,744,open_meteo,2026-09-16T11:38:43.484103+00:00,1.0
doi_inthanon,2020,1,10.872,50.278,2.7,5.135,744,open_meteo,2026-09-16T11:38:43.484103+00:00,1.0
doi_inthanon,2020,2,11.586,48.603,6.1,5.84,696,open_meteo,2026-09-16T11:38:43.484103+00:00,1.0
doi_inthanon,2020,3,14.55,43.891,4.3,6.57,744,open_meteo,2026-09-16T11:38:43.484103+00:00,1.0
doi_inthanon,2020,4,15.287,52.296,82.9,6.2,720,open_meteo,2026-09-16T11:38:43.484103+00:00,1.0
doi_inthanon,2020,5,14.707,75.711,115.7,5.188,744,open_meteo,2026-09-16T11:38:43.484103+00:00,1.0
doi_inthanon,2020,6,12.854,88.992,344.3,5.567,720,open_meteo,2026-09-16T11:38:43.484103+00:00,1.0
doi_inthanon,2020,7,12.592,90.594,436.4,5.133,744,open_meteo,2026-09-16T11:38:43.484103+00:00,1.0
doi_inthanon,2020,8,11.752,94.845,585.5,5.507,744,open_meteo,2026-09-16T11:38:43.484103+00:00,1.0
doi_inthanon,2020,9,12.477,91.083,357.8,3.774,720,open_meteo,2026-09-16T11:38:43.484103+00:00,1.0
doi_inthanon,2020,10,11.268,88.022,180.2,4.459,744,open_meteo,2026-09-16T11:38:43.484103+00:00,1.0
doi_inthanon,2020,11,10.602,79.324,45.0,4.388,720,open_meteo,2026-09-16T11:38:43.484103+00:00,1.0
doi_inthanon,2020,12,8.706,72.859,13.9,4.183,744,open_meteo,2026-09-16T11:38:43.484103+00:00,1.0
doi_inthanon,2021,1,8.814,67.613,22.4,4.816,744,open_meteo,2026-09-16T11:38:43.484103+00:00,1.0
doi_inthanon,2021,2,10.663,57.859,18.7,4.855,672,open_meteo,2026-09-16T11:38:43.484103+00:00,1.0
doi_inthanon,2021,3,14.331,49.083,21.4,5.26,744,open_meteo,2026-09-16T11:38:43.484103+00:00,1.0
doi_inthanon,2021,4,12.432,83.81,245.0,3.544,720,open_meteo,2026-09-16T11:38:43.484103+00:00,1.0
doi_inthanon,2021,5,13.377,84.687,229.6,4.379,744,open_meteo,2026-09-16T11:38:43.484103+00:00,1.0
doi_inthanon,2021,6,12.02,91.846,299.1,6.639,720,open_meteo,2026-09-16T11:38:43.484103+00:00,1.0
doi_inthanon,2021,7,11.929,93.464,499.2,6.021,744,open_meteo,2026-09-16T11:38:43.484103+00:00,1.0
doi_inthanon,2021,8,12.08,91.88,359.7,5.365,744,open_meteo,2026-09-16T11:38:43.484103+00:00,1.0
doi_inthanon,2021,9,11.786,92.289,502.8,3.971,720,open_meteo,2026-09-16T11:38:43.484103+00:00,1.0
doi_inthanon,2021,10,11.764,88.151,282.6,3.863,744,open_meteo,2026-09-16T11:38:43.484103+00:00,1.0
doi_inthanon,2021,11,10.798,85.515,84.1,3.589,720,open_meteo,2026-09-16T11:38:43.484103+00:00,1.0
doi_inthanon,2021,12,7.683,75.973,16.8,5.003,744,open_meteo,2026-09-16T11:38:43.484103+00:00,1.0
doi_inthanon,2022,1,9.211,63.634,22.5,4.829,744,open_meteo,2026-09-16T11:38:43.484103+00:00,1.0
doi_inthanon,2022,2,10.202,59.871,48.1,5.519,672,open_meteo,2026-09-16T11:38:43.484103+00:00,1.0
doi_inthanon,2022,3,13.606,67.587,53.6,4.398,744,open_meteo,2026-09-16T11:38:43.484103+00:00,1.0
doi_inthanon,2022,4,12.958,75.144,94.0,4.396,720,open_meteo,2026-09-16T11:38:43.484103+00:00,1.0
doi_inthanon,2022,5,12.114,89.03,360.9,5.419,744,open_meteo,2026-09-16T11:38:43.484103+00:00,1.0
doi_inthanon,2022,6,12.19,88.031,185.8,6.685,720,open_meteo,2026-09-16T11:38:43.484103+00:00,1.0
doi_inthanon,2022,7,12.485,89.374,382.6,4.426,744,open_meteo,2026-09-16T11:38:43.484103+00:00,1.0
doi_inthanon,2022,8,11.963,90.927,406.9,5.294,744,open_meteo,2026-09-16T11:38:43.484103+00:00,1.0
doi_inthanon,2022,9,11.863,90.296,497.0,3.879,720,open_meteo,2026-09-16T11:38:43.484103+00:00,1.0
doi_inthanon,2022,10,11.242,83.122,116.9,4.855,744,open_meteo,2026-09-16T11:38:43.484103+00:00,1.0
doi_inthanon,2022,11,10.825,78.058,75.7,3.547,720,open_meteo,2026-09-16T11:38:43.484103+00:00,1.0
doi_inthanon,2022,12,8.9,81.141,33.7,4.128,744,open_meteo,2026-09-16T11:38:43.484103+00:00,1.0
doi_inthanon,2023,1,8.156,66.769,4.3,4.925,744,open_meteo,2026-09-16T11:38:43.484103+00:00,1.0
doi_inthanon,2023,2,10.794,58.725,17.3,5.083,672,open_meteo,2026-09-16T11:38:43.484103+00:00,1.0
doi_inthanon,2023,3,12.711,59.996,27.8,5.066,744,open_meteo,2026-09-16T11:38:43.484103+00:00,1.0
doi_inthanon,2023,4,15.674,56.092,14.9,5.526,720,open_meteo,2026-09-16T11:38:43.484103+00:00,1.0
doi_inthanon,2023,5,13.968,79.992,199.2,4.786,744,open_meteo,2026-09-16T11:38:43.484103+00:00,1.0
doi_inthanon,2023,6,12.463,89.685,316.9,6.222,720,open_meteo,2026-09-16T11:38:43.484103+00:00,1.0
doi_inthanon,2023,7,12.64,89.399,334.6,5.384,744,open_meteo,2026-09-16T11:38:43.484103+00:00,1.0
doi_inthanon,2023,8,12.156,90.823,388.7,6.091,744,open_meteo,2026-09-16T11:38:43.484103+00:00,1.0
doi_inthanon,2023,9,12.29,90.749,538.8,4.05,720,open_meteo,2026-09-16T11:38:43.484103+00:00,1.0
doi_inthanon,2023,10,11.765,89.435,196.7,3.031,744,open_meteo,2026-09-16T11:38:43.484103+00:00,1.0
doi_inthanon,2023,11,11.142,79.99,36.0,3.737,720,open_meteo,2026-09-16T11:38:43.484103+00:00,1.0
doi_inthanon,2023,12,10.033,77.433,36.5,4.058,744,open_meteo,2026-09-16T11:38:43.484103+00:00,1.0
doi_inthanon,2024,1,9.892,65.281,21.1,5.098,744,open_meteo,2026-09-16T11:38:43.484103+00:00,1.0
doi_inthanon,2024,2,12.794,44.185,2.1,5.565,696,open_meteo,2026-09-16T11:38:43.484103+00:00,1.0
doi_inthanon,2024,3,14.773,45.007,16.9,6.045,744,open_meteo,2026-09-16T11:38:43.484103+00:00,1.0
doi_inthanon,2024,4,16.824,54.583,18.4,6.229,720,open_meteo,2026-09-16T11:38:43.484103+00:00,1.0
doi_inthanon,2024,5,14.617,78.452,244.1,5.11,744,open_meteo,2026-09-16T11:38:43.484103+00:00,1.0
doi_inthanon,2024,6,12.825,90.046,419.1,6.195,720,open_meteo,2026-09-16T11:38:43.484103+00:00,1.0
doi_inthanon,2024,7,12.239,91.786,525.4,5.859,744,open_meteo,2026-09-16T11:38:43.484103+00:00,1.0
doi_inthanon,2024,8,12.27,90.601,299.3,5.252,744,open_meteo,2026-09-16T11:38:43.484103+00:00,1.0
doi_inthanon,2024,9,12.501,89.41,450.8,4.316,720,open_meteo,2026-09-16T11:38:43.484103+00:00,1.0
doi_inthanon,2024,10,12.272,85.204,206.6,3.394,744,open_meteo,2026-09-16T11:38:43.484103+00:00,1.0
doi_inthanon,2024,11,10.639,80.94,64.6,3.848,720,open_meteo,2026-09-16T11:38:43.484103+00:00,1.0
doi_inthanon,2024,12,9.672,79.065,24.6,3.274,744,open_meteo,2026-09-16T11:38:43.484103+00:00,1.0
doi_inthanon,2025,1,7.797,69.059,6.4,4.382,744,open_meteo,2026-09-16T11:38:43.484103+00:00,1.0
doi_inthanon,2025,2,10.756,60.564,34.2,3.973,672,open_meteo,2026-09-16T11:38:43.484103+00:00,1.0
doi_inthanon,2025,3,12.932,56.532,15.9,4.429,744,open_meteo,2026-09-16T11:38:43.484103+00:00,1.0
doi_inthanon,2025,4,13.147,76.985,99.6,4.158,720,open_meteo,2026-09-16T11:38:43.484103+00:00,1.0
doi_inthanon,2025,5,12.918,85.66,217.1,4.702,744,open_meteo,2026-09-16T11:38:43.484103+00:00,1.0
doi_inthanon,2025,6,12.153,91.404,297.2,6.056,720,open_meteo,2026-09-16T11:38:43.484103+00:00,1.0
doi_inthanon,2025,7,11.736,93.222,420.0,7.013,744,open_meteo,2026-09-16T11:38:43.484103+00:00,1.0
doi_inthanon,2025,8,11.929,91.28,340.8,4.969,744,open_meteo,2026-09-16T11:38:43.484103+00:00,1.0
doi_inthanon,2025,9,12.261,89.55,285.6,3.307,720,open_meteo,2026-09-16T11:38:43.484103+00:00,1.0
doi_inthanon,2025,10,12.017,82.648,117.8,3.789,744,open_meteo,2026-09-16T11:38:43.484103+00:00,1.0
doi_inthanon,2025,11,9.463,82.029,110.3,4.541,720,open_meteo,2026-09-16T11:38:43.484103+00:00,1.0
doi_inthanon,2025,12,8.71,74.707,12.2,3.324,744,open_meteo,2026-09-16T11:38:43.484103+00:00,1.0
doi_pha_hom_pok,2015,1,19.015,77.624,55.6,4.014,744,open_meteo,2026-09-16T11:38:43.484103+00:00,1.0
doi_pha_hom_pok,2015,2,22.2,54.897,0.1,4.489,672,open_meteo,2026-09-16T11:38:43.484103+00:00,1.0
doi_pha_hom_pok,2015,3,26.318,51.839,16.5,4.93,744,open_meteo,2026-09-16T11:38:43.484103+00:00,1.0
doi_pha_hom_pok,2015,4,26.252,65.333,70.5,4.999,720,open_meteo,2026-09-16T11:38:43.484103+00:00,1.0
doi_pha_hom_pok,2015,5,27.365,71.884,71.2,4.789,744,open_meteo,2026-09-16T11:38:43.484103+00:00,1.0
doi_pha_hom_pok,2015,6,26.5,77.225,90.4,5.612,720,open_meteo,2026-09-16T11:38:43.484103+00:00,1.0
doi_pha_hom_pok,2015,7,24.749,87.938,293.8,4.82,744,open_meteo,2026-09-16T11:38:43.484103+00:00,1.0
doi_pha_hom_pok,2015,8,24.665,88.652,219.7,4.053,744,open_meteo,2026-09-16T11:38:43.484103+00:00,1.0
doi_pha_hom_pok,2015,9,24.645,89.496,159.5,3.69,720,open_meteo,2026-09-16T11:38:43.484103+00:00,1.0
doi_pha_hom_pok,2015,10,23.288,87.823,79.2,2.732,744,open_meteo,2026-09-16T11:38:43.484103+00:00,1.0
doi_pha_hom_pok,2015,11,22.431,85.471,49.4,2.625,720,open_meteo,2026-09-16T11:38:43.484103+00:00,1.0
doi_pha_hom_pok,2015,12,20.187,82.364,32.2,3.607,744,open_meteo,2026-09-16T11:38:43.484103+00:00,1.0
doi_pha_hom_pok,2016,1,18.489,70.202,18.5,4.259,744,open_meteo,2026-09-16T11:38:43.484103+00:00,1.0
doi_pha_hom_pok,2016,2,21.409,63.121,9.8,4.962,696,open_meteo,2026-09-16T11:38:43.484103+00:00,1.0
doi_pha_hom_pok,2016,3,26.491,50.214,0.0,5.628,744,open_meteo,2026-09-16T11:38:43.484103+00:00,1.0
doi_pha_hom_pok,2016,4,29.91,42.356,7.7,6.477,720,open_meteo,2026-09-16T11:38:43.484103+00:00,1.0
doi_pha_hom_pok,2016,5,27.536,70.79,113.0,4.717,744,open_meteo,2026-09-16T11:38:43.484103+00:00,1.0
doi_pha_hom_pok,2016,6,25.202,87.039,175.6,4.326,720,open_meteo,2026-09-16T11:38:43.484103+00:00,1.0
doi_pha_hom_pok,2016,7,24.729,88.817,256.5,4.307,744,open_meteo,2026-09-16T11:38:43.484103+00:00,1.0
doi_pha_hom_pok,2016,8,24.938,88.464,224.8,4.335,744,open_meteo,2026-09-16T11:38:43.484103+00:00,1.0
doi_pha_hom_pok,2016,9,24.657,88.537,193.8,3.39,720,open_meteo,2026-09-16T11:38:43.484103+00:00,1.0
doi_pha_hom_pok,2016,10,24.083,88.673,93.5,2.893,744,open_meteo,2026-09-16T11:38:43.484103+00:00,1.0
doi_pha_hom_pok,2016,11,22.342,87.143,56.8,3.065,720,open_meteo,2026-09-16T11:38:43.484103+00:00,1.0
doi_pha_hom_pok,2016,12,20.855,75.216,0.2,4.148,744,open_meteo,2026-09-16T11:38:43.484103+00:00,1.0
doi_pha_hom_pok,2017,1,20.11,73.071,54.2,3.448,744,open_meteo,2026-09-16T11:38:43.484103+00:00,1.0
doi_pha_hom_pok,2017,2,21.988,55.76,0.6,4.696,672,open_meteo,2026-09-16T11:38:43.484103+00:00,1.0
doi_pha_hom_pok,2017,3,25.087,47.84,4.6,5.45,744,open_meteo,2026-09-16T11:38:43.484103+00:00,1.0
doi_pha_hom_pok,2017,4,25.482,66.151,90.5,4.544,720,open_meteo,2026-09-16T11:38:43.484103+00:00,1.0
doi_pha_hom_pok,2017,5,25.842,74.005,119.2,3.87,744,open_meteo,2026-09-16T11:38:43.484103+00:00,1.0
doi_pha_hom_pok,2017,6,25.5,79.628,229.2,4.723,720,open_meteo,2026-09-16T11:38:43.484103+00:00,1.0
doi_pha_hom_pok,2017,7,24.374,84.902,358.6,3.781,744,open_meteo,2026-09-16T11:38:43.484103+00:00,1.0
doi_pha_hom_pok,2017,8,24.594,83.919,261.3,3.662,744,open_meteo,2026-09-16T11:38:43.484103+00:00,1.0
doi_pha_hom_pok,2017,9,24.509,84.71,301.1,3.122,720,open_meteo,2026-09-16T11:38:43.484103+00:00,1.0
doi_pha_hom_pok,2017,10,23.415,81.585,150.4,3.505,744,open_meteo,2026-09-16T11:38:43.484103+00:00,1.0
doi_pha_hom_pok,2017,11,21.65,78.037,58.5,3.439,720,open_meteo,2026-09-16T11:38:43.484103+00:00,1.0
doi_pha_hom_pok,2017,12,18.915,74.894,59.8,3.634,744,open_meteo,2026-09-16T11:38:43.484103+00:00,1.0
doi_pha_hom_pok,2018,1,18.814,76.148,77.1,3.639,744,open_meteo,2026-09-16T11:38:43.484103+00:00,1.0
doi_pha_hom_pok,2018,2,20.804,64.176,1.1,4.333,672,open_meteo,2026-09-16T11:38:43.484103+00:00,1.0
doi_pha_hom_pok,2018,3,23.259,60.938,19.6,4.345,744,open_meteo,2026-09-16T11:38:43.484103+00:00,1.0
doi_pha_hom_pok,2018,4,24.549,68.279,59.4,4.32,720,open_meteo,2026-09-16T11:38:43.484103+00:00,1.0
doi_pha_hom_pok,2018,5,25.008,77.481,199.6,3.958,744,open_meteo,2026-09-16T11:38:43.484103+00:00,1.0
doi_pha_hom_pok,2018,6,24.55,85.119,282.6,4.124,720,open_meteo,2026-09-16T11:38:43.484103+00:00,1.0
doi_pha_hom_pok,2018,7,24.888,83.19,257.4,4.292,744,open_meteo,2026-09-16T11:38:43.484103+00:00,1.0
doi_pha_hom_pok,2018,8,24.301,85.569,350.2,4.044,744,open_meteo,2026-09-16T11:38:43.484103+00:00,1.0
doi_pha_hom_pok,2018,9,24.526,82.287,157.3,3.442,720,open_meteo,2026-09-16T11:38:43.484103+00:00,1.0
doi_pha_hom_pok,2018,10,23.288,82.556,91.5,3.05,744,open_meteo,2026-09-16T11:38:43.484103+00:00,1.0
doi_pha_hom_pok,2018,11,21.713,73.901,34.5,3.397,720,open_meteo,2026-09-16T11:38:43.484103+00:00,1.0
doi_pha_hom_pok,2018,12,20.436,78.108,87.3,3.289,744,open_meteo,2026-09-16T11:38:43.484103+00:00,1.0
doi_pha_hom_pok,2019,1,19.446,75.883,100.3,3.316,744,open_meteo,2026-09-16T11:38:43.484103+00:00,1.0
doi_pha_hom_pok,2019,2,22.037,57.93,0.3,4.514,672,open_meteo,2026-09-16T11:38:43.484103+00:00,1.0
doi_pha_hom_pok,2019,3,24.614,48.425,0.4,5.021,744,open_meteo,2026-09-16T11:38:43.484103+00:00,1.0
doi_pha_hom_pok,2019,4,28.046,45.49,0.2,5.205,720,open_meteo,2026-09-16T11:38:43.484103+00:00,1.0
doi_pha_hom_pok,2019,5,28.749,59.206,94.5,4.944,744,open_meteo,2026-09-16T11:38:43.484103+00:00,1.0
doi_pha_hom_pok,2019,6,26.331,78.804,174.2,4.889,720,open_meteo,2026-09-16T11:38:43.484103+00:00,1.0
doi_pha_hom_pok,2019,7,25.537,80.434,190.5,4.878,744,open_meteo,2026-09-16T11:38:43.484103+00:00,1.0
doi_pha_hom_pok,2019,8,24.926,83.797,304.4,4.138,744,open_meteo,2026-09-16T11:38:43.484103+00:00,1.0
doi_pha_hom_pok,2019,9,24.744,76.542,105.6,3.919,720,open_meteo,2026-09-16T11:38:43.484103+00:00,1.0
doi_pha_hom_pok,2019,10,24.793,74.196,52.7,3.465,744,open_meteo,2026-09-16T11:38:43.484103+00:00,1.0
doi_pha_hom_pok,2019,11,22.974,70.315,22.1,3.532,720,open_meteo,2026-09-16T11:38:43.484103+00:00,1.0
doi_pha_hom_pok,2019,12,19.269,64.988,28.8,3.986,744,open_meteo,2026-09-16T11:38:43.484103+00:00,1.0
doi_pha_hom_pok,2020,1,20.228,65.184,1.6,3.762,744,open_meteo,2026-09-16T11:38:43.484103+00:00,1.0
doi_pha_hom_pok,2020,2,21.75,58.675,4.6,4.342,696,open_meteo,2026-09-16T11:38:43.484103+00:00,1.0
doi_pha_hom_pok,2020,3,26.046,41.406,0.0,5.452,744,open_meteo,2026-09-16T11:38:43.484103+00:00,1.0
doi_pha_hom_pok,2020,4,27.337,47.188,101.0,5.229,720,open_meteo,2026-09-16T11:38:43.484103+00:00,1.0
doi_pha_hom_pok,2020,5,27.834,65.726,110.5,4.556,744,open_meteo,2026-09-16T11:38:43.484103+00:00,1.0
doi_pha_hom_pok,2020,6,26.084,80.001,227.1,4.071,720,open_meteo,2026-09-16T11:38:43.484103+00:00,1.0
doi_pha_hom_pok,2020,7,25.688,81.852,289.3,3.62,744,open_meteo,2026-09-16T11:38:43.484103+00:00,1.0
doi_pha_hom_pok,2020,8,24.682,86.285,474.3,3.551,744,open_meteo,2026-09-16T11:38:43.484103+00:00,1.0
doi_pha_hom_pok,2020,9,25.129,83.082,302.1,3.494,720,open_meteo,2026-09-16T11:38:43.484103+00:00,1.0
doi_pha_hom_pok,2020,10,23.551,74.812,65.0,4.753,744,open_meteo,2026-09-16T11:38:43.484103+00:00,1.0
doi_pha_hom_pok,2020,11,22.697,69.096,27.6,4.085,720,open_meteo,2026-09-16T11:38:43.484103+00:00,1.0
doi_pha_hom_pok,2020,12,19.791,69.987,9.9,3.796,744,open_meteo,2026-09-16T11:38:43.484103+00:00,1.0
doi_pha_hom_pok,2021,1,19.09,71.114,35.2,4.06,744,open_meteo,2026-09-16T11:38:43.484103+00:00,1.0
doi_pha_hom_pok,2021,2,20.829,64.92,56.4,4.093,672,open_meteo,2026-09-16T11:38:43.484103+00:00,1.0
doi_pha_hom_pok,2021,3,24.547,54.421,26.5,4.08,744,open_meteo,2026-09-16T11:38:43.484103+00:00,1.0
doi_pha_hom_pok,2021,4,24.844,73.001,100.9,3.514,720,open_meteo,2026-09-16T11:38:43.484103+00:00,1.0
doi_pha_hom_pok,2021,5,26.286,75.202,143.3,3.553,744,open_meteo,2026-09-16T11:38:43.484103+00:00,1.0
doi_pha_hom_pok,2021,6,25.395,81.05,258.0,4.474,720,open_meteo,2026-09-16T11:38:43.484103+00:00,1.0
doi_pha_hom_pok,2021,7,25.086,83.168,294.7,3.942,744,open_meteo,2026-09-16T11:38:43.484103+00:00,1.0
doi_pha_hom_pok,2021,8,24.948,83.519,316.9,3.732,744,open_meteo,2026-09-16T11:38:43.484103+00:00,1.0
doi_pha_hom_pok,2021,9,24.541,81.933,169.4,3.748,720,open_meteo,2026-09-16T11:38:43.484103+00:00,1.0
doi_pha_hom_pok,2021,10,23.86,80.003,178.1,4.035,744,open_meteo,2026-09-16T11:38:43.484103+00:00,1.0
doi_pha_hom_pok,2021,11,22.197,81.217,148.8,3.315,720,open_meteo,2026-09-16T11:38:43.484103+00:00,1.0
doi_pha_hom_pok,2021,12,18.986,70.187,9.1,3.825,744,open_meteo,2026-09-16T11:38:43.484103+00:00,1.0
doi_pha_hom_pok,2022,1,19.379,70.438,57.2,3.76,744,open_meteo,2026-09-16T11:38:43.484103+00:00,1.0
doi_pha_hom_pok,2022,2,20.311,66.143,50.1,4.211,672,open_meteo,2026-09-16T11:38:43.484103+00:00,1.0
doi_pha_hom_pok,2022,3,25.112,64.82,55.8,4.323,744,open_meteo,2026-09-16T11:38:43.484103+00:00,1.0
doi_pha_hom_pok,2022,4,25.097,67.671,94.4,4.279,720,open_meteo,2026-09-16T11:38:43.484103+00:00,1.0
doi_pha_hom_pok,2022,5,24.75,78.32,326.5,4.312,744,open_meteo,2026-09-16T11:38:43.484103+00:00,1.0
doi_pha_hom_pok,2022,6,25.297,79.893,230.4,4.691,720,open_meteo,2026-09-16T11:38:43.484103+00:00,1.0
doi_pha_hom_pok,2022,7,25.302,81.55,258.1,3.584,744,open_meteo,2026-09-16T11:38:43.484103+00:00,1.0
doi_pha_hom_pok,2022,8,24.697,83.551,422.1,3.638,744,open_meteo,2026-09-16T11:38:43.484103+00:00,1.0
doi_pha_hom_pok,2022,9,24.274,82.494,272.9,3.694,720,open_meteo,2026-09-16T11:38:43.484103+00:00,1.0
doi_pha_hom_pok,2022,10,23.491,75.431,107.8,4.002,744,open_meteo,2026-09-16T11:38:43.484103+00:00,1.0
doi_pha_hom_pok,2022,11,22.203,74.071,48.3,3.548,720,open_meteo,2026-09-16T11:38:43.484103+00:00,1.0
doi_pha_hom_pok,2022,12,20.297,76.086,63.9,3.716,744,open_meteo,2026-09-16T11:38:43.484103+00:00,1.0
doi_pha_hom_pok,2023,1,19.216,63.743,0.8,4.127,744,open_meteo,2026-09-16T11:38:43.484103+00:00,1.0
doi_pha_hom_pok,2023,2,21.248,61.908,25.5,4.335,672,open_meteo,2026-09-16T11:38:43.484103+00:00,1.0
doi_pha_hom_pok,2023,3,24.187,57.152,12.8,4.776,744,open_meteo,2026-09-16T11:38:43.484103+00:00,1.0
doi_pha_hom_pok,2023,4,27.987,48.753,37.1,5.081,720,open_meteo,2026-09-16T11:38:43.484103+00:00,1.0
doi_pha_hom_pok,2023,5,27.263,66.091,95.1,4.655,744,open_meteo,2026-09-16T11:38:43.484103+00:00,1.0
doi_pha_hom_pok,2023,6,25.942,78.66,204.8,4.343,720,open_meteo,2026-09-16T11:38:43.484103+00:00,1.0
doi_pha_hom_pok,2023,7,25.987,78.212,228.4,4.298,744,open_meteo,2026-09-16T11:38:43.484103+00:00,1.0
doi_pha_hom_pok,2023,8,24.924,83.827,325.7,3.791,744,open_meteo,2026-09-16T11:38:43.484103+00:00,1.0
doi_pha_hom_pok,2023,9,24.608,83.247,269.8,3.492,720,open_meteo,2026-09-16T11:38:43.484103+00:00,1.0
doi_pha_hom_pok,2023,10,23.78,83.251,131.0,3.268,744,open_meteo,2026-09-16T11:38:43.484103+00:00,1.0
doi_pha_hom_pok,2023,11,22.381,74.665,76.2,3.549,720,open_meteo,2026-09-16T11:38:43.484103+00:00,1.0
doi_pha_hom_pok,2023,12,21.205,73.609,49.7,3.625,744,open_meteo,2026-09-16T11:38:43.484103+00:00,1.0
doi_pha_hom_pok,2024,1,20.318,69.938,59.5,3.658,744,open_meteo,2026-09-16T11:38:43.484103+00:00,1.0
doi_pha_hom_pok,2024,2,22.066,55.42,2.9,4.699,696,open_meteo,2026-09-16T11:38:43.484103+00:00,1.0
doi_pha_hom_pok,2024,3,25.495,44.224,2.4,5.398,744,open_meteo,2026-09-16T11:38:43.484103+00:00,1.0
doi_pha_hom_pok,2024,4,28.185,52.292,40.5,4.904,720,open_meteo,2026-09-16T11:38:43.484103+00:00,1.0
doi_pha_hom_pok,2024,5,26.609,73.155,272.2,4.084,744,open_meteo,2026-09-16T11:38:43.484103+00:00,1.0
doi_pha_hom_pok,2024,6,25.516,83.021,416.1,3.614,720,open_meteo,2026-09-16T11:38:43.484103+00:00,1.0
doi_pha_hom_pok,2024,7,25.24,83.913,411.7,3.623,744,open_meteo,2026-09-16T11:38:43.484103+00:00,1.0
doi_pha_hom_pok,2024,8,24.506,85.891,594.5,3.255,744,open_meteo,2026-09-16T11:38:43.484103+00:00,1.0
doi_pha_hom_pok,2024,9,24.979,81.801,262.5,3.6,720,open_meteo,2026-09-16T11:38:43.484103+00:00,1.0
doi_pha_hom_pok,2024,10,24.13,79.276,119.1,3.474,744,open_meteo,2026-09-16T11:38:43.484103+00:00,1.0
doi_pha_hom_pok,2024,11,21.77,76.46,54.4,3.256,720,open_meteo,2026-09-16T11:38:43.484103+00:00,1.0
doi_pha_hom_pok,2024,12,20.447,77.11,30.6,2.629,744,open_meteo,2026-09-16T11:38:43.484103+00:00,1.0
doi_pha_hom_pok,2025,1,18.507,68.196,2.2,3.062,744,open_meteo,2026-09-16T11:38:43.484103+00:00,1.0
doi_pha_hom_pok,2025,2,21.531,62.771,35.8,3.686,672,open_meteo,2026-09-16T11:38:43.484103+00:00,1.0
doi_pha_hom_pok,2025,3,23.999,56.199,14.9,4.144,744,open_meteo,2026-09-16T11:38:43.484103+00:00,1.0
doi_pha_hom_pok,2025,4,25.769,66.086,60.5,4.037,720,open_meteo,2026-09-16T11:38:43.484103+00:00,1.0
doi_pha_hom_pok,2025,5,24.982,79.922,293.0,3.686,744,open_meteo,2026-09-16T11:38:43.484103+00:00,1.0
doi_pha_hom_pok,2025,6,24.939,84.239,472.2,3.463,720,open_meteo,2026-09-16T11:38:43.484103+00:00,1.0
doi_pha_hom_pok,2025,7,24.461,86.226,526.3,3.363,744,open_meteo,2026-09-16T11:38:43.484103+00:00,1.0
doi_pha_hom_pok,2025,8,24.592,83.263,396.4,3.694,744,open_meteo,2026-09-16T11:38:43.484103+00:00,1.0
doi_pha_hom_pok,2025,9,24.584,81.922,161.3,2.952,720,open_meteo,2026-09-16T11:38:43.484103+00:00,1.0
doi_pha_hom_pok,2025,10,24.583,72.032,74.6,3.71,744,open_meteo,2026-09-16T11:38:43.484103+00:00,1.0
doi_pha_hom_pok,2025,11,20.945,73.161,80.5,3.428,720,open_meteo,2026-09-16T11:38:43.484103+00:00,1.0
doi_pha_hom_pok,2025,12,19.884,70.164,6.4,2.72,744,open_meteo,2026-09-16T11:38:43.484103+00:00,1.0
doi_suthep_pui,2015,1,15.892,74.918,48.7,4.274,744,open_meteo,2026-09-16T11:38:43.484103+00:00,1.0
doi_suthep_pui,2015,2,18.217,59.93,0.0,4.215,672,open_meteo,2026-09-16T11:38:43.484103+00:00,1.0
doi_suthep_pui,2015,3,22.098,58.711,20.7,4.531,744,open_meteo,2026-09-16T11:38:43.484103+00:00,1.0
doi_suthep_pui,2015,4,23.278,60.846,34.8,5.453,720,open_meteo,2026-09-16T11:38:43.484103+00:00,1.0
doi_suthep_pui,2015,5,24.36,68.931,36.1,5.262,744,open_meteo,2026-09-16T11:38:43.484103+00:00,1.0
doi_suthep_pui,2015,6,23.02,75.732,143.5,5.542,720,open_meteo,2026-09-16T11:38:43.484103+00:00,1.0
doi_suthep_pui,2015,7,21.252,86.793,211.6,5.263,744,open_meteo,2026-09-16T11:38:43.484103+00:00,1.0
doi_suthep_pui,2015,8,21.247,87.198,227.4,4.142,744,open_meteo,2026-09-16T11:38:43.484103+00:00,1.0
doi_suthep_pui,2015,9,21.355,86.66,163.2,3.852,720,open_meteo,2026-09-16T11:38:43.484103+00:00,1.0
doi_suthep_pui,2015,10,20.381,84.017,57.7,3.355,744,open_meteo,2026-09-16T11:38:43.484103+00:00,1.0
doi_suthep_pui,2015,11,20.23,76.706,16.7,3.681,720,open_meteo,2026-09-16T11:38:43.484103+00:00,1.0
doi_suthep_pui,2015,12,18.167,74.315,16.6,4.049,744,open_meteo,2026-09-16T11:38:43.484103+00:00,1.0
doi_suthep_pui,2016,1,16.022,64.996,8.8,4.609,744,open_meteo,2026-09-16T11:38:43.484103+00:00,1.0
doi_suthep_pui,2016,2,18.782,57.537,11.1,5.18,696,open_meteo,2026-09-16T11:38:43.484103+00:00,1.0
doi_suthep_pui,2016,3,23.556,47.849,0.1,5.602,744,open_meteo,2026-09-16T11:38:43.484103+00:00,1.0
doi_suthep_pui,2016,4,27.032,40.432,1.8,6.516,720,open_meteo,2026-09-16T11:38:43.484103+00:00,1.0
doi_suthep_pui,2016,5,25.042,62.265,53.2,5.382,744,open_meteo,2026-09-16T11:38:43.484103+00:00,1.0
doi_suthep_pui,2016,6,21.724,85.426,181.6,4.703,720,open_meteo,2026-09-16T11:38:43.484103+00:00,1.0
doi_suthep_pui,2016,7,21.271,88.144,181.8,4.413,744,open_meteo,2026-09-16T11:38:43.484103+00:00,1.0
doi_suthep_pui,2016,8,21.382,87.859,224.4,3.993,744,open_meteo,2026-09-16T11:38:43.484103+00:00,1.0
doi_suthep_pui,2016,9,21.099,87.846,300.6,3.139,720,open_meteo,2026-09-16T11:38:43.484103+00:00,1.0
doi_suthep_pui,2016,10,20.744,86.922,194.8,3.292,744,open_meteo,2026-09-16T11:38:43.484103+00:00,1.0
doi_suthep_pui,2016,11,19.251,84.65,50.2,3.482,720,open_meteo,2026-09-16T11:38:43.484103+00:00,1.0
doi_suthep_pui,2016,12,17.675,75.883,1.8,3.732,744,open_meteo,2026-09-16T11:38:43.484103+00:00,1.0
doi_suthep_pui,2017,1,18.453,76.063,51.4,3.575,744,open_meteo,2026-09-16T11:38:43.484103+00:00,1.0
doi_suthep_pui,2017,2,20.225,54.921,1.6,4.466,672,open_meteo,2026-09-16T11:38:43.484103+00:00,1.0
doi_suthep_pui,2017,3,23.158,48.347,1.9,5.213,744,open_meteo,2026-09-16T11:38:43.484103+00:00,1.0
doi_suthep_pui,2017,4,23.191,66.606,87.8,4.527,720,open_meteo,2026-09-16T11:38:43.484103+00:00,1.0
doi_suthep_pui,2017,5,22.732,80.63,232.3,3.87,744,open_meteo,2026-09-16T11:38:43.484103+00:00,1.0
doi_suthep_pui,2017,6,21.82,87.871,324.8,3.559,720,open_meteo,2026-09-16T11:38:43.484103+00:00,1.0
doi_suthep_pui,2017,7,20.757,93.048,556.1,3.006,744,open_meteo,2026-09-16T11:38:43.484103+00:00,1.0
doi_suthep_pui,2017,8,21.217,90.339,325.9,3.215,744,open_meteo,2026-09-16T11:38:43.484103+00:00,1.0
doi_suthep_pui,2017,9,21.562,89.506,333.4,3.06,720,open_meteo,2026-09-16T11:38:43.484103+00:00,1.0
doi_suthep_pui,2017,10,20.497,88.54,261.1,3.185,744,open_meteo,2026-09-16T11:38:43.484103+00:00,1.0
doi_suthep_pui,2017,11,19.627,81.924,62.8,3.964,720,open_meteo,2026-09-16T11:38:43.484103+00:00,1.0
doi_suthep_pui,2017,12,17.46,77.122,42.3,3.868,744,open_meteo,2026-09-16T11:38:43.484103+00:00,1.0
doi_suthep_pui,2018,1,17.872,73.823,21.6,3.537,744,open_meteo,2026-09-16T11:38:43.484103+00:00,1.0
doi_suthep_pui,2018,2,20.103,59.927,6.6,4.47,672,open_meteo,2026-09-16T11:38:43.484103+00:00,1.0
doi_suthep_pui,2018,3,22.131,57.042,13.9,4.46,744,open_meteo,2026-09-16T11:38:43.484103+00:00,1.0
doi_suthep_pui,2018,4,22.156,71.246,66.4,4.128,720,open_meteo,2026-09-16T11:38:43.484103+00:00,1.0
doi_suthep_pui,2018,5,22.061,82.374,218.9,3.727,744,open_meteo,2026-09-16T11:38:43.484103+00:00,1.0
doi_suthep_pui,2018,6,21.435,90.196,300.9,3.767,720,open_meteo,2026-09-16T11:38:43.484103+00:00,1.0
doi_suthep_pui,2018,7,21.4,91.066,334.3,3.263,744,open_meteo,2026-09-16T11:38:43.484103+00:00,1.0
doi_suthep_pui,2018,8,20.933,92.095,509.3,3.313,744,open_meteo,2026-09-16T11:38:43.484103+00:00,1.0
doi_suthep_pui,2018,9,21.744,86.571,197.3,3.36,720,open_meteo,2026-09-16T11:38:43.484103+00:00,1.0
doi_suthep_pui,2018,10,21.15,85.098,162.3,3.352,744,open_meteo,2026-09-16T11:38:43.484103+00:00,1.0
doi_suthep_pui,2018,11,19.945,77.256,47.0,2.992,720,open_meteo,2026-09-16T11:38:43.484103+00:00,1.0
doi_suthep_pui,2018,12,18.946,78.288,69.9,3.274,744,open_meteo,2026-09-16T11:38:43.484103+00:00,1.0
doi_suthep_pui,2019,1,18.153,77.926,69.2,3.146,744,open_meteo,2026-09-16T11:38:43.484103+00:00,1.0
doi_suthep_pui,2019,2,20.715,56.046,0.3,3.755,672,open_meteo,2026-09-16T11:38:43.484103+00:00,1.0
doi_suthep_pui,2019,3,23.139,47.042,0.8,4.875,744,open_meteo,2026-09-16T11:38:43.484103+00:00,1.0
doi_suthep_pui,2019,4,25.827,45.924,0.6,4.756,720,open_meteo,2026-09-16T11:38:43.484103+00:00,1.0
doi_suthep_pui,2019,5,24.999,68.392,185.3,4.446,744,open_meteo,2026-09-16T11:38:43.484103+00:00,1.0
doi_suthep_pui,2019,6,22.82,84.329,222.5,4.549,720,open_meteo,2026-09-16T11:38:43.484103+00:00,1.0
doi_suthep_pui,2019,7,21.952,86.724,285.0,3.571,744,open_meteo,2026-09-16T11:38:43.484103+00:00,1.0
doi_suthep_pui,2019,8,21.249,92.48,610.1,3.425,744,open_meteo,2026-09-16T11:38:43.484103+00:00,1.0
doi_suthep_pui,2019,9,21.395,86.828,301.1,3.291,720,open_meteo,2026-09-16T11:38:43.484103+00:00,1.0
doi_suthep_pui,2019,10,21.831,81.706,89.0,3.127,744,open_meteo,2026-09-16T11:38:43.484103+00:00,1.0
doi_suthep_pui,2019,11,20.64,73.825,33.1,3.174,720,open_meteo,2026-09-16T11:38:43.484103+00:00,1.0
doi_suthep_pui,2019,12,17.685,66.458,17.8,3.733,744,open_meteo,2026-09-16T11:38:43.484103+00:00,1.0
doi_suthep_pui,2020,1,19.306,61.617,1.5,3.676,744,open_meteo,2026-09-16T11:38:43.484103+00:00,1.0
doi_suthep_pui,2020,2,21.23,49.645,0.5,4.74,696,open_meteo,2026-09-16T11:38:43.484103+00:00,1.0
doi_suthep_pui,2020,3,24.773,37.976,1.2,5.648,744,open_meteo,2026-09-16T11:38:43.484103+00:00,1.0
doi_suthep_pui,2020,4,25.247,48.45,199.8,5.515,720,open_meteo,2026-09-16T11:38:43.484103+00:00,1.0
doi_suthep_pui,2020,5,25.098,69.53,82.4,4.119,744,open_meteo,2026-09-16T11:38:43.484103+00:00,1.0
doi_suthep_pui,2020,6,23.079,82.811,236.8,3.764,720,open_meteo,2026-09-16T11:38:43.484103+00:00,1.0
doi_suthep_pui,2020,7,22.682,85.944,322.4,3.431,744,open_meteo,2026-09-16T11:38:43.484103+00:00,1.0
doi_suthep_pui,2020,8,21.459,92.235,656.3,3.277,744,open_meteo,2026-09-16T11:38:43.484103+00:00,1.0
doi_suthep_pui,2020,9,22.032,89.153,326.5,3.363,720,open_meteo,2026-09-16T11:38:43.484103+00:00,1.0
doi_suthep_pui,2020,10,20.844,83.484,163.1,4.369,744,open_meteo,2026-09-16T11:38:43.484103+00:00,1.0
doi_suthep_pui,2020,11,20.485,74.803,39.6,3.667,720,open_meteo,2026-09-16T11:38:43.484103+00:00,1.0
doi_suthep_pui,2020,12,18.359,67.313,5.4,3.547,744,open_meteo,2026-09-16T11:38:43.484103+00:00,1.0
doi_suthep_pui,2021,1,18.023,65.06,10.9,4.265,744,open_meteo,2026-09-16T11:38:43.484103+00:00,1.0
doi_suthep_pui,2021,2,20.245,58.396,25.9,4.663,672,open_meteo,2026-09-16T11:38:43.484103+00:00,1.0
doi_suthep_pui,2021,3,23.947,49.259,11.2,4.334,744,open_meteo,2026-09-16T11:38:43.484103+00:00,1.0
doi_suthep_pui,2021,4,22.606,74.132,135.1,3.904,720,open_meteo,2026-09-16T11:38:43.484103+00:00,1.0
doi_suthep_pui,2021,5,23.85,76.289,163.1,3.588,744,open_meteo,2026-09-16T11:38:43.484103+00:00,1.0
doi_suthep_pui,2021,6,22.56,83.722,231.5,3.49,720,open_meteo,2026-09-16T11:38:43.484103+00:00,1.0
doi_suthep_pui,2021,7,21.947,88.351,416.0,3.502,744,open_meteo,2026-09-16T11:38:43.484103+00:00,1.0
doi_suthep_pui,2021,8,21.91,88.735,397.7,3.448,744,open_meteo,2026-09-16T11:38:43.484103+00:00,1.0
doi_suthep_pui,2021,9,21.284,89.638,501.9,3.608,720,open_meteo,2026-09-16T11:38:43.484103+00:00,1.0
doi_suthep_pui,2021,10,21.104,86.294,254.9,3.709,744,open_meteo,2026-09-16T11:38:43.484103+00:00,1.0
doi_suthep_pui,2021,11,20.248,83.368,142.8,3.657,720,open_meteo,2026-09-16T11:38:43.484103+00:00,1.0
doi_suthep_pui,2021,12,17.538,70.944,12.6,3.645,744,open_meteo,2026-09-16T11:38:43.484103+00:00,1.0
doi_suthep_pui,2022,1,17.77,70.863,38.9,3.587,744,open_meteo,2026-09-16T11:38:43.484103+00:00,1.0
doi_suthep_pui,2022,2,18.855,66.676,65.2,4.426,672,open_meteo,2026-09-16T11:38:43.484103+00:00,1.0
doi_suthep_pui,2022,3,23.434,64.34,68.4,4.27,744,open_meteo,2026-09-16T11:38:43.484103+00:00,1.0
doi_suthep_pui,2022,4,22.803,69.768,119.6,4.515,720,open_meteo,2026-09-16T11:38:43.484103+00:00,1.0
doi_suthep_pui,2022,5,21.756,84.18,395.0,4.126,744,open_meteo,2026-09-16T11:38:43.484103+00:00,1.0
doi_suthep_pui,2022,6,22.326,83.232,154.9,3.83,720,open_meteo,2026-09-16T11:38:43.484103+00:00,1.0
doi_suthep_pui,2022,7,21.974,87.733,489.4,3.296,744,open_meteo,2026-09-16T11:38:43.484103+00:00,1.0
doi_suthep_pui,2022,8,21.37,89.534,516.1,3.763,744,open_meteo,2026-09-16T11:38:43.484103+00:00,1.0
doi_suthep_pui,2022,9,21.074,89.092,446.7,3.423,720,open_meteo,2026-09-16T11:38:43.484103+00:00,1.0
doi_suthep_pui,2022,10,20.865,79.878,195.5,3.885,744,open_meteo,2026-09-16T11:38:43.484103+00:00,1.0
doi_suthep_pui,2022,11,20.974,71.447,41.8,3.404,720,open_meteo,2026-09-16T11:38:43.484103+00:00,1.0
doi_suthep_pui,2022,12,19.007,73.184,30.9,4.308,744,open_meteo,2026-09-16T11:38:43.484103+00:00,1.0
doi_suthep_pui,2023,1,18.015,61.767,1.3,4.165,744,open_meteo,2026-09-16T11:38:43.484103+00:00,1.0
doi_suthep_pui,2023,2,19.942,60.936,34.3,4.46,672,open_meteo,2026-09-16T11:38:43.484103+00:00,1.0
doi_suthep_pui,2023,3,21.94,62.249,26.7,4.408,744,open_meteo,2026-09-16T11:38:43.484103+00:00,1.0
doi_suthep_pui,2023,4,25.701,50.951,16.6,5.207,720,open_meteo,2026-09-16T11:38:43.484103+00:00,1.0
doi_suthep_pui,2023,5,24.081,73.556,141.5,4.367,744,open_meteo,2026-09-16T11:38:43.484103+00:00,1.0
doi_suthep_pui,2023,6,22.627,84.468,315.7,3.769,720,open_meteo,2026-09-16T11:38:43.484103+00:00,1.0
doi_suthep_pui,2023,7,22.708,83.458,271.8,3.934,744,open_meteo,2026-09-16T11:38:43.484103+00:00,1.0
doi_suthep_pui,2023,8,21.893,88.144,336.3,3.278,744,open_meteo,2026-09-16T11:38:43.484103+00:00,1.0
doi_suthep_pui,2023,9,21.572,89.14,577.6,3.51,720,open_meteo,2026-09-16T11:38:43.484103+00:00,1.0
doi_suthep_pui,2023,10,21.084,88.167,209.8,3.418,744,open_meteo,2026-09-16T11:38:43.484103+00:00,1.0
doi_suthep_pui,2023,11,20.355,77.803,47.7,3.718,720,open_meteo,2026-09-16T11:38:43.484103+00:00,1.0
doi_suthep_pui,2023,12,19.534,73.691,37.0,3.616,744,open_meteo,2026-09-16T11:38:43.484103+00:00,1.0
doi_suthep_pui,2024,1,18.512,72.203,30.9,3.864,744,open_meteo,2026-09-16T11:38:43.484103+00:00,1.0
doi_suthep_pui,2024,2,20.634,56.251,6.0,4.412,696,open_meteo,2026-09-16T11:38:43.484103+00:00,1.0
doi_suthep_pui,2024,3,24.03,45.242,4.0,5.152,744,open_meteo,2026-09-16T11:38:43.484103+00:00,1.0
doi_suthep_pui,2024,4,27.109,47.767,14.9,5.054,720,open_meteo,2026-09-16T11:38:43.484103+00:00,1.0
doi_suthep_pui,2024,5,24.0,76.535,414.6,4.163,744,open_meteo,2026-09-16T11:38:43.484103+00:00,1.0
doi_suthep_pui,2024,6,22.518,87.654,338.4,3.474,720,open_meteo,2026-09-16T11:38:43.484103+00:00,1.0
doi_suthep_pui,2024,7,21.919,89.871,500.2,3.084,744,open_meteo,2026-09-16T11:38:43.484103+00:00,1.0
doi_suthep_pui,2024,8,21.641,89.673,489.8,3.017,744,open_meteo,2026-09-16T11:38:43.484103+00:00,1.0
doi_suthep_pui,2024,9,21.914,87.583,346.6,3.272,720,open_meteo,2026-09-16T11:38:43.484103+00:00,1.0
doi_suthep_pui,2024,10,21.688,82.969,255.6,3.628,744,open_meteo,2026-09-16T11:38:43.484103+00:00,1.0
doi_suthep_pui,2024,11,20.062,78.049,74.0,3.284,720,open_meteo,2026-09-16T11:38:43.484103+00:00,1.0
doi_suthep_pui,2024,12,18.974,75.817,23.1,2.925,744,open_meteo,2026-09-16T11:38:43.484103+00:00,1.0
doi_suthep_pui,2025,1,17.216,66.676,5.3,3.184,744,open_meteo,2026-09-16T11:38:43.484103+00:00,1.0
doi_suthep_pui,2025,2,20.209,61.708,62.1,3.811,672,open_meteo,2026-09-16T11:38:43.484103+00:00,1.0
doi_suthep_pui,2025,3,22.472,56.612,2.8,4.394,744,open_meteo,2026-09-16T11:38:43.484103+00:00,1.0
doi_suthep_pui,2025,4,23.552,68.656,79.6,4.025,720,open_meteo,2026-09-16T11:38:43.484103+00:00,1.0
doi_suthep_pui,2025,5,22.567,81.663,314.8,3.799,744,open_meteo,2026-09-16T11:38:43.484103+00:00,1.0
doi_suthep_pui,2025,6,22.149,86.811,344.1,3.31,720,open_meteo,2026-09-16T11:38:43.484103+00:00,1.0
doi_suthep_pui,2025,7,21.605,89.886,463.2,2.846,744,open_meteo,2026-09-16T11:38:43.484103+00:00,1.0
doi_suthep_pui,2025,8,21.776,86.723,388.2,3.305,744,open_meteo,2026-09-16T11:38:43.484103+00:00,1.0
doi_suthep_pui,2025,9,21.679,86.497,265.8,3.528,720,open_meteo,2026-09-16T11:38:43.484103+00:00,1.0
doi_suthep_pui,2025,10,21.682,78.987,99.4,4.102,744,open_meteo,2026-09-16T11:38:43.484103+00:00,1.0
doi_suthep_pui,2025,11,18.746,78.867,200.4,4.948,720,open_meteo,2026-09-16T11:38:43.484103+00:00,1.0
doi_suthep_pui,2025,12,18.035,73.863,18.6,3.069,744,open_meteo,2026-09-16T11:38:43.484103+00:00,1.0
huai_nam_dang,2015,1,14.509,75.452,66.0,4.051,744,open_meteo,2026-09-16T11:38:43.484103+00:00,1.0
huai_nam_dang,2015,2,16.597,58.229,0.7,4.281,672,open_meteo,2026-09-16T11:38:43.484103+00:00,1.0
huai_nam_dang,2015,3,20.741,54.497,34.7,5.553,744,open_meteo,2026-09-16T11:38:43.484103+00:00,1.0
huai_nam_dang,2015,4,21.035,65.825,104.8,5.432,720,open_meteo,2026-09-16T11:38:43.484103+00:00,1.0
huai_nam_dang,2015,5,21.584,76.828,137.6,4.989,744,open_meteo,2026-09-16T11:38:43.484103+00:00,1.0
huai_nam_dang,2015,6,20.539,82.333,244.6,5.716,720,open_meteo,2026-09-16T11:38:43.484103+00:00,1.0
huai_nam_dang,2015,7,19.329,89.887,304.7,5.096,744,open_meteo,2026-09-16T11:38:43.484103+00:00,1.0
huai_nam_dang,2015,8,19.346,88.887,293.7,4.389,744,open_meteo,2026-09-16T11:38:43.484103+00:00,1.0
huai_nam_dang,2015,9,19.646,87.826,132.1,4.186,720,open_meteo,2026-09-16T11:38:43.484103+00:00,1.0
huai_nam_dang,2015,10,18.353,87.047,106.2,3.094,744,open_meteo,2026-09-16T11:38:43.484103+00:00,1.0
huai_nam_dang,2015,11,17.756,84.412,49.3,2.848,720,open_meteo,2026-09-16T11:38:43.484103+00:00,1.0
huai_nam_dang,2015,12,15.752,81.219,30.8,3.467,744,open_meteo,2026-09-16T11:38:43.484103+00:00,1.0
huai_nam_dang,2016,1,13.811,70.336,34.8,4.141,744,open_meteo,2026-09-16T11:38:43.484103+00:00,1.0
huai_nam_dang,2016,2,16.416,64.8,6.0,4.671,696,open_meteo,2026-09-16T11:38:43.484103+00:00,1.0
huai_nam_dang,2016,3,21.077,51.819,0.3,5.978,744,open_meteo,2026-09-16T11:38:43.484103+00:00,1.0
huai_nam_dang,2016,4,24.379,44.165,2.5,7.211,720,open_meteo,2026-09-16T11:38:43.484103+00:00,1.0
huai_nam_dang,2016,5,22.342,69.522,157.4,5.035,744,open_meteo,2026-09-16T11:38:43.484103+00:00,1.0
huai_nam_dang,2016,6,19.737,89.306,375.8,3.929,720,open_meteo,2026-09-16T11:38:43.484103+00:00,1.0
huai_nam_dang,2016,7,19.442,89.853,328.5,4.47,744,open_meteo,2026-09-16T11:38:43.484103+00:00,1.0
huai_nam_dang,2016,8,19.467,89.642,335.2,4.873,744,open_meteo,2026-09-16T11:38:43.484103+00:00,1.0
huai_nam_dang,2016,9,19.366,89.201,218.3,3.691,720,open_meteo,2026-09-16T11:38:43.484103+00:00,1.0
huai_nam_dang,2016,10,19.008,88.32,129.6,3.441,744,open_meteo,2026-09-16T11:38:43.484103+00:00,1.0
huai_nam_dang,2016,11,17.716,86.021,76.4,3.224,720,open_meteo,2026-09-16T11:38:43.484103+00:00,1.0
huai_nam_dang,2016,12,16.163,76.422,0.3,4.166,744,open_meteo,2026-09-16T11:38:43.484103+00:00,1.0
huai_nam_dang,2017,1,15.638,77.991,40.6,4.406,744,open_meteo,2026-09-16T11:38:43.484103+00:00,1.0
huai_nam_dang,2017,2,17.478,55.003,4.9,5.507,672,open_meteo,2026-09-16T11:38:43.484103+00:00,1.0
huai_nam_dang,2017,3,20.169,48.785,2.0,6.534,744,open_meteo,2026-09-16T11:38:43.484103+00:00,1.0
huai_nam_dang,2017,4,20.631,67.096,55.4,5.994,720,open_meteo,2026-09-16T11:38:43.484103+00:00,1.0
huai_nam_dang,2017,5,20.4,80.989,153.4,4.985,744,open_meteo,2026-09-16T11:38:43.484103+00:00,1.0
huai_nam_dang,2017,6,19.661,85.768,228.2,6.938,720,open_meteo,2026-09-16T11:38:43.484103+00:00,1.0
huai_nam_dang,2017,7,18.58,91.238,370.5,5.534,744,open_meteo,2026-09-16T11:38:43.484103+00:00,1.0
huai_nam_dang,2017,8,18.945,89.747,266.0,5.613,744,open_meteo,2026-09-16T11:38:43.484103+00:00,1.0
huai_nam_dang,2017,9,19.292,89.692,231.6,4.087,720,open_meteo,2026-09-16T11:38:43.484103+00:00,1.0
huai_nam_dang,2017,10,18.177,89.794,213.9,4.18,744,open_meteo,2026-09-16T11:38:43.484103+00:00,1.0
huai_nam_dang,2017,11,16.986,84.681,80.0,4.256,720,open_meteo,2026-09-16T11:38:43.484103+00:00,1.0
huai_nam_dang,2017,12,14.794,78.956,43.5,4.715,744,open_meteo,2026-09-16T11:38:43.484103+00:00,1.0
huai_nam_dang,2018,1,14.993,76.565,18.2,5.157,744,open_meteo,2026-09-16T11:38:43.484103+00:00,1.0
huai_nam_dang,2018,2,17.29,58.095,2.8,5.489,672,open_meteo,2026-09-16T11:38:43.484103+00:00,1.0
huai_nam_dang,2018,3,19.371,56.626,13.5,5.672,744,open_meteo,2026-09-16T11:38:43.484103+00:00,1.0
huai_nam_dang,2018,4,19.779,70.283,50.0,5.316,720,open_meteo,2026-09-16T11:38:43.484103+00:00,1.0
huai_nam_dang,2018,5,19.875,80.773,156.7,5.569,744,open_meteo,2026-09-16T11:38:43.484103+00:00,1.0
huai_nam_dang,2018,6,19.012,90.289,309.4,6.874,720,open_meteo,2026-09-16T11:38:43.484103+00:00,1.0
huai_nam_dang,2018,7,19.006,90.206,279.3,6.943,744,open_meteo,2026-09-16T11:38:43.484103+00:00,1.0
huai_nam_dang,2018,8,18.659,91.421,383.5,6.269,744,open_meteo,2026-09-16T11:38:43.484103+00:00,1.0
huai_nam_dang,2018,9,19.254,87.872,164.3,4.176,720,open_meteo,2026-09-16T11:38:43.484103+00:00,1.0
huai_nam_dang,2018,10,18.447,87.867,163.0,3.856,744,open_meteo,2026-09-16T11:38:43.484103+00:00,1.0
huai_nam_dang,2018,11,17.069,78.826,35.1,3.842,720,open_meteo,2026-09-16T11:38:43.484103+00:00,1.0
huai_nam_dang,2018,12,16.288,80.394,49.1,4.199,744,open_meteo,2026-09-16T11:38:43.484103+00:00,1.0
huai_nam_dang,2019,1,15.24,77.196,116.1,4.378,744,open_meteo,2026-09-16T11:38:43.484103+00:00,1.0
huai_nam_dang,2019,2,18.647,50.01,0.2,5.552,672,open_meteo,2026-09-16T11:38:43.484103+00:00,1.0
huai_nam_dang,2019,3,20.48,47.306,0.9,6.154,744,open_meteo,2026-09-16T11:38:43.484103+00:00,1.0
huai_nam_dang,2019,4,23.093,46.899,1.2,6.218,720,open_meteo,2026-09-16T11:38:43.484103+00:00,1.0
huai_nam_dang,2019,5,22.174,72.323,117.1,6.069,744,open_meteo,2026-09-16T11:38:43.484103+00:00,1.0
huai_nam_dang,2019,6,20.348,84.353,145.4,6.806,720,open_meteo,2026-09-16T11:38:43.484103+00:00,1.0
huai_nam_dang,2019,7,19.285,88.337,263.6,7.059,744,open_meteo,2026-09-16T11:38:43.484103+00:00,1.0
huai_nam_dang,2019,8,19.039,92.29,451.1,5.667,744,open_meteo,2026-09-16T11:38:43.484103+00:00,1.0
huai_nam_dang,2019,9,18.927,86.831,181.3,4.761,720,open_meteo,2026-09-16T11:38:43.484103+00:00,1.0
huai_nam_dang,2019,10,19.041,85.517,106.0,3.518,744,open_meteo,2026-09-16T11:38:43.484103+00:00,1.0
huai_nam_dang,2019,11,17.465,80.367,60.8,3.884,720,open_meteo,2026-09-16T11:38:43.484103+00:00,1.0
huai_nam_dang,2019,12,14.513,71.805,6.3,4.654,744,open_meteo,2026-09-16T11:38:43.484103+00:00,1.0
huai_nam_dang,2020,1,16.406,61.113,3.7,4.934,744,open_meteo,2026-09-16T11:38:43.484103+00:00,1.0
huai_nam_dang,2020,2,17.502,56.728,5.2,5.856,696,open_meteo,2026-09-16T11:38:43.484103+00:00,1.0
huai_nam_dang,2020,3,21.308,45.336,0.4,6.234,744,open_meteo,2026-09-16T11:38:43.484103+00:00,1.0
huai_nam_dang,2020,4,22.217,52.628,90.5,6.27,720,open_meteo,2026-09-16T11:38:43.484103+00:00,1.0
huai_nam_dang,2020,5,21.691,75.027,91.5,5.309,744,open_meteo,2026-09-16T11:38:43.484103+00:00,1.0
huai_nam_dang,2020,6,20.284,85.578,174.9,5.706,720,open_meteo,2026-09-16T11:38:43.484103+00:00,1.0
huai_nam_dang,2020,7,19.967,87.445,289.1,5.344,744,open_meteo,2026-09-16T11:38:43.484103+00:00,1.0
huai_nam_dang,2020,8,19.023,92.246,366.9,5.384,744,open_meteo,2026-09-16T11:38:43.484103+00:00,1.0
huai_nam_dang,2020,9,19.685,89.567,219.6,4.127,720,open_meteo,2026-09-16T11:38:43.484103+00:00,1.0
huai_nam_dang,2020,10,18.439,84.276,126.7,5.343,744,open_meteo,2026-09-16T11:38:43.484103+00:00,1.0
huai_nam_dang,2020,11,17.767,75.894,38.9,4.748,720,open_meteo,2026-09-16T11:38:43.484103+00:00,1.0
huai_nam_dang,2020,12,15.585,71.25,9.1,4.741,744,open_meteo,2026-09-16T11:38:43.484103+00:00,1.0
huai_nam_dang,2021,1,15.503,69.43,14.3,5.356,744,open_meteo,2026-09-16T11:38:43.484103+00:00,1.0
huai_nam_dang,2021,2,16.799,63.57,41.0,4.83,672,open_meteo,2026-09-16T11:38:43.484103+00:00,1.0
huai_nam_dang,2021,3,20.667,51.272,12.4,5.463,744,open_meteo,2026-09-16T11:38:43.484103+00:00,1.0
huai_nam_dang,2021,4,19.565,80.224,125.1,4.19,720,open_meteo,2026-09-16T11:38:43.484103+00:00,1.0
huai_nam_dang,2021,5,20.635,82.687,180.3,4.458,744,open_meteo,2026-09-16T11:38:43.484103+00:00,1.0
huai_nam_dang,2021,6,19.639,86.368,193.4,7.024,720,open_meteo,2026-09-16T11:38:43.484103+00:00,1.0
huai_nam_dang,2021,7,19.351,89.629,300.3,5.914,744,open_meteo,2026-09-16T11:38:43.484103+00:00,1.0
huai_nam_dang,2021,8,19.367,89.587,227.3,5.595,744,open_meteo,2026-09-16T11:38:43.484103+00:00,1.0
huai_nam_dang,2021,9,19.1,90.036,319.2,4.636,720,open_meteo,2026-09-16T11:38:43.484103+00:00,1.0
huai_nam_dang,2021,10,18.799,86.983,164.0,4.451,744,open_meteo,2026-09-16T11:38:43.484103+00:00,1.0
huai_nam_dang,2021,11,17.602,85.338,106.4,3.886,720,open_meteo,2026-09-16T11:38:43.484103+00:00,1.0
huai_nam_dang,2021,12,14.538,74.226,10.1,5.048,744,open_meteo,2026-09-16T11:38:43.484103+00:00,1.0
huai_nam_dang,2022,1,15.075,69.927,28.8,4.873,744,open_meteo,2026-09-16T11:38:43.484103+00:00,1.0
huai_nam_dang,2022,2,16.203,64.647,33.5,5.367,672,open_meteo,2026-09-16T11:38:43.484103+00:00,1.0
huai_nam_dang,2022,3,20.281,68.022,35.2,5.046,744,open_meteo,2026-09-16T11:38:43.484103+00:00,1.0
huai_nam_dang,2022,4,20.007,73.269,86.5,5.118,720,open_meteo,2026-09-16T11:38:43.484103+00:00,1.0
huai_nam_dang,2022,5,19.334,85.616,250.8,5.78,744,open_meteo,2026-09-16T11:38:43.484103+00:00,1.0
huai_nam_dang,2022,6,19.687,83.839,135.6,6.863,720,open_meteo,2026-09-16T11:38:43.484103+00:00,1.0
huai_nam_dang,2022,7,19.88,86.538,313.0,4.456,744,open_meteo,2026-09-16T11:38:43.484103+00:00,1.0
huai_nam_dang,2022,8,19.22,89.241,348.2,5.026,744,open_meteo,2026-09-16T11:38:43.484103+00:00,1.0
huai_nam_dang,2022,9,19.054,88.747,296.4,4.309,720,open_meteo,2026-09-16T11:38:43.484103+00:00,1.0
huai_nam_dang,2022,10,18.334,82.142,168.4,5.071,744,open_meteo,2026-09-16T11:38:43.484103+00:00,1.0
huai_nam_dang,2022,11,17.767,77.763,62.7,3.352,720,open_meteo,2026-09-16T11:38:43.484103+00:00,1.0
huai_nam_dang,2022,12,15.9,79.13,20.3,4.796,744,open_meteo,2026-09-16T11:38:43.484103+00:00,1.0
huai_nam_dang,2023,1,14.856,66.44,1.4,4.887,744,open_meteo,2026-09-16T11:38:43.484103+00:00,1.0
huai_nam_dang,2023,2,17.039,63.397,26.6,5.098,672,open_meteo,2026-09-16T11:38:43.484103+00:00,1.0
huai_nam_dang,2023,3,19.652,59.539,14.1,5.298,744,open_meteo,2026-09-16T11:38:43.484103+00:00,1.0
huai_nam_dang,2023,4,22.728,54.514,20.0,5.638,720,open_meteo,2026-09-16T11:38:43.484103+00:00,1.0
huai_nam_dang,2023,5,21.242,76.922,145.8,5.129,744,open_meteo,2026-09-16T11:38:43.484103+00:00,1.0
huai_nam_dang,2023,6,20.022,85.647,215.7,6.197,720,open_meteo,2026-09-16T11:38:43.484103+00:00,1.0
huai_nam_dang,2023,7,20.071,86.53,243.2,5.228,744,open_meteo,2026-09-16T11:38:43.484103+00:00,1.0
huai_nam_dang,2023,8,19.503,88.407,295.8,6.092,744,open_meteo,2026-09-16T11:38:43.484103+00:00,1.0
huai_nam_dang,2023,9,19.461,89.596,368.1,3.812,720,open_meteo,2026-09-16T11:38:43.484103+00:00,1.0
huai_nam_dang,2023,10,18.84,89.755,217.9,2.97,744,open_meteo,2026-09-16T11:38:43.484103+00:00,1.0
huai_nam_dang,2023,11,17.802,80.646,56.7,3.607,720,open_meteo,2026-09-16T11:38:43.484103+00:00,1.0
huai_nam_dang,2023,12,16.502,79.298,32.2,4.221,744,open_meteo,2026-09-16T11:38:43.484103+00:00,1.0
huai_nam_dang,2024,1,15.733,72.41,14.8,4.798,744,open_meteo,2026-09-16T11:38:43.484103+00:00,1.0
huai_nam_dang,2024,2,17.934,54.733,1.1,5.278,696,open_meteo,2026-09-16T11:38:43.484103+00:00,1.0
huai_nam_dang,2024,3,20.971,49.015,5.8,5.835,744,open_meteo,2026-09-16T11:38:43.484103+00:00,1.0
huai_nam_dang,2024,4,23.511,55.136,6.8,6.016,720,open_meteo,2026-09-16T11:38:43.484103+00:00,1.0
huai_nam_dang,2024,5,21.558,78.147,258.1,5.103,744,open_meteo,2026-09-16T11:38:43.484103+00:00,1.0
huai_nam_dang,2024,6,20.116,87.586,248.7,5.872,720,open_meteo,2026-09-16T11:38:43.484103+00:00,1.0
huai_nam_dang,2024,7,19.688,88.669,312.9,5.748,744,open_meteo,2026-09-16T11:38:43.484103+00:00,1.0
huai_nam_dang,2024,8,19.34,89.815,319.0,4.63,744,open_meteo,2026-09-16T11:38:43.484103+00:00,1.0
huai_nam_dang,2024,9,19.746,87.694,338.5,4.19,720,open_meteo,2026-09-16T11:38:43.484103+00:00,1.0
huai_nam_dang,2024,10,19.307,85.065,176.8,3.332,744,open_meteo,2026-09-16T11:38:43.484103+00:00,1.0
huai_nam_dang,2024,11,17.32,81.39,64.5,3.542,720,open_meteo,2026-09-16T11:38:43.484103+00:00,1.0
huai_nam_dang,2024,12,16.14,81.348,17.8,3.393,744,open_meteo,2026-09-16T11:38:43.484103+00:00,1.0
huai_nam_dang,2025,1,14.234,71.543,5.2,4.174,744,open_meteo,2026-09-16T11:38:43.484103+00:00,1.0
huai_nam_dang,2025,2,17.49,60.44,29.6,4.381,672,open_meteo,2026-09-16T11:38:43.484103+00:00,1.0
huai_nam_dang,2025,3,19.983,54.11,10.8,5.113,744,open_meteo,2026-09-16T11:38:43.484103+00:00,1.0
huai_nam_dang,2025,4,20.693,70.779,73.7,5.146,720,open_meteo,2026-09-16T11:38:43.484103+00:00,1.0
huai_nam_dang,2025,5,20.043,83.859,230.4,4.808,744,open_meteo,2026-09-16T11:38:43.484103+00:00,1.0
huai_nam_dang,2025,6,19.549,88.347,234.9,5.933,720,open_meteo,2026-09-16T11:38:43.484103+00:00,1.0
huai_nam_dang,2025,7,18.958,91.766,345.9,6.156,744,open_meteo,2026-09-16T11:38:43.484103+00:00,1.0
huai_nam_dang,2025,8,19.219,89.444,272.5,4.751,744,open_meteo,2026-09-16T11:38:43.484103+00:00,1.0
huai_nam_dang,2025,9,19.375,89.415,290.7,3.142,720,open_meteo,2026-09-16T11:38:43.484103+00:00,1.0
huai_nam_dang,2025,10,18.919,83.434,104.3,3.771,744,open_meteo,2026-09-16T11:38:43.484103+00:00,1.0
huai_nam_dang,2025,11,16.182,82.037,110.4,4.501,720,open_meteo,2026-09-16T11:38:43.484103+00:00,1.0
huai_nam_dang,2025,12,15.188,76.176,11.9,3.008,744,open_meteo,2026-09-16T11:38:43.484103+00:00,1.0
khun_khan,2015,1,17.67,78.734,99.7,4.425,744,open_meteo,2026-09-16T11:38:43.484103+00:00,1.0
khun_khan,2015,2,19.491,65.905,0.1,4.846,672,open_meteo,2026-09-16T11:38:43.484103+00:00,1.0
khun_khan,2015,3,23.441,63.704,44.1,5.236,744,open_meteo,2026-09-16T11:38:43.484103+00:00,1.0
khun_khan,2015,4,24.269,69.756,139.1,5.043,720,open_meteo,2026-09-16T11:38:43.484103+00:00,1.0
khun_khan,2015,5,25.041,80.711,216.3,4.217,744,open_meteo,2026-09-16T11:38:43.484103+00:00,1.0
khun_khan,2015,6,24.24,82.697,319.4,4.796,720,open_meteo,2026-09-16T11:38:43.484103+00:00,1.0
khun_khan,2015,7,23.005,89.777,507.7,4.333,744,open_meteo,2026-09-16T11:38:43.484103+00:00,1.0
khun_khan,2015,8,22.896,89.909,398.8,3.69,744,open_meteo,2026-09-16T11:38:43.484103+00:00,1.0
khun_khan,2015,9,23.076,88.572,187.2,3.849,720,open_meteo,2026-09-16T11:38:43.484103+00:00,1.0
khun_khan,2015,10,21.901,87.105,148.8,3.441,744,open_meteo,2026-09-16T11:38:43.484103+00:00,1.0
khun_khan,2015,11,21.635,82.282,80.7,3.43,720,open_meteo,2026-09-16T11:38:43.484103+00:00,1.0
khun_khan,2015,12,19.417,82.087,64.1,3.708,744,open_meteo,2026-09-16T11:38:43.484103+00:00,1.0
khun_khan,2016,1,17.232,74.039,40.9,4.409,744,open_meteo,2026-09-16T11:38:43.484103+00:00,1.0
khun_khan,2016,2,19.73,68.043,5.7,4.673,696,open_meteo,2026-09-16T11:38:43.484103+00:00,1.0
khun_khan,2016,3,24.71,55.335,0.7,5.305,744,open_meteo,2026-09-16T11:38:43.484103+00:00,1.0
khun_khan,2016,4,28.204,47.406,21.7,5.709,720,open_meteo,2026-09-16T11:38:43.484103+00:00,1.0
khun_khan,2016,5,25.969,71.849,286.4,4.375,744,open_meteo,2026-09-16T11:38:43.484103+00:00,1.0
khun_khan,2016,6,23.173,90.8,576.7,3.728,720,open_meteo,2026-09-16T11:38:43.484103+00:00,1.0
khun_khan,2016,7,22.961,91.138,490.4,3.725,744,open_meteo,2026-09-16T11:38:43.484103+00:00,1.0
khun_khan,2016,8,23.102,90.02,365.1,4.035,744,open_meteo,2026-09-16T11:38:43.484103+00:00,1.0
khun_khan,2016,9,22.846,89.539,245.0,3.329,720,open_meteo,2026-09-16T11:38:43.484103+00:00,1.0
khun_khan,2016,10,22.387,88.739,137.6,3.402,744,open_meteo,2026-09-16T11:38:43.484103+00:00,1.0
khun_khan,2016,11,20.976,86.656,132.9,3.664,720,open_meteo,2026-09-16T11:38:43.484103+00:00,1.0
khun_khan,2016,12,19.403,78.555,5.7,3.866,744,open_meteo,2026-09-16T11:38:43.484103+00:00,1.0
khun_khan,2017,1,18.627,82.132,47.4,4.693,744,open_meteo,2026-09-16T11:38:43.484103+00:00,1.0
khun_khan,2017,2,19.791,63.368,0.6,6.022,672,open_meteo,2026-09-16T11:38:43.484103+00:00,1.0
khun_khan,2017,3,22.803,54.832,1.0,7.019,744,open_meteo,2026-09-16T11:38:43.484103+00:00,1.0
khun_khan,2017,4,23.865,70.978,55.5,6.265,720,open_meteo,2026-09-16T11:38:43.484103+00:00,1.0
khun_khan,2017,5,23.834,83.927,226.6,4.902,744,open_meteo,2026-09-16T11:38:43.484103+00:00,1.0
khun_khan,2017,6,23.51,86.429,306.0,4.986,720,open_meteo,2026-09-16T11:38:43.484103+00:00,1.0
khun_khan,2017,7,22.57,91.406,507.3,4.522,744,open_meteo,2026-09-16T11:38:43.484103+00:00,1.0
khun_khan,2017,8,22.909,89.246,338.9,4.568,744,open_meteo,2026-09-16T11:38:43.484103+00:00,1.0
khun_khan,2017,9,22.978,90.156,286.6,4.335,720,open_meteo,2026-09-16T11:38:43.484103+00:00,1.0
khun_khan,2017,10,21.562,91.665,330.0,4.116,744,open_meteo,2026-09-16T11:38:43.484103+00:00,1.0
khun_khan,2017,11,20.316,87.122,102.8,4.721,720,open_meteo,2026-09-16T11:38:43.484103+00:00,1.0
khun_khan,2017,12,17.897,84.0,46.8,4.973,744,open_meteo,2026-09-16T11:38:43.484103+00:00,1.0
khun_khan,2018,1,17.907,81.618,19.2,5.645,744,open_meteo,2026-09-16T11:38:43.484103+00:00,1.0
khun_khan,2018,2,19.529,67.003,1.3,6.246,672,open_meteo,2026-09-16T11:38:43.484103+00:00,1.0
khun_khan,2018,3,21.627,65.79,11.5,5.942,744,open_meteo,2026-09-16T11:38:43.484103+00:00,1.0
khun_khan,2018,4,23.14,73.544,59.1,5.421,720,open_meteo,2026-09-16T11:38:43.484103+00:00,1.0
khun_khan,2018,5,23.052,86.114,234.6,4.768,744,open_meteo,2026-09-16T11:38:43.484103+00:00,1.0
khun_khan,2018,6,22.868,90.86,344.6,4.872,720,open_meteo,2026-09-16T11:38:43.484103+00:00,1.0
khun_khan,2018,7,23.245,86.999,291.3,5.851,744,open_meteo,2026-09-16T11:38:43.484103+00:00,1.0
khun_khan,2018,8,22.749,89.762,484.7,5.387,744,open_meteo,2026-09-16T11:38:43.484103+00:00,1.0
khun_khan,2018,9,22.855,88.846,170.0,4.799,720,open_meteo,2026-09-16T11:38:43.484103+00:00,1.0
khun_khan,2018,10,21.831,90.147,203.4,4.135,744,open_meteo,2026-09-16T11:38:43.484103+00:00,1.0
khun_khan,2018,11,20.024,84.893,38.7,4.302,720,open_meteo,2026-09-16T11:38:43.484103+00:00,1.0
khun_khan,2018,12,18.996,85.942,54.4,4.966,744,open_meteo,2026-09-16T11:38:43.484103+00:00,1.0
khun_khan,2019,1,18.05,83.671,65.0,5.108,744,open_meteo,2026-09-16T11:38:43.484103+00:00,1.0
khun_khan,2019,2,20.175,63.812,0.2,6.586,672,open_meteo,2026-09-16T11:38:43.484103+00:00,1.0
khun_khan,2019,3,22.767,55.878,0.2,7.27,744,open_meteo,2026-09-16T11:38:43.484103+00:00,1.0
khun_khan,2019,4,25.897,52.422,0.7,6.669,720,open_meteo,2026-09-16T11:38:43.484103+00:00,1.0
khun_khan,2019,5,26.348,71.625,172.8,6.16,744,open_meteo,2026-09-16T11:38:43.484103+00:00,1.0
khun_khan,2019,6,23.963,88.128,303.4,5.234,720,open_meteo,2026-09-16T11:38:43.484103+00:00,1.0
khun_khan,2019,7,23.488,86.171,271.0,5.815,744,open_meteo,2026-09-16T11:38:43.484103+00:00,1.0
khun_khan,2019,8,23.049,90.719,507.1,5.744,744,open_meteo,2026-09-16T11:38:43.484103+00:00,1.0
khun_khan,2019,9,22.502,88.596,276.8,4.715,720,open_meteo,2026-09-16T11:38:43.484103+00:00,1.0
khun_khan,2019,10,22.229,88.202,107.0,4.151,744,open_meteo,2026-09-16T11:38:43.484103+00:00,1.0
khun_khan,2019,11,20.746,82.157,40.0,4.453,720,open_meteo,2026-09-16T11:38:43.484103+00:00,1.0
khun_khan,2019,12,17.356,76.344,14.2,5.587,744,open_meteo,2026-09-16T11:38:43.484103+00:00,1.0
khun_khan,2020,1,18.566,69.376,2.1,6.651,744,open_meteo,2026-09-16T11:38:43.484103+00:00,1.0
khun_khan,2020,2,20.243,60.836,1.8,6.636,696,open_meteo,2026-09-16T11:38:43.484103+00:00,1.0
khun_khan,2020,3,24.86,45.89,0.5,7.969,744,open_meteo,2026-09-16T11:38:43.484103+00:00,1.0
khun_khan,2020,4,26.097,52.05,101.4,6.887,720,open_meteo,2026-09-16T11:38:43.484103+00:00,1.0
khun_khan,2020,5,25.456,76.81,126.8,5.716,744,open_meteo,2026-09-16T11:38:43.484103+00:00,1.0
khun_khan,2020,6,24.359,84.824,264.7,4.9,720,open_meteo,2026-09-16T11:38:43.484103+00:00,1.0
khun_khan,2020,7,23.996,86.809,299.5,4.572,744,open_meteo,2026-09-16T11:38:43.484103+00:00,1.0
khun_khan,2020,8,23.067,91.844,692.7,4.894,744,open_meteo,2026-09-16T11:38:43.484103+00:00,1.0
khun_khan,2020,9,23.283,91.257,319.5,4.436,720,open_meteo,2026-09-16T11:38:43.484103+00:00,1.0
khun_khan,2020,10,21.775,87.853,174.9,4.867,744,open_meteo,2026-09-16T11:38:43.484103+00:00,1.0
khun_khan,2020,11,20.644,82.682,47.0,4.606,720,open_meteo,2026-09-16T11:38:43.484103+00:00,1.0
khun_khan,2020,12,18.588,75.618,5.6,5.221,744,open_meteo,2026-09-16T11:38:43.484103+00:00,1.0
khun_khan,2021,1,18.105,73.339,8.5,5.93,744,open_meteo,2026-09-16T11:38:43.484103+00:00,1.0
khun_khan,2021,2,19.948,66.158,19.4,6.21,672,open_meteo,2026-09-16T11:38:43.484103+00:00,1.0
khun_khan,2021,3,23.834,53.915,8.5,6.771,744,open_meteo,2026-09-16T11:38:43.484103+00:00,1.0
khun_khan,2021,4,23.448,80.051,101.6,4.937,720,open_meteo,2026-09-16T11:38:43.484103+00:00,1.0
khun_khan,2021,5,24.597,81.368,146.6,4.873,744,open_meteo,2026-09-16T11:38:43.484103+00:00,1.0
khun_khan,2021,6,24.046,82.636,230.4,6.093,720,open_meteo,2026-09-16T11:38:43.484103+00:00,1.0
khun_khan,2021,7,23.386,88.474,374.1,5.316,744,open_meteo,2026-09-16T11:38:43.484103+00:00,1.0
khun_khan,2021,8,23.296,89.586,352.4,4.961,744,open_meteo,2026-09-16T11:38:43.484103+00:00,1.0
khun_khan,2021,9,22.539,92.017,480.4,4.72,720,open_meteo,2026-09-16T11:38:43.484103+00:00,1.0
khun_khan,2021,10,22.079,89.905,281.1,4.385,744,open_meteo,2026-09-16T11:38:43.484103+00:00,1.0
khun_khan,2021,11,20.801,88.258,91.8,4.329,720,open_meteo,2026-09-16T11:38:43.484103+00:00,1.0
khun_khan,2021,12,17.338,79.843,9.1,5.248,744,open_meteo,2026-09-16T11:38:43.484103+00:00,1.0
khun_khan,2022,1,17.578,78.503,23.3,5.788,744,open_meteo,2026-09-16T11:38:43.484103+00:00,1.0
khun_khan,2022,2,18.723,73.391,72.7,6.095,672,open_meteo,2026-09-16T11:38:43.484103+00:00,1.0
khun_khan,2022,3,23.41,73.035,35.6,5.467,744,open_meteo,2026-09-16T11:38:43.484103+00:00,1.0
khun_khan,2022,4,23.406,76.064,81.4,5.686,720,open_meteo,2026-09-16T11:38:43.484103+00:00,1.0
khun_khan,2022,5,23.098,86.206,332.4,5.469,744,open_meteo,2026-09-16T11:38:43.484103+00:00,1.0
khun_khan,2022,6,23.742,83.353,219.7,5.538,720,open_meteo,2026-09-16T11:38:43.484103+00:00,1.0
khun_khan,2022,7,23.438,87.926,307.0,4.624,744,open_meteo,2026-09-16T11:38:43.484103+00:00,1.0
khun_khan,2022,8,22.953,89.894,445.3,5.299,744,open_meteo,2026-09-16T11:38:43.484103+00:00,1.0
khun_khan,2022,9,22.449,90.696,402.3,4.189,720,open_meteo,2026-09-16T11:38:43.484103+00:00,1.0
khun_khan,2022,10,21.474,85.222,288.6,4.919,744,open_meteo,2026-09-16T11:38:43.484103+00:00,1.0
khun_khan,2022,11,20.83,81.317,46.4,4.783,720,open_meteo,2026-09-16T11:38:43.484103+00:00,1.0
khun_khan,2022,12,19.148,80.653,25.0,5.177,744,open_meteo,2026-09-16T11:38:43.484103+00:00,1.0
khun_khan,2023,1,17.81,70.692,1.6,5.722,744,open_meteo,2026-09-16T11:38:43.484103+00:00,1.0
khun_khan,2023,2,19.736,68.973,30.1,6.21,672,open_meteo,2026-09-16T11:38:43.484103+00:00,1.0
khun_khan,2023,3,22.577,64.304,26.6,6.19,744,open_meteo,2026-09-16T11:38:43.484103+00:00,1.0
khun_khan,2023,4,26.204,58.078,7.3,7.041,720,open_meteo,2026-09-16T11:38:43.484103+00:00,1.0
khun_khan,2023,5,25.049,77.754,133.5,6.027,744,open_meteo,2026-09-16T11:38:43.484103+00:00,1.0
khun_khan,2023,6,24.053,84.407,302.5,5.506,720,open_meteo,2026-09-16T11:38:43.484103+00:00,1.0
khun_khan,2023,7,24.089,85.524,247.1,5.909,744,open_meteo,2026-09-16T11:38:43.484103+00:00,1.0
khun_khan,2023,8,23.712,86.055,228.1,5.671,744,open_meteo,2026-09-16T11:38:43.484103+00:00,1.0
khun_khan,2023,9,23.103,90.588,485.3,4.624,720,open_meteo,2026-09-16T11:38:43.484103+00:00,1.0
khun_khan,2023,10,22.249,90.991,230.1,4.033,744,open_meteo,2026-09-16T11:38:43.484103+00:00,1.0
khun_khan,2023,11,21.131,83.25,68.3,4.382,720,open_meteo,2026-09-16T11:38:43.484103+00:00,1.0
khun_khan,2023,12,19.768,81.964,30.2,4.891,744,open_meteo,2026-09-16T11:38:43.484103+00:00,1.0
khun_khan,2024,1,18.566,78.224,12.1,5.931,744,open_meteo,2026-09-16T11:38:43.484103+00:00,1.0
khun_khan,2024,2,20.605,61.466,1.5,7.412,696,open_meteo,2026-09-16T11:38:43.484103+00:00,1.0
khun_khan,2024,3,24.16,51.843,2.3,7.89,744,open_meteo,2026-09-16T11:38:43.484103+00:00,1.0
khun_khan,2024,4,27.699,54.587,3.4,7.901,720,open_meteo,2026-09-16T11:38:43.484103+00:00,1.0
khun_khan,2024,5,25.384,78.715,242.2,5.82,744,open_meteo,2026-09-16T11:38:43.484103+00:00,1.0
khun_khan,2024,6,24.266,86.354,278.1,5.088,720,open_meteo,2026-09-16T11:38:43.484103+00:00,1.0
khun_khan,2024,7,23.847,87.285,363.9,4.99,744,open_meteo,2026-09-16T11:38:43.484103+00:00,1.0
khun_khan,2024,8,23.311,89.921,331.6,4.598,744,open_meteo,2026-09-16T11:38:43.484103+00:00,1.0
khun_khan,2024,9,23.443,88.004,330.2,5.091,720,open_meteo,2026-09-16T11:38:43.484103+00:00,1.0
khun_khan,2024,10,22.655,87.328,222.9,4.876,744,open_meteo,2026-09-16T11:38:43.484103+00:00,1.0
khun_khan,2024,11,20.847,83.847,82.6,4.656,720,open_meteo,2026-09-16T11:38:43.484103+00:00,1.0
khun_khan,2024,12,19.571,82.679,22.3,4.358,744,open_meteo,2026-09-16T11:38:43.484103+00:00,1.0
khun_khan,2025,1,17.291,75.719,11.0,5.103,744,open_meteo,2026-09-16T11:38:43.484103+00:00,1.0
khun_khan,2025,2,20.142,69.673,21.9,6.043,672,open_meteo,2026-09-16T11:38:43.484103+00:00,1.0
khun_khan,2025,3,22.753,63.028,3.8,7.019,744,open_meteo,2026-09-16T11:38:43.484103+00:00,1.0
khun_khan,2025,4,24.405,74.178,94.2,5.791,720,open_meteo,2026-09-16T11:38:43.484103+00:00,1.0
khun_khan,2025,5,23.895,84.462,266.3,5.166,744,open_meteo,2026-09-16T11:38:43.484103+00:00,1.0
khun_khan,2025,6,23.873,85.571,266.7,5.126,720,open_meteo,2026-09-16T11:38:43.484103+00:00,1.0
khun_khan,2025,7,23.621,85.797,302.1,6.505,744,open_meteo,2026-09-16T11:38:43.484103+00:00,1.0
khun_khan,2025,8,23.462,86.147,256.7,6.216,744,open_meteo,2026-09-16T11:38:43.484103+00:00,1.0
khun_khan,2025,9,23.067,88.939,242.4,4.341,720,open_meteo,2026-09-16T11:38:43.484103+00:00,1.0
khun_khan,2025,10,22.701,82.831,78.4,4.858,744,open_meteo,2026-09-16T11:38:43.484103+00:00,1.0
khun_khan,2025,11,19.812,83.026,140.6,5.091,720,open_meteo,2026-09-16T11:38:43.484103+00:00,1.0
khun_khan,2025,12,18.451,80.016,9.9,4.479,744,open_meteo,2026-09-16T11:38:43.484103+00:00,1.0
mae_ping,2015,1,18.967,71.449,78.6,4.462,744,open_meteo,2026-09-16T11:38:43.484103+00:00,1.0
mae_ping,2015,2,21.741,56.11,0.4,4.787,672,open_meteo,2026-09-16T11:38:43.484103+00:00,1.0
mae_ping,2015,3,24.954,59.579,31.2,4.916,744,open_meteo,2026-09-16T11:38:43.484103+00:00,1.0
mae_ping,2015,4,25.262,63.501,36.2,5.054,720,open_meteo,2026-09-16T11:38:43.484103+00:00,1.0
mae_ping,2015,5,26.149,68.46,63.8,5.112,744,open_meteo,2026-09-16T11:38:43.484103+00:00,1.0
mae_ping,2015,6,24.743,75.14,164.1,5.657,720,open_meteo,2026-09-16T11:38:43.484103+00:00,1.0
mae_ping,2015,7,22.941,85.535,255.6,5.604,744,open_meteo,2026-09-16T11:38:43.484103+00:00,1.0
mae_ping,2015,8,23.001,85.616,156.2,4.697,744,open_meteo,2026-09-16T11:38:43.484103+00:00,1.0
mae_ping,2015,9,23.102,86.16,156.9,4.229,720,open_meteo,2026-09-16T11:38:43.484103+00:00,1.0
mae_ping,2015,10,22.395,85.434,74.9,3.663,744,open_meteo,2026-09-16T11:38:43.484103+00:00,1.0
mae_ping,2015,11,22.735,78.303,13.7,4.048,720,open_meteo,2026-09-16T11:38:43.484103+00:00,1.0
mae_ping,2015,12,20.813,74.507,29.3,4.081,744,open_meteo,2026-09-16T11:38:43.484103+00:00,1.0
mae_ping,2016,1,19.278,63.657,19.4,4.721,744,open_meteo,2026-09-16T11:38:43.484103+00:00,1.0
mae_ping,2016,2,21.457,56.431,1.6,5.427,696,open_meteo,2026-09-16T11:38:43.484103+00:00,1.0
mae_ping,2016,3,26.177,49.835,0.1,5.561,744,open_meteo,2026-09-16T11:38:43.484103+00:00,1.0
mae_ping,2016,4,28.9,46.025,5.1,6.297,720,open_meteo,2026-09-16T11:38:43.484103+00:00,1.0
mae_ping,2016,5,27.154,62.559,107.7,5.001,744,open_meteo,2026-09-16T11:38:43.484103+00:00,1.0
mae_ping,2016,6,23.339,85.825,220.7,4.605,720,open_meteo,2026-09-16T11:38:43.484103+00:00,1.0
mae_ping,2016,7,23.022,87.035,210.3,4.648,744,open_meteo,2026-09-16T11:38:43.484103+00:00,1.0
mae_ping,2016,8,23.036,86.644,173.6,5.034,744,open_meteo,2026-09-16T11:38:43.484103+00:00,1.0
mae_ping,2016,9,22.763,88.576,180.8,3.766,720,open_meteo,2026-09-16T11:38:43.484103+00:00,1.0
mae_ping,2016,10,22.632,86.782,118.0,3.799,744,open_meteo,2026-09-16T11:38:43.484103+00:00,1.0
mae_ping,2016,11,21.874,82.546,33.5,3.973,720,open_meteo,2026-09-16T11:38:43.484103+00:00,1.0
mae_ping,2016,12,20.701,72.464,5.2,4.645,744,open_meteo,2026-09-16T11:38:43.484103+00:00,1.0
mae_ping,2017,1,19.577,80.267,47.9,3.779,744,open_meteo,2026-09-16T11:38:43.484103+00:00,1.0
mae_ping,2017,2,20.555,62.838,0.1,4.944,672,open_meteo,2026-09-16T11:38:43.484103+00:00,1.0
mae_ping,2017,3,24.245,53.25,0.8,5.442,744,open_meteo,2026-09-16T11:38:43.484103+00:00,1.0
mae_ping,2017,4,24.682,67.992,47.9,4.583,720,open_meteo,2026-09-16T11:38:43.484103+00:00,1.0
mae_ping,2017,5,24.275,81.453,266.0,4.196,744,open_meteo,2026-09-16T11:38:43.484103+00:00,1.0
mae_ping,2017,6,23.597,83.393,188.2,4.815,720,open_meteo,2026-09-16T11:38:43.484103+00:00,1.0
mae_ping,2017,7,22.612,89.488,374.9,3.936,744,open_meteo,2026-09-16T11:38:43.484103+00:00,1.0
mae_ping,2017,8,22.936,87.172,276.1,4.055,744,open_meteo,2026-09-16T11:38:43.484103+00:00,1.0
mae_ping,2017,9,23.223,88.412,211.8,3.568,720,open_meteo,2026-09-16T11:38:43.484103+00:00,1.0
mae_ping,2017,10,21.969,90.282,382.6,3.168,744,open_meteo,2026-09-16T11:38:43.484103+00:00,1.0
mae_ping,2017,11,21.076,83.572,55.0,3.869,720,open_meteo,2026-09-16T11:38:43.484103+00:00,1.0
mae_ping,2017,12,19.178,76.399,20.1,4.206,744,open_meteo,2026-09-16T11:38:43.484103+00:00,1.0
mae_ping,2018,1,19.482,74.628,13.2,4.003,744,open_meteo,2026-09-16T11:38:43.484103+00:00,1.0
mae_ping,2018,2,21.009,66.016,7.3,4.994,672,open_meteo,2026-09-16T11:38:43.484103+00:00,1.0
mae_ping,2018,3,23.012,61.558,15.3,4.523,744,open_meteo,2026-09-16T11:38:43.484103+00:00,1.0
mae_ping,2018,4,23.913,70.781,60.6,4.257,720,open_meteo,2026-09-16T11:38:43.484103+00:00,1.0
mae_ping,2018,5,23.93,79.907,135.9,3.992,744,open_meteo,2026-09-16T11:38:43.484103+00:00,1.0
mae_ping,2018,6,23.098,86.589,238.9,4.928,720,open_meteo,2026-09-16T11:38:43.484103+00:00,1.0
mae_ping,2018,7,22.999,86.073,256.4,4.758,744,open_meteo,2026-09-16T11:38:43.484103+00:00,1.0
mae_ping,2018,8,22.751,86.973,286.9,4.876,744,open_meteo,2026-09-16T11:38:43.484103+00:00,1.0
mae_ping,2018,9,23.016,87.256,191.7,3.723,720,open_meteo,2026-09-16T11:38:43.484103+00:00,1.0
mae_ping,2018,10,22.365,88.551,221.2,3.135,744,open_meteo,2026-09-16T11:38:43.484103+00:00,1.0
mae_ping,2018,11,21.336,82.093,68.5,3.042,720,open_meteo,2026-09-16T11:38:43.484103+00:00,1.0
mae_ping,2018,12,20.115,84.487,66.2,3.297,744,open_meteo,2026-09-16T11:38:43.484103+00:00,1.0
mae_ping,2019,1,19.908,79.427,45.7,3.317,744,open_meteo,2026-09-16T11:38:43.484103+00:00,1.0
mae_ping,2019,2,21.621,62.436,4.7,4.089,672,open_meteo,2026-09-16T11:38:43.484103+00:00,1.0
mae_ping,2019,3,23.84,57.05,3.6,4.795,744,open_meteo,2026-09-16T11:38:43.484103+00:00,1.0
mae_ping,2019,4,26.832,51.983,0.9,4.699,720,open_meteo,2026-09-16T11:38:43.484103+00:00,1.0
mae_ping,2019,5,26.128,71.7,135.8,4.718,744,open_meteo,2026-09-16T11:38:43.484103+00:00,1.0
mae_ping,2019,6,24.413,80.888,131.3,5.539,720,open_meteo,2026-09-16T11:38:43.484103+00:00,1.0
mae_ping,2019,7,23.698,81.648,144.0,5.1,744,open_meteo,2026-09-16T11:38:43.484103+00:00,1.0
mae_ping,2019,8,22.839,89.78,541.2,4.32,744,open_meteo,2026-09-16T11:38:43.484103+00:00,1.0
mae_ping,2019,9,22.804,87.476,234.5,3.862,720,open_meteo,2026-09-16T11:38:43.484103+00:00,1.0
mae_ping,2019,10,22.842,86.98,121.0,3.102,744,open_meteo,2026-09-16T11:38:43.484103+00:00,1.0
mae_ping,2019,11,21.363,82.06,42.1,3.207,720,open_meteo,2026-09-16T11:38:43.484103+00:00,1.0
mae_ping,2019,12,18.924,70.703,7.1,4.044,744,open_meteo,2026-09-16T11:38:43.484103+00:00,1.0
mae_ping,2020,1,20.827,62.98,1.1,4.288,744,open_meteo,2026-09-16T11:38:43.484103+00:00,1.0
mae_ping,2020,2,22.004,54.836,0.5,5.443,696,open_meteo,2026-09-16T11:38:43.484103+00:00,1.0
mae_ping,2020,3,24.809,51.901,2.5,5.246,744,open_meteo,2026-09-16T11:38:43.484103+00:00,1.0
mae_ping,2020,4,26.135,54.958,67.2,5.44,720,open_meteo,2026-09-16T11:38:43.484103+00:00,1.0
mae_ping,2020,5,26.318,71.087,77.3,4.219,744,open_meteo,2026-09-16T11:38:43.484103+00:00,1.0
mae_ping,2020,6,25.278,75.224,118.5,4.899,720,open_meteo,2026-09-16T11:38:43.484103+00:00,1.0
mae_ping,2020,7,24.882,78.38,154.9,4.334,744,open_meteo,2026-09-16T11:38:43.484103+00:00,1.0
mae_ping,2020,8,23.183,88.022,467.1,4.252,744,open_meteo,2026-09-16T11:38:43.484103+00:00,1.0
mae_ping,2020,9,23.518,88.769,316.4,3.623,720,open_meteo,2026-09-16T11:38:43.484103+00:00,1.0
mae_ping,2020,10,21.872,89.468,226.8,3.842,744,open_meteo,2026-09-16T11:38:43.484103+00:00,1.0
mae_ping,2020,11,21.527,81.558,53.5,3.752,720,open_meteo,2026-09-16T11:38:43.484103+00:00,1.0
mae_ping,2020,12,19.122,75.453,3.8,3.868,744,open_meteo,2026-09-16T11:38:43.484103+00:00,1.0
mae_ping,2021,1,18.788,68.762,4.4,4.71,744,open_meteo,2026-09-16T11:38:43.484103+00:00,1.0
mae_ping,2021,2,21.383,60.089,8.7,4.682,672,open_meteo,2026-09-16T11:38:43.484103+00:00,1.0
mae_ping,2021,3,24.656,57.983,4.9,4.352,744,open_meteo,2026-09-16T11:38:43.484103+00:00,1.0
mae_ping,2021,4,23.552,81.397,233.2,3.465,720,open_meteo,2026-09-16T11:38:43.484103+00:00,1.0
mae_ping,2021,5,25.148,76.907,108.3,4.117,744,open_meteo,2026-09-16T11:38:43.484103+00:00,1.0
mae_ping,2021,6,24.065,79.438,176.8,5.27,720,open_meteo,2026-09-16T11:38:43.484103+00:00,1.0
mae_ping,2021,7,23.441,86.097,294.2,4.621,744,open_meteo,2026-09-16T11:38:43.484103+00:00,1.0
mae_ping,2021,8,23.308,87.469,297.3,4.265,744,open_meteo,2026-09-16T11:38:43.484103+00:00,1.0
mae_ping,2021,9,22.449,91.153,500.6,3.829,720,open_meteo,2026-09-16T11:38:43.484103+00:00,1.0
mae_ping,2021,10,22.392,89.03,275.9,3.533,744,open_meteo,2026-09-16T11:38:43.484103+00:00,1.0
mae_ping,2021,11,21.595,85.482,89.0,3.605,720,open_meteo,2026-09-16T11:38:43.484103+00:00,1.0
mae_ping,2021,12,18.571,74.63,8.6,3.712,744,open_meteo,2026-09-16T11:38:43.484103+00:00,1.0
mae_ping,2022,1,19.362,71.608,15.6,3.891,744,open_meteo,2026-09-16T11:38:43.484103+00:00,1.0
mae_ping,2022,2,20.657,67.935,82.1,5.06,672,open_meteo,2026-09-16T11:38:43.484103+00:00,1.0
mae_ping,2022,3,25.083,64.968,39.1,4.438,744,open_meteo,2026-09-16T11:38:43.484103+00:00,1.0
mae_ping,2022,4,24.543,69.236,85.9,4.248,720,open_meteo,2026-09-16T11:38:43.484103+00:00,1.0
mae_ping,2022,5,23.525,81.356,417.5,5.122,744,open_meteo,2026-09-16T11:38:43.484103+00:00,1.0
mae_ping,2022,6,24.428,76.665,128.3,5.114,720,open_meteo,2026-09-16T11:38:43.484103+00:00,1.0
mae_ping,2022,7,23.908,84.004,282.8,3.75,744,open_meteo,2026-09-16T11:38:43.484103+00:00,1.0
mae_ping,2022,8,22.957,88.207,332.4,4.457,744,open_meteo,2026-09-16T11:38:43.484103+00:00,1.0
mae_ping,2022,9,22.515,89.822,491.6,3.184,720,open_meteo,2026-09-16T11:38:43.484103+00:00,1.0
mae_ping,2022,10,21.797,84.95,185.3,3.989,744,open_meteo,2026-09-16T11:38:43.484103+00:00,1.0
mae_ping,2022,11,21.515,81.347,84.1,3.284,720,open_meteo,2026-09-16T11:38:43.484103+00:00,1.0
mae_ping,2022,12,19.339,81.344,24.4,4.409,744,open_meteo,2026-09-16T11:38:43.484103+00:00,1.0
mae_ping,2023,1,18.219,71.538,1.3,4.438,744,open_meteo,2026-09-16T11:38:43.484103+00:00,1.0
mae_ping,2023,2,20.889,63.679,19.4,5.058,672,open_meteo,2026-09-16T11:38:43.484103+00:00,1.0
mae_ping,2023,3,23.489,62.501,36.0,4.684,744,open_meteo,2026-09-16T11:38:43.484103+00:00,1.0
mae_ping,2023,4,26.586,59.836,26.0,4.509,720,open_meteo,2026-09-16T11:38:43.484103+00:00,1.0
mae_ping,2023,5,25.749,73.238,114.1,4.678,744,open_meteo,2026-09-16T11:38:43.484103+00:00,1.0
mae_ping,2023,6,24.831,76.442,200.9,5.33,720,open_meteo,2026-09-16T11:38:43.484103+00:00,1.0
mae_ping,2023,7,24.435,81.008,232.7,4.618,744,open_meteo,2026-09-16T11:38:43.484103+00:00,1.0
mae_ping,2023,8,24.009,81.648,212.9,5.019,744,open_meteo,2026-09-16T11:38:43.484103+00:00,1.0
mae_ping,2023,9,23.205,89.1,484.7,3.76,720,open_meteo,2026-09-16T11:38:43.484103+00:00,1.0
mae_ping,2023,10,22.484,90.32,275.1,2.906,744,open_meteo,2026-09-16T11:38:43.484103+00:00,1.0
mae_ping,2023,11,21.61,82.826,54.6,3.5,720,open_meteo,2026-09-16T11:38:43.484103+00:00,1.0
mae_ping,2023,12,20.601,79.059,22.9,3.593,744,open_meteo,2026-09-16T11:38:43.484103+00:00,1.0
mae_ping,2024,1,19.938,73.941,33.2,3.976,744,open_meteo,2026-09-16T11:38:43.484103+00:00,1.0
mae_ping,2024,2,21.919,61.237,4.4,4.405,696,open_meteo,2026-09-16T11:38:43.484103+00:00,1.0
mae_ping,2024,3,24.831,54.597,10.4,4.718,744,open_meteo,2026-09-16T11:38:43.484103+00:00,1.0
mae_ping,2024,4,28.105,56.781,7.0,4.768,720,open_meteo,2026-09-16T11:38:43.484103+00:00,1.0
mae_ping,2024,5,25.904,76.524,212.2,4.446,744,open_meteo,2026-09-16T11:38:43.484103+00:00,1.0
mae_ping,2024,6,24.345,83.356,243.1,4.995,720,open_meteo,2026-09-16T11:38:43.484103+00:00,1.0
mae_ping,2024,7,23.751,86.063,328.6,4.23,744,open_meteo,2026-09-16T11:38:43.484103+00:00,1.0
mae_ping,2024,8,23.446,88.972,294.0,3.436,744,open_meteo,2026-09-16T11:38:43.484103+00:00,1.0
mae_ping,2024,9,23.289,88.643,272.2,3.611,720,open_meteo,2026-09-16T11:38:43.484103+00:00,1.0
mae_ping,2024,10,22.908,87.106,285.0,3.353,744,open_meteo,2026-09-16T11:38:43.484103+00:00,1.0
mae_ping,2024,11,21.39,82.783,50.3,3.165,720,open_meteo,2026-09-16T11:38:43.484103+00:00,1.0
mae_ping,2024,12,20.158,79.117,27.4,3.102,744,open_meteo,2026-09-16T11:38:43.484103+00:00,1.0
mae_ping,2025,1,18.215,69.285,0.7,3.539,744,open_meteo,2026-09-16T11:38:43.484103+00:00,1.0
mae_ping,2025,2,21.793,62.948,52.7,3.849,672,open_meteo,2026-09-16T11:38:43.484103+00:00,1.0
mae_ping,2025,3,24.738,55.282,5.3,4.445,744,open_meteo,2026-09-16T11:38:43.484103+00:00,1.0
mae_ping,2025,4,25.089,74.21,78.9,3.815,720,open_meteo,2026-09-16T11:38:43.484103+00:00,1.0
mae_ping,2025,5,24.186,83.749,286.2,3.799,744,open_meteo,2026-09-16T11:38:43.484103+00:00,1.0
mae_ping,2025,6,23.923,84.306,174.5,4.299,720,open_meteo,2026-09-16T11:38:43.484103+00:00,1.0
mae_ping,2025,7,23.622,85.019,259.8,4.68,744,open_meteo,2026-09-16T11:38:43.484103+00:00,1.0
mae_ping,2025,8,23.352,86.13,243.2,4.105,744,open_meteo,2026-09-16T11:38:43.484103+00:00,1.0
mae_ping,2025,9,22.959,90.733,287.1,3.143,720,open_meteo,2026-09-16T11:38:43.484103+00:00,1.0
mae_ping,2025,10,22.897,85.13,148.0,3.356,744,open_meteo,2026-09-16T11:38:43.484103+00:00,1.0
mae_ping,2025,11,19.981,84.957,191.1,3.792,720,open_meteo,2026-09-16T11:38:43.484103+00:00,1.0
mae_ping,2025,12,19.37,78.591,21.0,2.643,744,open_meteo,2026-09-16T11:38:43.484103+00:00,1.0
mae_takhrai,2015,1,20.853,71.927,64.4,4.765,744,open_meteo,2026-09-16T11:38:43.484103+00:00,1.0
mae_takhrai,2015,2,24.568,54.585,0.3,4.803,672,open_meteo,2026-09-16T11:38:43.484103+00:00,1.0
mae_takhrai,2015,3,28.048,55.437,43.3,5.394,744,open_meteo,2026-09-16T11:38:43.484103+00:00,1.0
mae_takhrai,2015,4,28.396,60.881,81.4,5.75,720,open_meteo,2026-09-16T11:38:43.484103+00:00,1.0
mae_takhrai,2015,5,29.239,68.556,94.6,5.795,744,open_meteo,2026-09-16T11:38:43.484103+00:00,1.0
mae_takhrai,2015,6,27.458,76.758,182.0,6.349,720,open_meteo,2026-09-16T11:38:43.484103+00:00,1.0
mae_takhrai,2015,7,25.361,87.766,357.3,6.103,744,open_meteo,2026-09-16T11:38:43.484103+00:00,1.0
mae_takhrai,2015,8,25.356,87.872,322.2,4.868,744,open_meteo,2026-09-16T11:38:43.484103+00:00,1.0
mae_takhrai,2015,9,25.756,86.912,209.6,4.244,720,open_meteo,2026-09-16T11:38:43.484103+00:00,1.0
mae_takhrai,2015,10,24.728,84.754,120.6,3.847,744,open_meteo,2026-09-16T11:38:43.484103+00:00,1.0
mae_takhrai,2015,11,24.863,79.146,46.8,4.181,720,open_meteo,2026-09-16T11:38:43.484103+00:00,1.0
mae_takhrai,2015,12,22.661,76.957,52.1,4.271,744,open_meteo,2026-09-16T11:38:43.484103+00:00,1.0
mae_takhrai,2016,1,21.273,63.983,13.2,4.897,744,open_meteo,2026-09-16T11:38:43.484103+00:00,1.0
mae_takhrai,2016,2,24.277,55.658,19.8,6.072,696,open_meteo,2026-09-16T11:38:43.484103+00:00,1.0
mae_takhrai,2016,3,29.223,45.918,0.6,6.109,744,open_meteo,2026-09-16T11:38:43.484103+00:00,1.0
mae_takhrai,2016,4,32.346,39.969,5.9,7.065,720,open_meteo,2026-09-16T11:38:43.484103+00:00,1.0
mae_takhrai,2016,5,29.903,62.946,113.9,5.798,744,open_meteo,2026-09-16T11:38:43.484103+00:00,1.0
mae_takhrai,2016,6,25.898,86.672,304.1,5.264,720,open_meteo,2026-09-16T11:38:43.484103+00:00,1.0
mae_takhrai,2016,7,25.418,88.781,294.9,4.938,744,open_meteo,2026-09-16T11:38:43.484103+00:00,1.0
mae_takhrai,2016,8,25.517,88.679,303.0,4.685,744,open_meteo,2026-09-16T11:38:43.484103+00:00,1.0
mae_takhrai,2016,9,25.347,88.435,308.5,3.415,720,open_meteo,2026-09-16T11:38:43.484103+00:00,1.0
mae_takhrai,2016,10,25.228,87.255,210.6,3.597,744,open_meteo,2026-09-16T11:38:43.484103+00:00,1.0
mae_takhrai,2016,11,23.849,84.432,97.4,3.718,720,open_meteo,2026-09-16T11:38:43.484103+00:00,1.0
mae_takhrai,2016,12,22.608,74.496,0.5,4.652,744,open_meteo,2026-09-16T11:38:43.484103+00:00,1.0
mae_takhrai,2017,1,21.51,76.934,33.3,4.628,744,open_meteo,2026-09-16T11:38:43.484103+00:00,1.0
mae_takhrai,2017,2,23.39,55.315,1.3,5.838,672,open_meteo,2026-09-16T11:38:43.484103+00:00,1.0
mae_takhrai,2017,3,27.347,45.534,10.9,6.515,744,open_meteo,2026-09-16T11:38:43.484103+00:00,1.0
mae_takhrai,2017,4,27.714,60.736,67.3,5.673,720,open_meteo,2026-09-16T11:38:43.484103+00:00,1.0
mae_takhrai,2017,5,27.21,74.202,203.7,4.74,744,open_meteo,2026-09-16T11:38:43.484103+00:00,1.0
mae_takhrai,2017,6,26.333,78.547,179.7,5.372,720,open_meteo,2026-09-16T11:38:43.484103+00:00,1.0
mae_takhrai,2017,7,24.93,84.874,422.8,4.198,744,open_meteo,2026-09-16T11:38:43.484103+00:00,1.0
mae_takhrai,2017,8,25.458,82.968,244.1,4.219,744,open_meteo,2026-09-16T11:38:43.484103+00:00,1.0
mae_takhrai,2017,9,25.783,82.367,222.0,3.858,720,open_meteo,2026-09-16T11:38:43.484103+00:00,1.0
mae_takhrai,2017,10,24.46,84.226,180.8,3.386,744,open_meteo,2026-09-16T11:38:43.484103+00:00,1.0
mae_takhrai,2017,11,23.005,81.81,68.9,4.057,720,open_meteo,2026-09-16T11:38:43.484103+00:00,1.0
mae_takhrai,2017,12,20.631,77.595,62.1,4.217,744,open_meteo,2026-09-16T11:38:43.484103+00:00,1.0
mae_takhrai,2018,1,21.3,71.32,11.9,4.372,744,open_meteo,2026-09-16T11:38:43.484103+00:00,1.0
mae_takhrai,2018,2,23.185,62.882,3.7,5.578,672,open_meteo,2026-09-16T11:38:43.484103+00:00,1.0
mae_takhrai,2018,3,25.761,55.843,16.8,5.469,744,open_meteo,2026-09-16T11:38:43.484103+00:00,1.0
mae_takhrai,2018,4,26.914,63.453,44.9,5.39,720,open_meteo,2026-09-16T11:38:43.484103+00:00,1.0
mae_takhrai,2018,5,26.572,74.964,155.5,4.756,744,open_meteo,2026-09-16T11:38:43.484103+00:00,1.0
mae_takhrai,2018,6,26.058,79.947,172.6,5.73,720,open_meteo,2026-09-16T11:38:43.484103+00:00,1.0
mae_takhrai,2018,7,25.799,80.547,167.5,4.876,744,open_meteo,2026-09-16T11:38:43.484103+00:00,1.0
mae_takhrai,2018,8,25.192,83.422,298.7,4.704,744,open_meteo,2026-09-16T11:38:43.484103+00:00,1.0
mae_takhrai,2018,9,25.714,81.424,153.7,4.017,720,open_meteo,2026-09-16T11:38:43.484103+00:00,1.0
mae_takhrai,2018,10,24.839,82.711,146.8,3.687,744,open_meteo,2026-09-16T11:38:43.484103+00:00,1.0
mae_takhrai,2018,11,23.243,76.817,34.8,4.192,720,open_meteo,2026-09-16T11:38:43.484103+00:00,1.0
mae_takhrai,2018,12,22.235,77.169,61.7,4.281,744,open_meteo,2026-09-16T11:38:43.484103+00:00,1.0
mae_takhrai,2019,1,21.467,75.181,50.1,4.321,744,open_meteo,2026-09-16T11:38:43.484103+00:00,1.0
mae_takhrai,2019,2,24.301,53.772,2.1,4.923,672,open_meteo,2026-09-16T11:38:43.484103+00:00,1.0
mae_takhrai,2019,3,26.913,46.309,0.0,5.865,744,open_meteo,2026-09-16T11:38:43.484103+00:00,1.0
mae_takhrai,2019,4,30.328,42.418,0.0,5.966,720,open_meteo,2026-09-16T11:38:43.484103+00:00,1.0
mae_takhrai,2019,5,30.023,60.132,126.5,6.267,744,open_meteo,2026-09-16T11:38:43.484103+00:00,1.0
mae_takhrai,2019,6,27.645,73.606,134.6,6.589,720,open_meteo,2026-09-16T11:38:43.484103+00:00,1.0
mae_takhrai,2019,7,26.557,76.054,208.2,5.617,744,open_meteo,2026-09-16T11:38:43.484103+00:00,1.0
mae_takhrai,2019,8,25.37,85.019,406.3,4.432,744,open_meteo,2026-09-16T11:38:43.484103+00:00,1.0
mae_takhrai,2019,9,25.242,82.265,242.1,4.229,720,open_meteo,2026-09-16T11:38:43.484103+00:00,1.0
mae_takhrai,2019,10,25.461,79.661,79.7,3.877,744,open_meteo,2026-09-16T11:38:43.484103+00:00,1.0
mae_takhrai,2019,11,23.762,75.894,30.0,3.973,720,open_meteo,2026-09-16T11:38:43.484103+00:00,1.0
mae_takhrai,2019,12,20.5,69.265,8.4,4.897,744,open_meteo,2026-09-16T11:38:43.484103+00:00,1.0
mae_takhrai,2020,1,22.127,63.376,1.3,4.752,744,open_meteo,2026-09-16T11:38:43.484103+00:00,1.0
mae_takhrai,2020,2,24.272,51.884,0.2,5.681,696,open_meteo,2026-09-16T11:38:43.484103+00:00,1.0
mae_takhrai,2020,3,28.505,40.034,0.2,6.552,744,open_meteo,2026-09-16T11:38:43.484103+00:00,1.0
mae_takhrai,2020,4,29.695,46.644,80.3,7.333,720,open_meteo,2026-09-16T11:38:43.484103+00:00,1.0
mae_takhrai,2020,5,30.227,58.41,40.6,6.363,744,open_meteo,2026-09-16T11:38:43.484103+00:00,1.0
mae_takhrai,2020,6,27.892,72.728,149.1,5.283,720,open_meteo,2026-09-16T11:38:43.484103+00:00,1.0
mae_takhrai,2020,7,27.245,76.723,187.9,4.487,744,open_meteo,2026-09-16T11:38:43.484103+00:00,1.0
mae_takhrai,2020,8,25.877,82.87,353.7,4.569,744,open_meteo,2026-09-16T11:38:43.484103+00:00,1.0
mae_takhrai,2020,9,26.452,81.208,217.4,4.168,720,open_meteo,2026-09-16T11:38:43.484103+00:00,1.0
mae_takhrai,2020,10,24.588,82.249,184.3,3.991,744,open_meteo,2026-09-16T11:38:43.484103+00:00,1.0
mae_takhrai,2020,11,23.725,74.55,42.8,4.738,720,open_meteo,2026-09-16T11:38:43.484103+00:00,1.0
mae_takhrai,2020,12,21.645,67.281,0.7,5.279,744,open_meteo,2026-09-16T11:38:43.484103+00:00,1.0
mae_takhrai,2021,1,21.564,63.129,4.5,5.572,744,open_meteo,2026-09-16T11:38:43.484103+00:00,1.0
mae_takhrai,2021,2,24.466,52.695,18.5,5.653,672,open_meteo,2026-09-16T11:38:43.484103+00:00,1.0
mae_takhrai,2021,3,28.634,44.816,2.9,6.186,744,open_meteo,2026-09-16T11:38:43.484103+00:00,1.0
mae_takhrai,2021,4,27.392,66.81,123.3,5.009,720,open_meteo,2026-09-16T11:38:43.484103+00:00,1.0
mae_takhrai,2021,5,28.832,65.921,130.5,5.406,744,open_meteo,2026-09-16T11:38:43.484103+00:00,1.0
mae_takhrai,2021,6,27.14,73.283,187.0,5.41,720,open_meteo,2026-09-16T11:38:43.484103+00:00,1.0
mae_takhrai,2021,7,26.536,78.573,230.9,5.065,744,open_meteo,2026-09-16T11:38:43.484103+00:00,1.0
mae_takhrai,2021,8,26.501,78.565,141.4,4.845,744,open_meteo,2026-09-16T11:38:43.484103+00:00,1.0
mae_takhrai,2021,9,25.561,83.607,397.6,4.029,720,open_meteo,2026-09-16T11:38:43.484103+00:00,1.0
mae_takhrai,2021,10,25.131,82.706,262.2,3.772,744,open_meteo,2026-09-16T11:38:43.484103+00:00,1.0
mae_takhrai,2021,11,23.907,80.89,104.8,4.012,720,open_meteo,2026-09-16T11:38:43.484103+00:00,1.0
mae_takhrai,2021,12,20.485,73.163,5.5,4.987,744,open_meteo,2026-09-16T11:38:43.484103+00:00,1.0
mae_takhrai,2022,1,21.638,66.384,12.3,5.021,744,open_meteo,2026-09-16T11:38:43.484103+00:00,1.0
mae_takhrai,2022,2,22.779,63.634,73.9,5.988,672,open_meteo,2026-09-16T11:38:43.484103+00:00,1.0
mae_takhrai,2022,3,27.849,58.853,44.7,6.092,744,open_meteo,2026-09-16T11:38:43.484103+00:00,1.0
mae_takhrai,2022,4,27.233,64.069,98.9,5.673,720,open_meteo,2026-09-16T11:38:43.484103+00:00,1.0
mae_takhrai,2022,5,26.29,76.8,304.3,5.113,744,open_meteo,2026-09-16T11:38:43.484103+00:00,1.0
mae_takhrai,2022,6,27.109,73.34,105.6,5.92,720,open_meteo,2026-09-16T11:38:43.484103+00:00,1.0
mae_takhrai,2022,7,26.354,80.824,263.0,4.229,744,open_meteo,2026-09-16T11:38:43.484103+00:00,1.0
mae_takhrai,2022,8,25.746,82.759,302.0,4.711,744,open_meteo,2026-09-16T11:38:43.484103+00:00,1.0
mae_takhrai,2022,9,25.159,84.908,427.3,3.977,720,open_meteo,2026-09-16T11:38:43.484103+00:00,1.0
mae_takhrai,2022,10,24.377,79.86,201.5,4.308,744,open_meteo,2026-09-16T11:38:43.484103+00:00,1.0
mae_takhrai,2022,11,23.711,75.079,60.9,4.371,720,open_meteo,2026-09-16T11:38:43.484103+00:00,1.0
mae_takhrai,2022,12,22.234,74.426,17.8,4.806,744,open_meteo,2026-09-16T11:38:43.484103+00:00,1.0
mae_takhrai,2023,1,21.183,62.403,2.0,5.235,744,open_meteo,2026-09-16T11:38:43.484103+00:00,1.0
mae_takhrai,2023,2,23.573,58.155,38.3,5.484,672,open_meteo,2026-09-16T11:38:43.484103+00:00,1.0
mae_takhrai,2023,3,26.491,54.183,20.4,5.957,744,open_meteo,2026-09-16T11:38:43.484103+00:00,1.0
mae_takhrai,2023,4,30.391,44.893,8.6,6.033,720,open_meteo,2026-09-16T11:38:43.484103+00:00,1.0
mae_takhrai,2023,5,28.528,67.108,154.8,5.165,744,open_meteo,2026-09-16T11:38:43.484103+00:00,1.0
mae_takhrai,2023,6,27.379,74.128,199.0,5.433,720,open_meteo,2026-09-16T11:38:43.484103+00:00,1.0
mae_takhrai,2023,7,27.298,76.694,195.0,4.831,744,open_meteo,2026-09-16T11:38:43.484103+00:00,1.0
mae_takhrai,2023,8,26.461,79.363,203.0,4.55,744,open_meteo,2026-09-16T11:38:43.484103+00:00,1.0
mae_takhrai,2023,9,26.032,83.382,439.9,4.235,720,open_meteo,2026-09-16T11:38:43.484103+00:00,1.0
mae_takhrai,2023,10,25.394,83.52,228.2,3.811,744,open_meteo,2026-09-16T11:38:43.484103+00:00,1.0
mae_takhrai,2023,11,24.122,76.315,36.3,4.3,720,open_meteo,2026-09-16T11:38:43.484103+00:00,1.0
mae_takhrai,2023,12,23.189,73.145,28.5,4.27,744,open_meteo,2026-09-16T11:38:43.484103+00:00,1.0
mae_takhrai,2024,1,22.6,68.227,28.7,4.857,744,open_meteo,2026-09-16T11:38:43.484103+00:00,1.0
mae_takhrai,2024,2,25.364,49.313,5.3,5.261,696,open_meteo,2026-09-16T11:38:43.484103+00:00,1.0
mae_takhrai,2024,3,28.968,42.347,6.0,6.351,744,open_meteo,2026-09-16T11:38:43.484103+00:00,1.0
mae_takhrai,2024,4,32.251,42.953,4.3,6.014,720,open_meteo,2026-09-16T11:38:43.484103+00:00,1.0
mae_takhrai,2024,5,29.174,67.477,216.0,5.353,744,open_meteo,2026-09-16T11:38:43.484103+00:00,1.0
mae_takhrai,2024,6,27.301,77.49,167.1,5.312,720,open_meteo,2026-09-16T11:38:43.484103+00:00,1.0
mae_takhrai,2024,7,26.565,80.819,294.5,4.709,744,open_meteo,2026-09-16T11:38:43.484103+00:00,1.0
mae_takhrai,2024,8,26.111,82.711,225.6,4.229,744,open_meteo,2026-09-16T11:38:43.484103+00:00,1.0
mae_takhrai,2024,9,26.033,82.485,320.6,4.032,720,open_meteo,2026-09-16T11:38:43.484103+00:00,1.0
mae_takhrai,2024,10,25.685,80.57,197.9,3.881,744,open_meteo,2026-09-16T11:38:43.484103+00:00,1.0
mae_takhrai,2024,11,23.67,77.043,55.5,3.981,720,open_meteo,2026-09-16T11:38:43.484103+00:00,1.0
mae_takhrai,2024,12,22.412,74.243,13.2,4.162,744,open_meteo,2026-09-16T11:38:43.484103+00:00,1.0
mae_takhrai,2025,1,20.186,67.831,1.7,4.636,744,open_meteo,2026-09-16T11:38:43.484103+00:00,1.0
mae_takhrai,2025,2,23.313,62.415,17.4,4.618,672,open_meteo,2026-09-16T11:38:43.484103+00:00,1.0
mae_takhrai,2025,3,26.575,52.446,5.2,5.224,744,open_meteo,2026-09-16T11:38:43.484103+00:00,1.0
mae_takhrai,2025,4,28.977,57.456,50.7,5.948,720,open_meteo,2026-09-16T11:38:43.484103+00:00,1.0
mae_takhrai,2025,5,27.426,73.638,192.0,4.814,744,open_meteo,2026-09-16T11:38:43.484103+00:00,1.0
mae_takhrai,2025,6,26.863,76.214,133.0,5.311,720,open_meteo,2026-09-16T11:38:43.484103+00:00,1.0
mae_takhrai,2025,7,25.871,81.687,252.7,4.222,744,open_meteo,2026-09-16T11:38:43.484103+00:00,1.0
mae_takhrai,2025,8,25.872,81.796,286.3,4.019,744,open_meteo,2026-09-16T11:38:43.484103+00:00,1.0
mae_takhrai,2025,9,25.64,83.942,193.1,3.648,720,open_meteo,2026-09-16T11:38:43.484103+00:00,1.0
mae_takhrai,2025,10,25.497,77.972,118.2,3.907,744,open_meteo,2026-09-16T11:38:43.484103+00:00,1.0
mae_takhrai,2025,11,22.417,78.918,167.4,4.018,720,open_meteo,2026-09-16T11:38:43.484103+00:00,1.0
mae_takhrai,2025,12,21.432,73.051,16.3,4.057,744,open_meteo,2026-09-16T11:38:43.484103+00:00,1.0
mae_wang,2015,1,19.374,76.758,104.0,3.887,744,open_meteo,2026-09-16T11:38:43.484103+00:00,1.0
mae_wang,2015,2,21.578,61.768,0.2,4.28,672,open_meteo,2026-09-16T11:38:43.484103+00:00,1.0
mae_wang,2015,3,25.539,59.738,26.1,4.636,744,open_meteo,2026-09-16T11:38:43.484103+00:00,1.0
mae_wang,2015,4,26.463,65.213,55.4,4.88,720,open_meteo,2026-09-16T11:38:43.484103+00:00,1.0
mae_wang,2015,5,27.444,73.012,60.7,4.994,744,open_meteo,2026-09-16T11:38:43.484103+00:00,1.0
mae_wang,2015,6,26.203,77.985,142.0,5.416,720,open_meteo,2026-09-16T11:38:43.484103+00:00,1.0
mae_wang,2015,7,24.569,87.78,229.3,4.854,744,open_meteo,2026-09-16T11:38:43.484103+00:00,1.0
mae_wang,2015,8,24.577,87.329,196.4,4.054,744,open_meteo,2026-09-16T11:38:43.484103+00:00,1.0
mae_wang,2015,9,24.699,86.064,146.8,3.815,720,open_meteo,2026-09-16T11:38:43.484103+00:00,1.0
mae_wang,2015,10,23.917,82.585,61.8,3.316,744,open_meteo,2026-09-16T11:38:43.484103+00:00,1.0
mae_wang,2015,11,24.185,73.985,11.9,3.622,720,open_meteo,2026-09-16T11:38:43.484103+00:00,1.0
mae_wang,2015,12,21.773,74.816,26.9,3.67,744,open_meteo,2026-09-16T11:38:43.484103+00:00,1.0
mae_wang,2016,1,19.73,65.468,18.5,4.593,744,open_meteo,2026-09-16T11:38:43.484103+00:00,1.0
mae_wang,2016,2,22.111,61.016,5.0,4.555,696,open_meteo,2026-09-16T11:38:43.484103+00:00,1.0
mae_wang,2016,3,27.298,48.999,0.0,5.119,744,open_meteo,2026-09-16T11:38:43.484103+00:00,1.0
mae_wang,2016,4,30.686,42.082,4.9,6.303,720,open_meteo,2026-09-16T11:38:43.484103+00:00,1.0
mae_wang,2016,5,28.658,63.132,70.5,4.956,744,open_meteo,2026-09-16T11:38:43.484103+00:00,1.0
mae_wang,2016,6,25.072,86.456,248.1,4.184,720,open_meteo,2026-09-16T11:38:43.484103+00:00,1.0
mae_wang,2016,7,24.603,88.358,222.1,4.117,744,open_meteo,2026-09-16T11:38:43.484103+00:00,1.0
mae_wang,2016,8,24.685,87.968,197.6,4.12,744,open_meteo,2026-09-16T11:38:43.484103+00:00,1.0
mae_wang,2016,9,24.453,87.176,193.7,3.256,720,open_meteo,2026-09-16T11:38:43.484103+00:00,1.0
mae_wang,2016,10,24.156,85.524,115.9,3.397,744,open_meteo,2026-09-16T11:38:43.484103+00:00,1.0
mae_wang,2016,11,22.846,82.683,59.2,3.462,720,open_meteo,2026-09-16T11:38:43.484103+00:00,1.0
mae_wang,2016,12,21.598,73.403,3.0,4.137,744,open_meteo,2026-09-16T11:38:43.484103+00:00,1.0
mae_wang,2017,1,20.437,76.973,39.1,3.434,744,open_meteo,2026-09-16T11:38:43.484103+00:00,1.0
mae_wang,2017,2,21.289,58.821,0.0,4.746,672,open_meteo,2026-09-16T11:38:43.484103+00:00,1.0
mae_wang,2017,3,24.747,49.767,0.7,5.791,744,open_meteo,2026-09-16T11:38:43.484103+00:00,1.0
mae_wang,2017,4,25.774,65.722,50.9,4.747,720,open_meteo,2026-09-16T11:38:43.484103+00:00,1.0
mae_wang,2017,5,25.721,77.581,207.5,4.059,744,open_meteo,2026-09-16T11:38:43.484103+00:00,1.0
mae_wang,2017,6,25.137,81.624,186.8,4.551,720,open_meteo,2026-09-16T11:38:43.484103+00:00,1.0
mae_wang,2017,7,23.963,88.465,480.1,3.808,744,open_meteo,2026-09-16T11:38:43.484103+00:00,1.0
mae_wang,2017,8,24.261,86.07,257.3,3.904,744,open_meteo,2026-09-16T11:38:43.484103+00:00,1.0
mae_wang,2017,9,24.389,85.633,176.3,3.247,720,open_meteo,2026-09-16T11:38:43.484103+00:00,1.0
mae_wang,2017,10,23.351,85.462,266.7,3.087,744,open_meteo,2026-09-16T11:38:43.484103+00:00,1.0
mae_wang,2017,11,22.261,79.947,51.7,3.553,720,open_meteo,2026-09-16T11:38:43.484103+00:00,1.0
mae_wang,2017,12,19.97,75.821,20.2,3.693,744,open_meteo,2026-09-16T11:38:43.484103+00:00,1.0
mae_wang,2018,1,19.828,74.267,30.2,3.864,744,open_meteo,2026-09-16T11:38:43.484103+00:00,1.0
mae_wang,2018,2,21.175,62.188,1.5,4.285,672,open_meteo,2026-09-16T11:38:43.484103+00:00,1.0
mae_wang,2018,3,23.42,58.88,4.1,4.394,744,open_meteo,2026-09-16T11:38:43.484103+00:00,1.0
mae_wang,2018,4,25.039,67.771,26.2,4.556,720,open_meteo,2026-09-16T11:38:43.484103+00:00,1.0
mae_wang,2018,5,25.036,78.552,151.4,3.82,744,open_meteo,2026-09-16T11:38:43.484103+00:00,1.0
mae_wang,2018,6,24.684,84.229,226.6,4.77,720,open_meteo,2026-09-16T11:38:43.484103+00:00,1.0
mae_wang,2018,7,24.781,83.129,268.9,4.867,744,open_meteo,2026-09-16T11:38:43.484103+00:00,1.0
mae_wang,2018,8,24.122,86.477,385.8,4.374,744,open_meteo,2026-09-16T11:38:43.484103+00:00,1.0
mae_wang,2018,9,24.406,83.253,122.1,3.402,720,open_meteo,2026-09-16T11:38:43.484103+00:00,1.0
mae_wang,2018,10,23.669,82.927,185.8,3.128,744,open_meteo,2026-09-16T11:38:43.484103+00:00,1.0
mae_wang,2018,11,21.772,78.504,29.5,3.356,720,open_meteo,2026-09-16T11:38:43.484103+00:00,1.0
mae_wang,2018,12,20.85,80.116,69.9,3.27,744,open_meteo,2026-09-16T11:38:43.484103+00:00,1.0
mae_wang,2019,1,19.88,78.059,48.9,3.476,744,open_meteo,2026-09-16T11:38:43.484103+00:00,1.0
mae_wang,2019,2,21.347,60.054,0.0,3.949,672,open_meteo,2026-09-16T11:38:43.484103+00:00,1.0
mae_wang,2019,3,24.31,52.312,0.0,5.247,744,open_meteo,2026-09-16T11:38:43.484103+00:00,1.0
mae_wang,2019,4,27.69,47.572,0.0,5.453,720,open_meteo,2026-09-16T11:38:43.484103+00:00,1.0
mae_wang,2019,5,28.71,62.613,93.5,5.172,744,open_meteo,2026-09-16T11:38:43.484103+00:00,1.0
mae_wang,2019,6,25.963,79.443,142.9,5.187,720,open_meteo,2026-09-16T11:38:43.484103+00:00,1.0
mae_wang,2019,7,25.359,79.445,242.1,4.865,744,open_meteo,2026-09-16T11:38:43.484103+00:00,1.0
mae_wang,2019,8,24.257,88.78,562.3,4.191,744,open_meteo,2026-09-16T11:38:43.484103+00:00,1.0
mae_wang,2019,9,24.181,82.882,218.5,3.687,720,open_meteo,2026-09-16T11:38:43.484103+00:00,1.0
mae_wang,2019,10,24.295,79.551,89.4,3.313,744,open_meteo,2026-09-16T11:38:43.484103+00:00,1.0
mae_wang,2019,11,22.78,73.892,29.4,3.529,720,open_meteo,2026-09-16T11:38:43.484103+00:00,1.0
mae_wang,2019,12,19.228,68.191,9.1,4.056,744,open_meteo,2026-09-16T11:38:43.484103+00:00,1.0
mae_wang,2020,1,20.025,63.198,0.8,3.906,744,open_meteo,2026-09-16T11:38:43.484103+00:00,1.0
mae_wang,2020,2,22.097,55.017,0.7,4.802,696,open_meteo,2026-09-16T11:38:43.484103+00:00,1.0
mae_wang,2020,3,26.592,42.987,0.1,6.37,744,open_meteo,2026-09-16T11:38:43.484103+00:00,1.0
mae_wang,2020,4,28.007,47.693,88.6,6.334,720,open_meteo,2026-09-16T11:38:43.484103+00:00,1.0
mae_wang,2020,5,28.112,65.437,32.8,4.873,744,open_meteo,2026-09-16T11:38:43.484103+00:00,1.0
mae_wang,2020,6,27.044,72.996,158.6,4.686,720,open_meteo,2026-09-16T11:38:43.484103+00:00,1.0
mae_wang,2020,7,26.745,74.185,152.5,4.307,744,open_meteo,2026-09-16T11:38:43.484103+00:00,1.0
mae_wang,2020,8,24.755,86.106,447.7,4.016,744,open_meteo,2026-09-16T11:38:43.484103+00:00,1.0
mae_wang,2020,9,25.175,83.432,192.3,3.489,720,open_meteo,2026-09-16T11:38:43.484103+00:00,1.0
mae_wang,2020,10,23.801,81.13,146.7,3.943,744,open_meteo,2026-09-16T11:38:43.484103+00:00,1.0
mae_wang,2020,11,23.007,73.804,43.7,3.926,720,open_meteo,2026-09-16T11:38:43.484103+00:00,1.0
mae_wang,2020,12,20.659,67.918,6.2,3.79,744,open_meteo,2026-09-16T11:38:43.484103+00:00,1.0
mae_wang,2021,1,19.805,67.301,7.4,4.319,744,open_meteo,2026-09-16T11:38:43.484103+00:00,1.0
mae_wang,2021,2,21.801,60.978,8.9,4.698,672,open_meteo,2026-09-16T11:38:43.484103+00:00,1.0
mae_wang,2021,3,25.155,53.296,6.9,4.947,744,open_meteo,2026-09-16T11:38:43.484103+00:00,1.0
mae_wang,2021,4,25.732,71.067,86.8,4.045,720,open_meteo,2026-09-16T11:38:43.484103+00:00,1.0
mae_wang,2021,5,27.498,68.078,137.1,4.592,744,open_meteo,2026-09-16T11:38:43.484103+00:00,1.0
mae_wang,2021,6,26.622,72.197,136.9,5.103,720,open_meteo,2026-09-16T11:38:43.484103+00:00,1.0
mae_wang,2021,7,25.351,81.359,273.3,4.247,744,open_meteo,2026-09-16T11:38:43.484103+00:00,1.0
mae_wang,2021,8,25.065,82.882,258.5,4.238,744,open_meteo,2026-09-16T11:38:43.484103+00:00,1.0
mae_wang,2021,9,24.195,85.84,459.7,3.655,720,open_meteo,2026-09-16T11:38:43.484103+00:00,1.0
mae_wang,2021,10,23.801,84.235,278.9,3.466,744,open_meteo,2026-09-16T11:38:43.484103+00:00,1.0
mae_wang,2021,11,22.716,82.958,111.4,3.355,720,open_meteo,2026-09-16T11:38:43.484103+00:00,1.0
mae_wang,2021,12,19.193,74.075,2.4,3.9,744,open_meteo,2026-09-16T11:38:43.484103+00:00,1.0
mae_wang,2022,1,19.492,70.88,27.5,4.235,744,open_meteo,2026-09-16T11:38:43.484103+00:00,1.0
mae_wang,2022,2,20.749,65.592,40.4,4.622,672,open_meteo,2026-09-16T11:38:43.484103+00:00,1.0
mae_wang,2022,3,26.353,60.417,32.7,4.821,744,open_meteo,2026-09-16T11:38:43.484103+00:00,1.0
mae_wang,2022,4,25.762,67.007,76.5,5.004,720,open_meteo,2026-09-16T11:38:43.484103+00:00,1.0
mae_wang,2022,5,25.021,79.962,449.2,4.74,744,open_meteo,2026-09-16T11:38:43.484103+00:00,1.0
mae_wang,2022,6,26.23,73.701,75.5,4.991,720,open_meteo,2026-09-16T11:38:43.484103+00:00,1.0
mae_wang,2022,7,25.056,83.099,311.6,3.808,744,open_meteo,2026-09-16T11:38:43.484103+00:00,1.0
mae_wang,2022,8,24.286,87.27,409.4,4.014,744,open_meteo,2026-09-16T11:38:43.484103+00:00,1.0
mae_wang,2022,9,23.93,86.694,520.6,3.37,720,open_meteo,2026-09-16T11:38:43.484103+00:00,1.0
mae_wang,2022,10,23.32,79.813,274.2,3.705,744,open_meteo,2026-09-16T11:38:43.484103+00:00,1.0
mae_wang,2022,11,22.73,74.844,67.1,3.455,720,open_meteo,2026-09-16T11:38:43.484103+00:00,1.0
mae_wang,2022,12,20.911,76.062,18.1,3.738,744,open_meteo,2026-09-16T11:38:43.484103+00:00,1.0
mae_wang,2023,1,19.216,67.301,0.3,4.192,744,open_meteo,2026-09-16T11:38:43.484103+00:00,1.0
mae_wang,2023,2,21.03,65.004,61.0,4.464,672,open_meteo,2026-09-16T11:38:43.484103+00:00,1.0
mae_wang,2023,3,23.878,61.913,11.9,4.676,744,open_meteo,2026-09-16T11:38:43.484103+00:00,1.0
mae_wang,2023,4,28.117,51.786,8.9,5.636,720,open_meteo,2026-09-16T11:38:43.484103+00:00,1.0
mae_wang,2023,5,27.886,65.895,113.0,4.924,744,open_meteo,2026-09-16T11:38:43.484103+00:00,1.0
mae_wang,2023,6,26.41,75.315,261.2,4.725,720,open_meteo,2026-09-16T11:38:43.484103+00:00,1.0
mae_wang,2023,7,25.907,80.527,280.3,3.753,744,open_meteo,2026-09-16T11:38:43.484103+00:00,1.0
mae_wang,2023,8,25.366,81.909,175.0,3.903,744,open_meteo,2026-09-16T11:38:43.484103+00:00,1.0
mae_wang,2023,9,24.899,84.572,534.6,3.296,720,open_meteo,2026-09-16T11:38:43.484103+00:00,1.0
mae_wang,2023,10,24.036,85.544,253.2,3.022,744,open_meteo,2026-09-16T11:38:43.484103+00:00,1.0
mae_wang,2023,11,22.78,78.692,75.4,3.358,720,open_meteo,2026-09-16T11:38:43.484103+00:00,1.0
mae_wang,2023,12,21.844,74.841,19.6,3.588,744,open_meteo,2026-09-16T11:38:43.484103+00:00,1.0
mae_wang,2024,1,20.665,69.952,9.4,4.125,744,open_meteo,2026-09-16T11:38:43.484103+00:00,1.0
mae_wang,2024,2,22.238,56.661,6.1,4.254,696,open_meteo,2026-09-16T11:38:43.484103+00:00,1.0
mae_wang,2024,3,26.08,47.052,0.7,5.234,744,open_meteo,2026-09-16T11:38:43.484103+00:00,1.0
mae_wang,2024,4,30.206,47.49,3.0,5.423,720,open_meteo,2026-09-16T11:38:43.484103+00:00,1.0
mae_wang,2024,5,27.881,69.823,242.0,4.468,744,open_meteo,2026-09-16T11:38:43.484103+00:00,1.0
mae_wang,2024,6,26.036,81.665,217.5,4.061,720,open_meteo,2026-09-16T11:38:43.484103+00:00,1.0
mae_wang,2024,7,25.532,83.499,331.6,3.793,744,open_meteo,2026-09-16T11:38:43.484103+00:00,1.0
mae_wang,2024,8,24.544,87.933,313.4,3.373,744,open_meteo,2026-09-16T11:38:43.484103+00:00,1.0
mae_wang,2024,9,24.71,85.568,294.9,3.229,720,open_meteo,2026-09-16T11:38:43.484103+00:00,1.0
mae_wang,2024,10,24.269,82.593,275.4,3.192,744,open_meteo,2026-09-16T11:38:43.484103+00:00,1.0
mae_wang,2024,11,22.489,78.756,98.4,3.1,720,open_meteo,2026-09-16T11:38:43.484103+00:00,1.0
mae_wang,2024,12,21.276,76.957,17.8,2.71,744,open_meteo,2026-09-16T11:38:43.484103+00:00,1.0
mae_wang,2025,1,19.08,68.573,3.1,2.954,744,open_meteo,2026-09-16T11:38:43.484103+00:00,1.0
mae_wang,2025,2,21.994,63.107,54.1,3.534,672,open_meteo,2026-09-16T11:38:43.484103+00:00,1.0
mae_wang,2025,3,24.473,58.257,8.1,4.123,744,open_meteo,2026-09-16T11:38:43.484103+00:00,1.0
mae_wang,2025,4,26.919,65.329,51.1,4.214,720,open_meteo,2026-09-16T11:38:43.484103+00:00,1.0
mae_wang,2025,5,25.93,78.04,266.6,3.594,744,open_meteo,2026-09-16T11:38:43.484103+00:00,1.0
mae_wang,2025,6,25.553,81.629,195.8,3.695,720,open_meteo,2026-09-16T11:38:43.484103+00:00,1.0
mae_wang,2025,7,24.923,85.609,356.7,3.66,744,open_meteo,2026-09-16T11:38:43.484103+00:00,1.0
mae_wang,2025,8,24.794,84.358,295.2,3.216,744,open_meteo,2026-09-16T11:38:43.484103+00:00,1.0
mae_wang,2025,9,24.793,83.936,330.8,2.725,720,open_meteo,2026-09-16T11:38:43.484103+00:00,1.0
mae_wang,2025,10,24.515,78.726,146.6,3.483,744,open_meteo,2026-09-16T11:38:43.484103+00:00,1.0
mae_wang,2025,11,21.456,79.839,292.9,3.242,720,open_meteo,2026-09-16T11:38:43.484103+00:00,1.0
mae_wang,2025,12,20.236,74.207,12.2,2.734,744,open_meteo,2026-09-16T11:38:43.484103+00:00,1.0
ob_luang,2015,1,18.676,74.114,89.6,4.208,744,open_meteo,2026-09-16T11:38:43.484103+00:00,1.0
ob_luang,2015,2,21.255,57.411,0.7,4.704,672,open_meteo,2026-09-16T11:38:43.484103+00:00,1.0
ob_luang,2015,3,24.762,59.333,54.9,5.293,744,open_meteo,2026-09-16T11:38:43.484103+00:00,1.0
ob_luang,2015,4,24.576,71.206,154.2,5.529,720,open_meteo,2026-09-16T11:38:43.484103+00:00,1.0
ob_luang,2015,5,24.71,81.434,104.0,6.189,744,open_meteo,2026-09-16T11:38:43.484103+00:00,1.0
ob_luang,2015,6,23.383,86.447,198.7,7.097,720,open_meteo,2026-09-16T11:38:43.484103+00:00,1.0
ob_luang,2015,7,22.412,91.215,295.5,6.696,744,open_meteo,2026-09-16T11:38:43.484103+00:00,1.0
ob_luang,2015,8,22.64,88.858,197.9,5.899,744,open_meteo,2026-09-16T11:38:43.484103+00:00,1.0
ob_luang,2015,9,22.895,88.326,133.0,5.059,720,open_meteo,2026-09-16T11:38:43.484103+00:00,1.0
ob_luang,2015,10,22.241,86.427,90.7,3.772,744,open_meteo,2026-09-16T11:38:43.484103+00:00,1.0
ob_luang,2015,11,22.711,79.253,38.0,3.798,720,open_meteo,2026-09-16T11:38:43.484103+00:00,1.0
ob_luang,2015,12,20.476,76.254,48.0,3.783,744,open_meteo,2026-09-16T11:38:43.484103+00:00,1.0
ob_luang,2016,1,18.405,67.789,36.5,5.01,744,open_meteo,2026-09-16T11:38:43.484103+00:00,1.0
ob_luang,2016,2,20.882,62.483,7.9,5.324,696,open_meteo,2026-09-16T11:38:43.484103+00:00,1.0
ob_luang,2016,3,25.454,54.749,0.5,6.054,744,open_meteo,2026-09-16T11:38:43.484103+00:00,1.0
ob_luang,2016,4,28.06,51.947,8.8,7.798,720,open_meteo,2026-09-16T11:38:43.484103+00:00,1.0
ob_luang,2016,5,26.558,67.063,120.3,5.795,744,open_meteo,2026-09-16T11:38:43.484103+00:00,1.0
ob_luang,2016,6,23.031,89.671,308.4,5.011,720,open_meteo,2026-09-16T11:38:43.484103+00:00,1.0
ob_luang,2016,7,22.688,90.548,282.5,5.703,744,open_meteo,2026-09-16T11:38:43.484103+00:00,1.0
ob_luang,2016,8,22.668,90.241,191.8,6.73,744,open_meteo,2026-09-16T11:38:43.484103+00:00,1.0
ob_luang,2016,9,22.595,90.213,176.8,4.636,720,open_meteo,2026-09-16T11:38:43.484103+00:00,1.0
ob_luang,2016,10,22.623,87.792,88.1,3.932,744,open_meteo,2026-09-16T11:38:43.484103+00:00,1.0
ob_luang,2016,11,21.885,82.806,68.6,3.815,720,open_meteo,2026-09-16T11:38:43.484103+00:00,1.0
ob_luang,2016,12,20.923,71.601,1.6,4.701,744,open_meteo,2026-09-16T11:38:43.484103+00:00,1.0
ob_luang,2017,1,19.457,79.983,29.0,4.981,744,open_meteo,2026-09-16T11:38:43.484103+00:00,1.0
ob_luang,2017,2,20.367,60.597,0.0,6.063,672,open_meteo,2026-09-16T11:38:43.484103+00:00,1.0
ob_luang,2017,3,23.068,56.223,2.4,7.186,744,open_meteo,2026-09-16T11:38:43.484103+00:00,1.0
ob_luang,2017,4,24.416,69.571,71.7,6.333,720,open_meteo,2026-09-16T11:38:43.484103+00:00,1.0
ob_luang,2017,5,23.938,85.116,232.8,5.228,744,open_meteo,2026-09-16T11:38:43.484103+00:00,1.0
ob_luang,2017,6,23.382,85.858,204.0,7.101,720,open_meteo,2026-09-16T11:38:43.484103+00:00,1.0
ob_luang,2017,7,22.249,91.38,484.3,6.654,744,open_meteo,2026-09-16T11:38:43.484103+00:00,1.0
ob_luang,2017,8,22.781,88.839,180.9,6.892,744,open_meteo,2026-09-16T11:38:43.484103+00:00,1.0
ob_luang,2017,9,23.187,88.912,221.0,5.279,720,open_meteo,2026-09-16T11:38:43.484103+00:00,1.0
ob_luang,2017,10,21.912,91.788,432.9,4.39,744,open_meteo,2026-09-16T11:38:43.484103+00:00,1.0
ob_luang,2017,11,20.859,86.304,55.0,4.858,720,open_meteo,2026-09-16T11:38:43.484103+00:00,1.0
ob_luang,2017,12,18.742,79.864,14.8,5.673,744,open_meteo,2026-09-16T11:38:43.484103+00:00,1.0
ob_luang,2018,1,18.968,76.007,6.7,5.76,744,open_meteo,2026-09-16T11:38:43.484103+00:00,1.0
ob_luang,2018,2,20.329,64.156,4.6,5.637,672,open_meteo,2026-09-16T11:38:43.484103+00:00,1.0
ob_luang,2018,3,22.411,62.23,10.6,6.178,744,open_meteo,2026-09-16T11:38:43.484103+00:00,1.0
ob_luang,2018,4,23.828,70.307,88.6,5.628,720,open_meteo,2026-09-16T11:38:43.484103+00:00,1.0
ob_luang,2018,5,23.503,84.531,289.8,4.938,744,open_meteo,2026-09-16T11:38:43.484103+00:00,1.0
ob_luang,2018,6,22.858,89.04,320.5,6.867,720,open_meteo,2026-09-16T11:38:43.484103+00:00,1.0
ob_luang,2018,7,22.723,88.688,255.0,9.021,744,open_meteo,2026-09-16T11:38:43.484103+00:00,1.0
ob_luang,2018,8,22.487,89.358,305.9,7.89,744,open_meteo,2026-09-16T11:38:43.484103+00:00,1.0
ob_luang,2018,9,23.003,88.558,154.1,5.461,720,open_meteo,2026-09-16T11:38:43.484103+00:00,1.0
ob_luang,2018,10,22.265,89.723,138.1,4.414,744,open_meteo,2026-09-16T11:38:43.484103+00:00,1.0
ob_luang,2018,11,20.838,83.167,65.7,4.184,720,open_meteo,2026-09-16T11:38:43.484103+00:00,1.0
ob_luang,2018,12,19.834,84.087,41.4,4.988,744,open_meteo,2026-09-16T11:38:43.484103+00:00,1.0
ob_luang,2019,1,19.306,78.664,40.4,4.577,744,open_meteo,2026-09-16T11:38:43.484103+00:00,1.0
ob_luang,2019,2,21.196,58.6,0.5,6.607,672,open_meteo,2026-09-16T11:38:43.484103+00:00,1.0
ob_luang,2019,3,23.314,56.278,1.1,7.039,744,open_meteo,2026-09-16T11:38:43.484103+00:00,1.0
ob_luang,2019,4,26.431,52.299,1.2,6.876,720,open_meteo,2026-09-16T11:38:43.484103+00:00,1.0
ob_luang,2019,5,26.04,74.906,185.1,7.613,744,open_meteo,2026-09-16T11:38:43.484103+00:00,1.0
ob_luang,2019,6,23.938,85.881,252.2,6.204,720,open_meteo,2026-09-16T11:38:43.484103+00:00,1.0
ob_luang,2019,7,22.805,88.609,241.3,8.447,744,open_meteo,2026-09-16T11:38:43.484103+00:00,1.0
ob_luang,2019,8,22.705,91.485,499.0,7.206,744,open_meteo,2026-09-16T11:38:43.484103+00:00,1.0
ob_luang,2019,9,22.609,88.151,210.1,6.079,720,open_meteo,2026-09-16T11:38:43.484103+00:00,1.0
ob_luang,2019,10,22.799,87.374,130.6,4.374,744,open_meteo,2026-09-16T11:38:43.484103+00:00,1.0
ob_luang,2019,11,21.387,80.956,43.1,4.939,720,open_meteo,2026-09-16T11:38:43.484103+00:00,1.0
ob_luang,2019,12,18.277,71.894,6.3,5.758,744,open_meteo,2026-09-16T11:38:43.484103+00:00,1.0
ob_luang,2020,1,19.376,65.246,2.2,6.15,744,open_meteo,2026-09-16T11:38:43.484103+00:00,1.0
ob_luang,2020,2,21.282,56.566,1.8,6.523,696,open_meteo,2026-09-16T11:38:43.484103+00:00,1.0
ob_luang,2020,3,24.522,51.269,1.5,7.475,744,open_meteo,2026-09-16T11:38:43.484103+00:00,1.0
ob_luang,2020,4,26.052,54.736,68.8,6.801,720,open_meteo,2026-09-16T11:38:43.484103+00:00,1.0
ob_luang,2020,5,25.602,76.391,85.8,6.02,744,open_meteo,2026-09-16T11:38:43.484103+00:00,1.0
ob_luang,2020,6,24.287,83.339,204.3,6.983,720,open_meteo,2026-09-16T11:38:43.484103+00:00,1.0
ob_luang,2020,7,23.888,85.782,217.3,6.297,744,open_meteo,2026-09-16T11:38:43.484103+00:00,1.0
ob_luang,2020,8,22.974,89.97,515.8,6.65,744,open_meteo,2026-09-16T11:38:43.484103+00:00,1.0
ob_luang,2020,9,23.371,90.524,299.5,4.574,720,open_meteo,2026-09-16T11:38:43.484103+00:00,1.0
ob_luang,2020,10,22.047,89.315,159.0,5.536,744,open_meteo,2026-09-16T11:38:43.484103+00:00,1.0
ob_luang,2020,11,21.324,82.037,51.1,5.111,720,open_meteo,2026-09-16T11:38:43.484103+00:00,1.0
ob_luang,2020,12,18.835,76.696,4.0,5.445,744,open_meteo,2026-09-16T11:38:43.484103+00:00,1.0
ob_luang,2021,1,18.653,73.156,16.2,5.763,744,open_meteo,2026-09-16T11:38:43.484103+00:00,1.0
ob_luang,2021,2,20.535,65.08,12.0,5.808,672,open_meteo,2026-09-16T11:38:43.484103+00:00,1.0
ob_luang,2021,3,24.192,56.364,22.3,6.447,744,open_meteo,2026-09-16T11:38:43.484103+00:00,1.0
ob_luang,2021,4,23.417,83.321,140.2,5.123,720,open_meteo,2026-09-16T11:38:43.484103+00:00,1.0
ob_luang,2021,5,24.639,81.808,173.2,5.476,744,open_meteo,2026-09-16T11:38:43.484103+00:00,1.0
ob_luang,2021,6,23.54,84.774,216.7,8.402,720,open_meteo,2026-09-16T11:38:43.484103+00:00,1.0
ob_luang,2021,7,23.072,88.878,286.4,7.643,744,open_meteo,2026-09-16T11:38:43.484103+00:00,1.0
ob_luang,2021,8,23.123,89.294,345.5,6.286,744,open_meteo,2026-09-16T11:38:43.484103+00:00,1.0
ob_luang,2021,9,22.54,91.801,413.9,5.093,720,open_meteo,2026-09-16T11:38:43.484103+00:00,1.0
ob_luang,2021,10,22.388,90.298,310.0,5.051,744,open_meteo,2026-09-16T11:38:43.484103+00:00,1.0
ob_luang,2021,11,21.501,87.335,101.3,4.736,720,open_meteo,2026-09-16T11:38:43.484103+00:00,1.0
ob_luang,2021,12,18.168,78.23,12.7,5.524,744,open_meteo,2026-09-16T11:38:43.484103+00:00,1.0
ob_luang,2022,1,18.348,77.13,32.9,5.106,744,open_meteo,2026-09-16T11:38:43.484103+00:00,1.0
ob_luang,2022,2,19.31,71.891,59.8,5.7,672,open_meteo,2026-09-16T11:38:43.484103+00:00,1.0
ob_luang,2022,3,23.669,73.431,50.2,5.338,744,open_meteo,2026-09-16T11:38:43.484103+00:00,1.0
ob_luang,2022,4,23.987,73.546,54.4,5.786,720,open_meteo,2026-09-16T11:38:43.484103+00:00,1.0
ob_luang,2022,5,23.42,84.489,325.0,7.462,744,open_meteo,2026-09-16T11:38:43.484103+00:00,1.0
ob_luang,2022,6,23.701,82.996,170.1,7.522,720,open_meteo,2026-09-16T11:38:43.484103+00:00,1.0
ob_luang,2022,7,23.47,87.695,265.1,6.083,744,open_meteo,2026-09-16T11:38:43.484103+00:00,1.0
ob_luang,2022,8,22.947,89.781,439.5,5.949,744,open_meteo,2026-09-16T11:38:43.484103+00:00,1.0
ob_luang,2022,9,22.681,90.378,397.6,4.82,720,open_meteo,2026-09-16T11:38:43.484103+00:00,1.0
ob_luang,2022,10,22.043,84.555,118.5,5.738,744,open_meteo,2026-09-16T11:38:43.484103+00:00,1.0
ob_luang,2022,11,21.278,81.689,49.4,4.392,720,open_meteo,2026-09-16T11:38:43.484103+00:00,1.0
ob_luang,2022,12,19.628,81.202,21.5,4.962,744,open_meteo,2026-09-16T11:38:43.484103+00:00,1.0
ob_luang,2023,1,18.033,71.565,0.9,5.652,744,open_meteo,2026-09-16T11:38:43.484103+00:00,1.0
ob_luang,2023,2,20.274,67.576,13.5,6.282,672,open_meteo,2026-09-16T11:38:43.484103+00:00,1.0
ob_luang,2023,3,22.673,66.427,28.4,5.885,744,open_meteo,2026-09-16T11:38:43.484103+00:00,1.0
ob_luang,2023,4,26.051,62.431,22.1,6.71,720,open_meteo,2026-09-16T11:38:43.484103+00:00,1.0
ob_luang,2023,5,25.093,79.376,165.7,6.404,744,open_meteo,2026-09-16T11:38:43.484103+00:00,1.0
ob_luang,2023,6,23.807,85.174,291.1,7.249,720,open_meteo,2026-09-16T11:38:43.484103+00:00,1.0
ob_luang,2023,7,23.882,85.761,264.3,7.299,744,open_meteo,2026-09-16T11:38:43.484103+00:00,1.0
ob_luang,2023,8,23.339,86.946,246.3,8.299,744,open_meteo,2026-09-16T11:38:43.484103+00:00,1.0
ob_luang,2023,9,23.108,90.869,564.1,5.001,720,open_meteo,2026-09-16T11:38:43.484103+00:00,1.0
ob_luang,2023,10,22.596,90.552,212.2,4.352,744,open_meteo,2026-09-16T11:38:43.484103+00:00,1.0
ob_luang,2023,11,21.548,82.394,25.8,5.131,720,open_meteo,2026-09-16T11:38:43.484103+00:00,1.0
ob_luang,2023,12,20.413,79.895,26.7,5.192,744,open_meteo,2026-09-16T11:38:43.484103+00:00,1.0
ob_luang,2024,1,19.325,74.403,18.4,5.116,744,open_meteo,2026-09-16T11:38:43.484103+00:00,1.0
ob_luang,2024,2,21.404,58.01,1.2,6.842,696,open_meteo,2026-09-16T11:38:43.484103+00:00,1.0
ob_luang,2024,3,24.592,52.723,0.8,7.292,744,open_meteo,2026-09-16T11:38:43.484103+00:00,1.0
ob_luang,2024,4,27.772,59.013,16.0,7.804,720,open_meteo,2026-09-16T11:38:43.484103+00:00,1.0
ob_luang,2024,5,25.682,78.351,314.2,6.445,744,open_meteo,2026-09-16T11:38:43.484103+00:00,1.0
ob_luang,2024,6,24.055,86.178,354.2,7.258,720,open_meteo,2026-09-16T11:38:43.484103+00:00,1.0
ob_luang,2024,7,23.358,88.59,348.0,7.076,744,open_meteo,2026-09-16T11:38:43.484103+00:00,1.0
ob_luang,2024,8,23.374,88.223,332.2,6.503,744,open_meteo,2026-09-16T11:38:43.484103+00:00,1.0
ob_luang,2024,9,23.295,89.143,273.0,5.746,720,open_meteo,2026-09-16T11:38:43.484103+00:00,1.0
ob_luang,2024,10,22.951,87.973,141.3,4.785,744,open_meteo,2026-09-16T11:38:43.484103+00:00,1.0
ob_luang,2024,11,21.184,83.882,54.0,5.166,720,open_meteo,2026-09-16T11:38:43.484103+00:00,1.0
ob_luang,2024,12,20.088,81.234,15.2,4.284,744,open_meteo,2026-09-16T11:38:43.484103+00:00,1.0
ob_luang,2025,1,18.332,69.474,0.0,4.994,744,open_meteo,2026-09-16T11:38:43.484103+00:00,1.0
ob_luang,2025,2,21.848,61.064,32.1,5.024,672,open_meteo,2026-09-16T11:38:43.484103+00:00,1.0
ob_luang,2025,3,23.665,60.144,11.9,5.807,744,open_meteo,2026-09-16T11:38:43.484103+00:00,1.0
ob_luang,2025,4,24.386,77.364,102.7,5.806,720,open_meteo,2026-09-16T11:38:43.484103+00:00,1.0
ob_luang,2025,5,24.045,85.027,206.4,5.858,744,open_meteo,2026-09-16T11:38:43.484103+00:00,1.0
ob_luang,2025,6,23.482,87.371,223.0,7.809,720,open_meteo,2026-09-16T11:38:43.484103+00:00,1.0
ob_luang,2025,7,23.01,88.915,323.5,9.635,744,open_meteo,2026-09-16T11:38:43.484103+00:00,1.0
ob_luang,2025,8,23.022,89.137,258.5,7.515,744,open_meteo,2026-09-16T11:38:43.484103+00:00,1.0
ob_luang,2025,9,23.008,91.204,383.2,4.291,720,open_meteo,2026-09-16T11:38:43.484103+00:00,1.0
ob_luang,2025,10,22.747,85.847,97.1,5.024,744,open_meteo,2026-09-16T11:38:43.484103+00:00,1.0
ob_luang,2025,11,19.965,85.367,109.8,5.886,720,open_meteo,2026-09-16T11:38:43.484103+00:00,1.0
ob_luang,2025,12,18.975,78.688,12.6,3.827,744,open_meteo,2026-09-16T11:38:43.484103+00:00,1.0
pha_daeng,2015,1,19.914,74.582,72.0,4.294,744,open_meteo,2026-09-16T11:38:43.484103+00:00,1.0
pha_daeng,2015,2,23.175,54.371,0.0,5.119,672,open_meteo,2026-09-16T11:38:43.484103+00:00,1.0
pha_daeng,2015,3,27.047,52.983,20.9,5.022,744,open_meteo,2026-09-16T11:38:43.484103+00:00,1.0
pha_daeng,2015,4,27.394,62.888,49.3,5.054,720,open_meteo,2026-09-16T11:38:43.484103+00:00,1.0
pha_daeng,2015,5,27.893,73.32,98.5,4.704,744,open_meteo,2026-09-16T11:38:43.484103+00:00,1.0
pha_daeng,2015,6,26.647,78.735,133.8,5.548,720,open_meteo,2026-09-16T11:38:43.484103+00:00,1.0
pha_daeng,2015,7,24.65,89.372,400.3,4.897,744,open_meteo,2026-09-16T11:38:43.484103+00:00,1.0
pha_daeng,2015,8,24.68,89.148,323.5,3.939,744,open_meteo,2026-09-16T11:38:43.484103+00:00,1.0
pha_daeng,2015,9,24.993,88.357,102.2,3.871,720,open_meteo,2026-09-16T11:38:43.484103+00:00,1.0
pha_daeng,2015,10,23.854,86.815,64.9,3.158,744,open_meteo,2026-09-16T11:38:43.484103+00:00,1.0
pha_daeng,2015,11,23.418,83.792,53.6,3.073,720,open_meteo,2026-09-16T11:38:43.484103+00:00,1.0
pha_daeng,2015,12,21.268,80.474,38.4,3.839,744,open_meteo,2026-09-16T11:38:43.484103+00:00,1.0
pha_daeng,2016,1,19.393,68.198,22.4,4.423,744,open_meteo,2026-09-16T11:38:43.484103+00:00,1.0
pha_daeng,2016,2,22.475,61.454,3.8,5.297,696,open_meteo,2026-09-16T11:38:43.484103+00:00,1.0
pha_daeng,2016,3,27.709,48.696,0.3,5.651,744,open_meteo,2026-09-16T11:38:43.484103+00:00,1.0
pha_daeng,2016,4,30.759,43.289,7.9,6.197,720,open_meteo,2026-09-16T11:38:43.484103+00:00,1.0
pha_daeng,2016,5,28.442,68.665,138.7,4.971,744,open_meteo,2026-09-16T11:38:43.484103+00:00,1.0
pha_daeng,2016,6,25.328,87.713,197.3,4.556,720,open_meteo,2026-09-16T11:38:43.484103+00:00,1.0
pha_daeng,2016,7,24.75,89.848,260.1,4.185,744,open_meteo,2026-09-16T11:38:43.484103+00:00,1.0
pha_daeng,2016,8,24.887,89.284,239.8,3.957,744,open_meteo,2026-09-16T11:38:43.484103+00:00,1.0
pha_daeng,2016,9,24.829,88.918,164.6,3.341,720,open_meteo,2026-09-16T11:38:43.484103+00:00,1.0
pha_daeng,2016,10,24.611,87.683,65.4,3.18,744,open_meteo,2026-09-16T11:38:43.484103+00:00,1.0
pha_daeng,2016,11,23.071,86.2,83.1,3.077,720,open_meteo,2026-09-16T11:38:43.484103+00:00,1.0
pha_daeng,2016,12,21.617,76.039,0.5,3.965,744,open_meteo,2026-09-16T11:38:43.484103+00:00,1.0
pha_daeng,2017,1,20.626,77.579,63.0,3.932,744,open_meteo,2026-09-16T11:38:43.484103+00:00,1.0
pha_daeng,2017,2,21.825,62.423,0.1,4.638,672,open_meteo,2026-09-16T11:38:43.484103+00:00,1.0
pha_daeng,2017,3,24.695,55.472,2.3,4.907,744,open_meteo,2026-09-16T11:38:43.484103+00:00,1.0
pha_daeng,2017,4,25.846,70.564,59.9,4.389,720,open_meteo,2026-09-16T11:38:43.484103+00:00,1.0
pha_daeng,2017,5,26.084,80.134,117.5,3.749,744,open_meteo,2026-09-16T11:38:43.484103+00:00,1.0
pha_daeng,2017,6,25.419,86.251,313.1,4.778,720,open_meteo,2026-09-16T11:38:43.484103+00:00,1.0
pha_daeng,2017,7,24.309,91.612,532.8,4.323,744,open_meteo,2026-09-16T11:38:43.484103+00:00,1.0
pha_daeng,2017,8,24.545,90.565,410.9,4.025,744,open_meteo,2026-09-16T11:38:43.484103+00:00,1.0
pha_daeng,2017,9,24.659,90.796,302.9,3.443,720,open_meteo,2026-09-16T11:38:43.484103+00:00,1.0
pha_daeng,2017,10,23.638,89.382,186.2,3.304,744,open_meteo,2026-09-16T11:38:43.484103+00:00,1.0
pha_daeng,2017,11,21.999,85.19,75.2,3.878,720,open_meteo,2026-09-16T11:38:43.484103+00:00,1.0
pha_daeng,2017,12,19.339,82.503,40.3,4.218,744,open_meteo,2026-09-16T11:38:43.484103+00:00,1.0
pha_daeng,2018,1,19.047,82.427,28.7,3.656,744,open_meteo,2026-09-16T11:38:43.484103+00:00,1.0
pha_daeng,2018,2,21.179,66.671,2.3,4.285,672,open_meteo,2026-09-16T11:38:43.484103+00:00,1.0
pha_daeng,2018,3,23.508,64.116,8.5,4.259,744,open_meteo,2026-09-16T11:38:43.484103+00:00,1.0
pha_daeng,2018,4,25.034,72.26,51.7,3.857,720,open_meteo,2026-09-16T11:38:43.484103+00:00,1.0
pha_daeng,2018,5,25.271,82.806,163.0,4.039,744,open_meteo,2026-09-16T11:38:43.484103+00:00,1.0
pha_daeng,2018,6,24.653,91.032,447.0,4.881,720,open_meteo,2026-09-16T11:38:43.484103+00:00,1.0
pha_daeng,2018,7,24.8,90.526,617.8,4.513,744,open_meteo,2026-09-16T11:38:43.484103+00:00,1.0
pha_daeng,2018,8,24.263,92.321,591.3,4.394,744,open_meteo,2026-09-16T11:38:43.484103+00:00,1.0
pha_daeng,2018,9,24.721,89.4,185.7,3.195,720,open_meteo,2026-09-16T11:38:43.484103+00:00,1.0
pha_daeng,2018,10,23.819,88.398,122.7,3.147,744,open_meteo,2026-09-16T11:38:43.484103+00:00,1.0
pha_daeng,2018,11,22.173,79.571,19.2,3.471,720,open_meteo,2026-09-16T11:38:43.484103+00:00,1.0
pha_daeng,2018,12,20.934,82.138,64.3,3.5,744,open_meteo,2026-09-16T11:38:43.484103+00:00,1.0
pha_daeng,2019,1,19.684,81.281,83.8,3.769,744,open_meteo,2026-09-16T11:38:43.484103+00:00,1.0
pha_daeng,2019,2,21.617,65.439,0.0,4.345,672,open_meteo,2026-09-16T11:38:43.484103+00:00,1.0
pha_daeng,2019,3,24.329,55.992,0.0,4.524,744,open_meteo,2026-09-16T11:38:43.484103+00:00,1.0
pha_daeng,2019,4,27.517,54.626,1.3,4.21,720,open_meteo,2026-09-16T11:38:43.484103+00:00,1.0
pha_daeng,2019,5,28.65,66.423,128.2,3.953,744,open_meteo,2026-09-16T11:38:43.484103+00:00,1.0
pha_daeng,2019,6,26.316,84.772,210.2,4.826,720,open_meteo,2026-09-16T11:38:43.484103+00:00,1.0
pha_daeng,2019,7,25.43,87.286,340.0,4.392,744,open_meteo,2026-09-16T11:38:43.484103+00:00,1.0
pha_daeng,2019,8,24.853,91.427,518.4,4.154,744,open_meteo,2026-09-16T11:38:43.484103+00:00,1.0
pha_daeng,2019,9,24.529,87.406,185.4,3.489,720,open_meteo,2026-09-16T11:38:43.484103+00:00,1.0
pha_daeng,2019,10,24.48,85.353,64.5,3.099,744,open_meteo,2026-09-16T11:38:43.484103+00:00,1.0
pha_daeng,2019,11,22.568,82.461,28.8,3.274,720,open_meteo,2026-09-16T11:38:43.484103+00:00,1.0
pha_daeng,2019,12,18.722,76.728,11.5,4.042,744,open_meteo,2026-09-16T11:38:43.484103+00:00,1.0
pha_daeng,2020,1,19.784,73.103,0.8,4.019,744,open_meteo,2026-09-16T11:38:43.484103+00:00,1.0
pha_daeng,2020,2,21.514,65.19,2.3,4.395,696,open_meteo,2026-09-16T11:38:43.484103+00:00,1.0
pha_daeng,2020,3,25.019,54.355,0.1,4.622,744,open_meteo,2026-09-16T11:38:43.484103+00:00,1.0
pha_daeng,2020,4,26.603,59.176,75.7,4.757,720,open_meteo,2026-09-16T11:38:43.484103+00:00,1.0
pha_daeng,2020,5,27.488,75.289,81.5,3.505,744,open_meteo,2026-09-16T11:38:43.484103+00:00,1.0
pha_daeng,2020,6,26.188,85.458,374.2,4.062,720,open_meteo,2026-09-16T11:38:43.484103+00:00,1.0
pha_daeng,2020,7,25.64,88.989,420.1,3.806,744,open_meteo,2026-09-16T11:38:43.484103+00:00,1.0
pha_daeng,2020,8,24.651,93.304,632.7,4.069,744,open_meteo,2026-09-16T11:38:43.484103+00:00,1.0
pha_daeng,2020,9,25.162,90.671,435.4,3.373,720,open_meteo,2026-09-16T11:38:43.484103+00:00,1.0
pha_daeng,2020,10,23.726,84.603,125.6,4.19,744,open_meteo,2026-09-16T11:38:43.484103+00:00,1.0
pha_daeng,2020,11,22.798,76.925,33.1,3.854,720,open_meteo,2026-09-16T11:38:43.484103+00:00,1.0
pha_daeng,2020,12,20.116,73.606,5.1,3.789,744,open_meteo,2026-09-16T11:38:43.484103+00:00,1.0
pha_daeng,2021,1,19.769,72.391,7.7,4.279,744,open_meteo,2026-09-16T11:38:43.484103+00:00,1.0
pha_daeng,2021,2,21.235,68.481,36.0,4.1,672,open_meteo,2026-09-16T11:38:43.484103+00:00,1.0
pha_daeng,2021,3,24.267,62.426,18.5,3.993,744,open_meteo,2026-09-16T11:38:43.484103+00:00,1.0
pha_daeng,2021,4,24.933,79.542,100.3,3.347,720,open_meteo,2026-09-16T11:38:43.484103+00:00,1.0
pha_daeng,2021,5,26.501,81.081,136.6,3.361,744,open_meteo,2026-09-16T11:38:43.484103+00:00,1.0
pha_daeng,2021,6,25.701,86.456,370.9,4.012,720,open_meteo,2026-09-16T11:38:43.484103+00:00,1.0
pha_daeng,2021,7,25.141,90.249,500.6,4.084,744,open_meteo,2026-09-16T11:38:43.484103+00:00,1.0
pha_daeng,2021,8,24.918,90.997,427.6,3.858,744,open_meteo,2026-09-16T11:38:43.484103+00:00,1.0
pha_daeng,2021,9,24.676,90.014,300.4,3.437,720,open_meteo,2026-09-16T11:38:43.484103+00:00,1.0
pha_daeng,2021,10,24.177,87.649,276.8,3.643,744,open_meteo,2026-09-16T11:38:43.484103+00:00,1.0
pha_daeng,2021,11,22.745,86.138,120.8,3.39,720,open_meteo,2026-09-16T11:38:43.484103+00:00,1.0
pha_daeng,2021,12,19.576,73.333,7.6,4.121,744,open_meteo,2026-09-16T11:38:43.484103+00:00,1.0
pha_daeng,2022,1,19.41,75.317,68.9,3.848,744,open_meteo,2026-09-16T11:38:43.484103+00:00,1.0
pha_daeng,2022,2,20.433,71.604,39.7,4.354,672,open_meteo,2026-09-16T11:38:43.484103+00:00,1.0
pha_daeng,2022,3,25.332,70.148,60.5,3.909,744,open_meteo,2026-09-16T11:38:43.484103+00:00,1.0
pha_daeng,2022,4,25.594,72.111,118.5,4.031,720,open_meteo,2026-09-16T11:38:43.484103+00:00,1.0
pha_daeng,2022,5,25.134,83.929,326.8,4.1,744,open_meteo,2026-09-16T11:38:43.484103+00:00,1.0
pha_daeng,2022,6,25.385,86.118,275.6,4.061,720,open_meteo,2026-09-16T11:38:43.484103+00:00,1.0
pha_daeng,2022,7,25.288,88.366,364.6,3.477,744,open_meteo,2026-09-16T11:38:43.484103+00:00,1.0
pha_daeng,2022,8,24.811,89.907,395.9,3.824,744,open_meteo,2026-09-16T11:38:43.484103+00:00,1.0
pha_daeng,2022,9,24.498,88.978,284.9,3.474,720,open_meteo,2026-09-16T11:38:43.484103+00:00,1.0
pha_daeng,2022,10,23.618,83.718,166.9,3.565,744,open_meteo,2026-09-16T11:38:43.484103+00:00,1.0
pha_daeng,2022,11,22.863,78.932,72.4,3.536,720,open_meteo,2026-09-16T11:38:43.484103+00:00,1.0
pha_daeng,2022,12,21.382,76.413,35.8,3.694,744,open_meteo,2026-09-16T11:38:43.484103+00:00,1.0
pha_daeng,2023,1,19.695,67.074,0.9,4.257,744,open_meteo,2026-09-16T11:38:43.484103+00:00,1.0
pha_daeng,2023,2,21.376,67.853,34.2,4.079,672,open_meteo,2026-09-16T11:38:43.484103+00:00,1.0
pha_daeng,2023,3,24.026,65.028,13.9,3.737,744,open_meteo,2026-09-16T11:38:43.484103+00:00,1.0
pha_daeng,2023,4,27.424,59.669,19.0,3.987,720,open_meteo,2026-09-16T11:38:43.484103+00:00,1.0
pha_daeng,2023,5,27.194,74.87,110.6,3.726,744,open_meteo,2026-09-16T11:38:43.484103+00:00,1.0
pha_daeng,2023,6,25.983,85.493,338.6,4.083,720,open_meteo,2026-09-16T11:38:43.484103+00:00,1.0
pha_daeng,2023,7,26.185,85.767,364.8,3.691,744,open_meteo,2026-09-16T11:38:43.484103+00:00,1.0
pha_daeng,2023,8,25.15,90.364,530.9,3.984,744,open_meteo,2026-09-16T11:38:43.484103+00:00,1.0
pha_daeng,2023,9,24.977,90.085,444.8,3.267,720,open_meteo,2026-09-16T11:38:43.484103+00:00,1.0
pha_daeng,2023,10,24.354,90.054,260.8,2.966,744,open_meteo,2026-09-16T11:38:43.484103+00:00,1.0
pha_daeng,2023,11,22.863,82.428,52.9,3.568,720,open_meteo,2026-09-16T11:38:43.484103+00:00,1.0
pha_daeng,2023,12,21.728,78.887,60.0,3.583,744,open_meteo,2026-09-16T11:38:43.484103+00:00,1.0
pha_daeng,2024,1,20.378,76.009,21.6,3.925,744,open_meteo,2026-09-16T11:38:43.484103+00:00,1.0
pha_daeng,2024,2,21.705,63.78,4.0,4.199,696,open_meteo,2026-09-16T11:38:43.484103+00:00,1.0
pha_daeng,2024,3,25.1,55.206,1.4,4.455,744,open_meteo,2026-09-16T11:38:43.484103+00:00,1.0
pha_daeng,2024,4,28.354,59.976,6.6,4.296,720,open_meteo,2026-09-16T11:38:43.484103+00:00,1.0
pha_daeng,2024,5,27.215,78.392,235.7,3.992,744,open_meteo,2026-09-16T11:38:43.484103+00:00,1.0
pha_daeng,2024,6,25.739,89.285,516.5,3.982,720,open_meteo,2026-09-16T11:38:43.484103+00:00,1.0
pha_daeng,2024,7,25.365,89.993,635.2,4.079,744,open_meteo,2026-09-16T11:38:43.484103+00:00,1.0
pha_daeng,2024,8,24.84,91.629,601.6,3.445,744,open_meteo,2026-09-16T11:38:43.484103+00:00,1.0
pha_daeng,2024,9,25.471,88.26,312.7,3.192,720,open_meteo,2026-09-16T11:38:43.484103+00:00,1.0
pha_daeng,2024,10,24.749,86.277,173.1,3.089,744,open_meteo,2026-09-16T11:38:43.484103+00:00,1.0
pha_daeng,2024,11,22.664,80.606,60.1,3.35,720,open_meteo,2026-09-16T11:38:43.484103+00:00,1.0
pha_daeng,2024,12,21.361,79.491,19.0,2.687,744,open_meteo,2026-09-16T11:38:43.484103+00:00,1.0
pha_daeng,2025,1,19.087,72.081,2.6,3.326,744,open_meteo,2026-09-16T11:38:43.484103+00:00,1.0
pha_daeng,2025,2,21.618,68.244,48.6,3.99,672,open_meteo,2026-09-16T11:38:43.484103+00:00,1.0
pha_daeng,2025,3,24.085,62.188,1.1,4.205,744,open_meteo,2026-09-16T11:38:43.484103+00:00,1.0
pha_daeng,2025,4,26.316,71.481,36.3,3.672,720,open_meteo,2026-09-16T11:38:43.484103+00:00,1.0
pha_daeng,2025,5,25.801,83.32,276.7,3.976,744,open_meteo,2026-09-16T11:38:43.484103+00:00,1.0
pha_daeng,2025,6,25.513,88.768,442.4,3.823,720,open_meteo,2026-09-16T11:38:43.484103+00:00,1.0
pha_daeng,2025,7,24.836,91.832,732.1,3.749,744,open_meteo,2026-09-16T11:38:43.484103+00:00,1.0
pha_daeng,2025,8,25.302,87.708,319.6,3.387,744,open_meteo,2026-09-16T11:38:43.484103+00:00,1.0
pha_daeng,2025,9,25.141,87.61,223.0,3.165,720,open_meteo,2026-09-16T11:38:43.484103+00:00,1.0
pha_daeng,2025,10,24.694,81.774,105.2,3.076,744,open_meteo,2026-09-16T11:38:43.484103+00:00,1.0
pha_daeng,2025,11,21.495,80.442,157.0,3.817,720,open_meteo,2026-09-16T11:38:43.484103+00:00,1.0
pha_daeng,2025,12,20.193,76.282,12.5,2.858,744,open_meteo,2026-09-16T11:38:43.484103+00:00,1.0
sri_lanna,2015,1,20.747,73.245,55.1,4.22,744,open_meteo,2026-09-16T11:38:43.484103+00:00,1.0
sri_lanna,2015,2,24.094,54.406,0.1,4.635,672,open_meteo,2026-09-16T11:38:43.484103+00:00,1.0
sri_lanna,2015,3,27.748,54.547,32.3,4.691,744,open_meteo,2026-09-16T11:38:43.484103+00:00,1.0
sri_lanna,2015,4,28.637,58.246,31.9,5.25,720,open_meteo,2026-09-16T11:38:43.484103+00:00,1.0
sri_lanna,2015,5,29.124,68.672,62.0,4.84,744,open_meteo,2026-09-16T11:38:43.484103+00:00,1.0
sri_lanna,2015,6,27.368,76.999,180.2,5.17,720,open_meteo,2026-09-16T11:38:43.484103+00:00,1.0
sri_lanna,2015,7,25.264,87.929,284.3,4.936,744,open_meteo,2026-09-16T11:38:43.484103+00:00,1.0
sri_lanna,2015,8,25.309,88.608,264.4,3.693,744,open_meteo,2026-09-16T11:38:43.484103+00:00,1.0
sri_lanna,2015,9,25.612,88.058,172.7,3.638,720,open_meteo,2026-09-16T11:38:43.484103+00:00,1.0
sri_lanna,2015,10,24.543,86.012,56.1,3.163,744,open_meteo,2026-09-16T11:38:43.484103+00:00,1.0
sri_lanna,2015,11,24.521,79.583,20.4,3.278,720,open_meteo,2026-09-16T11:38:43.484103+00:00,1.0
sri_lanna,2015,12,22.513,75.745,22.7,3.717,744,open_meteo,2026-09-16T11:38:43.484103+00:00,1.0
sri_lanna,2016,1,20.655,65.134,18.1,4.316,744,open_meteo,2026-09-16T11:38:43.484103+00:00,1.0
sri_lanna,2016,2,23.86,57.372,10.0,4.947,696,open_meteo,2026-09-16T11:38:43.484103+00:00,1.0
sri_lanna,2016,3,28.68,47.624,0.6,5.643,744,open_meteo,2026-09-16T11:38:43.484103+00:00,1.0
sri_lanna,2016,4,31.979,40.568,1.8,6.061,720,open_meteo,2026-09-16T11:38:43.484103+00:00,1.0
sri_lanna,2016,5,29.453,64.868,102.0,4.997,744,open_meteo,2026-09-16T11:38:43.484103+00:00,1.0
sri_lanna,2016,6,25.743,87.385,223.1,4.407,720,open_meteo,2026-09-16T11:38:43.484103+00:00,1.0
sri_lanna,2016,7,25.216,89.931,258.6,4.117,744,open_meteo,2026-09-16T11:38:43.484103+00:00,1.0
sri_lanna,2016,8,25.427,89.277,270.2,3.635,744,open_meteo,2026-09-16T11:38:43.484103+00:00,1.0
sri_lanna,2016,9,25.252,89.358,261.0,3.037,720,open_meteo,2026-09-16T11:38:43.484103+00:00,1.0
sri_lanna,2016,10,25.08,88.194,138.6,3.111,744,open_meteo,2026-09-16T11:38:43.484103+00:00,1.0
sri_lanna,2016,11,23.691,85.482,68.0,3.285,720,open_meteo,2026-09-16T11:38:43.484103+00:00,1.0
sri_lanna,2016,12,22.388,76.059,2.2,3.579,744,open_meteo,2026-09-16T11:38:43.484103+00:00,1.0
sri_lanna,2017,1,21.058,79.981,55.0,4.94,744,open_meteo,2026-09-16T11:38:43.484103+00:00,1.0
sri_lanna,2017,2,23.04,59.805,1.6,5.164,672,open_meteo,2026-09-16T11:38:43.484103+00:00,1.0
sri_lanna,2017,3,26.729,48.69,4.0,5.9,744,open_meteo,2026-09-16T11:38:43.484103+00:00,1.0
sri_lanna,2017,4,26.672,67.771,66.0,4.967,720,open_meteo,2026-09-16T11:38:43.484103+00:00,1.0
sri_lanna,2017,5,26.637,78.304,138.1,4.556,744,open_meteo,2026-09-16T11:38:43.484103+00:00,1.0
sri_lanna,2017,6,25.531,84.929,299.9,5.053,720,open_meteo,2026-09-16T11:38:43.484103+00:00,1.0
sri_lanna,2017,7,24.319,90.86,472.5,4.454,744,open_meteo,2026-09-16T11:38:43.484103+00:00,1.0
sri_lanna,2017,8,24.797,88.691,306.3,4.13,744,open_meteo,2026-09-16T11:38:43.484103+00:00,1.0
sri_lanna,2017,9,25.184,88.972,303.4,3.316,720,open_meteo,2026-09-16T11:38:43.484103+00:00,1.0
sri_lanna,2017,10,24.097,88.276,266.1,3.703,744,open_meteo,2026-09-16T11:38:43.484103+00:00,1.0
sri_lanna,2017,11,22.774,84.082,83.1,5.034,720,open_meteo,2026-09-16T11:38:43.484103+00:00,1.0
sri_lanna,2017,12,20.316,80.376,53.4,5.6,744,open_meteo,2026-09-16T11:38:43.484103+00:00,1.0
sri_lanna,2018,1,20.624,76.398,17.6,4.703,744,open_meteo,2026-09-16T11:38:43.484103+00:00,1.0
sri_lanna,2018,2,23.091,62.812,1.4,5.396,672,open_meteo,2026-09-16T11:38:43.484103+00:00,1.0
sri_lanna,2018,3,25.465,58.324,16.8,5.271,744,open_meteo,2026-09-16T11:38:43.484103+00:00,1.0
sri_lanna,2018,4,26.201,68.326,56.6,4.964,720,open_meteo,2026-09-16T11:38:43.484103+00:00,1.0
sri_lanna,2018,5,25.781,80.651,189.7,4.292,744,open_meteo,2026-09-16T11:38:43.484103+00:00,1.0
sri_lanna,2018,6,25.043,88.01,324.0,5.076,720,open_meteo,2026-09-16T11:38:43.484103+00:00,1.0
sri_lanna,2018,7,24.914,88.552,331.9,4.909,744,open_meteo,2026-09-16T11:38:43.484103+00:00,1.0
sri_lanna,2018,8,24.451,89.763,471.4,5.015,744,open_meteo,2026-09-16T11:38:43.484103+00:00,1.0
sri_lanna,2018,9,25.251,86.999,226.5,3.649,720,open_meteo,2026-09-16T11:38:43.484103+00:00,1.0
sri_lanna,2018,10,24.589,86.305,158.6,3.715,744,open_meteo,2026-09-16T11:38:43.484103+00:00,1.0
sri_lanna,2018,11,22.929,80.263,34.1,4.568,720,open_meteo,2026-09-16T11:38:43.484103+00:00,1.0
sri_lanna,2018,12,21.825,81.853,79.1,4.529,744,open_meteo,2026-09-16T11:38:43.484103+00:00,1.0
sri_lanna,2019,1,20.864,81.172,71.4,4.376,744,open_meteo,2026-09-16T11:38:43.484103+00:00,1.0
sri_lanna,2019,2,23.469,61.643,1.5,4.726,672,open_meteo,2026-09-16T11:38:43.484103+00:00,1.0
sri_lanna,2019,3,26.156,52.163,0.0,5.228,744,open_meteo,2026-09-16T11:38:43.484103+00:00,1.0
sri_lanna,2019,4,29.345,47.965,0.5,5.457,720,open_meteo,2026-09-16T11:38:43.484103+00:00,1.0
sri_lanna,2019,5,29.31,63.852,126.6,5.389,744,open_meteo,2026-09-16T11:38:43.484103+00:00,1.0
sri_lanna,2019,6,26.66,81.242,208.8,5.618,720,open_meteo,2026-09-16T11:38:43.484103+00:00,1.0
sri_lanna,2019,7,25.635,83.762,259.3,5.506,744,open_meteo,2026-09-16T11:38:43.484103+00:00,1.0
sri_lanna,2019,8,24.806,90.61,565.4,4.733,744,open_meteo,2026-09-16T11:38:43.484103+00:00,1.0
sri_lanna,2019,9,24.735,88.174,278.3,3.909,720,open_meteo,2026-09-16T11:38:43.484103+00:00,1.0
sri_lanna,2019,10,25.1,84.629,89.9,3.747,744,open_meteo,2026-09-16T11:38:43.484103+00:00,1.0
sri_lanna,2019,11,23.255,81.126,32.2,4.035,720,open_meteo,2026-09-16T11:38:43.484103+00:00,1.0
sri_lanna,2019,12,20.09,72.69,17.4,5.511,744,open_meteo,2026-09-16T11:38:43.484103+00:00,1.0
sri_lanna,2020,1,21.545,69.399,1.5,4.503,744,open_meteo,2026-09-16T11:38:43.484103+00:00,1.0
sri_lanna,2020,2,23.403,59.506,1.3,4.969,696,open_meteo,2026-09-16T11:38:43.484103+00:00,1.0
sri_lanna,2020,3,27.674,43.454,0.2,5.477,744,open_meteo,2026-09-16T11:38:43.484103+00:00,1.0
sri_lanna,2020,4,28.377,52.086,172.8,5.831,720,open_meteo,2026-09-16T11:38:43.484103+00:00,1.0
sri_lanna,2020,5,28.806,68.738,85.1,4.764,744,open_meteo,2026-09-16T11:38:43.484103+00:00,1.0
sri_lanna,2020,6,26.69,81.615,212.4,4.743,720,open_meteo,2026-09-16T11:38:43.484103+00:00,1.0
sri_lanna,2020,7,26.264,84.909,287.4,4.139,744,open_meteo,2026-09-16T11:38:43.484103+00:00,1.0
sri_lanna,2020,8,24.972,90.636,557.8,4.48,744,open_meteo,2026-09-16T11:38:43.484103+00:00,1.0
sri_lanna,2020,9,25.599,88.846,404.5,3.588,720,open_meteo,2026-09-16T11:38:43.484103+00:00,1.0
sri_lanna,2020,10,24.181,84.382,230.8,5.474,744,open_meteo,2026-09-16T11:38:43.484103+00:00,1.0
sri_lanna,2020,11,23.199,79.0,45.7,5.331,720,open_meteo,2026-09-16T11:38:43.484103+00:00,1.0
sri_lanna,2020,12,20.819,74.175,6.0,4.864,744,open_meteo,2026-09-16T11:38:43.484103+00:00,1.0
sri_lanna,2021,1,20.632,70.094,15.3,5.32,744,open_meteo,2026-09-16T11:38:43.484103+00:00,1.0
sri_lanna,2021,2,22.941,63.324,32.1,5.145,672,open_meteo,2026-09-16T11:38:43.484103+00:00,1.0
sri_lanna,2021,3,26.583,56.167,21.6,4.559,744,open_meteo,2026-09-16T11:38:43.484103+00:00,1.0
sri_lanna,2021,4,26.463,72.083,114.0,4.644,720,open_meteo,2026-09-16T11:38:43.484103+00:00,1.0
sri_lanna,2021,5,27.491,75.571,125.6,4.114,744,open_meteo,2026-09-16T11:38:43.484103+00:00,1.0
sri_lanna,2021,6,25.994,83.033,286.0,4.875,720,open_meteo,2026-09-16T11:38:43.484103+00:00,1.0
sri_lanna,2021,7,25.509,86.804,373.3,4.765,744,open_meteo,2026-09-16T11:38:43.484103+00:00,1.0
sri_lanna,2021,8,25.376,88.422,380.1,4.249,744,open_meteo,2026-09-16T11:38:43.484103+00:00,1.0
sri_lanna,2021,9,25.041,89.39,467.9,3.721,720,open_meteo,2026-09-16T11:38:43.484103+00:00,1.0
sri_lanna,2021,10,24.684,86.47,354.6,4.255,744,open_meteo,2026-09-16T11:38:43.484103+00:00,1.0
sri_lanna,2021,11,23.57,84.481,127.1,4.227,720,open_meteo,2026-09-16T11:38:43.484103+00:00,1.0
sri_lanna,2021,12,19.971,77.546,7.8,5.515,744,open_meteo,2026-09-16T11:38:43.484103+00:00,1.0
sri_lanna,2022,1,20.563,75.255,52.5,4.242,744,open_meteo,2026-09-16T11:38:43.484103+00:00,1.0
sri_lanna,2022,2,21.598,71.103,85.8,5.223,672,open_meteo,2026-09-16T11:38:43.484103+00:00,1.0
sri_lanna,2022,3,26.542,67.575,48.8,4.696,744,open_meteo,2026-09-16T11:38:43.484103+00:00,1.0
sri_lanna,2022,4,26.373,69.518,133.2,5.089,720,open_meteo,2026-09-16T11:38:43.484103+00:00,1.0
sri_lanna,2022,5,25.351,83.747,382.9,4.611,744,open_meteo,2026-09-16T11:38:43.484103+00:00,1.0
sri_lanna,2022,6,25.801,83.624,255.0,4.444,720,open_meteo,2026-09-16T11:38:43.484103+00:00,1.0
sri_lanna,2022,7,25.655,87.019,505.5,3.742,744,open_meteo,2026-09-16T11:38:43.484103+00:00,1.0
sri_lanna,2022,8,25.046,88.308,507.7,4.367,744,open_meteo,2026-09-16T11:38:43.484103+00:00,1.0
sri_lanna,2022,9,24.74,88.592,463.9,3.751,720,open_meteo,2026-09-16T11:38:43.484103+00:00,1.0
sri_lanna,2022,10,23.961,83.847,269.1,4.658,744,open_meteo,2026-09-16T11:38:43.484103+00:00,1.0
sri_lanna,2022,11,23.391,79.312,59.1,4.763,720,open_meteo,2026-09-16T11:38:43.484103+00:00,1.0
sri_lanna,2022,12,21.974,76.149,45.5,5.077,744,open_meteo,2026-09-16T11:38:43.484103+00:00,1.0
sri_lanna,2023,1,20.666,66.948,2.1,5.696,744,open_meteo,2026-09-16T11:38:43.484103+00:00,1.0
sri_lanna,2023,2,22.792,65.229,58.1,4.822,672,open_meteo,2026-09-16T11:38:43.484103+00:00,1.0
sri_lanna,2023,3,25.43,62.366,13.1,4.88,744,open_meteo,2026-09-16T11:38:43.484103+00:00,1.0
sri_lanna,2023,4,29.935,46.867,3.8,5.573,720,open_meteo,2026-09-16T11:38:43.484103+00:00,1.0
sri_lanna,2023,5,27.956,71.741,164.2,4.772,744,open_meteo,2026-09-16T11:38:43.484103+00:00,1.0
sri_lanna,2023,6,26.25,82.665,316.8,4.75,720,open_meteo,2026-09-16T11:38:43.484103+00:00,1.0
sri_lanna,2023,7,26.27,84.782,291.0,4.228,744,open_meteo,2026-09-16T11:38:43.484103+00:00,1.0
sri_lanna,2023,8,25.395,88.008,287.4,4.181,744,open_meteo,2026-09-16T11:38:43.484103+00:00,1.0
sri_lanna,2023,9,25.231,89.472,525.1,3.644,720,open_meteo,2026-09-16T11:38:43.484103+00:00,1.0
sri_lanna,2023,10,24.641,88.98,273.4,3.524,744,open_meteo,2026-09-16T11:38:43.484103+00:00,1.0
sri_lanna,2023,11,23.318,81.317,78.7,5.19,720,open_meteo,2026-09-16T11:38:43.484103+00:00,1.0
sri_lanna,2023,12,22.522,77.499,34.7,5.08,744,open_meteo,2026-09-16T11:38:43.484103+00:00,1.0
sri_lanna,2024,1,21.951,71.382,32.5,4.694,744,open_meteo,2026-09-16T11:38:43.484103+00:00,1.0
sri_lanna,2024,2,24.037,57.473,8.2,4.782,696,open_meteo,2026-09-16T11:38:43.484103+00:00,1.0
sri_lanna,2024,3,27.524,48.315,3.0,5.287,744,open_meteo,2026-09-16T11:38:43.484103+00:00,1.0
sri_lanna,2024,4,30.908,48.686,10.0,5.465,720,open_meteo,2026-09-16T11:38:43.484103+00:00,1.0
sri_lanna,2024,5,28.156,73.696,293.2,4.674,744,open_meteo,2026-09-16T11:38:43.484103+00:00,1.0
sri_lanna,2024,6,26.032,87.09,375.8,4.05,720,open_meteo,2026-09-16T11:38:43.484103+00:00,1.0
sri_lanna,2024,7,25.509,88.516,400.6,4.184,744,open_meteo,2026-09-16T11:38:43.484103+00:00,1.0
sri_lanna,2024,8,25.242,89.241,437.6,3.599,744,open_meteo,2026-09-16T11:38:43.484103+00:00,1.0
sri_lanna,2024,9,25.488,87.786,327.0,3.595,720,open_meteo,2026-09-16T11:38:43.484103+00:00,1.0
sri_lanna,2024,10,24.998,85.927,276.5,3.874,744,open_meteo,2026-09-16T11:38:43.484103+00:00,1.0
sri_lanna,2024,11,22.944,82.89,82.3,4.537,720,open_meteo,2026-09-16T11:38:43.484103+00:00,1.0
sri_lanna,2024,12,21.675,80.272,15.0,4.078,744,open_meteo,2026-09-16T11:38:43.484103+00:00,1.0
sri_lanna,2025,1,19.442,73.407,1.3,4.825,744,open_meteo,2026-09-16T11:38:43.484103+00:00,1.0
sri_lanna,2025,2,22.844,65.094,27.6,4.349,672,open_meteo,2026-09-16T11:38:43.484103+00:00,1.0
sri_lanna,2025,3,25.481,59.218,11.7,4.908,744,open_meteo,2026-09-16T11:38:43.484103+00:00,1.0
sri_lanna,2025,4,27.298,67.325,63.1,4.286,720,open_meteo,2026-09-16T11:38:43.484103+00:00,1.0
sri_lanna,2025,5,26.175,81.586,289.1,4.08,744,open_meteo,2026-09-16T11:38:43.484103+00:00,1.0
sri_lanna,2025,6,25.692,86.042,291.4,3.873,720,open_meteo,2026-09-16T11:38:43.484103+00:00,1.0
sri_lanna,2025,7,24.999,89.366,483.7,3.787,744,open_meteo,2026-09-16T11:38:43.484103+00:00,1.0
sri_lanna,2025,8,25.365,86.79,339.8,3.832,744,open_meteo,2026-09-16T11:38:43.484103+00:00,1.0
sri_lanna,2025,9,25.256,87.099,255.8,3.432,720,open_meteo,2026-09-16T11:38:43.484103+00:00,1.0
sri_lanna,2025,10,24.744,83.414,147.5,4.635,744,open_meteo,2026-09-16T11:38:43.484103+00:00,1.0
sri_lanna,2025,11,21.753,82.438,224.8,5.643,720,open_meteo,2026-09-16T11:38:43.484103+00:00,1.0
sri_lanna,2025,12,20.61,79.034,20.9,4.083,744,open_meteo,2026-09-16T11:38:43.484103+00:00,1.0
