park_id,timestamp,temperature_2m_c,relative_humidity_pct,precipitation_mm,wind_speed_10m_kmh,weather_code,source_name,source_url,retrieved_at,schema_version
doi_inthanon,2016-01-01T00:00,7.5,69,0.0,1.9,1,open_meteo,https://archive-api.open-meteo.com/v1/archive,2026-09-16T11:06:58.921045+00:00,1.0
doi_inthanon,2016-01-01T01:00,7.0,71,0.0,2.6,1,open_meteo,https://archive-api.open-meteo.com/v1/archive,2026-09-16T11:06:58.921051+00:00,1.0
doi_inthanon,2016-01-01T02:00,6.7,72,0.0,3.0,1,open_meteo,https://archive-api.open-meteo.com/v1/archive,2026-09-16T11:06:58.921053+00:00,1.0
doi_inthanon,2016-01-01T03:00,6.3,73,0.0,3.7,2,open_meteo,https://archive-api.open-meteo.com/v1/archive,2026-09-16T11:06:58.921056+00:00,1.0
doi_inthanon,2016-01-01T04:00,5.8,76,0.0,4.1,3,open_meteo,https://archive-api.open-meteo.com/v1/archive,2026-09-16T11:06:58.921057+00:00,1.0
doi_inthanon,2016-01-01T05:00,5.6,78,0.0,4.3,3,open_meteo,https://archive-api.open-meteo.com/v1/archive,2026-09-16T11:06:58.921059+00:00,1.0
doi_inthanon,2016-01-01T06:00,5.5,78,0.0,4.5,3,open_meteo,https://archive-api.open-meteo.com/v1/archive,2026-09-16T11:06:58.921061+00:00,1.0
doi_inthanon,2016-01-01T07:00,5.3,78,0.0,3.7,3,open_meteo,https://archive-api.open-meteo.com/v1/archive,2026-09-16T11:06:58.921062+00:00,1.0
doi_inthanon,2016-01-01T08:00,6.0,79,0.0,3.1,2,open_meteo,https://archive-api.open-meteo.com/v1/archive,2026-09-16T11:06:58.921064+00:00,1.0
doi_inthanon,2016-01-01T09:00,8.0,70,0.0,3.6,2,open_meteo,https://archive-api.open-meteo.com/v1/archive,2026-09-16T11:06:58.921065+00:00,1.0
doi_inthanon,2016-01-01T10:00,9.4,63,0.0,6.8,3,open_meteo,https://archive-api.open-meteo.com/v1/archive,2026-09-16T11:06:58.921067+00:00,1.0
doi_inthanon,2016-01-01T11:00,10.6,58,0.0,7.4,2,open_meteo,https://archive-api.open-meteo.com/v1/archive,2026-09-16T11:06:58.921068+00:00,1.0
doi_inthanon,2016-01-01T12:00,11.2,54,0.0,6.8,3,open_meteo,https://archive-api.open-meteo.com/v1/archive,2026-09-16T11:06:58.921070+00:00,1.0
doi_inthanon,2016-01-01T13:00,11.7,52,0.0,7.3,2,open_meteo,https://archive-api.open-meteo.com/v1/archive,2026-09-16T11:06:58.921071+00:00,1.0
doi_inthanon,2016-01-01T14:00,11.8,51,0.0,7.1,2,open_meteo,https://archive-api.open-meteo.com/v1/archive,2026-09-16T11:06:58.921073+00:00,1.0
doi_inthanon,2016-01-01T15:00,11.7,51,0.0,7.1,2,open_meteo,https://archive-api.open-meteo.com/v1/archive,2026-09-16T11:06:58.921074+00:00,1.0
doi_inthanon,2016-01-01T16:00,11.6,52,0.0,7.2,2,open_meteo,https://archive-api.open-meteo.com/v1/archive,2026-09-16T11:06:58.921076+00:00,1.0
doi_inthanon,2016-01-01T17:00,10.6,58,0.0,5.4,1,open_meteo,https://archive-api.open-meteo.com/v1/archive,2026-09-16T11:06:58.921077+00:00,1.0
doi_inthanon,2016-01-01T18:00,9.4,64,0.0,4.5,1,open_meteo,https://archive-api.open-meteo.com/v1/archive,2026-09-16T11:06:58.921079+00:00,1.0
doi_inthanon,2016-01-01T19:00,8.5,70,0.0,4.0,0,open_meteo,https://archive-api.open-meteo.com/v1/archive,2026-09-16T11:06:58.921080+00:00,1.0
doi_inthanon,2016-01-01T20:00,8.0,70,0.0,2.9,0,open_meteo,https://archive-api.open-meteo.com/v1/archive,2026-09-16T11:06:58.921082+00:00,1.0
doi_inthanon,2016-01-01T21:00,7.5,72,0.0,2.2,0,open_meteo,https://archive-api.open-meteo.com/v1/archive,2026-09-16T11:06:58.921083+00:00,1.0
doi_inthanon,2016-01-01T22:00,7.1,74,0.0,1.3,0,open_meteo,https://archive-api.open-meteo.com/v1/archive,2026-09-16T11:06:58.921085+00:00,1.0
doi_inthanon,2016-01-01T23:00,6.8,74,0.0,3.3,0,open_meteo,https://archive-api.open-meteo.com/v1/archive,2026-09-16T11:06:58.921086+00:00,1.0
doi_inthanon,2016-01-02T00:00,6.5,74,0.0,2.9,0,open_meteo,https://archive-api.open-meteo.com/v1/archive,2026-09-16T11:06:58.921088+00:00,1.0
doi_inthanon,2016-01-02T01:00,5.7,79,0.0,3.3,0,open_meteo,https://archive-api.open-meteo.com/v1/archive,2026-09-16T11:06:58.921089+00:00,1.0
doi_inthanon,2016-01-02T02:00,5.3,81,0.0,3.3,2,open_meteo,https://archive-api.open-meteo.com/v1/archive,2026-09-16T11:06:58.921091+00:00,1.0
doi_inthanon,2016-01-02T03:00,4.8,83,0.0,2.6,3,open_meteo,https://archive-api.open-meteo.com/v1/archive,2026-09-16T11:06:58.921092+00:00,1.0
doi_inthanon,2016-01-02T04:00,4.4,84,0.0,2.3,3,open_meteo,https://archive-api.open-meteo.com/v1/archive,2026-09-16T11:06:58.921096+00:00,1.0
doi_inthanon,2016-01-02T05:00,4.3,85,0.0,2.1,3,open_meteo,https://archive-api.open-meteo.com/v1/archive,2026-09-16T11:06:58.921098+00:00,1.0
doi_inthanon,2016-01-02T06:00,4.4,84,0.0,1.6,3,open_meteo,https://archive-api.open-meteo.com/v1/archive,2026-09-16T11:06:58.921099+00:00,1.0
doi_inthanon,2016-01-02T07:00,4.1,84,0.0,2.5,3,open_meteo,https://archive-api.open-meteo.com/v1/archive,2026-09-16T11:06:58.921101+00:00,1.0
doi_inthanon,2016-01-02T08:00,5.1,81,0.0,2.4,3,open_meteo,https://archive-api.open-meteo.com/v1/archive,2026-09-16T11:06:58.921102+00:00,1.0
doi_inthanon,2016-01-02T09:00,7.7,69,0.0,2.3,3,open_meteo,https://archive-api.open-meteo.com/v1/archive,2026-09-16T11:06:58.921104+00:00,1.0
doi_inthanon,2016-01-02T10:00,9.4,61,0.0,4.1,3,open_meteo,https://archive-api.open-meteo.com/v1/archive,2026-09-16T11:06:58.921105+00:00,1.0
doi_inthanon,2016-01-02T11:00,10.7,55,0.0,5.8,3,open_meteo,https://archive-api.open-meteo.com/v1/archive,2026-09-16T11:06:58.921107+00:00,1.0
doi_inthanon,2016-01-02T12:00,11.3,53,0.0,5.6,2,open_meteo,https://archive-api.open-meteo.com/v1/archive,2026-09-16T11:06:58.921108+00:00,1.0
doi_inthanon,2016-01-02T13:00,12.4,49,0.0,5.9,2,open_meteo,https://archive-api.open-meteo.com/v1/archive,2026-09-16T11:06:58.921110+00:00,1.0
doi_inthanon,2016-01-02T14:00,12.2,51,0.0,6.4,2,open_meteo,https://archive-api.open-meteo.com/v1/archive,2026-09-16T11:06:58.921111+00:00,1.0
doi_inthanon,2016-01-02T15:00,12.2,51,0.0,6.4,2,open_meteo,https://archive-api.open-meteo.com/v1/archive,2026-09-16T11:06:58.921113+00:00,1.0
doi_inthanon,2016-01-02T16:00,11.2,57,0.0,6.4,2,open_meteo,https://archive-api.open-meteo.com/v1/archive,2026-09-16T11:06:58.921114+00:00,1.0
doi_inthanon,2016-01-02T17:00,9.7,67,0.2,3.9,51,open_meteo,https://archive-api.open-meteo.com/v1/archive,2026-09-16T11:06:58.921116+00:00,1.0
doi_inthanon,2016-01-02T18:00,8.9,74,0.2,2.9,51,open_meteo,https://archive-api.open-meteo.com/v1/archive,2026-09-16T11:06:58.921117+00:00,1.0
doi_inthanon,2016-01-02T19:00,8.2,78,0.0,1.1,2,open_meteo,https://archive-api.open-meteo.com/v1/archive,2026-09-16T11:06:58.921118+00:00,1.0
doi_inthanon,2016-01-02T20:00,7.8,80,0.0,0.4,2,open_meteo,https://archive-api.open-meteo.com/v1/archive,2026-09-16T11:06:58.921120+00:00,1.0
doi_inthanon,2016-01-02T21:00,7.5,80,0.0,2.3,3,open_meteo,https://archive-api.open-meteo.com/v1/archive,2026-09-16T11:06:58.921121+00:00,1.0
doi_inthanon,2016-01-02T22:00,7.1,82,0.0,3.2,3,open_meteo,https://archive-api.open-meteo.com/v1/archive,2026-09-16T11:06:58.921123+00:00,1.0
doi_inthanon,2016-01-02T23:00,6.8,81,0.0,3.3,3,open_meteo,https://archive-api.open-meteo.com/v1/archive,2026-09-16T11:06:58.921124+00:00,1.0
doi_inthanon,2016-01-03T00:00,6.5,81,0.0,3.2,3,open_meteo,https://archive-api.open-meteo.com/v1/archive,2026-09-16T11:06:58.921126+00:00,1.0
doi_inthanon,2016-01-03T01:00,6.3,81,0.0,3.3,3,open_meteo,https://archive-api.open-meteo.com/v1/archive,2026-09-16T11:06:58.921127+00:00,1.0
doi_inthanon,2016-01-03T02:00,6.7,77,0.0,3.3,2,open_meteo,https://archive-api.open-meteo.com/v1/archive,2026-09-16T11:06:58.921129+00:00,1.0
doi_inthanon,2016-01-03T03:00,6.2,79,0.0,3.3,1,open_meteo,https://archive-api.open-meteo.com/v1/archive,2026-09-16T11:06:58.921130+00:00,1.0
doi_inthanon,2016-01-03T04:00,5.5,82,0.0,3.3,1,open_meteo,https://archive-api.open-meteo.com/v1/archive,2026-09-16T11:06:58.921132+00:00,1.0
doi_inthanon,2016-01-03T05:00,4.8,84,0.0,3.3,1,open_meteo,https://archive-api.open-meteo.com/v1/archive,2026-09-16T11:06:58.921133+00:00,1.0
doi_inthanon,2016-01-03T06:00,4.3,86,0.0,2.6,1,open_meteo,https://archive-api.open-meteo.com/v1/archive,2026-09-16T11:06:58.921135+00:00,1.0
doi_inthanon,2016-01-03T07:00,4.2,85,0.0,2.7,1,open_meteo,https://archive-api.open-meteo.com/v1/archive,2026-09-16T11:06:58.921136+00:00,1.0
doi_inthanon,2016-01-03T08:00,4.7,89,0.0,2.6,1,open_meteo,https://archive-api.open-meteo.com/v1/archive,2026-09-16T11:06:58.921138+00:00,1.0
doi_inthanon,2016-01-03T09:00,7.5,85,0.0,1.3,1,open_meteo,https://archive-api.open-meteo.com/v1/archive,2026-09-16T11:06:58.921139+00:00,1.0
doi_inthanon,2016-01-03T10:00,9.6,68,0.0,0.8,1,open_meteo,https://archive-api.open-meteo.com/v1/archive,2026-09-16T11:06:58.921141+00:00,1.0
doi_inthanon,2016-01-03T11:00,11.4,55,0.0,1.8,1,open_meteo,https://archive-api.open-meteo.com/v1/archive,2026-09-16T11:06:58.921143+00:00,1.0
doi_inthanon,2016-01-03T12:00,12.8,49,0.0,2.7,1,open_meteo,https://archive-api.open-meteo.com/v1/archive,2026-09-16T11:06:58.921144+00:00,1.0
doi_inthanon,2016-01-03T13:00,13.6,44,0.0,3.9,0,open_meteo,https://archive-api.open-meteo.com/v1/archive,2026-09-16T11:06:58.921146+00:00,1.0
doi_inthanon,2016-01-03T14:00,13.6,45,0.0,5.2,1,open_meteo,https://archive-api.open-meteo.com/v1/archive,2026-09-16T11:06:58.921147+00:00,1.0
doi_inthanon,2016-01-03T15:00,13.7,42,0.0,5.7,1,open_meteo,https://archive-api.open-meteo.com/v1/archive,2026-09-16T11:06:58.921149+00:00,1.0
doi_inthanon,2016-01-03T16:00,13.1,43,0.0,5.6,1,open_meteo,https://archive-api.open-meteo.com/v1/archive,2026-09-16T11:06:58.921150+00:00,1.0
doi_inthanon,2016-01-03T17:00,12.1,50,0.0,2.9,1,open_meteo,https://archive-api.open-meteo.com/v1/archive,2026-09-16T11:06:58.921152+00:00,1.0
doi_inthanon,2016-01-03T18:00,10.6,64,0.0,0.8,0,open_meteo,https://archive-api.open-meteo.com/v1/archive,2026-09-16T11:06:58.921153+00:00,1.0
doi_inthanon,2016-01-03T19:00,9.1,67,0.0,1.3,0,open_meteo,https://archive-api.open-meteo.com/v1/archive,2026-09-16T11:06:58.921155+00:00,1.0
doi_inthanon,2016-01-03T20:00,7.9,70,0.0,2.3,0,open_meteo,https://archive-api.open-meteo.com/v1/archive,2026-09-16T11:06:58.921161+00:00,1.0
doi_inthanon,2016-01-03T21:00,7.0,74,0.0,3.1,0,open_meteo,https://archive-api.open-meteo.com/v1/archive,2026-09-16T11:06:58.921162+00:00,1.0
doi_inthanon,2016-01-03T22:00,6.2,77,0.0,2.7,0,open_meteo,https://archive-api.open-meteo.com/v1/archive,2026-09-16T11:06:58.921164+00:00,1.0
doi_inthanon,2016-01-03T23:00,5.4,80,0.0,3.0,0,open_meteo,https://archive-api.open-meteo.com/v1/archive,2026-09-16T11:06:58.921165+00:00,1.0
doi_inthanon,2016-01-04T00:00,4.9,82,0.0,3.3,0,open_meteo,https://archive-api.open-meteo.com/v1/archive,2026-09-16T11:06:58.921167+00:00,1.0
doi_inthanon,2016-01-04T01:00,4.7,82,0.0,3.6,0,open_meteo,https://archive-api.open-meteo.com/v1/archive,2026-09-16T11:06:58.921168+00:00,1.0
doi_inthanon,2016-01-04T02:00,5.4,77,0.0,4.3,0,open_meteo,https://archive-api.open-meteo.com/v1/archive,2026-09-16T11:06:58.921170+00:00,1.0
doi_inthanon,2016-01-04T03:00,4.8,78,0.0,4.4,0,open_meteo,https://archive-api.open-meteo.com/v1/archive,2026-09-16T11:06:58.921171+00:00,1.0
doi_inthanon,2016-01-04T04:00,4.1,80,0.0,4.0,0,open_meteo,https://archive-api.open-meteo.com/v1/archive,2026-09-16T11:06:58.921173+00:00,1.0
doi_inthanon,2016-01-04T05:00,3.5,82,0.0,3.7,0,open_meteo,https://archive-api.open-meteo.com/v1/archive,2026-09-16T11:06:58.921175+00:00,1.0
doi_inthanon,2016-01-04T06:00,3.1,83,0.0,3.7,0,open_meteo,https://archive-api.open-meteo.com/v1/archive,2026-09-16T11:06:58.921176+00:00,1.0
doi_inthanon,2016-01-04T07:00,2.8,84,0.0,3.7,0,open_meteo,https://archive-api.open-meteo.com/v1/archive,2026-09-16T11:06:58.921178+00:00,1.0
doi_inthanon,2016-01-04T08:00,3.6,86,0.0,4.4,0,open_meteo,https://archive-api.open-meteo.com/v1/archive,2026-09-16T11:06:58.921179+00:00,1.0
doi_inthanon,2016-01-04T09:00,8.1,68,0.0,2.6,0,open_meteo,https://archive-api.open-meteo.com/v1/archive,2026-09-16T11:06:58.921180+00:00,1.0
doi_inthanon,2016-01-04T10:00,10.2,55,0.0,3.3,0,open_meteo,https://archive-api.open-meteo.com/v1/archive,2026-09-16T11:06:58.921182+00:00,1.0
doi_inthanon,2016-01-04T11:00,11.6,46,0.0,5.4,0,open_meteo,https://archive-api.open-meteo.com/v1/archive,2026-09-16T11:06:58.921183+00:00,1.0
doi_inthanon,2016-01-04T12:00,12.6,40,0.0,6.7,0,open_meteo,https://archive-api.open-meteo.com/v1/archive,2026-09-16T11:06:58.921185+00:00,1.0
doi_inthanon,2016-01-04T13:00,13.3,35,0.0,7.9,0,open_meteo,https://archive-api.open-meteo.com/v1/archive,2026-09-16T11:06:58.921186+00:00,1.0
doi_inthanon,2016-01-04T14:00,13.6,33,0.0,8.4,0,open_meteo,https://archive-api.open-meteo.com/v1/archive,2026-09-16T11:06:58.921188+00:00,1.0
doi_inthanon,2016-01-04T15:00,13.5,33,0.0,8.9,0,open_meteo,https://archive-api.open-meteo.com/v1/archive,2026-09-16T11:06:58.921189+00:00,1.0
doi_inthanon,2016-01-04T16:00,13.1,33,0.0,8.4,0,open_meteo,https://archive-api.open-meteo.com/v1/archive,2026-09-16T11:06:58.921191+00:00,1.0
doi_inthanon,2016-01-04T17:00,12.1,41,0.0,6.2,0,open_meteo,https://archive-api.open-meteo.com/v1/archive,2026-09-16T11:06:58.921192+00:00,1.0
doi_inthanon,2016-01-04T18:00,10.7,47,0.0,6.4,0,open_meteo,https://archive-api.open-meteo.com/v1/archive,2026-09-16T11:06:58.921193+00:00,1.0
doi_inthanon,2016-01-04T19:00,8.8,53,0.0,5.6,0,open_meteo,https://archive-api.open-meteo.com/v1/archive,2026-09-16T11:06:58.921195+00:00,1.0
doi_inthanon,2016-01-04T20:00,7.3,59,0.0,5.1,0,open_meteo,https://archive-api.open-meteo.com/v1/archive,2026-09-16T11:06:58.921196+00:00,1.0
doi_inthanon,2016-01-04T21:00,5.5,68,0.0,5.4,0,open_meteo,https://archive-api.open-meteo.com/v1/archive,2026-09-16T11:06:58.921198+00:00,1.0
doi_inthanon,2016-01-04T22:00,4.4,74,0.0,5.4,0,open_meteo,https://archive-api.open-meteo.com/v1/archive,2026-09-16T11:06:58.921200+00:00,1.0
doi_inthanon,2016-01-04T23:00,3.8,77,0.0,5.1,0,open_meteo,https://archive-api.open-meteo.com/v1/archive,2026-09-16T11:06:58.921201+00:00,1.0
doi_inthanon,2016-01-05T00:00,3.4,78,0.0,5.1,0,open_meteo,https://archive-api.open-meteo.com/v1/archive,2026-09-16T11:06:58.921202+00:00,1.0
doi_inthanon,2016-01-05T01:00,3.0,79,0.0,4.7,0,open_meteo,https://archive-api.open-meteo.com/v1/archive,2026-09-16T11:06:58.921204+00:00,1.0
doi_inthanon,2016-01-05T02:00,2.7,80,0.0,4.7,0,open_meteo,https://archive-api.open-meteo.com/v1/archive,2026-09-16T11:06:58.921205+00:00,1.0
doi_inthanon,2016-01-05T03:00,2.2,81,0.0,5.2,0,open_meteo,https://archive-api.open-meteo.com/v1/archive,2026-09-16T11:06:58.921207+00:00,1.0
doi_inthanon,2016-01-05T04:00,1.8,83,0.0,5.2,0,open_meteo,https://archive-api.open-meteo.com/v1/archive,2026-09-16T11:06:58.921208+00:00,1.0
doi_inthanon,2016-01-05T05:00,1.5,84,0.0,5.2,0,open_meteo,https://archive-api.open-meteo.com/v1/archive,2026-09-16T11:06:58.921210+00:00,1.0
doi_inthanon,2016-01-05T06:00,1.3,84,0.0,4.9,0,open_meteo,https://archive-api.open-meteo.com/v1/archive,2026-09-16T11:06:58.921211+00:00,1.0
doi_inthanon,2016-01-05T07:00,1.1,85,0.0,4.6,0,open_meteo,https://archive-api.open-meteo.com/v1/archive,2026-09-16T11:06:58.921213+00:00,1.0
doi_inthanon,2016-01-05T08:00,2.4,85,0.0,4.3,0,open_meteo,https://archive-api.open-meteo.com/v1/archive,2026-09-16T11:06:58.921217+00:00,1.0
doi_inthanon,2016-01-05T09:00,7.4,68,0.0,2.3,0,open_meteo,https://archive-api.open-meteo.com/v1/archive,2026-09-16T11:06:58.921219+00:00,1.0
doi_inthanon,2016-01-05T10:00,9.8,53,0.0,2.3,0,open_meteo,https://archive-api.open-meteo.com/v1/archive,2026-09-16T11:06:58.921220+00:00,1.0
doi_inthanon,2016-01-05T11:00,11.3,47,0.0,3.8,0,open_meteo,https://archive-api.open-meteo.com/v1/archive,2026-09-16T11:06:58.921222+00:00,1.0
doi_inthanon,2016-01-05T12:00,12.4,43,0.0,4.7,0,open_meteo,https://archive-api.open-meteo.com/v1/archive,2026-09-16T11:06:58.921226+00:00,1.0
doi_inthanon,2016-01-05T13:00,13.2,40,0.0,5.2,0,open_meteo,https://archive-api.open-meteo.com/v1/archive,2026-09-16T11:06:58.921228+00:00,1.0
doi_inthanon,2016-01-05T14:00,13.3,39,0.0,5.0,0,open_meteo,https://archive-api.open-meteo.com/v1/archive,2026-09-16T11:06:58.921230+00:00,1.0
doi_inthanon,2016-01-05T15:00,13.4,39,0.0,4.7,0,open_meteo,https://archive-api.open-meteo.com/v1/archive,2026-09-16T11:06:58.921231+00:00,1.0
doi_inthanon,2016-01-05T16:00,13.1,39,0.0,4.9,0,open_meteo,https://archive-api.open-meteo.com/v1/archive,2026-09-16T11:06:58.921233+00:00,1.0
doi_inthanon,2016-01-05T17:00,12.0,47,0.0,5.1,0,open_meteo,https://archive-api.open-meteo.com/v1/archive,2026-09-16T11:06:58.921234+00:00,1.0
doi_inthanon,2016-01-05T18:00,10.6,53,0.0,4.3,0,open_meteo,https://archive-api.open-meteo.com/v1/archive,2026-09-16T11:06:58.921236+00:00,1.0
doi_inthanon,2016-01-05T19:00,9.6,55,0.0,0.4,0,open_meteo,https://archive-api.open-meteo.com/v1/archive,2026-09-16T11:06:58.921237+00:00,1.0
doi_inthanon,2016-01-05T20:00,7.1,71,0.0,2.1,0,open_meteo,https://archive-api.open-meteo.com/v1/archive,2026-09-16T11:06:58.921239+00:00,1.0
doi_inthanon,2016-01-05T21:00,6.3,71,0.0,3.2,0,open_meteo,https://archive-api.open-meteo.com/v1/archive,2026-09-16T11:06:58.921240+00:00,1.0
doi_inthanon,2016-01-05T22:00,5.5,74,0.0,3.9,0,open_meteo,https://archive-api.open-meteo.com/v1/archive,2026-09-16T11:06:58.921241+00:00,1.0
doi_inthanon,2016-01-05T23:00,4.8,78,0.0,3.9,1,open_meteo,https://archive-api.open-meteo.com/v1/archive,2026-09-16T11:06:58.921243+00:00,1.0
doi_inthanon,2016-01-06T00:00,4.0,81,0.0,3.9,1,open_meteo,https://archive-api.open-meteo.com/v1/archive,2026-09-16T11:06:58.921244+00:00,1.0
doi_inthanon,2016-01-06T01:00,3.4,83,0.0,3.8,2,open_meteo,https://archive-api.open-meteo.com/v1/archive,2026-09-16T11:06:58.921246+00:00,1.0
doi_inthanon,2016-01-06T02:00,2.9,83,0.0,3.9,2,open_meteo,https://archive-api.open-meteo.com/v1/archive,2026-09-16T11:06:58.921247+00:00,1.0
doi_inthanon,2016-01-06T03:00,2.5,84,0.0,3.9,2,open_meteo,https://archive-api.open-meteo.com/v1/archive,2026-09-16T11:06:58.921249+00:00,1.0
doi_inthanon,2016-01-06T04:00,2.1,84,0.0,3.9,1,open_meteo,https://archive-api.open-meteo.com/v1/archive,2026-09-16T11:06:58.921250+00:00,1.0
doi_inthanon,2016-01-06T05:00,1.8,84,0.0,3.4,0,open_meteo,https://archive-api.open-meteo.com/v1/archive,2026-09-16T11:06:58.921252+00:00,1.0
doi_inthanon,2016-01-06T06:00,1.6,84,0.0,3.5,0,open_meteo,https://archive-api.open-meteo.com/v1/archive,2026-09-16T11:06:58.921253+00:00,1.0
doi_inthanon,2016-01-06T07:00,1.5,83,0.0,3.2,0,open_meteo,https://archive-api.open-meteo.com/v1/archive,2026-09-16T11:06:58.921254+00:00,1.0
doi_inthanon,2016-01-06T08:00,2.8,82,0.0,2.4,0,open_meteo,https://archive-api.open-meteo.com/v1/archive,2026-09-16T11:06:58.921256+00:00,1.0
doi_inthanon,2016-01-06T09:00,7.7,67,0.0,0.7,0,open_meteo,https://archive-api.open-meteo.com/v1/archive,2026-09-16T11:06:58.921258+00:00,1.0
doi_inthanon,2016-01-06T10:00,10.1,48,0.0,2.6,0,open_meteo,https://archive-api.open-meteo.com/v1/archive,2026-09-16T11:06:58.921259+00:00,1.0
doi_inthanon,2016-01-06T11:00,11.5,41,0.0,4.9,0,open_meteo,https://archive-api.open-meteo.com/v1/archive,2026-09-16T11:06:58.921261+00:00,1.0
doi_inthanon,2016-01-06T12:00,12.6,37,0.0,5.9,0,open_meteo,https://archive-api.open-meteo.com/v1/archive,2026-09-16T11:06:58.921262+00:00,1.0
doi_inthanon,2016-01-06T13:00,13.4,34,0.0,5.6,0,open_meteo,https://archive-api.open-meteo.com/v1/archive,2026-09-16T11:06:58.921263+00:00,1.0
doi_inthanon,2016-01-06T14:00,13.6,35,0.0,5.5,0,open_meteo,https://archive-api.open-meteo.com/v1/archive,2026-09-16T11:06:58.921265+00:00,1.0
doi_inthanon,2016-01-06T15:00,13.7,34,0.0,5.3,0,open_meteo,https://archive-api.open-meteo.com/v1/archive,2026-09-16T11:06:58.921266+00:00,1.0
doi_inthanon,2016-01-06T16:00,13.4,35,0.0,5.4,0,open_meteo,https://archive-api.open-meteo.com/v1/archive,2026-09-16T11:06:58.921268+00:00,1.0
doi_inthanon,2016-01-06T17:00,12.1,44,0.0,5.6,0,open_meteo,https://archive-api.open-meteo.com/v1/archive,2026-09-16T11:06:58.921269+00:00,1.0
doi_inthanon,2016-01-06T18:00,10.6,50,0.0,3.8,0,open_meteo,https://archive-api.open-meteo.com/v1/archive,2026-09-16T11:06:58.921271+00:00,1.0
doi_inthanon,2016-01-06T19:00,9.7,50,0.0,0.4,0,open_meteo,https://archive-api.open-meteo.com/v1/archive,2026-09-16T11:06:58.921272+00:00,1.0
doi_inthanon,2016-01-06T20:00,7.1,68,0.0,3.1,0,open_meteo,https://archive-api.open-meteo.com/v1/archive,2026-09-16T11:06:58.921274+00:00,1.0
doi_inthanon,2016-01-06T21:00,6.4,65,0.0,4.7,0,open_meteo,https://archive-api.open-meteo.com/v1/archive,2026-09-16T11:06:58.921275+00:00,1.0
doi_inthanon,2016-01-06T22:00,5.7,67,0.0,4.9,0,open_meteo,https://archive-api.open-meteo.com/v1/archive,2026-09-16T11:06:58.921276+00:00,1.0
doi_inthanon,2016-01-06T23:00,5.0,71,0.0,4.5,0,open_meteo,https://archive-api.open-meteo.com/v1/archive,2026-09-16T11:06:58.921278+00:00,1.0
doi_inthanon,2016-01-07T00:00,4.3,74,0.0,4.1,0,open_meteo,https://archive-api.open-meteo.com/v1/archive,2026-09-16T11:06:58.921279+00:00,1.0
doi_inthanon,2016-01-07T01:00,3.8,76,0.0,3.8,0,open_meteo,https://archive-api.open-meteo.com/v1/archive,2026-09-16T11:06:58.921281+00:00,1.0
doi_inthanon,2016-01-07T02:00,3.2,77,0.0,3.8,0,open_meteo,https://archive-api.open-meteo.com/v1/archive,2026-09-16T11:06:58.921282+00:00,1.0
doi_inthanon,2016-01-07T03:00,2.8,77,0.0,3.8,0,open_meteo,https://archive-api.open-meteo.com/v1/archive,2026-09-16T11:06:58.921284+00:00,1.0
doi_inthanon,2016-01-07T04:00,2.6,76,0.0,3.4,0,open_meteo,https://archive-api.open-meteo.com/v1/archive,2026-09-16T11:06:58.921288+00:00,1.0
doi_inthanon,2016-01-07T05:00,2.4,75,0.0,3.4,0,open_meteo,https://archive-api.open-meteo.com/v1/archive,2026-09-16T11:06:58.921290+00:00,1.0
doi_inthanon,2016-01-07T06:00,2.4,73,0.0,3.1,0,open_meteo,https://archive-api.open-meteo.com/v1/archive,2026-09-16T11:06:58.921291+00:00,1.0
doi_inthanon,2016-01-07T07:00,2.5,71,0.0,2.6,0,open_meteo,https://archive-api.open-meteo.com/v1/archive,2026-09-16T11:06:58.921293+00:00,1.0
doi_inthanon,2016-01-07T08:00,3.6,73,0.0,1.9,0,open_meteo,https://archive-api.open-meteo.com/v1/archive,2026-09-16T11:06:58.921294+00:00,1.0
doi_inthanon,2016-01-07T09:00,7.8,64,0.0,1.0,0,open_meteo,https://archive-api.open-meteo.com/v1/archive,2026-09-16T11:06:58.921296+00:00,1.0
doi_inthanon,2016-01-07T10:00,10.3,48,0.0,2.3,0,open_meteo,https://archive-api.open-meteo.com/v1/archive,2026-09-16T11:06:58.921297+00:00,1.0
doi_inthanon,2016-01-07T11:00,11.9,41,0.0,4.2,0,open_meteo,https://archive-api.open-meteo.com/v1/archive,2026-09-16T11:06:58.921298+00:00,1.0
doi_inthanon,2016-01-07T12:00,13.2,35,0.0,5.5,0,open_meteo,https://archive-api.open-meteo.com/v1/archive,2026-09-16T11:06:58.921300+00:00,1.0
doi_inthanon,2016-01-07T13:00,14.1,32,0.0,5.5,3,open_meteo,https://archive-api.open-meteo.com/v1/archive,2026-09-16T11:06:58.921301+00:00,1.0
doi_inthanon,2016-01-07T14:00,14.1,34,0.0,5.8,2,open_meteo,https://archive-api.open-meteo.com/v1/archive,2026-09-16T11:06:58.921303+00:00,1.0
doi_inthanon,2016-01-07T15:00,14.2,32,0.0,5.4,1,open_meteo,https://archive-api.open-meteo.com/v1/archive,2026-09-16T11:06:58.921304+00:00,1.0
doi_inthanon,2016-01-07T16:00,13.9,32,0.0,4.4,2,open_meteo,https://archive-api.open-meteo.com/v1/archive,2026-09-16T11:06:58.921306+00:00,1.0
doi_inthanon,2016-01-07T17:00,12.1,48,0.0,3.0,3,open_meteo,https://archive-api.open-meteo.com/v1/archive,2026-09-16T11:06:58.921307+00:00,1.0
doi_inthanon,2016-01-07T18:00,10.5,57,0.0,0.7,3,open_meteo,https://archive-api.open-meteo.com/v1/archive,2026-09-16T11:06:58.921309+00:00,1.0
doi_inthanon,2016-01-07T19:00,8.7,66,0.0,2.9,3,open_meteo,https://archive-api.open-meteo.com/v1/archive,2026-09-16T11:06:58.921310+00:00,1.0
doi_inthanon,2016-01-07T20:00,7.5,68,0.0,4.2,3,open_meteo,https://archive-api.open-meteo.com/v1/archive,2026-09-16T11:06:58.921311+00:00,1.0
doi_inthanon,2016-01-07T21:00,6.4,73,0.0,4.1,2,open_meteo,https://archive-api.open-meteo.com/v1/archive,2026-09-16T11:06:58.921313+00:00,1.0
doi_inthanon,2016-01-07T22:00,5.3,76,0.0,3.7,1,open_meteo,https://archive-api.open-meteo.com/v1/archive,2026-09-16T11:06:58.921314+00:00,1.0
doi_inthanon,2016-01-07T23:00,4.5,78,0.0,4.0,1,open_meteo,https://archive-api.open-meteo.com/v1/archive,2026-09-16T11:06:58.921318+00:00,1.0
doi_suthep_pui,2016-01-01T00:00,16.0,72,0.0,4.4,1,open_meteo,https://archive-api.open-meteo.com/v1/archive,2026-09-16T11:06:58.921320+00:00,1.0
doi_suthep_pui,2016-01-01T01:00,14.7,79,0.0,4.9,1,open_meteo,https://archive-api.open-meteo.com/v1/archive,2026-09-16T11:06:58.921322+00:00,1.0
doi_suthep_pui,2016-01-01T02:00,14.3,82,0.0,4.8,1,open_meteo,https://archive-api.open-meteo.com/v1/archive,2026-09-16T11:06:58.921323+00:00,1.0
doi_suthep_pui,2016-01-01T03:00,14.1,84,0.0,4.5,2,open_meteo,https://archive-api.open-meteo.com/v1/archive,2026-09-16T11:06:58.921325+00:00,1.0
doi_suthep_pui,2016-01-01T04:00,14.3,82,0.0,4.7,2,open_meteo,https://archive-api.open-meteo.com/v1/archive,2026-09-16T11:06:58.921326+00:00,1.0
doi_suthep_pui,2016-01-01T05:00,14.5,81,0.0,4.3,3,open_meteo,https://archive-api.open-meteo.com/v1/archive,2026-09-16T11:06:58.921328+00:00,1.0
doi_suthep_pui,2016-01-01T06:00,14.4,82,0.0,4.7,3,open_meteo,https://archive-api.open-meteo.com/v1/archive,2026-09-16T11:06:58.921329+00:00,1.0
doi_suthep_pui,2016-01-01T07:00,14.2,83,0.0,4.1,3,open_meteo,https://archive-api.open-meteo.com/v1/archive,2026-09-16T11:06:58.921331+00:00,1.0
doi_suthep_pui,2016-01-01T08:00,15.1,79,0.0,3.1,3,open_meteo,https://archive-api.open-meteo.com/v1/archive,2026-09-16T11:06:58.921332+00:00,1.0
doi_suthep_pui,2016-01-01T09:00,17.3,72,0.0,0.7,2,open_meteo,https://archive-api.open-meteo.com/v1/archive,2026-09-16T11:06:58.921333+00:00,1.0
doi_suthep_pui,2016-01-01T10:00,19.0,60,0.0,6.1,2,open_meteo,https://archive-api.open-meteo.com/v1/archive,2026-09-16T11:06:58.921335+00:00,1.0
doi_suthep_pui,2016-01-01T11:00,20.5,53,0.0,8.8,2,open_meteo,https://archive-api.open-meteo.com/v1/archive,2026-09-16T11:06:58.921336+00:00,1.0
doi_suthep_pui,2016-01-01T12:00,21.1,49,0.0,7.3,2,open_meteo,https://archive-api.open-meteo.com/v1/archive,2026-09-16T11:06:58.921338+00:00,1.0
doi_suthep_pui,2016-01-01T13:00,21.7,46,0.0,6.3,3,open_meteo,https://archive-api.open-meteo.com/v1/archive,2026-09-16T11:06:58.921339+00:00,1.0
doi_suthep_pui,2016-01-01T14:00,21.8,45,0.0,5.2,3,open_meteo,https://archive-api.open-meteo.com/v1/archive,2026-09-16T11:06:58.921341+00:00,1.0
doi_suthep_pui,2016-01-01T15:00,21.8,44,0.0,4.7,3,open_meteo,https://archive-api.open-meteo.com/v1/archive,2026-09-16T11:06:58.921342+00:00,1.0
doi_suthep_pui,2016-01-01T16:00,21.7,45,0.0,4.7,3,open_meteo,https://archive-api.open-meteo.com/v1/archive,2026-09-16T11:06:58.921344+00:00,1.0
doi_suthep_pui,2016-01-01T17:00,21.1,48,0.0,4.9,2,open_meteo,https://archive-api.open-meteo.com/v1/archive,2026-09-16T11:06:58.921345+00:00,1.0
doi_suthep_pui,2016-01-01T18:00,20.1,52,0.0,5.2,1,open_meteo,https://archive-api.open-meteo.com/v1/archive,2026-09-16T11:06:58.921347+00:00,1.0
doi_suthep_pui,2016-01-01T19:00,19.6,54,0.0,2.6,0,open_meteo,https://archive-api.open-meteo.com/v1/archive,2026-09-16T11:06:58.921348+00:00,1.0
doi_suthep_pui,2016-01-01T20:00,19.3,52,0.0,0.5,0,open_meteo,https://archive-api.open-meteo.com/v1/archive,2026-09-16T11:06:58.921355+00:00,1.0
doi_suthep_pui,2016-01-01T21:00,18.7,54,0.0,3.4,0,open_meteo,https://archive-api.open-meteo.com/v1/archive,2026-09-16T11:06:58.921356+00:00,1.0
doi_suthep_pui,2016-01-01T22:00,17.1,63,0.0,4.8,0,open_meteo,https://archive-api.open-meteo.com/v1/archive,2026-09-16T11:06:58.921394+00:00,1.0
doi_suthep_pui,2016-01-01T23:00,16.2,66,0.0,5.2,0,open_meteo,https://archive-api.open-meteo.com/v1/archive,2026-09-16T11:06:58.921396+00:00,1.0
doi_suthep_pui,2016-01-02T00:00,15.5,69,0.0,4.8,0,open_meteo,https://archive-api.open-meteo.com/v1/archive,2026-09-16T11:06:58.921397+00:00,1.0
doi_suthep_pui,2016-01-02T01:00,14.5,74,0.0,4.0,0,open_meteo,https://archive-api.open-meteo.com/v1/archive,2026-09-16T11:06:58.921399+00:00,1.0
doi_suthep_pui,2016-01-02T02:00,13.2,82,0.0,4.4,2,open_meteo,https://archive-api.open-meteo.com/v1/archive,2026-09-16T11:06:58.921400+00:00,1.0
doi_suthep_pui,2016-01-02T03:00,12.6,85,0.0,5.5,3,open_meteo,https://archive-api.open-meteo.com/v1/archive,2026-09-16T11:06:58.921402+00:00,1.0
doi_suthep_pui,2016-01-02T04:00,12.2,87,0.0,5.2,3,open_meteo,https://archive-api.open-meteo.com/v1/archive,2026-09-16T11:06:58.921403+00:00,1.0
doi_suthep_pui,2016-01-02T05:00,11.8,89,0.0,5.1,3,open_meteo,https://archive-api.open-meteo.com/v1/archive,2026-09-16T11:06:58.921405+00:00,1.0
doi_suthep_pui,2016-01-02T06:00,11.6,91,0.0,5.1,3,open_meteo,https://archive-api.open-meteo.com/v1/archive,2026-09-16T11:06:58.921406+00:00,1.0
doi_suthep_pui,2016-01-02T07:00,11.2,92,0.0,4.8,3,open_meteo,https://archive-api.open-meteo.com/v1/archive,2026-09-16T11:06:58.921407+00:00,1.0
doi_suthep_pui,2016-01-02T08:00,12.9,87,0.0,3.1,3,open_meteo,https://archive-api.open-meteo.com/v1/archive,2026-09-16T11:06:58.921409+00:00,1.0
doi_suthep_pui,2016-01-02T09:00,16.4,71,0.0,1.3,3,open_meteo,https://archive-api.open-meteo.com/v1/archive,2026-09-16T11:06:58.921410+00:00,1.0
doi_suthep_pui,2016-01-02T10:00,18.9,58,0.0,1.6,3,open_meteo,https://archive-api.open-meteo.com/v1/archive,2026-09-16T11:06:58.921412+00:00,1.0
doi_suthep_pui,2016-01-02T11:00,20.5,52,0.0,4.6,3,open_meteo,https://archive-api.open-meteo.com/v1/archive,2026-09-16T11:06:58.921413+00:00,1.0
doi_suthep_pui,2016-01-02T12:00,21.3,49,0.0,5.8,0,open_meteo,https://archive-api.open-meteo.com/v1/archive,2026-09-16T11:06:58.921415+00:00,1.0
doi_suthep_pui,2016-01-02T13:00,22.3,44,0.0,5.8,1,open_meteo,https://archive-api.open-meteo.com/v1/archive,2026-09-16T11:06:58.921416+00:00,1.0
doi_suthep_pui,2016-01-02T14:00,21.6,47,0.0,5.2,2,open_meteo,https://archive-api.open-meteo.com/v1/archive,2026-09-16T11:06:58.921418+00:00,1.0
doi_suthep_pui,2016-01-02T15:00,21.8,46,0.0,4.4,1,open_meteo,https://archive-api.open-meteo.com/v1/archive,2026-09-16T11:06:58.921419+00:00,1.0
doi_suthep_pui,2016-01-02T16:00,21.5,46,0.0,4.3,1,open_meteo,https://archive-api.open-meteo.com/v1/archive,2026-09-16T11:06:58.921421+00:00,1.0
doi_suthep_pui,2016-01-02T17:00,20.7,51,0.0,3.9,2,open_meteo,https://archive-api.open-meteo.com/v1/archive,2026-09-16T11:06:58.921422+00:00,1.0
doi_suthep_pui,2016-01-02T18:00,19.9,61,0.0,4.6,2,open_meteo,https://archive-api.open-meteo.com/v1/archive,2026-09-16T11:06:58.921424+00:00,1.0
doi_suthep_pui,2016-01-02T19:00,18.5,69,0.0,1.3,1,open_meteo,https://archive-api.open-meteo.com/v1/archive,2026-09-16T11:06:58.921425+00:00,1.0
doi_suthep_pui,2016-01-02T20:00,17.7,71,0.0,3.0,1,open_meteo,https://archive-api.open-meteo.com/v1/archive,2026-09-16T11:06:58.921426+00:00,1.0
doi_suthep_pui,2016-01-02T21:00,16.8,76,0.0,4.2,1,open_meteo,https://archive-api.open-meteo.com/v1/archive,2026-09-16T11:06:58.921428+00:00,1.0
doi_suthep_pui,2016-01-02T22:00,16.0,79,0.0,3.2,1,open_meteo,https://archive-api.open-meteo.com/v1/archive,2026-09-16T11:06:58.921429+00:00,1.0
doi_suthep_pui,2016-01-02T23:00,15.7,79,0.0,2.5,1,open_meteo,https://archive-api.open-meteo.com/v1/archive,2026-09-16T11:06:58.921431+00:00,1.0
doi_suthep_pui,2016-01-03T00:00,15.4,81,0.0,2.6,1,open_meteo,https://archive-api.open-meteo.com/v1/archive,2026-09-16T11:06:58.921432+00:00,1.0
doi_suthep_pui,2016-01-03T01:00,14.9,83,0.0,2.3,1,open_meteo,https://archive-api.open-meteo.com/v1/archive,2026-09-16T11:06:58.921434+00:00,1.0
doi_suthep_pui,2016-01-03T02:00,16.0,71,0.0,2.2,1,open_meteo,https://archive-api.open-meteo.com/v1/archive,2026-09-16T11:06:58.921435+00:00,1.0
doi_suthep_pui,2016-01-03T03:00,15.3,75,0.0,2.1,1,open_meteo,https://archive-api.open-meteo.com/v1/archive,2026-09-16T11:06:58.921437+00:00,1.0
doi_suthep_pui,2016-01-03T04:00,14.7,76,0.0,2.8,1,open_meteo,https://archive-api.open-meteo.com/v1/archive,2026-09-16T11:06:58.921438+00:00,1.0
doi_suthep_pui,2016-01-03T05:00,13.8,80,0.0,2.6,0,open_meteo,https://archive-api.open-meteo.com/v1/archive,2026-09-16T11:06:58.921439+00:00,1.0
doi_suthep_pui,2016-01-03T06:00,13.0,85,0.0,3.9,0,open_meteo,https://archive-api.open-meteo.com/v1/archive,2026-09-16T11:06:58.921441+00:00,1.0
doi_suthep_pui,2016-01-03T07:00,12.6,88,0.0,4.3,0,open_meteo,https://archive-api.open-meteo.com/v1/archive,2026-09-16T11:06:58.921442+00:00,1.0
doi_suthep_pui,2016-01-03T08:00,13.8,85,0.0,4.3,0,open_meteo,https://archive-api.open-meteo.com/v1/archive,2026-09-16T11:06:58.921444+00:00,1.0
doi_suthep_pui,2016-01-03T09:00,17.1,68,0.0,2.4,0,open_meteo,https://archive-api.open-meteo.com/v1/archive,2026-09-16T11:06:58.921445+00:00,1.0
doi_suthep_pui,2016-01-03T10:00,19.3,59,0.0,0.8,0,open_meteo,https://archive-api.open-meteo.com/v1/archive,2026-09-16T11:06:58.921447+00:00,1.0
doi_suthep_pui,2016-01-03T11:00,21.0,52,0.0,1.0,0,open_meteo,https://archive-api.open-meteo.com/v1/archive,2026-09-16T11:06:58.921448+00:00,1.0
doi_suthep_pui,2016-01-03T12:00,22.2,46,0.0,2.9,0,open_meteo,https://archive-api.open-meteo.com/v1/archive,2026-09-16T11:06:58.921454+00:00,1.0
doi_suthep_pui,2016-01-03T13:00,23.1,42,0.0,4.8,0,open_meteo,https://archive-api.open-meteo.com/v1/archive,2026-09-16T11:06:58.921456+00:00,1.0
doi_suthep_pui,2016-01-03T14:00,23.0,43,0.0,5.4,1,open_meteo,https://archive-api.open-meteo.com/v1/archive,2026-09-16T11:06:58.921457+00:00,1.0
doi_suthep_pui,2016-01-03T15:00,23.0,42,0.0,5.5,1,open_meteo,https://archive-api.open-meteo.com/v1/archive,2026-09-16T11:06:58.921458+00:00,1.0
doi_suthep_pui,2016-01-03T16:00,22.7,43,0.0,5.1,1,open_meteo,https://archive-api.open-meteo.com/v1/archive,2026-09-16T11:06:58.921460+00:00,1.0
doi_suthep_pui,2016-01-03T17:00,22.2,46,0.0,4.7,0,open_meteo,https://archive-api.open-meteo.com/v1/archive,2026-09-16T11:06:58.921462+00:00,1.0
doi_suthep_pui,2016-01-03T18:00,20.9,58,0.0,4.4,0,open_meteo,https://archive-api.open-meteo.com/v1/archive,2026-09-16T11:06:58.921463+00:00,1.0
doi_suthep_pui,2016-01-03T19:00,18.9,68,0.0,4.0,0,open_meteo,https://archive-api.open-meteo.com/v1/archive,2026-09-16T11:06:58.921465+00:00,1.0
doi_suthep_pui,2016-01-03T20:00,18.0,68,0.0,4.0,0,open_meteo,https://archive-api.open-meteo.com/v1/archive,2026-09-16T11:06:58.921466+00:00,1.0
doi_suthep_pui,2016-01-03T21:00,17.0,71,0.0,3.4,0,open_meteo,https://archive-api.open-meteo.com/v1/archive,2026-09-16T11:06:58.921468+00:00,1.0
doi_suthep_pui,2016-01-03T22:00,16.0,74,0.0,2.3,0,open_meteo,https://archive-api.open-meteo.com/v1/archive,2026-09-16T11:06:58.921469+00:00,1.0
doi_suthep_pui,2016-01-03T23:00,15.2,77,0.0,1.3,0,open_meteo,https://archive-api.open-meteo.com/v1/archive,2026-09-16T11:06:58.921471+00:00,1.0
doi_suthep_pui,2016-01-04T00:00,15.1,75,0.0,1.5,0,open_meteo,https://archive-api.open-meteo.com/v1/archive,2026-09-16T11:06:58.921472+00:00,1.0
doi_suthep_pui,2016-01-04T01:00,15.3,73,0.0,2.2,0,open_meteo,https://archive-api.open-meteo.com/v1/archive,2026-09-16T11:06:58.921473+00:00,1.0
doi_suthep_pui,2016-01-04T02:00,16.5,63,0.0,1.8,0,open_meteo,https://archive-api.open-meteo.com/v1/archive,2026-09-16T11:06:58.921475+00:00,1.0
doi_suthep_pui,2016-01-04T03:00,15.4,68,0.0,0.4,0,open_meteo,https://archive-api.open-meteo.com/v1/archive,2026-09-16T11:06:58.921476+00:00,1.0
doi_suthep_pui,2016-01-04T04:00,14.2,76,0.0,1.8,0,open_meteo,https://archive-api.open-meteo.com/v1/archive,2026-09-16T11:06:58.921478+00:00,1.0
doi_suthep_pui,2016-01-04T05:00,13.1,81,0.0,3.3,0,open_meteo,https://archive-api.open-meteo.com/v1/archive,2026-09-16T11:06:58.921479+00:00,1.0
doi_suthep_pui,2016-01-04T06:00,12.6,83,0.0,4.8,0,open_meteo,https://archive-api.open-meteo.com/v1/archive,2026-09-16T11:06:58.921481+00:00,1.0
doi_suthep_pui,2016-01-04T07:00,12.5,83,0.0,4.2,0,open_meteo,https://archive-api.open-meteo.com/v1/archive,2026-09-16T11:06:58.921482+00:00,1.0
doi_suthep_pui,2016-01-04T08:00,13.4,80,0.0,3.2,0,open_meteo,https://archive-api.open-meteo.com/v1/archive,2026-09-16T11:06:58.921484+00:00,1.0
doi_suthep_pui,2016-01-04T09:00,17.0,67,0.0,0.5,0,open_meteo,https://archive-api.open-meteo.com/v1/archive,2026-09-16T11:06:58.921485+00:00,1.0
doi_suthep_pui,2016-01-04T10:00,19.4,56,0.0,1.5,0,open_meteo,https://archive-api.open-meteo.com/v1/archive,2026-09-16T11:06:58.921487+00:00,1.0
doi_suthep_pui,2016-01-04T11:00,21.1,49,0.0,3.9,0,open_meteo,https://archive-api.open-meteo.com/v1/archive,2026-09-16T11:06:58.921488+00:00,1.0
doi_suthep_pui,2016-01-04T12:00,22.2,42,0.0,6.5,0,open_meteo,https://archive-api.open-meteo.com/v1/archive,2026-09-16T11:06:58.921490+00:00,1.0
doi_suthep_pui,2016-01-04T13:00,23.0,37,0.0,7.1,0,open_meteo,https://archive-api.open-meteo.com/v1/archive,2026-09-16T11:06:58.921491+00:00,1.0
doi_suthep_pui,2016-01-04T14:00,23.2,37,0.0,6.6,0,open_meteo,https://archive-api.open-meteo.com/v1/archive,2026-09-16T11:06:58.921493+00:00,1.0
doi_suthep_pui,2016-01-04T15:00,23.2,36,0.0,6.1,0,open_meteo,https://archive-api.open-meteo.com/v1/archive,2026-09-16T11:06:58.921494+00:00,1.0
doi_suthep_pui,2016-01-04T16:00,23.2,36,0.0,5.9,0,open_meteo,https://archive-api.open-meteo.com/v1/archive,2026-09-16T11:06:58.921496+00:00,1.0
doi_suthep_pui,2016-01-04T17:00,22.4,41,0.0,3.3,0,open_meteo,https://archive-api.open-meteo.com/v1/archive,2026-09-16T11:06:58.921497+00:00,1.0
doi_suthep_pui,2016-01-04T18:00,21.3,54,0.0,2.1,0,open_meteo,https://archive-api.open-meteo.com/v1/archive,2026-09-16T11:06:58.921499+00:00,1.0
doi_suthep_pui,2016-01-04T19:00,21.1,41,0.0,2.2,0,open_meteo,https://archive-api.open-meteo.com/v1/archive,2026-09-16T11:06:58.921500+00:00,1.0
doi_suthep_pui,2016-01-04T20:00,18.9,51,0.0,2.0,0,open_meteo,https://archive-api.open-meteo.com/v1/archive,2026-09-16T11:06:58.921502+00:00,1.0
doi_suthep_pui,2016-01-04T21:00,16.2,66,0.0,5.6,0,open_meteo,https://archive-api.open-meteo.com/v1/archive,2026-09-16T11:06:58.921503+00:00,1.0
doi_suthep_pui,2016-01-04T22:00,15.0,68,0.0,8.4,0,open_meteo,https://archive-api.open-meteo.com/v1/archive,2026-09-16T11:06:58.921505+00:00,1.0
doi_suthep_pui,2016-01-04T23:00,14.0,74,0.0,8.0,0,open_meteo,https://archive-api.open-meteo.com/v1/archive,2026-09-16T11:06:58.921506+00:00,1.0
doi_suthep_pui,2016-01-05T00:00,13.2,78,0.0,7.6,0,open_meteo,https://archive-api.open-meteo.com/v1/archive,2026-09-16T11:06:58.921508+00:00,1.0
doi_suthep_pui,2016-01-05T01:00,12.4,82,0.0,6.5,0,open_meteo,https://archive-api.open-meteo.com/v1/archive,2026-09-16T11:06:58.921509+00:00,1.0
doi_suthep_pui,2016-01-05T02:00,12.0,83,0.0,5.8,0,open_meteo,https://archive-api.open-meteo.com/v1/archive,2026-09-16T11:06:58.921511+00:00,1.0
doi_suthep_pui,2016-01-05T03:00,11.3,85,0.0,6.2,0,open_meteo,https://archive-api.open-meteo.com/v1/archive,2026-09-16T11:06:58.921512+00:00,1.0
doi_suthep_pui,2016-01-05T04:00,10.8,86,0.0,6.2,0,open_meteo,https://archive-api.open-meteo.com/v1/archive,2026-09-16T11:06:58.921516+00:00,1.0
doi_suthep_pui,2016-01-05T05:00,10.5,87,0.0,5.7,0,open_meteo,https://archive-api.open-meteo.com/v1/archive,2026-09-16T11:06:58.921517+00:00,1.0
doi_suthep_pui,2016-01-05T06:00,10.3,86,0.0,5.8,0,open_meteo,https://archive-api.open-meteo.com/v1/archive,2026-09-16T11:06:58.921519+00:00,1.0
doi_suthep_pui,2016-01-05T07:00,10.1,86,0.0,5.4,0,open_meteo,https://archive-api.open-meteo.com/v1/archive,2026-09-16T11:06:58.921520+00:00,1.0
doi_suthep_pui,2016-01-05T08:00,11.2,85,0.0,4.1,0,open_meteo,https://archive-api.open-meteo.com/v1/archive,2026-09-16T11:06:58.921522+00:00,1.0
doi_suthep_pui,2016-01-05T09:00,15.3,69,0.0,2.2,0,open_meteo,https://archive-api.open-meteo.com/v1/archive,2026-09-16T11:06:58.921523+00:00,1.0
doi_suthep_pui,2016-01-05T10:00,18.6,55,0.0,2.8,0,open_meteo,https://archive-api.open-meteo.com/v1/archive,2026-09-16T11:06:58.921525+00:00,1.0
doi_suthep_pui,2016-01-05T11:00,20.7,44,0.0,4.2,0,open_meteo,https://archive-api.open-meteo.com/v1/archive,2026-09-16T11:06:58.921526+00:00,1.0
doi_suthep_pui,2016-01-05T12:00,22.0,38,0.0,2.5,0,open_meteo,https://archive-api.open-meteo.com/v1/archive,2026-09-16T11:06:58.921528+00:00,1.0
doi_suthep_pui,2016-01-05T13:00,22.8,34,0.0,0.7,0,open_meteo,https://archive-api.open-meteo.com/v1/archive,2026-09-16T11:06:58.921529+00:00,1.0
doi_suthep_pui,2016-01-05T14:00,23.0,33,0.0,0.8,0,open_meteo,https://archive-api.open-meteo.com/v1/archive,2026-09-16T11:06:58.921530+00:00,1.0
doi_suthep_pui,2016-01-05T15:00,23.1,32,0.0,1.6,0,open_meteo,https://archive-api.open-meteo.com/v1/archive,2026-09-16T11:06:58.921532+00:00,1.0
doi_suthep_pui,2016-01-05T16:00,22.8,32,0.0,2.3,0,open_meteo,https://archive-api.open-meteo.com/v1/archive,2026-09-16T11:06:58.921533+00:00,1.0
doi_suthep_pui,2016-01-05T17:00,22.0,37,0.0,3.7,0,open_meteo,https://archive-api.open-meteo.com/v1/archive,2026-09-16T11:06:58.921535+00:00,1.0
doi_suthep_pui,2016-01-05T18:00,20.9,40,0.0,4.7,0,open_meteo,https://archive-api.open-meteo.com/v1/archive,2026-09-16T11:06:58.921536+00:00,1.0
doi_suthep_pui,2016-01-05T19:00,18.6,56,0.0,3.6,0,open_meteo,https://archive-api.open-meteo.com/v1/archive,2026-09-16T11:06:58.921538+00:00,1.0
doi_suthep_pui,2016-01-05T20:00,17.2,55,0.0,4.4,0,open_meteo,https://archive-api.open-meteo.com/v1/archive,2026-09-16T11:06:58.921539+00:00,1.0
doi_suthep_pui,2016-01-05T21:00,15.6,63,0.0,5.4,0,open_meteo,https://archive-api.open-meteo.com/v1/archive,2026-09-16T11:06:58.921541+00:00,1.0
doi_suthep_pui,2016-01-05T22:00,14.4,67,0.0,5.2,0,open_meteo,https://archive-api.open-meteo.com/v1/archive,2026-09-16T11:06:58.921542+00:00,1.0
doi_suthep_pui,2016-01-05T23:00,13.2,72,0.0,5.8,0,open_meteo,https://archive-api.open-meteo.com/v1/archive,2026-09-16T11:06:58.921544+00:00,1.0
doi_suthep_pui,2016-01-06T00:00,12.1,78,0.0,6.0,0,open_meteo,https://archive-api.open-meteo.com/v1/archive,2026-09-16T11:06:58.921545+00:00,1.0
doi_suthep_pui,2016-01-06T01:00,11.2,82,0.0,6.0,0,open_meteo,https://archive-api.open-meteo.com/v1/archive,2026-09-16T11:06:58.921547+00:00,1.0
doi_suthep_pui,2016-01-06T02:00,10.6,86,0.0,5.7,1,open_meteo,https://archive-api.open-meteo.com/v1/archive,2026-09-16T11:06:58.921548+00:00,1.0
doi_suthep_pui,2016-01-06T03:00,10.1,89,0.0,5.6,1,open_meteo,https://archive-api.open-meteo.com/v1/archive,2026-09-16T11:06:58.921550+00:00,1.0
doi_suthep_pui,2016-01-06T04:00,9.7,90,0.0,5.1,0,open_meteo,https://archive-api.open-meteo.com/v1/archive,2026-09-16T11:06:58.921551+00:00,1.0
doi_suthep_pui,2016-01-06T05:00,9.4,91,0.0,4.8,0,open_meteo,https://archive-api.open-meteo.com/v1/archive,2026-09-16T11:06:58.921552+00:00,1.0
doi_suthep_pui,2016-01-06T06:00,9.0,92,0.0,5.4,0,open_meteo,https://archive-api.open-meteo.com/v1/archive,2026-09-16T11:06:58.921554+00:00,1.0
doi_suthep_pui,2016-01-06T07:00,8.7,92,0.0,5.4,0,open_meteo,https://archive-api.open-meteo.com/v1/archive,2026-09-16T11:06:58.921555+00:00,1.0
doi_suthep_pui,2016-01-06T08:00,10.5,87,0.0,4.6,0,open_meteo,https://archive-api.open-meteo.com/v1/archive,2026-09-16T11:06:58.921557+00:00,1.0
doi_suthep_pui,2016-01-06T09:00,15.3,69,0.0,2.1,0,open_meteo,https://archive-api.open-meteo.com/v1/archive,2026-09-16T11:06:58.921558+00:00,1.0
doi_suthep_pui,2016-01-06T10:00,18.5,52,0.0,1.1,0,open_meteo,https://archive-api.open-meteo.com/v1/archive,2026-09-16T11:06:58.921560+00:00,1.0
doi_suthep_pui,2016-01-06T11:00,20.7,43,0.0,0.5,0,open_meteo,https://archive-api.open-meteo.com/v1/archive,2026-09-16T11:06:58.921561+00:00,1.0
doi_suthep_pui,2016-01-06T12:00,22.2,36,0.0,3.2,0,open_meteo,https://archive-api.open-meteo.com/v1/archive,2026-09-16T11:06:58.921563+00:00,1.0
doi_suthep_pui,2016-01-06T13:00,23.1,32,0.0,4.3,0,open_meteo,https://archive-api.open-meteo.com/v1/archive,2026-09-16T11:06:58.921564+00:00,1.0
doi_suthep_pui,2016-01-06T14:00,23.2,32,0.0,4.7,0,open_meteo,https://archive-api.open-meteo.com/v1/archive,2026-09-16T11:06:58.921566+00:00,1.0
doi_suthep_pui,2016-01-06T15:00,23.3,31,0.0,4.9,0,open_meteo,https://archive-api.open-meteo.com/v1/archive,2026-09-16T11:06:58.921567+00:00,1.0
doi_suthep_pui,2016-01-06T16:00,22.9,32,0.0,4.7,0,open_meteo,https://archive-api.open-meteo.com/v1/archive,2026-09-16T11:06:58.921569+00:00,1.0
doi_suthep_pui,2016-01-06T17:00,21.9,36,0.0,4.2,0,open_meteo,https://archive-api.open-meteo.com/v1/archive,2026-09-16T11:06:58.921570+00:00,1.0
doi_suthep_pui,2016-01-06T18:00,20.9,38,0.0,3.7,0,open_meteo,https://archive-api.open-meteo.com/v1/archive,2026-09-16T11:06:58.921571+00:00,1.0
doi_suthep_pui,2016-01-06T19:00,20.0,38,0.0,3.3,0,open_meteo,https://archive-api.open-meteo.com/v1/archive,2026-09-16T11:06:58.921573+00:00,1.0
doi_suthep_pui,2016-01-06T20:00,17.3,56,0.0,2.8,0,open_meteo,https://archive-api.open-meteo.com/v1/archive,2026-09-16T11:06:58.921578+00:00,1.0
doi_suthep_pui,2016-01-06T21:00,15.7,61,0.0,3.1,0,open_meteo,https://archive-api.open-meteo.com/v1/archive,2026-09-16T11:06:58.921580+00:00,1.0
doi_suthep_pui,2016-01-06T22:00,14.5,65,0.0,4.6,0,open_meteo,https://archive-api.open-meteo.com/v1/archive,2026-09-16T11:06:58.921581+00:00,1.0
doi_suthep_pui,2016-01-06T23:00,13.4,71,0.0,4.3,0,open_meteo,https://archive-api.open-meteo.com/v1/archive,2026-09-16T11:06:58.921583+00:00,1.0
doi_suthep_pui,2016-01-07T00:00,12.4,76,0.0,3.8,0,open_meteo,https://archive-api.open-meteo.com/v1/archive,2026-09-16T11:06:58.921584+00:00,1.0
doi_suthep_pui,2016-01-07T01:00,11.6,80,0.0,3.3,0,open_meteo,https://archive-api.open-meteo.com/v1/archive,2026-09-16T11:06:58.921586+00:00,1.0
doi_suthep_pui,2016-01-07T02:00,11.1,82,0.0,3.6,0,open_meteo,https://archive-api.open-meteo.com/v1/archive,2026-09-16T11:06:58.921587+00:00,1.0
doi_suthep_pui,2016-01-07T03:00,10.6,84,0.0,3.6,0,open_meteo,https://archive-api.open-meteo.com/v1/archive,2026-09-16T11:06:58.921589+00:00,1.0
doi_suthep_pui,2016-01-07T04:00,10.2,85,0.0,4.1,0,open_meteo,https://archive-api.open-meteo.com/v1/archive,2026-09-16T11:06:58.921590+00:00,1.0
doi_suthep_pui,2016-01-07T05:00,9.9,86,0.0,3.3,0,open_meteo,https://archive-api.open-meteo.com/v1/archive,2026-09-16T11:06:58.921591+00:00,1.0
doi_suthep_pui,2016-01-07T06:00,9.6,86,0.0,4.1,0,open_meteo,https://archive-api.open-meteo.com/v1/archive,2026-09-16T11:06:58.921593+00:00,1.0
doi_suthep_pui,2016-01-07T07:00,9.2,87,0.0,4.6,0,open_meteo,https://archive-api.open-meteo.com/v1/archive,2026-09-16T11:06:58.921594+00:00,1.0
doi_suthep_pui,2016-01-07T08:00,10.8,84,0.0,4.3,0,open_meteo,https://archive-api.open-meteo.com/v1/archive,2026-09-16T11:06:58.921596+00:00,1.0
doi_suthep_pui,2016-01-07T09:00,15.5,65,0.0,2.0,0,open_meteo,https://archive-api.open-meteo.com/v1/archive,2026-09-16T11:06:58.921597+00:00,1.0
doi_suthep_pui,2016-01-07T10:00,18.7,50,0.0,1.1,0,open_meteo,https://archive-api.open-meteo.com/v1/archive,2026-09-16T11:06:58.921599+00:00,1.0
doi_suthep_pui,2016-01-07T11:00,20.8,44,0.0,1.3,0,open_meteo,https://archive-api.open-meteo.com/v1/archive,2026-09-16T11:06:58.921600+00:00,1.0
doi_suthep_pui,2016-01-07T12:00,22.3,39,0.0,4.3,0,open_meteo,https://archive-api.open-meteo.com/v1/archive,2026-09-16T11:06:58.921602+00:00,1.0
doi_suthep_pui,2016-01-07T13:00,23.3,33,0.0,6.5,2,open_meteo,https://archive-api.open-meteo.com/v1/archive,2026-09-16T11:06:58.921603+00:00,1.0
doi_suthep_pui,2016-01-07T14:00,23.3,33,0.0,6.7,2,open_meteo,https://archive-api.open-meteo.com/v1/archive,2026-09-16T11:06:58.921605+00:00,1.0
doi_suthep_pui,2016-01-07T15:00,23.4,32,0.0,6.2,2,open_meteo,https://archive-api.open-meteo.com/v1/archive,2026-09-16T11:06:58.921606+00:00,1.0
doi_suthep_pui,2016-01-07T16:00,23.0,34,0.0,4.7,2,open_meteo,https://archive-api.open-meteo.com/v1/archive,2026-09-16T11:06:58.921608+00:00,1.0
doi_suthep_pui,2016-01-07T17:00,22.1,39,0.0,2.5,3,open_meteo,https://archive-api.open-meteo.com/v1/archive,2026-09-16T11:06:58.921609+00:00,1.0
doi_suthep_pui,2016-01-07T18:00,20.7,48,0.0,2.0,3,open_meteo,https://archive-api.open-meteo.com/v1/archive,2026-09-16T11:06:58.921611+00:00,1.0
doi_suthep_pui,2016-01-07T19:00,18.7,56,0.0,3.6,3,open_meteo,https://archive-api.open-meteo.com/v1/archive,2026-09-16T11:06:58.921612+00:00,1.0
doi_suthep_pui,2016-01-07T20:00,17.7,55,0.0,4.2,2,open_meteo,https://archive-api.open-meteo.com/v1/archive,2026-09-16T11:06:58.921613+00:00,1.0
doi_suthep_pui,2016-01-07T21:00,16.0,67,0.0,4.6,1,open_meteo,https://archive-api.open-meteo.com/v1/archive,2026-09-16T11:06:58.921615+00:00,1.0
doi_suthep_pui,2016-01-07T22:00,14.7,73,0.0,3.9,1,open_meteo,https://archive-api.open-meteo.com/v1/archive,2026-09-16T11:06:58.921616+00:00,1.0
doi_suthep_pui,2016-01-07T23:00,13.5,79,0.0,3.4,1,open_meteo,https://archive-api.open-meteo.com/v1/archive,2026-09-16T11:06:58.921618+00:00,1.0
sri_lanna,2016-01-01T00:00,20.1,86,0.0,5.4,1,open_meteo,https://archive-api.open-meteo.com/v1/archive,2026-09-16T11:06:58.921620+00:00,1.0
sri_lanna,2016-01-01T01:00,19.3,90,0.0,5.2,1,open_meteo,https://archive-api.open-meteo.com/v1/archive,2026-09-16T11:06:58.921622+00:00,1.0
sri_lanna,2016-01-01T02:00,19.0,93,0.0,4.5,1,open_meteo,https://archive-api.open-meteo.com/v1/archive,2026-09-16T11:06:58.921623+00:00,1.0
sri_lanna,2016-01-01T03:00,19.0,94,0.0,3.8,2,open_meteo,https://archive-api.open-meteo.com/v1/archive,2026-09-16T11:06:58.921624+00:00,1.0
sri_lanna,2016-01-01T04:00,19.1,94,0.0,4.2,3,open_meteo,https://archive-api.open-meteo.com/v1/archive,2026-09-16T11:06:58.921626+00:00,1.0
sri_lanna,2016-01-01T05:00,19.1,94,0.0,3.8,3,open_meteo,https://archive-api.open-meteo.com/v1/archive,2026-09-16T11:06:58.921627+00:00,1.0
sri_lanna,2016-01-01T06:00,18.9,95,0.0,3.7,3,open_meteo,https://archive-api.open-meteo.com/v1/archive,2026-09-16T11:06:58.921629+00:00,1.0
sri_lanna,2016-01-01T07:00,18.8,96,0.0,3.1,3,open_meteo,https://archive-api.open-meteo.com/v1/archive,2026-09-16T11:06:58.921630+00:00,1.0
sri_lanna,2016-01-01T08:00,19.5,93,0.0,2.1,2,open_meteo,https://archive-api.open-meteo.com/v1/archive,2026-09-16T11:06:58.921632+00:00,1.0
sri_lanna,2016-01-01T09:00,21.6,83,0.0,1.1,2,open_meteo,https://archive-api.open-meteo.com/v1/archive,2026-09-16T11:06:58.921633+00:00,1.0
sri_lanna,2016-01-01T10:00,23.4,69,0.0,5.3,1,open_meteo,https://archive-api.open-meteo.com/v1/archive,2026-09-16T11:06:58.921635+00:00,1.0
sri_lanna,2016-01-01T11:00,24.9,59,0.0,8.9,2,open_meteo,https://archive-api.open-meteo.com/v1/archive,2026-09-16T11:06:58.921636+00:00,1.0
sri_lanna,2016-01-01T12:00,25.5,55,0.0,7.5,2,open_meteo,https://archive-api.open-meteo.com/v1/archive,2026-09-16T11:06:58.921640+00:00,1.0
sri_lanna,2016-01-01T13:00,26.3,51,0.0,5.9,2,open_meteo,https://archive-api.open-meteo.com/v1/archive,2026-09-16T11:06:58.921642+00:00,1.0
sri_lanna,2016-01-01T14:00,26.5,49,0.0,5.4,2,open_meteo,https://archive-api.open-meteo.com/v1/archive,2026-09-16T11:06:58.921643+00:00,1.0
sri_lanna,2016-01-01T15:00,26.5,48,0.0,5.1,3,open_meteo,https://archive-api.open-meteo.com/v1/archive,2026-09-16T11:06:58.921645+00:00,1.0
sri_lanna,2016-01-01T16:00,26.3,48,0.0,5.4,1,open_meteo,https://archive-api.open-meteo.com/v1/archive,2026-09-16T11:06:58.921646+00:00,1.0
sri_lanna,2016-01-01T17:00,25.8,52,0.0,3.6,1,open_meteo,https://archive-api.open-meteo.com/v1/archive,2026-09-16T11:06:58.921648+00:00,1.0
sri_lanna,2016-01-01T18:00,24.5,69,0.0,4.3,1,open_meteo,https://archive-api.open-meteo.com/v1/archive,2026-09-16T11:06:58.921649+00:00,1.0
sri_lanna,2016-01-01T19:00,24.8,52,0.0,3.2,1,open_meteo,https://archive-api.open-meteo.com/v1/archive,2026-09-16T11:06:58.921651+00:00,1.0
sri_lanna,2016-01-01T20:00,24.2,54,0.0,2.3,0,open_meteo,https://archive-api.open-meteo.com/v1/archive,2026-09-16T11:06:58.921652+00:00,1.0
sri_lanna,2016-01-01T21:00,23.5,57,0.0,3.1,0,open_meteo,https://archive-api.open-meteo.com/v1/archive,2026-09-16T11:06:58.921654+00:00,1.0
sri_lanna,2016-01-01T22:00,22.7,61,0.0,3.4,0,open_meteo,https://archive-api.open-meteo.com/v1/archive,2026-09-16T11:06:58.921655+00:00,1.0
sri_lanna,2016-01-01T23:00,21.9,64,0.0,3.9,0,open_meteo,https://archive-api.open-meteo.com/v1/archive,2026-09-16T11:06:58.921656+00:00,1.0
sri_lanna,2016-01-02T00:00,21.3,67,0.0,4.0,0,open_meteo,https://archive-api.open-meteo.com/v1/archive,2026-09-16T11:06:58.921658+00:00,1.0
sri_lanna,2016-01-02T01:00,20.7,70,0.0,3.6,0,open_meteo,https://archive-api.open-meteo.com/v1/archive,2026-09-16T11:06:58.921659+00:00,1.0
sri_lanna,2016-01-02T02:00,18.6,81,0.0,4.3,2,open_meteo,https://archive-api.open-meteo.com/v1/archive,2026-09-16T11:06:58.921661+00:00,1.0
sri_lanna,2016-01-02T03:00,18.0,85,0.0,5.2,3,open_meteo,https://archive-api.open-meteo.com/v1/archive,2026-09-16T11:06:58.921662+00:00,1.0
sri_lanna,2016-01-02T04:00,17.7,87,0.0,4.7,3,open_meteo,https://archive-api.open-meteo.com/v1/archive,2026-09-16T11:06:58.921664+00:00,1.0
sri_lanna,2016-01-02T05:00,17.3,89,0.0,3.7,3,open_meteo,https://archive-api.open-meteo.com/v1/archive,2026-09-16T11:06:58.921665+00:00,1.0
sri_lanna,2016-01-02T06:00,16.9,91,0.0,4.0,3,open_meteo,https://archive-api.open-meteo.com/v1/archive,2026-09-16T11:06:58.921667+00:00,1.0
sri_lanna,2016-01-02T07:00,16.6,92,0.0,4.3,3,open_meteo,https://archive-api.open-meteo.com/v1/archive,2026-09-16T11:06:58.921668+00:00,1.0
sri_lanna,2016-01-02T08:00,18.2,89,0.0,3.2,3,open_meteo,https://archive-api.open-meteo.com/v1/archive,2026-09-16T11:06:58.921669+00:00,1.0
sri_lanna,2016-01-02T09:00,20.9,79,0.0,1.0,3,open_meteo,https://archive-api.open-meteo.com/v1/archive,2026-09-16T11:06:58.921671+00:00,1.0
sri_lanna,2016-01-02T10:00,23.5,63,0.0,1.8,3,open_meteo,https://archive-api.open-meteo.com/v1/archive,2026-09-16T11:06:58.921672+00:00,1.0
sri_lanna,2016-01-02T11:00,25.2,55,0.0,5.8,2,open_meteo,https://archive-api.open-meteo.com/v1/archive,2026-09-16T11:06:58.921674+00:00,1.0
sri_lanna,2016-01-02T12:00,26.1,52,0.0,7.2,0,open_meteo,https://archive-api.open-meteo.com/v1/archive,2026-09-16T11:06:58.921675+00:00,1.0
sri_lanna,2016-01-02T13:00,26.9,48,0.0,6.6,1,open_meteo,https://archive-api.open-meteo.com/v1/archive,2026-09-16T11:06:58.921677+00:00,1.0
sri_lanna,2016-01-02T14:00,26.1,51,0.0,6.0,1,open_meteo,https://archive-api.open-meteo.com/v1/archive,2026-09-16T11:06:58.921678+00:00,1.0
sri_lanna,2016-01-02T15:00,26.1,51,0.0,5.2,1,open_meteo,https://archive-api.open-meteo.com/v1/archive,2026-09-16T11:06:58.921679+00:00,1.0
sri_lanna,2016-01-02T16:00,25.8,52,0.0,4.8,1,open_meteo,https://archive-api.open-meteo.com/v1/archive,2026-09-16T11:06:58.921681+00:00,1.0
sri_lanna,2016-01-02T17:00,25.3,56,0.0,3.3,2,open_meteo,https://archive-api.open-meteo.com/v1/archive,2026-09-16T11:06:58.921682+00:00,1.0
sri_lanna,2016-01-02T18:00,24.2,72,0.0,3.6,2,open_meteo,https://archive-api.open-meteo.com/v1/archive,2026-09-16T11:06:58.921684+00:00,1.0
sri_lanna,2016-01-02T19:00,23.9,62,0.0,3.1,1,open_meteo,https://archive-api.open-meteo.com/v1/archive,2026-09-16T11:06:58.921685+00:00,1.0
sri_lanna,2016-01-02T20:00,23.0,66,0.0,3.6,2,open_meteo,https://archive-api.open-meteo.com/v1/archive,2026-09-16T11:06:58.921687+00:00,1.0
sri_lanna,2016-01-02T21:00,22.4,68,0.0,4.1,1,open_meteo,https://archive-api.open-meteo.com/v1/archive,2026-09-16T11:06:58.921688+00:00,1.0
sri_lanna,2016-01-02T22:00,22.2,68,0.0,3.2,2,open_meteo,https://archive-api.open-meteo.com/v1/archive,2026-09-16T11:06:58.921690+00:00,1.0
sri_lanna,2016-01-02T23:00,21.8,70,0.0,2.8,1,open_meteo,https://archive-api.open-meteo.com/v1/archive,2026-09-16T11:06:58.921691+00:00,1.0
sri_lanna,2016-01-03T00:00,21.2,74,0.0,2.3,1,open_meteo,https://archive-api.open-meteo.com/v1/archive,2026-09-16T11:06:58.921693+00:00,1.0
sri_lanna,2016-01-03T01:00,20.5,78,0.0,1.8,1,open_meteo,https://archive-api.open-meteo.com/v1/archive,2026-09-16T11:06:58.921694+00:00,1.0
sri_lanna,2016-01-03T02:00,21.5,68,0.0,1.1,1,open_meteo,https://archive-api.open-meteo.com/v1/archive,2026-09-16T11:06:58.921696+00:00,1.0
sri_lanna,2016-01-03T03:00,20.8,72,0.0,1.3,1,open_meteo,https://archive-api.open-meteo.com/v1/archive,2026-09-16T11:06:58.921697+00:00,1.0
sri_lanna,2016-01-03T04:00,20.0,77,0.0,2.3,1,open_meteo,https://archive-api.open-meteo.com/v1/archive,2026-09-16T11:06:58.921701+00:00,1.0
sri_lanna,2016-01-03T05:00,19.3,81,0.0,2.8,1,open_meteo,https://archive-api.open-meteo.com/v1/archive,2026-09-16T11:06:58.921703+00:00,1.0
sri_lanna,2016-01-03T06:00,18.6,85,0.0,3.6,1,open_meteo,https://archive-api.open-meteo.com/v1/archive,2026-09-16T11:06:58.921704+00:00,1.0
sri_lanna,2016-01-03T07:00,18.1,87,0.0,3.7,1,open_meteo,https://archive-api.open-meteo.com/v1/archive,2026-09-16T11:06:58.921706+00:00,1.0
sri_lanna,2016-01-03T08:00,19.1,86,0.0,3.9,1,open_meteo,https://archive-api.open-meteo.com/v1/archive,2026-09-16T11:06:58.921707+00:00,1.0
sri_lanna,2016-01-03T09:00,21.7,75,0.0,2.1,1,open_meteo,https://archive-api.open-meteo.com/v1/archive,2026-09-16T11:06:58.921708+00:00,1.0
sri_lanna,2016-01-03T10:00,24.1,62,0.0,0.8,1,open_meteo,https://archive-api.open-meteo.com/v1/archive,2026-09-16T11:06:58.921710+00:00,1.0
sri_lanna,2016-01-03T11:00,25.7,55,0.0,2.1,1,open_meteo,https://archive-api.open-meteo.com/v1/archive,2026-09-16T11:06:58.921711+00:00,1.0
sri_lanna,2016-01-03T12:00,26.6,49,0.0,3.9,1,open_meteo,https://archive-api.open-meteo.com/v1/archive,2026-09-16T11:06:58.921713+00:00,1.0
sri_lanna,2016-01-03T13:00,27.6,45,0.0,5.4,1,open_meteo,https://archive-api.open-meteo.com/v1/archive,2026-09-16T11:06:58.921714+00:00,1.0
sri_lanna,2016-01-03T14:00,27.6,46,0.0,5.9,1,open_meteo,https://archive-api.open-meteo.com/v1/archive,2026-09-16T11:06:58.921716+00:00,1.0
sri_lanna,2016-01-03T15:00,27.3,46,0.0,5.6,2,open_meteo,https://archive-api.open-meteo.com/v1/archive,2026-09-16T11:06:58.921717+00:00,1.0
sri_lanna,2016-01-03T16:00,27.1,47,0.0,4.6,1,open_meteo,https://archive-api.open-meteo.com/v1/archive,2026-09-16T11:06:58.921718+00:00,1.0
sri_lanna,2016-01-03T17:00,26.6,50,0.0,4.0,1,open_meteo,https://archive-api.open-meteo.com/v1/archive,2026-09-16T11:06:58.921720+00:00,1.0
sri_lanna,2016-01-03T18:00,25.4,66,0.0,2.9,1,open_meteo,https://archive-api.open-meteo.com/v1/archive,2026-09-16T11:06:58.921722+00:00,1.0
sri_lanna,2016-01-03T19:00,25.2,53,0.0,0.5,1,open_meteo,https://archive-api.open-meteo.com/v1/archive,2026-09-16T11:06:58.921723+00:00,1.0
sri_lanna,2016-01-03T20:00,24.5,56,0.0,0.5,1,open_meteo,https://archive-api.open-meteo.com/v1/archive,2026-09-16T11:06:58.921725+00:00,1.0
sri_lanna,2016-01-03T21:00,23.4,62,0.0,0.8,1,open_meteo,https://archive-api.open-meteo.com/v1/archive,2026-09-16T11:06:58.921726+00:00,1.0
sri_lanna,2016-01-03T22:00,22.5,66,0.0,1.1,0,open_meteo,https://archive-api.open-meteo.com/v1/archive,2026-09-16T11:06:58.921728+00:00,1.0
sri_lanna,2016-01-03T23:00,21.8,70,0.0,1.4,0,open_meteo,https://archive-api.open-meteo.com/v1/archive,2026-09-16T11:06:58.921729+00:00,1.0
sri_lanna,2016-01-04T00:00,21.2,72,0.0,1.8,0,open_meteo,https://archive-api.open-meteo.com/v1/archive,2026-09-16T11:06:58.921731+00:00,1.0
sri_lanna,2016-01-04T01:00,20.9,74,0.0,1.8,0,open_meteo,https://archive-api.open-meteo.com/v1/archive,2026-09-16T11:06:58.921732+00:00,1.0
sri_lanna,2016-01-04T02:00,21.5,67,0.0,1.6,0,open_meteo,https://archive-api.open-meteo.com/v1/archive,2026-09-16T11:06:58.921733+00:00,1.0
sri_lanna,2016-01-04T03:00,21.1,69,0.0,0.7,0,open_meteo,https://archive-api.open-meteo.com/v1/archive,2026-09-16T11:06:58.921735+00:00,1.0
sri_lanna,2016-01-04T04:00,20.5,72,0.0,1.5,0,open_meteo,https://archive-api.open-meteo.com/v1/archive,2026-09-16T11:06:58.921786+00:00,1.0
sri_lanna,2016-01-04T05:00,19.2,79,0.0,3.1,0,open_meteo,https://archive-api.open-meteo.com/v1/archive,2026-09-16T11:06:58.921788+00:00,1.0
sri_lanna,2016-01-04T06:00,18.4,83,0.0,4.4,0,open_meteo,https://archive-api.open-meteo.com/v1/archive,2026-09-16T11:06:58.921789+00:00,1.0
sri_lanna,2016-01-04T07:00,18.0,85,0.0,4.1,0,open_meteo,https://archive-api.open-meteo.com/v1/archive,2026-09-16T11:06:58.921791+00:00,1.0
sri_lanna,2016-01-04T08:00,18.5,85,0.0,3.1,0,open_meteo,https://archive-api.open-meteo.com/v1/archive,2026-09-16T11:06:58.921792+00:00,1.0
sri_lanna,2016-01-04T09:00,21.9,75,0.0,0.7,0,open_meteo,https://archive-api.open-meteo.com/v1/archive,2026-09-16T11:06:58.921793+00:00,1.0
sri_lanna,2016-01-04T10:00,24.6,59,0.0,1.8,0,open_meteo,https://archive-api.open-meteo.com/v1/archive,2026-09-16T11:06:58.921795+00:00,1.0
sri_lanna,2016-01-04T11:00,26.3,50,0.0,4.5,0,open_meteo,https://archive-api.open-meteo.com/v1/archive,2026-09-16T11:06:58.921796+00:00,1.0
sri_lanna,2016-01-04T12:00,27.0,44,0.0,6.6,1,open_meteo,https://archive-api.open-meteo.com/v1/archive,2026-09-16T11:06:58.921798+00:00,1.0
sri_lanna,2016-01-04T13:00,27.7,40,0.0,6.9,1,open_meteo,https://archive-api.open-meteo.com/v1/archive,2026-09-16T11:06:58.921799+00:00,1.0
sri_lanna,2016-01-04T14:00,27.9,39,0.0,6.6,0,open_meteo,https://archive-api.open-meteo.com/v1/archive,2026-09-16T11:06:58.921801+00:00,1.0
sri_lanna,2016-01-04T15:00,27.7,39,0.0,7.1,2,open_meteo,https://archive-api.open-meteo.com/v1/archive,2026-09-16T11:06:58.921802+00:00,1.0
sri_lanna,2016-01-04T16:00,27.7,40,0.0,6.9,2,open_meteo,https://archive-api.open-meteo.com/v1/archive,2026-09-16T11:06:58.921803+00:00,1.0
sri_lanna,2016-01-04T17:00,27.1,44,0.0,3.2,0,open_meteo,https://archive-api.open-meteo.com/v1/archive,2026-09-16T11:06:58.921805+00:00,1.0
sri_lanna,2016-01-04T18:00,26.3,51,0.0,1.5,0,open_meteo,https://archive-api.open-meteo.com/v1/archive,2026-09-16T11:06:58.921806+00:00,1.0
sri_lanna,2016-01-04T19:00,25.9,46,0.0,1.6,0,open_meteo,https://archive-api.open-meteo.com/v1/archive,2026-09-16T11:06:58.921808+00:00,1.0
sri_lanna,2016-01-04T20:00,23.0,63,0.0,3.3,0,open_meteo,https://archive-api.open-meteo.com/v1/archive,2026-09-16T11:06:58.921812+00:00,1.0
sri_lanna,2016-01-04T21:00,21.1,70,0.0,7.9,0,open_meteo,https://archive-api.open-meteo.com/v1/archive,2026-09-16T11:06:58.921814+00:00,1.0
sri_lanna,2016-01-04T22:00,20.0,75,0.0,8.6,0,open_meteo,https://archive-api.open-meteo.com/v1/archive,2026-09-16T11:06:58.921815+00:00,1.0
sri_lanna,2016-01-04T23:00,19.2,77,0.0,7.9,0,open_meteo,https://archive-api.open-meteo.com/v1/archive,2026-09-16T11:06:58.921817+00:00,1.0
sri_lanna,2016-01-05T00:00,18.6,79,0.0,7.6,0,open_meteo,https://archive-api.open-meteo.com/v1/archive,2026-09-16T11:06:58.921818+00:00,1.0
sri_lanna,2016-01-05T01:00,18.0,81,0.0,7.2,0,open_meteo,https://archive-api.open-meteo.com/v1/archive,2026-09-16T11:06:58.921820+00:00,1.0
sri_lanna,2016-01-05T02:00,17.2,84,0.0,7.2,0,open_meteo,https://archive-api.open-meteo.com/v1/archive,2026-09-16T11:06:58.921821+00:00,1.0
sri_lanna,2016-01-05T03:00,16.4,86,0.0,7.2,0,open_meteo,https://archive-api.open-meteo.com/v1/archive,2026-09-16T11:06:58.921823+00:00,1.0
sri_lanna,2016-01-05T04:00,15.7,88,0.0,7.2,0,open_meteo,https://archive-api.open-meteo.com/v1/archive,2026-09-16T11:06:58.921824+00:00,1.0
sri_lanna,2016-01-05T05:00,15.4,88,0.0,6.6,0,open_meteo,https://archive-api.open-meteo.com/v1/archive,2026-09-16T11:06:58.921826+00:00,1.0
sri_lanna,2016-01-05T06:00,15.1,88,0.0,6.5,0,open_meteo,https://archive-api.open-meteo.com/v1/archive,2026-09-16T11:06:58.921827+00:00,1.0
sri_lanna,2016-01-05T07:00,14.8,89,0.0,6.3,0,open_meteo,https://archive-api.open-meteo.com/v1/archive,2026-09-16T11:06:58.921828+00:00,1.0
sri_lanna,2016-01-05T08:00,15.9,87,0.0,5.2,0,open_meteo,https://archive-api.open-meteo.com/v1/archive,2026-09-16T11:06:58.921830+00:00,1.0
sri_lanna,2016-01-05T09:00,20.1,73,0.0,2.9,0,open_meteo,https://archive-api.open-meteo.com/v1/archive,2026-09-16T11:06:58.921831+00:00,1.0
sri_lanna,2016-01-05T10:00,23.9,55,0.0,3.2,0,open_meteo,https://archive-api.open-meteo.com/v1/archive,2026-09-16T11:06:58.921833+00:00,1.0
sri_lanna,2016-01-05T11:00,26.0,42,0.0,4.4,0,open_meteo,https://archive-api.open-meteo.com/v1/archive,2026-09-16T11:06:58.921834+00:00,1.0
sri_lanna,2016-01-05T12:00,27.2,36,0.0,1.8,0,open_meteo,https://archive-api.open-meteo.com/v1/archive,2026-09-16T11:06:58.921837+00:00,1.0
sri_lanna,2016-01-05T13:00,27.9,32,0.0,0.0,0,open_meteo,https://archive-api.open-meteo.com/v1/archive,2026-09-16T11:06:58.921839+00:00,1.0
sri_lanna,2016-01-05T14:00,28.1,31,0.0,1.3,0,open_meteo,https://archive-api.open-meteo.com/v1/archive,2026-09-16T11:06:58.921840+00:00,1.0
sri_lanna,2016-01-05T15:00,28.2,30,0.0,2.0,0,open_meteo,https://archive-api.open-meteo.com/v1/archive,2026-09-16T11:06:58.921842+00:00,1.0
sri_lanna,2016-01-05T16:00,27.9,31,0.0,2.8,0,open_meteo,https://archive-api.open-meteo.com/v1/archive,2026-09-16T11:06:58.921843+00:00,1.0
sri_lanna,2016-01-05T17:00,26.9,38,0.0,4.7,0,open_meteo,https://archive-api.open-meteo.com/v1/archive,2026-09-16T11:06:58.921845+00:00,1.0
sri_lanna,2016-01-05T18:00,25.5,49,0.0,4.3,0,open_meteo,https://archive-api.open-meteo.com/v1/archive,2026-09-16T11:06:58.921846+00:00,1.0
sri_lanna,2016-01-05T19:00,24.9,43,0.0,3.3,0,open_meteo,https://archive-api.open-meteo.com/v1/archive,2026-09-16T11:06:58.921847+00:00,1.0
sri_lanna,2016-01-05T20:00,24.2,44,0.0,3.3,0,open_meteo,https://archive-api.open-meteo.com/v1/archive,2026-09-16T11:06:58.921849+00:00,1.0
sri_lanna,2016-01-05T21:00,23.3,46,0.0,3.6,0,open_meteo,https://archive-api.open-meteo.com/v1/archive,2026-09-16T11:06:58.921850+00:00,1.0
sri_lanna,2016-01-05T22:00,22.2,51,0.0,4.1,0,open_meteo,https://archive-api.open-meteo.com/v1/archive,2026-09-16T11:06:58.921852+00:00,1.0
sri_lanna,2016-01-05T23:00,20.8,57,0.0,4.6,0,open_meteo,https://archive-api.open-meteo.com/v1/archive,2026-09-16T11:06:58.921853+00:00,1.0
sri_lanna,2016-01-06T00:00,18.7,67,0.0,4.9,0,open_meteo,https://archive-api.open-meteo.com/v1/archive,2026-09-16T11:06:58.921855+00:00,1.0
sri_lanna,2016-01-06T01:00,17.2,75,0.0,5.4,0,open_meteo,https://archive-api.open-meteo.com/v1/archive,2026-09-16T11:06:58.921856+00:00,1.0
sri_lanna,2016-01-06T02:00,16.2,81,0.0,4.7,0,open_meteo,https://archive-api.open-meteo.com/v1/archive,2026-09-16T11:06:58.921858+00:00,1.0
sri_lanna,2016-01-06T03:00,15.5,85,0.0,4.3,0,open_meteo,https://archive-api.open-meteo.com/v1/archive,2026-09-16T11:06:58.921859+00:00,1.0
sri_lanna,2016-01-06T04:00,15.1,86,0.0,4.0,0,open_meteo,https://archive-api.open-meteo.com/v1/archive,2026-09-16T11:06:58.921861+00:00,1.0
sri_lanna,2016-01-06T05:00,14.7,88,0.0,3.7,0,open_meteo,https://archive-api.open-meteo.com/v1/archive,2026-09-16T11:06:58.921862+00:00,1.0
sri_lanna,2016-01-06T06:00,14.3,89,0.0,4.2,0,open_meteo,https://archive-api.open-meteo.com/v1/archive,2026-09-16T11:06:58.921863+00:00,1.0
sri_lanna,2016-01-06T07:00,14.1,90,0.0,4.0,0,open_meteo,https://archive-api.open-meteo.com/v1/archive,2026-09-16T11:06:58.921865+00:00,1.0
sri_lanna,2016-01-06T08:00,15.7,86,0.0,5.5,0,open_meteo,https://archive-api.open-meteo.com/v1/archive,2026-09-16T11:06:58.921866+00:00,1.0
sri_lanna,2016-01-06T09:00,19.9,72,0.0,2.4,0,open_meteo,https://archive-api.open-meteo.com/v1/archive,2026-09-16T11:06:58.921868+00:00,1.0
sri_lanna,2016-01-06T10:00,23.7,54,0.0,0.7,0,open_meteo,https://archive-api.open-meteo.com/v1/archive,2026-09-16T11:06:58.921869+00:00,1.0
sri_lanna,2016-01-06T11:00,26.1,42,0.0,1.6,0,open_meteo,https://archive-api.open-meteo.com/v1/archive,2026-09-16T11:06:58.921871+00:00,1.0
sri_lanna,2016-01-06T12:00,27.6,36,0.0,4.7,0,open_meteo,https://archive-api.open-meteo.com/v1/archive,2026-09-16T11:06:58.921874+00:00,1.0
sri_lanna,2016-01-06T13:00,28.4,32,0.0,5.4,0,open_meteo,https://archive-api.open-meteo.com/v1/archive,2026-09-16T11:06:58.921876+00:00,1.0
sri_lanna,2016-01-06T14:00,28.5,32,0.0,5.5,0,open_meteo,https://archive-api.open-meteo.com/v1/archive,2026-09-16T11:06:58.921877+00:00,1.0
sri_lanna,2016-01-06T15:00,28.5,31,0.0,5.6,0,open_meteo,https://archive-api.open-meteo.com/v1/archive,2026-09-16T11:06:58.921879+00:00,1.0
sri_lanna,2016-01-06T16:00,28.1,32,0.0,5.5,0,open_meteo,https://archive-api.open-meteo.com/v1/archive,2026-09-16T11:06:58.921880+00:00,1.0
sri_lanna,2016-01-06T17:00,27.1,37,0.0,5.3,0,open_meteo,https://archive-api.open-meteo.com/v1/archive,2026-09-16T11:06:58.921882+00:00,1.0
sri_lanna,2016-01-06T18:00,25.7,49,0.0,4.5,0,open_meteo,https://archive-api.open-meteo.com/v1/archive,2026-09-16T11:06:58.921883+00:00,1.0
sri_lanna,2016-01-06T19:00,24.6,47,0.0,1.5,0,open_meteo,https://archive-api.open-meteo.com/v1/archive,2026-09-16T11:06:58.921885+00:00,1.0
sri_lanna,2016-01-06T20:00,23.4,50,0.0,1.1,0,open_meteo,https://archive-api.open-meteo.com/v1/archive,2026-09-16T11:06:58.921886+00:00,1.0
sri_lanna,2016-01-06T21:00,22.1,55,0.0,2.2,0,open_meteo,https://archive-api.open-meteo.com/v1/archive,2026-09-16T11:06:58.921887+00:00,1.0
sri_lanna,2016-01-06T22:00,21.4,56,0.0,3.3,0,open_meteo,https://archive-api.open-meteo.com/v1/archive,2026-09-16T11:06:58.921889+00:00,1.0
sri_lanna,2016-01-06T23:00,20.1,62,0.0,3.4,0,open_meteo,https://archive-api.open-meteo.com/v1/archive,2026-09-16T11:06:58.921890+00:00,1.0
sri_lanna,2016-01-07T00:00,18.5,71,0.0,4.0,0,open_meteo,https://archive-api.open-meteo.com/v1/archive,2026-09-16T11:06:58.921892+00:00,1.0
sri_lanna,2016-01-07T01:00,17.4,78,0.0,4.0,0,open_meteo,https://archive-api.open-meteo.com/v1/archive,2026-09-16T11:06:58.921893+00:00,1.0
sri_lanna,2016-01-07T02:00,16.9,77,0.0,3.4,0,open_meteo,https://archive-api.open-meteo.com/v1/archive,2026-09-16T11:06:58.921895+00:00,1.0
sri_lanna,2016-01-07T03:00,16.3,81,0.0,2.9,0,open_meteo,https://archive-api.open-meteo.com/v1/archive,2026-09-16T11:06:58.921896+00:00,1.0
sri_lanna,2016-01-07T04:00,15.7,84,0.0,2.9,0,open_meteo,https://archive-api.open-meteo.com/v1/archive,2026-09-16T11:06:58.921898+00:00,1.0
sri_lanna,2016-01-07T05:00,15.3,86,0.0,2.1,0,open_meteo,https://archive-api.open-meteo.com/v1/archive,2026-09-16T11:06:58.921899+00:00,1.0
sri_lanna,2016-01-07T06:00,14.8,87,0.0,2.1,0,open_meteo,https://archive-api.open-meteo.com/v1/archive,2026-09-16T11:06:58.921900+00:00,1.0
sri_lanna,2016-01-07T07:00,14.4,89,0.0,2.9,0,open_meteo,https://archive-api.open-meteo.com/v1/archive,2026-09-16T11:06:58.921902+00:00,1.0
sri_lanna,2016-01-07T08:00,15.7,87,0.0,4.5,0,open_meteo,https://archive-api.open-meteo.com/v1/archive,2026-09-16T11:06:58.921903+00:00,1.0
sri_lanna,2016-01-07T09:00,20.2,71,0.0,2.4,1,open_meteo,https://archive-api.open-meteo.com/v1/archive,2026-09-16T11:06:58.921905+00:00,1.0
sri_lanna,2016-01-07T10:00,24.0,51,0.0,0.7,0,open_meteo,https://archive-api.open-meteo.com/v1/archive,2026-09-16T11:06:58.921906+00:00,1.0
sri_lanna,2016-01-07T11:00,26.2,44,0.0,2.6,0,open_meteo,https://archive-api.open-meteo.com/v1/archive,2026-09-16T11:06:58.921908+00:00,1.0
sri_lanna,2016-01-07T12:00,27.6,38,0.0,6.2,2,open_meteo,https://archive-api.open-meteo.com/v1/archive,2026-09-16T11:06:58.921909+00:00,1.0
sri_lanna,2016-01-07T13:00,28.5,31,0.0,7.3,2,open_meteo,https://archive-api.open-meteo.com/v1/archive,2026-09-16T11:06:58.921911+00:00,1.0
sri_lanna,2016-01-07T14:00,28.5,31,0.0,7.1,2,open_meteo,https://archive-api.open-meteo.com/v1/archive,2026-09-16T11:06:58.921912+00:00,1.0
sri_lanna,2016-01-07T15:00,28.5,31,0.0,6.8,2,open_meteo,https://archive-api.open-meteo.com/v1/archive,2026-09-16T11:06:58.921913+00:00,1.0
sri_lanna,2016-01-07T16:00,27.9,33,0.0,5.5,3,open_meteo,https://archive-api.open-meteo.com/v1/archive,2026-09-16T11:06:58.921915+00:00,1.0
sri_lanna,2016-01-07T17:00,27.0,39,0.0,3.7,3,open_meteo,https://archive-api.open-meteo.com/v1/archive,2026-09-16T11:06:58.921916+00:00,1.0
sri_lanna,2016-01-07T18:00,25.7,52,0.0,1.8,3,open_meteo,https://archive-api.open-meteo.com/v1/archive,2026-09-16T11:06:58.921918+00:00,1.0
sri_lanna,2016-01-07T19:00,24.7,48,0.0,0.8,3,open_meteo,https://archive-api.open-meteo.com/v1/archive,2026-09-16T11:06:58.921919+00:00,1.0
sri_lanna,2016-01-07T20:00,23.0,57,0.0,3.0,0,open_meteo,https://archive-api.open-meteo.com/v1/archive,2026-09-16T11:06:58.921921+00:00,1.0
sri_lanna,2016-01-07T21:00,21.8,60,0.0,4.0,0,open_meteo,https://archive-api.open-meteo.com/v1/archive,2026-09-16T11:06:58.921922+00:00,1.0
sri_lanna,2016-01-07T22:00,20.1,68,0.0,4.0,1,open_meteo,https://archive-api.open-meteo.com/v1/archive,2026-09-16T11:06:58.921924+00:00,1.0
sri_lanna,2016-01-07T23:00,18.9,72,0.0,3.7,2,open_meteo,https://archive-api.open-meteo.com/v1/archive,2026-09-16T11:06:58.921925+00:00,1.0
mae_takhrai,2016-01-01T00:00,19.3,84,0.0,5.2,1,open_meteo,https://archive-api.open-meteo.com/v1/archive,2026-09-16T11:06:58.921927+00:00,1.0
mae_takhrai,2016-01-01T01:00,18.8,87,0.0,5.6,1,open_meteo,https://archive-api.open-meteo.com/v1/archive,2026-09-16T11:06:58.921928+00:00,1.0
mae_takhrai,2016-01-01T02:00,19.2,86,0.0,5.6,1,open_meteo,https://archive-api.open-meteo.com/v1/archive,2026-09-16T11:06:58.921930+00:00,1.0
mae_takhrai,2016-01-01T03:00,18.9,87,0.0,5.2,2,open_meteo,https://archive-api.open-meteo.com/v1/archive,2026-09-16T11:06:58.921931+00:00,1.0
mae_takhrai,2016-01-01T04:00,18.6,89,0.0,4.6,2,open_meteo,https://archive-api.open-meteo.com/v1/archive,2026-09-16T11:06:58.921935+00:00,1.0
mae_takhrai,2016-01-01T05:00,18.3,90,0.0,4.3,2,open_meteo,https://archive-api.open-meteo.com/v1/archive,2026-09-16T11:06:58.921937+00:00,1.0
mae_takhrai,2016-01-01T06:00,18.1,91,0.0,4.8,3,open_meteo,https://archive-api.open-meteo.com/v1/archive,2026-09-16T11:06:58.921938+00:00,1.0
mae_takhrai,2016-01-01T07:00,18.0,92,0.0,4.3,3,open_meteo,https://archive-api.open-meteo.com/v1/archive,2026-09-16T11:06:58.921940+00:00,1.0
mae_takhrai,2016-01-01T08:00,19.6,86,0.0,4.7,3,open_meteo,https://archive-api.open-meteo.com/v1/archive,2026-09-16T11:06:58.921943+00:00,1.0
mae_takhrai,2016-01-01T09:00,22.3,74,0.0,3.2,3,open_meteo,https://archive-api.open-meteo.com/v1/archive,2026-09-16T11:06:58.921945+00:00,1.0
mae_takhrai,2016-01-01T10:00,23.9,61,0.0,6.8,2,open_meteo,https://archive-api.open-meteo.com/v1/archive,2026-09-16T11:06:58.921946+00:00,1.0
mae_takhrai,2016-01-01T11:00,25.3,55,0.0,8.7,2,open_meteo,https://archive-api.open-meteo.com/v1/archive,2026-09-16T11:06:58.921948+00:00,1.0
mae_takhrai,2016-01-01T12:00,25.9,53,0.0,7.9,3,open_meteo,https://archive-api.open-meteo.com/v1/archive,2026-09-16T11:06:58.921949+00:00,1.0
mae_takhrai,2016-01-01T13:00,26.7,49,0.0,7.1,3,open_meteo,https://archive-api.open-meteo.com/v1/archive,2026-09-16T11:06:58.921951+00:00,1.0
mae_takhrai,2016-01-01T14:00,26.7,48,0.0,6.5,2,open_meteo,https://archive-api.open-meteo.com/v1/archive,2026-09-16T11:06:58.921952+00:00,1.0
mae_takhrai,2016-01-01T15:00,26.8,47,0.0,5.5,2,open_meteo,https://archive-api.open-meteo.com/v1/archive,2026-09-16T11:06:58.921954+00:00,1.0
mae_takhrai,2016-01-01T16:00,26.6,48,0.0,5.4,2,open_meteo,https://archive-api.open-meteo.com/v1/archive,2026-09-16T11:06:58.921955+00:00,1.0
mae_takhrai,2016-01-01T17:00,26.0,54,0.0,5.0,1,open_meteo,https://archive-api.open-meteo.com/v1/archive,2026-09-16T11:06:58.921957+00:00,1.0
mae_takhrai,2016-01-01T18:00,24.6,65,0.0,4.9,1,open_meteo,https://archive-api.open-meteo.com/v1/archive,2026-09-16T11:06:58.921958+00:00,1.0
mae_takhrai,2016-01-01T19:00,23.1,71,0.0,5.5,0,open_meteo,https://archive-api.open-meteo.com/v1/archive,2026-09-16T11:06:58.921959+00:00,1.0
mae_takhrai,2016-01-01T20:00,23.0,65,0.0,4.7,0,open_meteo,https://archive-api.open-meteo.com/v1/archive,2026-09-16T11:06:58.921961+00:00,1.0
mae_takhrai,2016-01-01T21:00,23.7,58,0.0,3.4,0,open_meteo,https://archive-api.open-meteo.com/v1/archive,2026-09-16T11:06:58.921962+00:00,1.0
mae_takhrai,2016-01-01T22:00,23.0,61,0.0,2.4,0,open_meteo,https://archive-api.open-meteo.com/v1/archive,2026-09-16T11:06:58.921964+00:00,1.0
mae_takhrai,2016-01-01T23:00,22.3,64,0.0,3.0,0,open_meteo,https://archive-api.open-meteo.com/v1/archive,2026-09-16T11:06:58.921965+00:00,1.0
mae_takhrai,2016-01-02T00:00,21.6,67,0.0,3.0,0,open_meteo,https://archive-api.open-meteo.com/v1/archive,2026-09-16T11:06:58.921967+00:00,1.0
mae_takhrai,2016-01-02T01:00,20.8,71,0.0,3.0,0,open_meteo,https://archive-api.open-meteo.com/v1/archive,2026-09-16T11:06:58.921968+00:00,1.0
mae_takhrai,2016-01-02T02:00,18.4,84,0.0,3.0,1,open_meteo,https://archive-api.open-meteo.com/v1/archive,2026-09-16T11:06:58.921970+00:00,1.0
mae_takhrai,2016-01-02T03:00,17.7,86,0.0,3.9,2,open_meteo,https://archive-api.open-meteo.com/v1/archive,2026-09-16T11:06:58.921971+00:00,1.0
mae_takhrai,2016-01-02T04:00,17.3,88,0.0,4.8,3,open_meteo,https://archive-api.open-meteo.com/v1/archive,2026-09-16T11:06:58.921972+00:00,1.0
mae_takhrai,2016-01-02T05:00,16.9,90,0.0,5.5,3,open_meteo,https://archive-api.open-meteo.com/v1/archive,2026-09-16T11:06:58.921974+00:00,1.0
mae_takhrai,2016-01-02T06:00,16.6,90,0.0,5.4,3,open_meteo,https://archive-api.open-meteo.com/v1/archive,2026-09-16T11:06:58.921975+00:00,1.0
mae_takhrai,2016-01-02T07:00,16.3,92,0.0,5.4,3,open_meteo,https://archive-api.open-meteo.com/v1/archive,2026-09-16T11:06:58.921977+00:00,1.0
mae_takhrai,2016-01-02T08:00,18.4,86,0.0,5.1,3,open_meteo,https://archive-api.open-meteo.com/v1/archive,2026-09-16T11:06:58.921978+00:00,1.0
mae_takhrai,2016-01-02T09:00,21.8,75,0.0,2.7,3,open_meteo,https://archive-api.open-meteo.com/v1/archive,2026-09-16T11:06:58.921980+00:00,1.0
mae_takhrai,2016-01-02T10:00,24.2,60,0.0,2.9,3,open_meteo,https://archive-api.open-meteo.com/v1/archive,2026-09-16T11:06:58.921981+00:00,1.0
mae_takhrai,2016-01-02T11:00,25.7,54,0.0,5.6,3,open_meteo,https://archive-api.open-meteo.com/v1/archive,2026-09-16T11:06:58.921983+00:00,1.0
mae_takhrai,2016-01-02T12:00,26.6,51,0.0,6.2,2,open_meteo,https://archive-api.open-meteo.com/v1/archive,2026-09-16T11:06:58.921984+00:00,1.0
mae_takhrai,2016-01-02T13:00,27.4,47,0.0,5.4,3,open_meteo,https://archive-api.open-meteo.com/v1/archive,2026-09-16T11:06:58.921985+00:00,1.0
mae_takhrai,2016-01-02T14:00,26.2,52,0.0,5.1,3,open_meteo,https://archive-api.open-meteo.com/v1/archive,2026-09-16T11:06:58.921987+00:00,1.0
mae_takhrai,2016-01-02T15:00,26.4,52,0.0,4.7,2,open_meteo,https://archive-api.open-meteo.com/v1/archive,2026-09-16T11:06:58.921988+00:00,1.0
mae_takhrai,2016-01-02T16:00,26.2,53,0.0,4.7,2,open_meteo,https://archive-api.open-meteo.com/v1/archive,2026-09-16T11:06:58.921990+00:00,1.0
mae_takhrai,2016-01-02T17:00,25.6,59,0.0,4.4,1,open_meteo,https://archive-api.open-meteo.com/v1/archive,2026-09-16T11:06:58.921991+00:00,1.0
mae_takhrai,2016-01-02T18:00,24.4,71,0.0,4.8,2,open_meteo,https://archive-api.open-meteo.com/v1/archive,2026-09-16T11:06:58.921993+00:00,1.0
mae_takhrai,2016-01-02T19:00,25.0,57,0.0,5.0,1,open_meteo,https://archive-api.open-meteo.com/v1/archive,2026-09-16T11:06:58.921994+00:00,1.0
mae_takhrai,2016-01-02T20:00,24.4,60,0.0,4.5,1,open_meteo,https://archive-api.open-meteo.com/v1/archive,2026-09-16T11:06:58.921998+00:00,1.0
mae_takhrai,2016-01-02T21:00,23.8,62,0.0,3.3,1,open_meteo,https://archive-api.open-meteo.com/v1/archive,2026-09-16T11:06:58.921999+00:00,1.0
mae_takhrai,2016-01-02T22:00,23.4,64,0.0,3.5,1,open_meteo,https://archive-api.open-meteo.com/v1/archive,2026-09-16T11:06:58.922001+00:00,1.0
mae_takhrai,2016-01-02T23:00,22.9,65,0.0,2.9,1,open_meteo,https://archive-api.open-meteo.com/v1/archive,2026-09-16T11:06:58.922002+00:00,1.0
mae_takhrai,2016-01-03T00:00,22.3,68,0.0,1.8,1,open_meteo,https://archive-api.open-meteo.com/v1/archive,2026-09-16T11:06:58.922004+00:00,1.0
mae_takhrai,2016-01-03T01:00,21.5,72,0.0,2.0,1,open_meteo,https://archive-api.open-meteo.com/v1/archive,2026-09-16T11:06:58.922005+00:00,1.0
mae_takhrai,2016-01-03T02:00,22.1,66,0.0,1.1,1,open_meteo,https://archive-api.open-meteo.com/v1/archive,2026-09-16T11:06:58.922007+00:00,1.0
mae_takhrai,2016-01-03T03:00,20.8,72,0.0,1.8,1,open_meteo,https://archive-api.open-meteo.com/v1/archive,2026-09-16T11:06:58.922008+00:00,1.0
mae_takhrai,2016-01-03T04:00,19.5,78,0.0,2.8,0,open_meteo,https://archive-api.open-meteo.com/v1/archive,2026-09-16T11:06:58.922009+00:00,1.0
mae_takhrai,2016-01-03T05:00,18.9,80,0.0,2.8,0,open_meteo,https://archive-api.open-meteo.com/v1/archive,2026-09-16T11:06:58.922011+00:00,1.0
mae_takhrai,2016-01-03T06:00,18.2,83,0.0,3.1,0,open_meteo,https://archive-api.open-meteo.com/v1/archive,2026-09-16T11:06:58.922012+00:00,1.0
mae_takhrai,2016-01-03T07:00,17.8,85,0.0,3.1,0,open_meteo,https://archive-api.open-meteo.com/v1/archive,2026-09-16T11:06:58.922014+00:00,1.0
mae_takhrai,2016-01-03T08:00,19.0,83,0.0,4.8,0,open_meteo,https://archive-api.open-meteo.com/v1/archive,2026-09-16T11:06:58.922015+00:00,1.0
mae_takhrai,2016-01-03T09:00,22.5,72,0.0,2.8,0,open_meteo,https://archive-api.open-meteo.com/v1/archive,2026-09-16T11:06:58.922017+00:00,1.0
mae_takhrai,2016-01-03T10:00,24.6,61,0.0,0.8,0,open_meteo,https://archive-api.open-meteo.com/v1/archive,2026-09-16T11:06:58.922018+00:00,1.0
mae_takhrai,2016-01-03T11:00,26.2,54,0.0,1.9,0,open_meteo,https://archive-api.open-meteo.com/v1/archive,2026-09-16T11:06:58.922019+00:00,1.0
mae_takhrai,2016-01-03T12:00,27.3,49,0.0,2.9,0,open_meteo,https://archive-api.open-meteo.com/v1/archive,2026-09-16T11:06:58.922021+00:00,1.0
mae_takhrai,2016-01-03T13:00,28.2,45,0.0,4.6,0,open_meteo,https://archive-api.open-meteo.com/v1/archive,2026-09-16T11:06:58.922022+00:00,1.0
mae_takhrai,2016-01-03T14:00,28.1,45,0.0,5.9,1,open_meteo,https://archive-api.open-meteo.com/v1/archive,2026-09-16T11:06:58.922024+00:00,1.0
mae_takhrai,2016-01-03T15:00,27.9,44,0.0,6.1,1,open_meteo,https://archive-api.open-meteo.com/v1/archive,2026-09-16T11:06:58.922025+00:00,1.0
mae_takhrai,2016-01-03T16:00,27.7,45,0.0,5.7,1,open_meteo,https://archive-api.open-meteo.com/v1/archive,2026-09-16T11:06:58.922027+00:00,1.0
mae_takhrai,2016-01-03T17:00,27.1,50,0.0,5.1,0,open_meteo,https://archive-api.open-meteo.com/v1/archive,2026-09-16T11:06:58.922028+00:00,1.0
mae_takhrai,2016-01-03T18:00,25.3,66,0.0,4.7,0,open_meteo,https://archive-api.open-meteo.com/v1/archive,2026-09-16T11:06:58.922029+00:00,1.0
mae_takhrai,2016-01-03T19:00,24.7,59,0.0,5.6,0,open_meteo,https://archive-api.open-meteo.com/v1/archive,2026-09-16T11:06:58.922031+00:00,1.0
mae_takhrai,2016-01-03T20:00,24.1,59,0.0,6.1,0,open_meteo,https://archive-api.open-meteo.com/v1/archive,2026-09-16T11:06:58.922032+00:00,1.0
mae_takhrai,2016-01-03T21:00,24.0,57,0.0,6.0,0,open_meteo,https://archive-api.open-meteo.com/v1/archive,2026-09-16T11:06:58.922034+00:00,1.0
mae_takhrai,2016-01-03T22:00,23.4,59,0.0,5.4,0,open_meteo,https://archive-api.open-meteo.com/v1/archive,2026-09-16T11:06:58.922035+00:00,1.0
mae_takhrai,2016-01-03T23:00,23.0,60,0.0,4.1,0,open_meteo,https://archive-api.open-meteo.com/v1/archive,2026-09-16T11:06:58.922037+00:00,1.0
mae_takhrai,2016-01-04T00:00,22.9,60,0.0,4.1,0,open_meteo,https://archive-api.open-meteo.com/v1/archive,2026-09-16T11:06:58.922038+00:00,1.0
mae_takhrai,2016-01-04T01:00,22.8,60,0.0,4.6,0,open_meteo,https://archive-api.open-meteo.com/v1/archive,2026-09-16T11:06:58.922040+00:00,1.0
mae_takhrai,2016-01-04T02:00,22.4,61,0.0,4.4,0,open_meteo,https://archive-api.open-meteo.com/v1/archive,2026-09-16T11:06:58.922041+00:00,1.0
mae_takhrai,2016-01-04T03:00,22.1,61,0.0,2.3,0,open_meteo,https://archive-api.open-meteo.com/v1/archive,2026-09-16T11:06:58.922042+00:00,1.0
mae_takhrai,2016-01-04T04:00,21.9,62,0.0,1.4,0,open_meteo,https://archive-api.open-meteo.com/v1/archive,2026-09-16T11:06:58.922044+00:00,1.0
mae_takhrai,2016-01-04T05:00,21.2,65,0.0,1.1,0,open_meteo,https://archive-api.open-meteo.com/v1/archive,2026-09-16T11:06:58.922045+00:00,1.0
mae_takhrai,2016-01-04T06:00,19.3,74,0.0,3.2,0,open_meteo,https://archive-api.open-meteo.com/v1/archive,2026-09-16T11:06:58.922047+00:00,1.0
mae_takhrai,2016-01-04T07:00,18.6,77,0.0,3.3,0,open_meteo,https://archive-api.open-meteo.com/v1/archive,2026-09-16T11:06:58.922048+00:00,1.0
mae_takhrai,2016-01-04T08:00,19.5,77,0.0,3.6,0,open_meteo,https://archive-api.open-meteo.com/v1/archive,2026-09-16T11:06:58.922050+00:00,1.0
mae_takhrai,2016-01-04T09:00,22.7,69,0.0,1.1,0,open_meteo,https://archive-api.open-meteo.com/v1/archive,2026-09-16T11:06:58.922051+00:00,1.0
mae_takhrai,2016-01-04T10:00,25.0,58,0.0,2.6,0,open_meteo,https://archive-api.open-meteo.com/v1/archive,2026-09-16T11:06:58.922052+00:00,1.0
mae_takhrai,2016-01-04T11:00,26.5,52,0.0,5.1,0,open_meteo,https://archive-api.open-meteo.com/v1/archive,2026-09-16T11:06:58.922054+00:00,1.0
mae_takhrai,2016-01-04T12:00,27.6,45,0.0,6.9,0,open_meteo,https://archive-api.open-meteo.com/v1/archive,2026-09-16T11:06:58.922058+00:00,1.0
mae_takhrai,2016-01-04T13:00,28.3,39,0.0,7.9,0,open_meteo,https://archive-api.open-meteo.com/v1/archive,2026-09-16T11:06:58.922059+00:00,1.0
mae_takhrai,2016-01-04T14:00,28.3,38,0.0,7.9,0,open_meteo,https://archive-api.open-meteo.com/v1/archive,2026-09-16T11:06:58.922061+00:00,1.0
mae_takhrai,2016-01-04T15:00,28.2,38,0.0,7.7,0,open_meteo,https://archive-api.open-meteo.com/v1/archive,2026-09-16T11:06:58.922062+00:00,1.0
mae_takhrai,2016-01-04T16:00,28.1,38,0.0,7.3,1,open_meteo,https://archive-api.open-meteo.com/v1/archive,2026-09-16T11:06:58.922063+00:00,1.0
mae_takhrai,2016-01-04T17:00,27.5,46,0.0,4.3,0,open_meteo,https://archive-api.open-meteo.com/v1/archive,2026-09-16T11:06:58.922065+00:00,1.0
mae_takhrai,2016-01-04T18:00,27.2,41,0.0,1.4,0,open_meteo,https://archive-api.open-meteo.com/v1/archive,2026-09-16T11:06:58.922066+00:00,1.0
mae_takhrai,2016-01-04T19:00,26.3,44,0.0,2.5,0,open_meteo,https://archive-api.open-meteo.com/v1/archive,2026-09-16T11:06:58.922068+00:00,1.0
mae_takhrai,2016-01-04T20:00,25.3,47,0.0,2.2,0,open_meteo,https://archive-api.open-meteo.com/v1/archive,2026-09-16T11:06:58.922069+00:00,1.0
mae_takhrai,2016-01-04T21:00,24.4,50,0.0,1.8,0,open_meteo,https://archive-api.open-meteo.com/v1/archive,2026-09-16T11:06:58.922071+00:00,1.0
mae_takhrai,2016-01-04T22:00,22.2,61,0.0,4.6,0,open_meteo,https://archive-api.open-meteo.com/v1/archive,2026-09-16T11:06:58.922072+00:00,1.0
mae_takhrai,2016-01-04T23:00,20.4,69,0.0,4.9,0,open_meteo,https://archive-api.open-meteo.com/v1/archive,2026-09-16T11:06:58.922074+00:00,1.0
mae_takhrai,2016-01-05T00:00,19.5,73,0.0,4.5,0,open_meteo,https://archive-api.open-meteo.com/v1/archive,2026-09-16T11:06:58.922075+00:00,1.0
mae_takhrai,2016-01-05T01:00,19.1,75,0.0,4.4,0,open_meteo,https://archive-api.open-meteo.com/v1/archive,2026-09-16T11:06:58.922077+00:00,1.0
mae_takhrai,2016-01-05T02:00,18.6,75,0.0,4.4,0,open_meteo,https://archive-api.open-meteo.com/v1/archive,2026-09-16T11:06:58.922078+00:00,1.0
mae_takhrai,2016-01-05T03:00,17.8,78,0.0,4.0,0,open_meteo,https://archive-api.open-meteo.com/v1/archive,2026-09-16T11:06:58.922079+00:00,1.0
mae_takhrai,2016-01-05T04:00,17.0,81,0.0,3.7,0,open_meteo,https://archive-api.open-meteo.com/v1/archive,2026-09-16T11:06:58.922081+00:00,1.0
mae_takhrai,2016-01-05T05:00,16.4,83,0.0,3.6,0,open_meteo,https://archive-api.open-meteo.com/v1/archive,2026-09-16T11:06:58.922082+00:00,1.0
mae_takhrai,2016-01-05T06:00,16.0,85,0.0,4.0,0,open_meteo,https://archive-api.open-meteo.com/v1/archive,2026-09-16T11:06:58.922084+00:00,1.0
mae_takhrai,2016-01-05T07:00,15.6,86,0.0,4.3,0,open_meteo,https://archive-api.open-meteo.com/v1/archive,2026-09-16T11:06:58.922085+00:00,1.0
mae_takhrai,2016-01-05T08:00,16.9,84,0.0,5.8,0,open_meteo,https://archive-api.open-meteo.com/v1/archive,2026-09-16T11:06:58.922087+00:00,1.0
mae_takhrai,2016-01-05T09:00,21.3,70,0.0,2.9,0,open_meteo,https://archive-api.open-meteo.com/v1/archive,2026-09-16T11:06:58.922088+00:00,1.0
mae_takhrai,2016-01-05T10:00,24.4,54,0.0,2.6,0,open_meteo,https://archive-api.open-meteo.com/v1/archive,2026-09-16T11:06:58.922090+00:00,1.0
mae_takhrai,2016-01-05T11:00,26.3,45,0.0,3.6,0,open_meteo,https://archive-api.open-meteo.com/v1/archive,2026-09-16T11:06:58.922091+00:00,1.0
mae_takhrai,2016-01-05T12:00,27.5,40,0.0,2.6,0,open_meteo,https://archive-api.open-meteo.com/v1/archive,2026-09-16T11:06:58.922092+00:00,1.0
mae_takhrai,2016-01-05T13:00,28.2,37,0.0,1.0,0,open_meteo,https://archive-api.open-meteo.com/v1/archive,2026-09-16T11:06:58.922094+00:00,1.0
mae_takhrai,2016-01-05T14:00,28.4,36,0.0,0.0,0,open_meteo,https://archive-api.open-meteo.com/v1/archive,2026-09-16T11:06:58.922095+00:00,1.0
mae_takhrai,2016-01-05T15:00,28.5,35,0.0,1.0,0,open_meteo,https://archive-api.open-meteo.com/v1/archive,2026-09-16T11:06:58.922097+00:00,1.0
mae_takhrai,2016-01-05T16:00,28.3,35,0.0,1.3,0,open_meteo,https://archive-api.open-meteo.com/v1/archive,2026-09-16T11:06:58.922098+00:00,1.0
mae_takhrai,2016-01-05T17:00,26.7,50,0.0,3.6,0,open_meteo,https://archive-api.open-meteo.com/v1/archive,2026-09-16T11:06:58.922100+00:00,1.0
mae_takhrai,2016-01-05T18:00,25.2,66,0.0,5.1,0,open_meteo,https://archive-api.open-meteo.com/v1/archive,2026-09-16T11:06:58.922101+00:00,1.0
mae_takhrai,2016-01-05T19:00,23.9,63,0.0,3.9,0,open_meteo,https://archive-api.open-meteo.com/v1/archive,2026-09-16T11:06:58.922103+00:00,1.0
mae_takhrai,2016-01-05T20:00,22.7,65,0.0,2.9,0,open_meteo,https://archive-api.open-meteo.com/v1/archive,2026-09-16T11:06:58.922104+00:00,1.0
mae_takhrai,2016-01-05T21:00,21.0,71,0.0,3.9,0,open_meteo,https://archive-api.open-meteo.com/v1/archive,2026-09-16T11:06:58.922105+00:00,1.0
mae_takhrai,2016-01-05T22:00,19.7,76,0.0,3.7,0,open_meteo,https://archive-api.open-meteo.com/v1/archive,2026-09-16T11:06:58.922107+00:00,1.0
mae_takhrai,2016-01-05T23:00,18.6,80,0.0,4.5,0,open_meteo,https://archive-api.open-meteo.com/v1/archive,2026-09-16T11:06:58.922108+00:00,1.0
mae_takhrai,2016-01-06T00:00,17.7,83,0.0,5.2,0,open_meteo,https://archive-api.open-meteo.com/v1/archive,2026-09-16T11:06:58.922110+00:00,1.0
mae_takhrai,2016-01-06T01:00,17.0,85,0.0,5.5,0,open_meteo,https://archive-api.open-meteo.com/v1/archive,2026-09-16T11:06:58.922111+00:00,1.0
mae_takhrai,2016-01-06T02:00,16.5,85,0.0,5.7,1,open_meteo,https://archive-api.open-meteo.com/v1/archive,2026-09-16T11:06:58.922113+00:00,1.0
mae_takhrai,2016-01-06T03:00,16.1,86,0.0,6.0,1,open_meteo,https://archive-api.open-meteo.com/v1/archive,2026-09-16T11:06:58.922114+00:00,1.0
mae_takhrai,2016-01-06T04:00,15.8,86,0.0,5.6,1,open_meteo,https://archive-api.open-meteo.com/v1/archive,2026-09-16T11:06:58.922118+00:00,1.0
mae_takhrai,2016-01-06T05:00,15.4,87,0.0,4.8,0,open_meteo,https://archive-api.open-meteo.com/v1/archive,2026-09-16T11:06:58.922120+00:00,1.0
mae_takhrai,2016-01-06T06:00,15.0,88,0.0,5.9,0,open_meteo,https://archive-api.open-meteo.com/v1/archive,2026-09-16T11:06:58.922121+00:00,1.0
mae_takhrai,2016-01-06T07:00,14.7,88,0.0,6.4,0,open_meteo,https://archive-api.open-meteo.com/v1/archive,2026-09-16T11:06:58.922122+00:00,1.0
mae_takhrai,2016-01-06T08:00,16.2,86,0.0,6.6,0,open_meteo,https://archive-api.open-meteo.com/v1/archive,2026-09-16T11:06:58.922124+00:00,1.0
mae_takhrai,2016-01-06T09:00,21.0,73,0.0,3.5,0,open_meteo,https://archive-api.open-meteo.com/v1/archive,2026-09-16T11:06:58.922125+00:00,1.0
mae_takhrai,2016-01-06T10:00,24.5,55,0.0,1.8,0,open_meteo,https://archive-api.open-meteo.com/v1/archive,2026-09-16T11:06:58.922127+00:00,1.0
mae_takhrai,2016-01-06T11:00,26.5,45,0.0,1.3,0,open_meteo,https://archive-api.open-meteo.com/v1/archive,2026-09-16T11:06:58.922128+00:00,1.0
mae_takhrai,2016-01-06T12:00,27.8,38,0.0,3.1,0,open_meteo,https://archive-api.open-meteo.com/v1/archive,2026-09-16T11:06:58.922130+00:00,1.0
mae_takhrai,2016-01-06T13:00,28.6,34,0.0,3.8,0,open_meteo,https://archive-api.open-meteo.com/v1/archive,2026-09-16T11:06:58.922131+00:00,1.0
mae_takhrai,2016-01-06T14:00,28.6,35,0.0,4.3,0,open_meteo,https://archive-api.open-meteo.com/v1/archive,2026-09-16T11:06:58.922133+00:00,1.0
mae_takhrai,2016-01-06T15:00,28.7,34,0.0,4.4,0,open_meteo,https://archive-api.open-meteo.com/v1/archive,2026-09-16T11:06:58.922134+00:00,1.0
mae_takhrai,2016-01-06T16:00,28.4,34,0.0,4.4,0,open_meteo,https://archive-api.open-meteo.com/v1/archive,2026-09-16T11:06:58.922136+00:00,1.0
mae_takhrai,2016-01-06T17:00,27.6,41,0.0,5.2,0,open_meteo,https://archive-api.open-meteo.com/v1/archive,2026-09-16T11:06:58.922137+00:00,1.0
mae_takhrai,2016-01-06T18:00,25.8,55,0.0,6.5,0,open_meteo,https://archive-api.open-meteo.com/v1/archive,2026-09-16T11:06:58.922139+00:00,1.0
mae_takhrai,2016-01-06T19:00,25.8,42,0.0,6.6,0,open_meteo,https://archive-api.open-meteo.com/v1/archive,2026-09-16T11:06:58.922140+00:00,1.0
mae_takhrai,2016-01-06T20:00,24.7,44,0.0,7.0,0,open_meteo,https://archive-api.open-meteo.com/v1/archive,2026-09-16T11:06:58.922141+00:00,1.0
mae_takhrai,2016-01-06T21:00,23.7,47,0.0,5.2,0,open_meteo,https://archive-api.open-meteo.com/v1/archive,2026-09-16T11:06:58.922143+00:00,1.0
mae_takhrai,2016-01-06T22:00,21.2,58,0.0,4.3,0,open_meteo,https://archive-api.open-meteo.com/v1/archive,2026-09-16T11:06:58.922144+00:00,1.0
mae_takhrai,2016-01-06T23:00,19.4,67,0.0,3.9,0,open_meteo,https://archive-api.open-meteo.com/v1/archive,2026-09-16T11:06:58.922146+00:00,1.0
mae_takhrai,2016-01-07T00:00,18.5,71,0.0,3.9,0,open_meteo,https://archive-api.open-meteo.com/v1/archive,2026-09-16T11:06:58.922147+00:00,1.0
mae_takhrai,2016-01-07T01:00,17.9,74,0.0,3.7,0,open_meteo,https://archive-api.open-meteo.com/v1/archive,2026-09-16T11:06:58.922149+00:00,1.0
mae_takhrai,2016-01-07T02:00,17.7,73,0.0,3.2,0,open_meteo,https://archive-api.open-meteo.com/v1/archive,2026-09-16T11:06:58.922150+00:00,1.0
mae_takhrai,2016-01-07T03:00,17.3,74,0.0,2.4,0,open_meteo,https://archive-api.open-meteo.com/v1/archive,2026-09-16T11:06:58.922152+00:00,1.0
mae_takhrai,2016-01-07T04:00,16.9,75,0.0,2.4,0,open_meteo,https://archive-api.open-meteo.com/v1/archive,2026-09-16T11:06:58.922153+00:00,1.0
mae_takhrai,2016-01-07T05:00,16.7,75,0.0,1.5,0,open_meteo,https://archive-api.open-meteo.com/v1/archive,2026-09-16T11:06:58.922155+00:00,1.0
mae_takhrai,2016-01-07T06:00,16.4,75,0.0,2.3,0,open_meteo,https://archive-api.open-meteo.com/v1/archive,2026-09-16T11:06:58.922156+00:00,1.0
mae_takhrai,2016-01-07T07:00,16.0,76,0.0,3.5,0,open_meteo,https://archive-api.open-meteo.com/v1/archive,2026-09-16T11:06:58.922157+00:00,1.0
mae_takhrai,2016-01-07T08:00,16.8,77,0.0,5.2,0,open_meteo,https://archive-api.open-meteo.com/v1/archive,2026-09-16T11:06:58.922159+00:00,1.0
mae_takhrai,2016-01-07T09:00,21.4,69,0.0,2.8,0,open_meteo,https://archive-api.open-meteo.com/v1/archive,2026-09-16T11:06:58.922160+00:00,1.0
mae_takhrai,2016-01-07T10:00,24.7,49,0.0,1.5,0,open_meteo,https://archive-api.open-meteo.com/v1/archive,2026-09-16T11:06:58.922162+00:00,1.0
mae_takhrai,2016-01-07T11:00,26.5,45,0.0,2.5,0,open_meteo,https://archive-api.open-meteo.com/v1/archive,2026-09-16T11:06:58.922163+00:00,1.0
mae_takhrai,2016-01-07T12:00,27.8,41,0.0,5.0,0,open_meteo,https://archive-api.open-meteo.com/v1/archive,2026-09-16T11:06:58.922165+00:00,1.0
mae_takhrai,2016-01-07T13:00,28.6,36,0.0,6.6,2,open_meteo,https://archive-api.open-meteo.com/v1/archive,2026-09-16T11:06:58.922166+00:00,1.0
mae_takhrai,2016-01-07T14:00,28.6,36,0.0,6.7,2,open_meteo,https://archive-api.open-meteo.com/v1/archive,2026-09-16T11:06:58.922168+00:00,1.0
mae_takhrai,2016-01-07T15:00,28.7,35,0.0,6.4,2,open_meteo,https://archive-api.open-meteo.com/v1/archive,2026-09-16T11:06:58.922169+00:00,1.0
mae_takhrai,2016-01-07T16:00,28.3,37,0.0,5.8,2,open_meteo,https://archive-api.open-meteo.com/v1/archive,2026-09-16T11:06:58.922171+00:00,1.0
mae_takhrai,2016-01-07T17:00,27.5,45,0.0,4.2,3,open_meteo,https://archive-api.open-meteo.com/v1/archive,2026-09-16T11:06:58.922172+00:00,1.0
mae_takhrai,2016-01-07T18:00,26.9,43,0.0,2.6,3,open_meteo,https://archive-api.open-meteo.com/v1/archive,2026-09-16T11:06:58.922173+00:00,1.0
mae_takhrai,2016-01-07T19:00,25.7,47,0.0,3.4,3,open_meteo,https://archive-api.open-meteo.com/v1/archive,2026-09-16T11:06:58.922175+00:00,1.0
mae_takhrai,2016-01-07T20:00,23.8,56,0.0,4.1,2,open_meteo,https://archive-api.open-meteo.com/v1/archive,2026-09-16T11:06:58.922181+00:00,1.0
mae_takhrai,2016-01-07T21:00,22.5,61,0.0,4.0,1,open_meteo,https://archive-api.open-meteo.com/v1/archive,2026-09-16T11:06:58.922183+00:00,1.0
mae_takhrai,2016-01-07T22:00,21.9,62,0.0,3.6,0,open_meteo,https://archive-api.open-meteo.com/v1/archive,2026-09-16T11:06:58.922184+00:00,1.0
mae_takhrai,2016-01-07T23:00,21.5,62,0.0,3.1,1,open_meteo,https://archive-api.open-meteo.com/v1/archive,2026-09-16T11:06:58.922186+00:00,1.0
ob_luang,2016-01-01T00:00,19.3,70,0.0,3.0,0,open_meteo,https://archive-api.open-meteo.com/v1/archive,2026-09-16T11:06:58.922188+00:00,1.0
ob_luang,2016-01-01T01:00,19.0,70,0.0,3.3,0,open_meteo,https://archive-api.open-meteo.com/v1/archive,2026-09-16T11:06:58.922189+00:00,1.0
ob_luang,2016-01-01T02:00,18.9,70,0.0,3.6,1,open_meteo,https://archive-api.open-meteo.com/v1/archive,2026-09-16T11:06:58.922191+00:00,1.0
ob_luang,2016-01-01T03:00,18.4,71,0.0,4.5,1,open_meteo,https://archive-api.open-meteo.com/v1/archive,2026-09-16T11:06:58.922192+00:00,1.0
ob_luang,2016-01-01T04:00,17.4,75,0.0,5.2,2,open_meteo,https://archive-api.open-meteo.com/v1/archive,2026-09-16T11:06:58.922194+00:00,1.0
ob_luang,2016-01-01T05:00,16.7,79,0.0,4.5,2,open_meteo,https://archive-api.open-meteo.com/v1/archive,2026-09-16T11:06:58.922195+00:00,1.0
ob_luang,2016-01-01T06:00,16.5,80,0.0,4.4,3,open_meteo,https://archive-api.open-meteo.com/v1/archive,2026-09-16T11:06:58.922197+00:00,1.0
ob_luang,2016-01-01T07:00,16.5,80,0.0,4.4,3,open_meteo,https://archive-api.open-meteo.com/v1/archive,2026-09-16T11:06:58.922198+00:00,1.0
ob_luang,2016-01-01T08:00,17.0,82,0.0,2.6,3,open_meteo,https://archive-api.open-meteo.com/v1/archive,2026-09-16T11:06:58.922199+00:00,1.0
ob_luang,2016-01-01T09:00,20.0,71,0.0,4.0,3,open_meteo,https://archive-api.open-meteo.com/v1/archive,2026-09-16T11:06:58.922201+00:00,1.0
ob_luang,2016-01-01T10:00,21.4,64,0.0,8.0,3,open_meteo,https://archive-api.open-meteo.com/v1/archive,2026-09-16T11:06:58.922202+00:00,1.0
ob_luang,2016-01-01T11:00,22.5,59,0.0,8.1,2,open_meteo,https://archive-api.open-meteo.com/v1/archive,2026-09-16T11:06:58.922204+00:00,1.0
ob_luang,2016-01-01T12:00,23.3,55,0.0,8.0,3,open_meteo,https://archive-api.open-meteo.com/v1/archive,2026-09-16T11:06:58.922205+00:00,1.0
ob_luang,2016-01-01T13:00,24.0,51,0.0,8.5,2,open_meteo,https://archive-api.open-meteo.com/v1/archive,2026-09-16T11:06:58.922207+00:00,1.0
ob_luang,2016-01-01T14:00,24.0,53,0.0,8.5,2,open_meteo,https://archive-api.open-meteo.com/v1/archive,2026-09-16T11:06:58.922208+00:00,1.0
ob_luang,2016-01-01T15:00,23.7,53,0.0,8.5,2,open_meteo,https://archive-api.open-meteo.com/v1/archive,2026-09-16T11:06:58.922209+00:00,1.0
ob_luang,2016-01-01T16:00,23.5,53,0.0,8.5,2,open_meteo,https://archive-api.open-meteo.com/v1/archive,2026-09-16T11:06:58.922211+00:00,1.0
ob_luang,2016-01-01T17:00,22.5,58,0.0,6.2,2,open_meteo,https://archive-api.open-meteo.com/v1/archive,2026-09-16T11:06:58.922212+00:00,1.0
ob_luang,2016-01-01T18:00,21.3,64,0.0,5.1,0,open_meteo,https://archive-api.open-meteo.com/v1/archive,2026-09-16T11:06:58.922214+00:00,1.0
ob_luang,2016-01-01T19:00,20.2,73,0.0,4.0,0,open_meteo,https://archive-api.open-meteo.com/v1/archive,2026-09-16T11:06:58.922215+00:00,1.0
ob_luang,2016-01-01T20:00,19.8,70,0.0,2.9,0,open_meteo,https://archive-api.open-meteo.com/v1/archive,2026-09-16T11:06:58.922217+00:00,1.0
ob_luang,2016-01-01T21:00,19.7,70,0.0,2.2,0,open_meteo,https://archive-api.open-meteo.com/v1/archive,2026-09-16T11:06:58.922218+00:00,1.0
ob_luang,2016-01-01T22:00,19.5,70,0.0,1.6,0,open_meteo,https://archive-api.open-meteo.com/v1/archive,2026-09-16T11:06:58.922220+00:00,1.0
ob_luang,2016-01-01T23:00,19.1,70,0.0,2.3,0,open_meteo,https://archive-api.open-meteo.com/v1/archive,2026-09-16T11:06:58.922221+00:00,1.0
ob_luang,2016-01-02T00:00,18.8,71,0.0,2.5,0,open_meteo,https://archive-api.open-meteo.com/v1/archive,2026-09-16T11:06:58.922223+00:00,1.0
ob_luang,2016-01-02T01:00,18.5,72,0.0,2.5,0,open_meteo,https://archive-api.open-meteo.com/v1/archive,2026-09-16T11:06:58.922224+00:00,1.0
ob_luang,2016-01-02T02:00,17.4,77,0.0,2.5,1,open_meteo,https://archive-api.open-meteo.com/v1/archive,2026-09-16T11:06:58.922226+00:00,1.0
ob_luang,2016-01-02T03:00,16.6,81,0.0,2.2,2,open_meteo,https://archive-api.open-meteo.com/v1/archive,2026-09-16T11:06:58.922243+00:00,1.0
ob_luang,2016-01-02T04:00,16.2,82,0.0,1.8,3,open_meteo,https://archive-api.open-meteo.com/v1/archive,2026-09-16T11:06:58.922244+00:00,1.0
ob_luang,2016-01-02T05:00,16.4,81,0.0,1.8,3,open_meteo,https://archive-api.open-meteo.com/v1/archive,2026-09-16T11:06:58.922246+00:00,1.0
ob_luang,2016-01-02T06:00,16.8,79,0.0,1.6,3,open_meteo,https://archive-api.open-meteo.com/v1/archive,2026-09-16T11:06:58.922247+00:00,1.0
ob_luang,2016-01-02T07:00,16.7,79,0.0,2.6,3,open_meteo,https://archive-api.open-meteo.com/v1/archive,2026-09-16T11:06:58.922249+00:00,1.0
ob_luang,2016-01-02T08:00,17.2,79,0.0,2.4,3,open_meteo,https://archive-api.open-meteo.com/v1/archive,2026-09-16T11:06:58.922250+00:00,1.0
ob_luang,2016-01-02T09:00,19.7,71,0.0,2.4,3,open_meteo,https://archive-api.open-meteo.com/v1/archive,2026-09-16T11:06:58.922251+00:00,1.0
ob_luang,2016-01-02T10:00,21.7,62,0.0,4.7,3,open_meteo,https://archive-api.open-meteo.com/v1/archive,2026-09-16T11:06:58.922253+00:00,1.0
ob_luang,2016-01-02T11:00,23.0,57,0.0,6.7,3,open_meteo,https://archive-api.open-meteo.com/v1/archive,2026-09-16T11:06:58.922254+00:00,1.0
ob_luang,2016-01-02T12:00,23.8,53,0.0,6.3,1,open_meteo,https://archive-api.open-meteo.com/v1/archive,2026-09-16T11:06:58.922258+00:00,1.0
ob_luang,2016-01-02T13:00,24.7,49,0.0,6.3,1,open_meteo,https://archive-api.open-meteo.com/v1/archive,2026-09-16T11:06:58.922259+00:00,1.0
ob_luang,2016-01-02T14:00,24.7,52,0.0,6.6,1,open_meteo,https://archive-api.open-meteo.com/v1/archive,2026-09-16T11:06:58.922261+00:00,1.0
ob_luang,2016-01-02T15:00,24.9,50,0.0,6.9,1,open_meteo,https://archive-api.open-meteo.com/v1/archive,2026-09-16T11:06:58.922262+00:00,1.0
ob_luang,2016-01-02T16:00,24.0,52,0.0,7.4,2,open_meteo,https://archive-api.open-meteo.com/v1/archive,2026-09-16T11:06:58.922264+00:00,1.0
ob_luang,2016-01-02T17:00,22.8,60,0.0,5.8,3,open_meteo,https://archive-api.open-meteo.com/v1/archive,2026-09-16T11:06:58.922265+00:00,1.0
ob_luang,2016-01-02T18:00,21.7,68,0.0,5.5,2,open_meteo,https://archive-api.open-meteo.com/v1/archive,2026-09-16T11:06:58.922267+00:00,1.0
ob_luang,2016-01-02T19:00,20.7,76,0.1,2.7,51,open_meteo,https://archive-api.open-meteo.com/v1/archive,2026-09-16T11:06:58.922268+00:00,1.0
ob_luang,2016-01-02T20:00,20.2,80,0.0,1.9,2,open_meteo,https://archive-api.open-meteo.com/v1/archive,2026-09-16T11:06:58.922272+00:00,1.0
ob_luang,2016-01-02T21:00,20.3,75,0.0,2.7,2,open_meteo,https://archive-api.open-meteo.com/v1/archive,2026-09-16T11:06:58.922273+00:00,1.0
ob_luang,2016-01-02T22:00,20.5,70,0.0,3.0,3,open_meteo,https://archive-api.open-meteo.com/v1/archive,2026-09-16T11:06:58.922274+00:00,1.0
ob_luang,2016-01-02T23:00,20.2,71,0.0,2.6,3,open_meteo,https://archive-api.open-meteo.com/v1/archive,2026-09-16T11:06:58.922276+00:00,1.0
ob_luang,2016-01-03T00:00,19.7,74,0.0,2.5,3,open_meteo,https://archive-api.open-meteo.com/v1/archive,2026-09-16T11:06:58.922277+00:00,1.0
ob_luang,2016-01-03T01:00,18.9,78,0.0,2.9,3,open_meteo,https://archive-api.open-meteo.com/v1/archive,2026-09-16T11:06:58.922279+00:00,1.0
ob_luang,2016-01-03T02:00,18.4,82,0.0,3.2,2,open_meteo,https://archive-api.open-meteo.com/v1/archive,2026-09-16T11:06:58.922280+00:00,1.0
ob_luang,2016-01-03T03:00,17.8,84,0.0,3.2,1,open_meteo,https://archive-api.open-meteo.com/v1/archive,2026-09-16T11:06:58.922282+00:00,1.0
ob_luang,2016-01-03T04:00,17.3,86,0.0,3.3,1,open_meteo,https://archive-api.open-meteo.com/v1/archive,2026-09-16T11:06:58.922283+00:00,1.0
ob_luang,2016-01-03T05:00,16.6,87,0.0,2.5,1,open_meteo,https://archive-api.open-meteo.com/v1/archive,2026-09-16T11:06:58.922285+00:00,1.0
ob_luang,2016-01-03T06:00,16.1,88,0.0,2.5,1,open_meteo,https://archive-api.open-meteo.com/v1/archive,2026-09-16T11:06:58.922286+00:00,1.0
ob_luang,2016-01-03T07:00,16.2,88,0.0,2.9,1,open_meteo,https://archive-api.open-meteo.com/v1/archive,2026-09-16T11:06:58.922287+00:00,1.0
ob_luang,2016-01-03T08:00,17.1,90,0.0,2.6,1,open_meteo,https://archive-api.open-meteo.com/v1/archive,2026-09-16T11:06:58.922289+00:00,1.0
ob_luang,2016-01-03T09:00,20.5,81,0.0,1.1,1,open_meteo,https://archive-api.open-meteo.com/v1/archive,2026-09-16T11:06:58.922290+00:00,1.0
ob_luang,2016-01-03T10:00,22.7,63,0.0,0.0,1,open_meteo,https://archive-api.open-meteo.com/v1/archive,2026-09-16T11:06:58.922292+00:00,1.0
ob_luang,2016-01-03T11:00,24.4,54,0.0,1.1,1,open_meteo,https://archive-api.open-meteo.com/v1/archive,2026-09-16T11:06:58.922293+00:00,1.0
ob_luang,2016-01-03T12:00,25.6,48,0.0,1.5,1,open_meteo,https://archive-api.open-meteo.com/v1/archive,2026-09-16T11:06:58.922295+00:00,1.0
ob_luang,2016-01-03T13:00,26.1,45,0.0,3.0,1,open_meteo,https://archive-api.open-meteo.com/v1/archive,2026-09-16T11:06:58.922296+00:00,1.0
ob_luang,2016-01-03T14:00,26.0,46,0.0,4.1,1,open_meteo,https://archive-api.open-meteo.com/v1/archive,2026-09-16T11:06:58.922298+00:00,1.0
ob_luang,2016-01-03T15:00,26.2,44,0.0,4.8,1,open_meteo,https://archive-api.open-meteo.com/v1/archive,2026-09-16T11:06:58.922299+00:00,1.0
ob_luang,2016-01-03T16:00,25.7,44,0.0,5.1,0,open_meteo,https://archive-api.open-meteo.com/v1/archive,2026-09-16T11:06:58.922301+00:00,1.0
ob_luang,2016-01-03T17:00,25.0,48,0.0,3.2,1,open_meteo,https://archive-api.open-meteo.com/v1/archive,2026-09-16T11:06:58.922302+00:00,1.0
ob_luang,2016-01-03T18:00,23.2,61,0.0,1.4,0,open_meteo,https://archive-api.open-meteo.com/v1/archive,2026-09-16T11:06:58.922304+00:00,1.0
ob_luang,2016-01-03T19:00,21.3,63,0.0,1.1,0,open_meteo,https://archive-api.open-meteo.com/v1/archive,2026-09-16T11:06:58.922305+00:00,1.0
ob_luang,2016-01-03T20:00,19.8,70,0.0,2.2,0,open_meteo,https://archive-api.open-meteo.com/v1/archive,2026-09-16T11:06:58.922306+00:00,1.0
ob_luang,2016-01-03T21:00,19.1,72,0.0,3.6,0,open_meteo,https://archive-api.open-meteo.com/v1/archive,2026-09-16T11:06:58.922308+00:00,1.0
ob_luang,2016-01-03T22:00,18.4,74,0.0,3.6,0,open_meteo,https://archive-api.open-meteo.com/v1/archive,2026-09-16T11:06:58.922309+00:00,1.0
ob_luang,2016-01-03T23:00,17.7,77,0.0,3.6,0,open_meteo,https://archive-api.open-meteo.com/v1/archive,2026-09-16T11:06:58.922311+00:00,1.0
ob_luang,2016-01-04T00:00,17.0,79,0.0,4.0,0,open_meteo,https://archive-api.open-meteo.com/v1/archive,2026-09-16T11:06:58.922312+00:00,1.0
ob_luang,2016-01-04T01:00,16.6,81,0.0,4.0,0,open_meteo,https://archive-api.open-meteo.com/v1/archive,2026-09-16T11:06:58.922314+00:00,1.0
ob_luang,2016-01-04T02:00,16.7,79,0.0,4.3,0,open_meteo,https://archive-api.open-meteo.com/v1/archive,2026-09-16T11:06:58.922315+00:00,1.0
ob_luang,2016-01-04T03:00,15.9,82,0.0,3.6,0,open_meteo,https://archive-api.open-meteo.com/v1/archive,2026-09-16T11:06:58.922317+00:00,1.0
ob_luang,2016-01-04T04:00,15.1,85,0.0,4.0,0,open_meteo,https://archive-api.open-meteo.com/v1/archive,2026-09-16T11:06:58.922320+00:00,1.0
ob_luang,2016-01-04T05:00,14.6,86,0.0,4.3,0,open_meteo,https://archive-api.open-meteo.com/v1/archive,2026-09-16T11:06:58.922321+00:00,1.0
ob_luang,2016-01-04T06:00,14.2,87,0.0,4.3,0,open_meteo,https://archive-api.open-meteo.com/v1/archive,2026-09-16T11:06:58.922323+00:00,1.0
ob_luang,2016-01-04T07:00,13.9,88,0.0,4.0,0,open_meteo,https://archive-api.open-meteo.com/v1/archive,2026-09-16T11:06:58.922324+00:00,1.0
ob_luang,2016-01-04T08:00,15.1,87,0.0,5.0,0,open_meteo,https://archive-api.open-meteo.com/v1/archive,2026-09-16T11:06:58.922325+00:00,1.0
ob_luang,2016-01-04T09:00,20.4,70,0.0,2.9,0,open_meteo,https://archive-api.open-meteo.com/v1/archive,2026-09-16T11:06:58.922327+00:00,1.0
ob_luang,2016-01-04T10:00,22.7,57,0.0,3.5,0,open_meteo,https://archive-api.open-meteo.com/v1/archive,2026-09-16T11:06:58.922328+00:00,1.0
ob_luang,2016-01-04T11:00,24.0,47,0.0,5.8,0,open_meteo,https://archive-api.open-meteo.com/v1/archive,2026-09-16T11:06:58.922330+00:00,1.0
ob_luang,2016-01-04T12:00,25.1,40,0.0,7.1,0,open_meteo,https://archive-api.open-meteo.com/v1/archive,2026-09-16T11:06:58.922331+00:00,1.0
ob_luang,2016-01-04T13:00,25.7,36,0.0,8.0,0,open_meteo,https://archive-api.open-meteo.com/v1/archive,2026-09-16T11:06:58.922333+00:00,1.0
ob_luang,2016-01-04T14:00,25.9,34,0.0,8.6,0,open_meteo,https://archive-api.open-meteo.com/v1/archive,2026-09-16T11:06:58.922334+00:00,1.0
ob_luang,2016-01-04T15:00,25.8,34,0.0,8.9,0,open_meteo,https://archive-api.open-meteo.com/v1/archive,2026-09-16T11:06:58.922335+00:00,1.0
ob_luang,2016-01-04T16:00,25.3,36,0.0,8.8,0,open_meteo,https://archive-api.open-meteo.com/v1/archive,2026-09-16T11:06:58.922337+00:00,1.0
ob_luang,2016-01-04T17:00,24.1,43,0.0,6.5,0,open_meteo,https://archive-api.open-meteo.com/v1/archive,2026-09-16T11:06:58.922339+00:00,1.0
ob_luang,2016-01-04T18:00,22.5,48,0.0,7.0,0,open_meteo,https://archive-api.open-meteo.com/v1/archive,2026-09-16T11:06:58.922340+00:00,1.0
ob_luang,2016-01-04T19:00,20.6,55,0.0,6.5,0,open_meteo,https://archive-api.open-meteo.com/v1/archive,2026-09-16T11:06:58.922342+00:00,1.0
ob_luang,2016-01-04T20:00,18.9,62,0.0,5.6,0,open_meteo,https://archive-api.open-meteo.com/v1/archive,2026-09-16T11:06:58.922343+00:00,1.0
ob_luang,2016-01-04T21:00,17.4,70,0.0,5.8,0,open_meteo,https://archive-api.open-meteo.com/v1/archive,2026-09-16T11:06:58.922344+00:00,1.0
ob_luang,2016-01-04T22:00,16.3,75,0.0,5.8,0,open_meteo,https://archive-api.open-meteo.com/v1/archive,2026-09-16T11:06:58.922346+00:00,1.0
ob_luang,2016-01-04T23:00,15.6,78,0.0,5.8,0,open_meteo,https://archive-api.open-meteo.com/v1/archive,2026-09-16T11:06:58.922347+00:00,1.0
ob_luang,2016-01-05T00:00,15.1,80,0.0,5.8,0,open_meteo,https://archive-api.open-meteo.com/v1/archive,2026-09-16T11:06:58.922349+00:00,1.0
ob_luang,2016-01-05T01:00,14.7,81,0.0,6.1,0,open_meteo,https://archive-api.open-meteo.com/v1/archive,2026-09-16T11:06:58.922350+00:00,1.0
ob_luang,2016-01-05T02:00,14.4,82,0.0,5.8,0,open_meteo,https://archive-api.open-meteo.com/v1/archive,2026-09-16T11:06:58.922352+00:00,1.0
ob_luang,2016-01-05T03:00,13.9,83,0.0,6.1,0,open_meteo,https://archive-api.open-meteo.com/v1/archive,2026-09-16T11:06:58.922353+00:00,1.0
ob_luang,2016-01-05T04:00,13.5,85,0.0,6.1,0,open_meteo,https://archive-api.open-meteo.com/v1/archive,2026-09-16T11:06:58.922355+00:00,1.0
ob_luang,2016-01-05T05:00,13.2,86,0.0,5.8,0,open_meteo,https://archive-api.open-meteo.com/v1/archive,2026-09-16T11:06:58.922356+00:00,1.0
ob_luang,2016-01-05T06:00,13.0,87,0.0,5.8,0,open_meteo,https://archive-api.open-meteo.com/v1/archive,2026-09-16T11:06:58.922357+00:00,1.0
ob_luang,2016-01-05T07:00,12.9,87,0.0,5.1,0,open_meteo,https://archive-api.open-meteo.com/v1/archive,2026-09-16T11:06:58.922359+00:00,1.0
ob_luang,2016-01-05T08:00,14.1,87,0.0,4.7,0,open_meteo,https://archive-api.open-meteo.com/v1/archive,2026-09-16T11:06:58.922360+00:00,1.0
ob_luang,2016-01-05T09:00,19.5,69,0.0,1.9,0,open_meteo,https://archive-api.open-meteo.com/v1/archive,2026-09-16T11:06:58.922362+00:00,1.0
ob_luang,2016-01-05T10:00,22.1,53,0.0,1.8,0,open_meteo,https://archive-api.open-meteo.com/v1/archive,2026-09-16T11:06:58.922363+00:00,1.0
ob_luang,2016-01-05T11:00,23.5,47,0.0,3.9,0,open_meteo,https://archive-api.open-meteo.com/v1/archive,2026-09-16T11:06:58.922365+00:00,1.0
ob_luang,2016-01-05T12:00,24.7,42,0.0,5.1,0,open_meteo,https://archive-api.open-meteo.com/v1/archive,2026-09-16T11:06:58.922366+00:00,1.0
ob_luang,2016-01-05T13:00,25.5,39,0.0,5.4,0,open_meteo,https://archive-api.open-meteo.com/v1/archive,2026-09-16T11:06:58.922368+00:00,1.0
ob_luang,2016-01-05T14:00,25.7,38,0.0,4.8,0,open_meteo,https://archive-api.open-meteo.com/v1/archive,2026-09-16T11:06:58.922369+00:00,1.0
ob_luang,2016-01-05T15:00,25.8,37,0.0,4.7,0,open_meteo,https://archive-api.open-meteo.com/v1/archive,2026-09-16T11:06:58.922370+00:00,1.0
ob_luang,2016-01-05T16:00,25.5,38,0.0,4.8,0,open_meteo,https://archive-api.open-meteo.com/v1/archive,2026-09-16T11:06:58.922372+00:00,1.0
ob_luang,2016-01-05T17:00,24.3,45,0.0,5.3,0,open_meteo,https://archive-api.open-meteo.com/v1/archive,2026-09-16T11:06:58.922373+00:00,1.0
ob_luang,2016-01-05T18:00,22.9,56,0.0,5.2,0,open_meteo,https://archive-api.open-meteo.com/v1/archive,2026-09-16T11:06:58.922375+00:00,1.0
ob_luang,2016-01-05T19:00,22.3,49,0.0,1.1,0,open_meteo,https://archive-api.open-meteo.com/v1/archive,2026-09-16T11:06:58.922376+00:00,1.0
ob_luang,2016-01-05T20:00,20.8,55,0.0,2.3,0,open_meteo,https://archive-api.open-meteo.com/v1/archive,2026-09-16T11:06:58.922379+00:00,1.0
ob_luang,2016-01-05T21:00,19.1,62,0.0,4.0,0,open_meteo,https://archive-api.open-meteo.com/v1/archive,2026-09-16T11:06:58.922381+00:00,1.0
ob_luang,2016-01-05T22:00,17.9,67,0.0,4.7,0,open_meteo,https://archive-api.open-meteo.com/v1/archive,2026-09-16T11:06:58.922382+00:00,1.0
ob_luang,2016-01-05T23:00,16.9,71,0.0,5.1,2,open_meteo,https://archive-api.open-meteo.com/v1/archive,2026-09-16T11:06:58.922384+00:00,1.0
ob_luang,2016-01-06T00:00,16.2,73,0.0,4.7,2,open_meteo,https://archive-api.open-meteo.com/v1/archive,2026-09-16T11:06:58.922385+00:00,1.0
ob_luang,2016-01-06T01:00,15.6,75,0.0,3.6,2,open_meteo,https://archive-api.open-meteo.com/v1/archive,2026-09-16T11:06:58.922387+00:00,1.0
ob_luang,2016-01-06T02:00,14.6,78,0.0,4.0,3,open_meteo,https://archive-api.open-meteo.com/v1/archive,2026-09-16T11:06:58.922388+00:00,1.0
ob_luang,2016-01-06T03:00,14.0,80,0.0,4.0,3,open_meteo,https://archive-api.open-meteo.com/v1/archive,2026-09-16T11:06:58.922390+00:00,1.0
ob_luang,2016-01-06T04:00,13.4,82,0.0,3.6,2,open_meteo,https://archive-api.open-meteo.com/v1/archive,2026-09-16T11:06:58.922391+00:00,1.0
ob_luang,2016-01-06T05:00,12.9,83,0.0,3.6,1,open_meteo,https://archive-api.open-meteo.com/v1/archive,2026-09-16T11:06:58.922392+00:00,1.0
ob_luang,2016-01-06T06:00,12.7,83,0.0,3.3,0,open_meteo,https://archive-api.open-meteo.com/v1/archive,2026-09-16T11:06:58.922394+00:00,1.0
ob_luang,2016-01-06T07:00,12.6,82,0.0,2.9,0,open_meteo,https://archive-api.open-meteo.com/v1/archive,2026-09-16T11:06:58.922395+00:00,1.0
ob_luang,2016-01-06T08:00,13.9,81,0.0,2.5,0,open_meteo,https://archive-api.open-meteo.com/v1/archive,2026-09-16T11:06:58.922397+00:00,1.0
ob_luang,2016-01-06T09:00,19.4,74,0.0,1.3,0,open_meteo,https://archive-api.open-meteo.com/v1/archive,2026-09-16T11:06:58.922398+00:00,1.0
ob_luang,2016-01-06T10:00,22.8,47,0.0,2.5,0,open_meteo,https://archive-api.open-meteo.com/v1/archive,2026-09-16T11:06:58.922400+00:00,1.0
ob_luang,2016-01-06T11:00,24.2,40,0.0,5.0,0,open_meteo,https://archive-api.open-meteo.com/v1/archive,2026-09-16T11:06:58.922401+00:00,1.0
ob_luang,2016-01-06T12:00,25.2,36,0.0,5.7,0,open_meteo,https://archive-api.open-meteo.com/v1/archive,2026-09-16T11:06:58.922403+00:00,1.0
ob_luang,2016-01-06T13:00,26.0,33,0.0,5.4,0,open_meteo,https://archive-api.open-meteo.com/v1/archive,2026-09-16T11:06:58.922404+00:00,1.0
ob_luang,2016-01-06T14:00,26.2,34,0.0,5.1,0,open_meteo,https://archive-api.open-meteo.com/v1/archive,2026-09-16T11:06:58.922406+00:00,1.0
ob_luang,2016-01-06T15:00,26.4,34,0.0,4.9,0,open_meteo,https://archive-api.open-meteo.com/v1/archive,2026-09-16T11:06:58.922407+00:00,1.0
ob_luang,2016-01-06T16:00,26.1,34,0.0,5.6,0,open_meteo,https://archive-api.open-meteo.com/v1/archive,2026-09-16T11:06:58.922409+00:00,1.0
ob_luang,2016-01-06T17:00,24.8,44,0.0,5.4,0,open_meteo,https://archive-api.open-meteo.com/v1/archive,2026-09-16T11:06:58.922410+00:00,1.0
ob_luang,2016-01-06T18:00,23.3,54,0.0,4.8,0,open_meteo,https://archive-api.open-meteo.com/v1/archive,2026-09-16T11:06:58.922412+00:00,1.0
ob_luang,2016-01-06T19:00,22.6,48,0.0,1.1,0,open_meteo,https://archive-api.open-meteo.com/v1/archive,2026-09-16T11:06:58.922413+00:00,1.0
ob_luang,2016-01-06T20:00,20.5,57,0.0,3.7,0,open_meteo,https://archive-api.open-meteo.com/v1/archive,2026-09-16T11:06:58.922415+00:00,1.0
ob_luang,2016-01-06T21:00,18.2,66,0.0,5.1,0,open_meteo,https://archive-api.open-meteo.com/v1/archive,2026-09-16T11:06:58.922416+00:00,1.0
ob_luang,2016-01-06T22:00,17.6,67,0.0,5.4,0,open_meteo,https://archive-api.open-meteo.com/v1/archive,2026-09-16T11:06:58.922418+00:00,1.0
ob_luang,2016-01-06T23:00,17.3,66,0.0,5.1,0,open_meteo,https://archive-api.open-meteo.com/v1/archive,2026-09-16T11:06:58.922419+00:00,1.0
ob_luang,2016-01-07T00:00,16.6,68,0.0,4.3,0,open_meteo,https://archive-api.open-meteo.com/v1/archive,2026-09-16T11:06:58.922420+00:00,1.0
ob_luang,2016-01-07T01:00,16.2,69,0.0,4.0,0,open_meteo,https://archive-api.open-meteo.com/v1/archive,2026-09-16T11:06:58.922422+00:00,1.0
ob_luang,2016-01-07T02:00,15.2,71,0.0,3.6,0,open_meteo,https://archive-api.open-meteo.com/v1/archive,2026-09-16T11:06:58.922423+00:00,1.0
ob_luang,2016-01-07T03:00,14.6,72,0.0,3.6,0,open_meteo,https://archive-api.open-meteo.com/v1/archive,2026-09-16T11:06:58.922425+00:00,1.0
ob_luang,2016-01-07T04:00,14.0,74,0.0,3.6,0,open_meteo,https://archive-api.open-meteo.com/v1/archive,2026-09-16T11:06:58.922426+00:00,1.0
ob_luang,2016-01-07T05:00,13.5,74,0.0,3.3,0,open_meteo,https://archive-api.open-meteo.com/v1/archive,2026-09-16T11:06:58.922428+00:00,1.0
ob_luang,2016-01-07T06:00,13.2,75,0.0,3.3,0,open_meteo,https://archive-api.open-meteo.com/v1/archive,2026-09-16T11:06:58.922429+00:00,1.0
ob_luang,2016-01-07T07:00,13.1,74,0.0,2.9,0,open_meteo,https://archive-api.open-meteo.com/v1/archive,2026-09-16T11:06:58.922431+00:00,1.0
ob_luang,2016-01-07T08:00,14.2,74,0.0,2.9,0,open_meteo,https://archive-api.open-meteo.com/v1/archive,2026-09-16T11:06:58.922432+00:00,1.0
ob_luang,2016-01-07T09:00,19.2,74,0.0,1.6,0,open_meteo,https://archive-api.open-meteo.com/v1/archive,2026-09-16T11:06:58.922434+00:00,1.0
ob_luang,2016-01-07T10:00,22.9,46,0.0,1.8,0,open_meteo,https://archive-api.open-meteo.com/v1/archive,2026-09-16T11:06:58.922435+00:00,1.0
ob_luang,2016-01-07T11:00,24.4,39,0.0,3.8,0,open_meteo,https://archive-api.open-meteo.com/v1/archive,2026-09-16T11:06:58.922437+00:00,1.0
ob_luang,2016-01-07T12:00,25.6,35,0.0,5.2,0,open_meteo,https://archive-api.open-meteo.com/v1/archive,2026-09-16T11:06:58.922440+00:00,1.0
ob_luang,2016-01-07T13:00,26.5,31,0.0,5.5,1,open_meteo,https://archive-api.open-meteo.com/v1/archive,2026-09-16T11:06:58.922442+00:00,1.0
ob_luang,2016-01-07T14:00,26.5,34,0.0,5.8,3,open_meteo,https://archive-api.open-meteo.com/v1/archive,2026-09-16T11:06:58.922443+00:00,1.0
ob_luang,2016-01-07T15:00,26.7,32,0.0,5.2,2,open_meteo,https://archive-api.open-meteo.com/v1/archive,2026-09-16T11:06:58.922445+00:00,1.0
ob_luang,2016-01-07T16:00,26.4,31,0.0,4.6,2,open_meteo,https://archive-api.open-meteo.com/v1/archive,2026-09-16T11:06:58.922446+00:00,1.0
ob_luang,2016-01-07T17:00,25.1,40,0.0,3.6,2,open_meteo,https://archive-api.open-meteo.com/v1/archive,2026-09-16T11:06:58.922448+00:00,1.0
ob_luang,2016-01-07T18:00,22.9,52,0.0,2.3,3,open_meteo,https://archive-api.open-meteo.com/v1/archive,2026-09-16T11:06:58.922449+00:00,1.0
ob_luang,2016-01-07T19:00,20.6,55,0.0,3.6,3,open_meteo,https://archive-api.open-meteo.com/v1/archive,2026-09-16T11:06:58.922450+00:00,1.0
ob_luang,2016-01-07T20:00,19.1,60,0.0,5.1,3,open_meteo,https://archive-api.open-meteo.com/v1/archive,2026-09-16T11:06:58.922452+00:00,1.0
ob_luang,2016-01-07T21:00,17.9,65,0.0,4.3,3,open_meteo,https://archive-api.open-meteo.com/v1/archive,2026-09-16T11:06:58.922453+00:00,1.0
ob_luang,2016-01-07T22:00,17.2,66,0.0,5.1,1,open_meteo,https://archive-api.open-meteo.com/v1/archive,2026-09-16T11:06:58.922455+00:00,1.0
ob_luang,2016-01-07T23:00,16.0,71,0.0,5.1,1,open_meteo,https://archive-api.open-meteo.com/v1/archive,2026-09-16T11:06:58.922456+00:00,1.0
doi_pha_hom_pok,2016-01-01T00:00,17.8,95,0.0,4.8,3,open_meteo,https://archive-api.open-meteo.com/v1/archive,2026-09-16T11:06:58.922458+00:00,1.0
doi_pha_hom_pok,2016-01-01T01:00,17.4,96,0.0,4.5,3,open_meteo,https://archive-api.open-meteo.com/v1/archive,2026-09-16T11:06:58.922460+00:00,1.0
doi_pha_hom_pok,2016-01-01T02:00,17.7,95,0.0,3.9,3,open_meteo,https://archive-api.open-meteo.com/v1/archive,2026-09-16T11:06:58.922461+00:00,1.0
doi_pha_hom_pok,2016-01-01T03:00,17.6,96,0.0,3.8,3,open_meteo,https://archive-api.open-meteo.com/v1/archive,2026-09-16T11:06:58.922463+00:00,1.0
doi_pha_hom_pok,2016-01-01T04:00,17.3,97,0.0,3.3,3,open_meteo,https://archive-api.open-meteo.com/v1/archive,2026-09-16T11:06:58.922464+00:00,1.0
doi_pha_hom_pok,2016-01-01T05:00,17.3,97,0.0,3.3,3,open_meteo,https://archive-api.open-meteo.com/v1/archive,2026-09-16T11:06:58.922465+00:00,1.0
doi_pha_hom_pok,2016-01-01T06:00,17.0,98,0.0,4.3,3,open_meteo,https://archive-api.open-meteo.com/v1/archive,2026-09-16T11:06:58.922467+00:00,1.0
doi_pha_hom_pok,2016-01-01T07:00,16.9,98,0.0,3.3,3,open_meteo,https://archive-api.open-meteo.com/v1/archive,2026-09-16T11:06:58.922468+00:00,1.0
doi_pha_hom_pok,2016-01-01T08:00,17.6,97,0.0,3.3,3,open_meteo,https://archive-api.open-meteo.com/v1/archive,2026-09-16T11:06:58.922470+00:00,1.0
doi_pha_hom_pok,2016-01-01T09:00,20.3,82,0.0,3.1,1,open_meteo,https://archive-api.open-meteo.com/v1/archive,2026-09-16T11:06:58.922471+00:00,1.0
doi_pha_hom_pok,2016-01-01T10:00,21.6,73,0.1,5.6,51,open_meteo,https://archive-api.open-meteo.com/v1/archive,2026-09-16T11:06:58.922473+00:00,1.0
doi_pha_hom_pok,2016-01-01T11:00,22.1,69,0.1,6.3,51,open_meteo,https://archive-api.open-meteo.com/v1/archive,2026-09-16T11:06:58.922474+00:00,1.0
doi_pha_hom_pok,2016-01-01T12:00,22.5,67,0.2,7.6,51,open_meteo,https://archive-api.open-meteo.com/v1/archive,2026-09-16T11:06:58.922476+00:00,1.0
doi_pha_hom_pok,2016-01-01T13:00,23.2,62,0.1,7.0,51,open_meteo,https://archive-api.open-meteo.com/v1/archive,2026-09-16T11:06:58.922477+00:00,1.0
doi_pha_hom_pok,2016-01-01T14:00,24.0,58,0.0,7.3,1,open_meteo,https://archive-api.open-meteo.com/v1/archive,2026-09-16T11:06:58.922478+00:00,1.0
doi_pha_hom_pok,2016-01-01T15:00,23.9,57,0.0,7.0,1,open_meteo,https://archive-api.open-meteo.com/v1/archive,2026-09-16T11:06:58.922480+00:00,1.0
doi_pha_hom_pok,2016-01-01T16:00,24.0,56,0.0,6.5,1,open_meteo,https://archive-api.open-meteo.com/v1/archive,2026-09-16T11:06:58.922481+00:00,1.0
doi_pha_hom_pok,2016-01-01T17:00,23.2,62,0.0,4.8,0,open_meteo,https://archive-api.open-meteo.com/v1/archive,2026-09-16T11:06:58.922483+00:00,1.0
doi_pha_hom_pok,2016-01-01T18:00,22.0,70,0.0,4.9,0,open_meteo,https://archive-api.open-meteo.com/v1/archive,2026-09-16T11:06:58.922484+00:00,1.0
doi_pha_hom_pok,2016-01-01T19:00,20.9,76,0.0,5.0,0,open_meteo,https://archive-api.open-meteo.com/v1/archive,2026-09-16T11:06:58.922486+00:00,1.0
doi_pha_hom_pok,2016-01-01T20:00,19.8,82,0.0,5.1,0,open_meteo,https://archive-api.open-meteo.com/v1/archive,2026-09-16T11:06:58.922487+00:00,1.0
doi_pha_hom_pok,2016-01-01T21:00,19.2,83,0.0,4.3,0,open_meteo,https://archive-api.open-meteo.com/v1/archive,2026-09-16T11:06:58.922489+00:00,1.0
doi_pha_hom_pok,2016-01-01T22:00,18.9,84,0.0,3.2,1,open_meteo,https://archive-api.open-meteo.com/v1/archive,2026-09-16T11:06:58.922490+00:00,1.0
doi_pha_hom_pok,2016-01-01T23:00,18.8,84,0.0,2.9,1,open_meteo,https://archive-api.open-meteo.com/v1/archive,2026-09-16T11:06:58.922492+00:00,1.0
doi_pha_hom_pok,2016-01-02T00:00,18.6,85,0.0,2.6,1,open_meteo,https://archive-api.open-meteo.com/v1/archive,2026-09-16T11:06:58.922493+00:00,1.0
doi_pha_hom_pok,2016-01-02T01:00,18.1,87,0.0,2.7,1,open_meteo,https://archive-api.open-meteo.com/v1/archive,2026-09-16T11:06:58.922495+00:00,1.0
doi_pha_hom_pok,2016-01-02T02:00,17.8,90,0.0,2.6,3,open_meteo,https://archive-api.open-meteo.com/v1/archive,2026-09-16T11:06:58.922496+00:00,1.0
doi_pha_hom_pok,2016-01-02T03:00,17.6,90,0.0,2.6,3,open_meteo,https://archive-api.open-meteo.com/v1/archive,2026-09-16T11:06:58.922498+00:00,1.0
doi_pha_hom_pok,2016-01-02T04:00,17.5,91,0.0,2.4,3,open_meteo,https://archive-api.open-meteo.com/v1/archive,2026-09-16T11:06:58.922501+00:00,1.0
doi_pha_hom_pok,2016-01-02T05:00,17.3,92,0.0,2.0,3,open_meteo,https://archive-api.open-meteo.com/v1/archive,2026-09-16T11:06:58.922502+00:00,1.0
doi_pha_hom_pok,2016-01-02T06:00,17.1,93,0.0,1.1,3,open_meteo,https://archive-api.open-meteo.com/v1/archive,2026-09-16T11:06:58.922504+00:00,1.0
doi_pha_hom_pok,2016-01-02T07:00,16.8,94,0.0,1.9,3,open_meteo,https://archive-api.open-meteo.com/v1/archive,2026-09-16T11:06:58.922505+00:00,1.0
doi_pha_hom_pok,2016-01-02T08:00,17.0,95,0.0,1.6,3,open_meteo,https://archive-api.open-meteo.com/v1/archive,2026-09-16T11:06:58.922507+00:00,1.0
doi_pha_hom_pok,2016-01-02T09:00,19.7,84,0.0,1.8,2,open_meteo,https://archive-api.open-meteo.com/v1/archive,2026-09-16T11:06:58.922508+00:00,1.0
doi_pha_hom_pok,2016-01-02T10:00,21.3,75,0.0,3.1,1,open_meteo,https://archive-api.open-meteo.com/v1/archive,2026-09-16T11:06:58.922510+00:00,1.0
doi_pha_hom_pok,2016-01-02T11:00,22.6,67,0.3,4.2,51,open_meteo,https://archive-api.open-meteo.com/v1/archive,2026-09-16T11:06:58.922511+00:00,1.0
doi_pha_hom_pok,2016-01-02T12:00,22.9,64,0.2,4.3,51,open_meteo,https://archive-api.open-meteo.com/v1/archive,2026-09-16T11:06:58.922513+00:00,1.0
doi_pha_hom_pok,2016-01-02T13:00,23.6,59,0.0,5.2,2,open_meteo,https://archive-api.open-meteo.com/v1/archive,2026-09-16T11:06:58.922514+00:00,1.0
doi_pha_hom_pok,2016-01-02T14:00,23.6,61,0.0,4.9,2,open_meteo,https://archive-api.open-meteo.com/v1/archive,2026-09-16T11:06:58.922515+00:00,1.0
doi_pha_hom_pok,2016-01-02T15:00,23.7,59,0.0,4.4,2,open_meteo,https://archive-api.open-meteo.com/v1/archive,2026-09-16T11:06:58.922517+00:00,1.0
doi_pha_hom_pok,2016-01-02T16:00,23.4,59,0.0,4.7,1,open_meteo,https://archive-api.open-meteo.com/v1/archive,2026-09-16T11:06:58.922518+00:00,1.0
doi_pha_hom_pok,2016-01-02T17:00,22.3,68,0.0,3.9,1,open_meteo,https://archive-api.open-meteo.com/v1/archive,2026-09-16T11:06:58.922520+00:00,1.0
doi_pha_hom_pok,2016-01-02T18:00,21.7,73,0.0,4.3,1,open_meteo,https://archive-api.open-meteo.com/v1/archive,2026-09-16T11:06:58.922521+00:00,1.0
doi_pha_hom_pok,2016-01-02T19:00,20.7,80,0.0,5.0,1,open_meteo,https://archive-api.open-meteo.com/v1/archive,2026-09-16T11:06:58.922523+00:00,1.0
doi_pha_hom_pok,2016-01-02T20:00,20.2,81,0.0,4.1,1,open_meteo,https://archive-api.open-meteo.com/v1/archive,2026-09-16T11:06:58.922524+00:00,1.0
doi_pha_hom_pok,2016-01-02T21:00,19.8,80,0.0,3.3,1,open_meteo,https://archive-api.open-meteo.com/v1/archive,2026-09-16T11:06:58.922526+00:00,1.0
doi_pha_hom_pok,2016-01-02T22:00,19.6,81,0.0,3.8,1,open_meteo,https://archive-api.open-meteo.com/v1/archive,2026-09-16T11:06:58.922527+00:00,1.0
doi_pha_hom_pok,2016-01-02T23:00,19.2,83,0.0,4.0,1,open_meteo,https://archive-api.open-meteo.com/v1/archive,2026-09-16T11:06:58.922529+00:00,1.0
doi_pha_hom_pok,2016-01-03T00:00,18.7,85,0.0,3.9,1,open_meteo,https://archive-api.open-meteo.com/v1/archive,2026-09-16T11:06:58.922530+00:00,1.0
doi_pha_hom_pok,2016-01-03T01:00,18.4,87,0.0,3.4,1,open_meteo,https://archive-api.open-meteo.com/v1/archive,2026-09-16T11:06:58.922532+00:00,1.0
doi_pha_hom_pok,2016-01-03T02:00,17.6,92,0.0,3.3,1,open_meteo,https://archive-api.open-meteo.com/v1/archive,2026-09-16T11:06:58.922533+00:00,1.0
doi_pha_hom_pok,2016-01-03T03:00,17.2,94,0.0,2.7,1,open_meteo,https://archive-api.open-meteo.com/v1/archive,2026-09-16T11:06:58.922534+00:00,1.0
doi_pha_hom_pok,2016-01-03T04:00,16.7,95,0.0,3.3,1,open_meteo,https://archive-api.open-meteo.com/v1/archive,2026-09-16T11:06:58.922536+00:00,1.0
doi_pha_hom_pok,2016-01-03T05:00,16.5,95,0.0,2.5,3,open_meteo,https://archive-api.open-meteo.com/v1/archive,2026-09-16T11:06:58.922537+00:00,1.0
doi_pha_hom_pok,2016-01-03T06:00,16.4,95,0.0,1.8,3,open_meteo,https://archive-api.open-meteo.com/v1/archive,2026-09-16T11:06:58.922539+00:00,1.0
doi_pha_hom_pok,2016-01-03T07:00,16.4,95,0.0,1.4,3,open_meteo,https://archive-api.open-meteo.com/v1/archive,2026-09-16T11:06:58.922540+00:00,1.0
doi_pha_hom_pok,2016-01-03T08:00,16.5,95,0.0,1.4,3,open_meteo,https://archive-api.open-meteo.com/v1/archive,2026-09-16T11:06:58.922542+00:00,1.0
doi_pha_hom_pok,2016-01-03T09:00,19.3,85,0.0,0.8,1,open_meteo,https://archive-api.open-meteo.com/v1/archive,2026-09-16T11:06:58.922543+00:00,1.0
doi_pha_hom_pok,2016-01-03T10:00,21.5,74,0.0,1.5,1,open_meteo,https://archive-api.open-meteo.com/v1/archive,2026-09-16T11:06:58.922545+00:00,1.0
doi_pha_hom_pok,2016-01-03T11:00,22.6,67,0.2,3.3,51,open_meteo,https://archive-api.open-meteo.com/v1/archive,2026-09-16T11:06:58.922546+00:00,1.0
doi_pha_hom_pok,2016-01-03T12:00,23.4,62,0.1,4.5,51,open_meteo,https://archive-api.open-meteo.com/v1/archive,2026-09-16T11:06:58.922547+00:00,1.0
doi_pha_hom_pok,2016-01-03T13:00,24.2,57,0.0,5.1,1,open_meteo,https://archive-api.open-meteo.com/v1/archive,2026-09-16T11:06:58.922549+00:00,1.0
doi_pha_hom_pok,2016-01-03T14:00,24.3,57,0.0,5.8,1,open_meteo,https://archive-api.open-meteo.com/v1/archive,2026-09-16T11:06:58.922550+00:00,1.0
doi_pha_hom_pok,2016-01-03T15:00,24.4,55,0.0,6.4,1,open_meteo,https://archive-api.open-meteo.com/v1/archive,2026-09-16T11:06:58.922552+00:00,1.0
doi_pha_hom_pok,2016-01-03T16:00,24.1,56,0.0,4.3,1,open_meteo,https://archive-api.open-meteo.com/v1/archive,2026-09-16T11:06:58.922553+00:00,1.0
doi_pha_hom_pok,2016-01-03T17:00,23.2,66,0.0,0.8,1,open_meteo,https://archive-api.open-meteo.com/v1/archive,2026-09-16T11:06:58.922555+00:00,1.0
doi_pha_hom_pok,2016-01-03T18:00,22.4,73,0.0,2.8,1,open_meteo,https://archive-api.open-meteo.com/v1/archive,2026-09-16T11:06:58.922556+00:00,1.0
doi_pha_hom_pok,2016-01-03T19:00,21.2,81,0.0,3.4,1,open_meteo,https://archive-api.open-meteo.com/v1/archive,2026-09-16T11:06:58.922558+00:00,1.0
doi_pha_hom_pok,2016-01-03T20:00,20.4,82,0.0,4.0,1,open_meteo,https://archive-api.open-meteo.com/v1/archive,2026-09-16T11:06:58.922561+00:00,1.0
doi_pha_hom_pok,2016-01-03T21:00,20.1,82,0.0,3.3,0,open_meteo,https://archive-api.open-meteo.com/v1/archive,2026-09-16T11:06:58.922562+00:00,1.0
doi_pha_hom_pok,2016-01-03T22:00,19.7,84,0.0,2.9,0,open_meteo,https://archive-api.open-meteo.com/v1/archive,2026-09-16T11:06:58.922564+00:00,1.0
doi_pha_hom_pok,2016-01-03T23:00,19.2,86,0.0,2.5,0,open_meteo,https://archive-api.open-meteo.com/v1/archive,2026-09-16T11:06:58.922565+00:00,1.0
doi_pha_hom_pok,2016-01-04T00:00,18.6,88,0.0,2.2,0,open_meteo,https://archive-api.open-meteo.com/v1/archive,2026-09-16T11:06:58.922567+00:00,1.0
doi_pha_hom_pok,2016-01-04T01:00,18.1,90,0.0,1.8,0,open_meteo,https://archive-api.open-meteo.com/v1/archive,2026-09-16T11:06:58.922568+00:00,1.0
doi_pha_hom_pok,2016-01-04T02:00,17.7,92,0.0,1.1,0,open_meteo,https://archive-api.open-meteo.com/v1/archive,2026-09-16T11:06:58.922570+00:00,1.0
doi_pha_hom_pok,2016-01-04T03:00,17.4,92,0.0,0.7,1,open_meteo,https://archive-api.open-meteo.com/v1/archive,2026-09-16T11:06:58.922571+00:00,1.0
doi_pha_hom_pok,2016-01-04T04:00,17.0,93,0.0,0.7,1,open_meteo,https://archive-api.open-meteo.com/v1/archive,2026-09-16T11:06:58.922573+00:00,1.0
doi_pha_hom_pok,2016-01-04T05:00,16.6,94,0.0,1.0,1,open_meteo,https://archive-api.open-meteo.com/v1/archive,2026-09-16T11:06:58.922574+00:00,1.0
doi_pha_hom_pok,2016-01-04T06:00,16.3,94,0.0,0.4,3,open_meteo,https://archive-api.open-meteo.com/v1/archive,2026-09-16T11:06:58.922576+00:00,1.0
doi_pha_hom_pok,2016-01-04T07:00,16.1,94,0.0,0.8,3,open_meteo,https://archive-api.open-meteo.com/v1/archive,2026-09-16T11:06:58.922577+00:00,1.0
doi_pha_hom_pok,2016-01-04T08:00,16.2,94,0.0,0.7,3,open_meteo,https://archive-api.open-meteo.com/v1/archive,2026-09-16T11:06:58.922580+00:00,1.0
doi_pha_hom_pok,2016-01-04T09:00,19.3,84,0.0,0.0,2,open_meteo,https://archive-api.open-meteo.com/v1/archive,2026-09-16T11:06:58.922581+00:00,1.0
doi_pha_hom_pok,2016-01-04T10:00,21.9,71,0.0,2.5,1,open_meteo,https://archive-api.open-meteo.com/v1/archive,2026-09-16T11:06:58.922583+00:00,1.0
doi_pha_hom_pok,2016-01-04T11:00,23.5,59,0.0,5.6,1,open_meteo,https://archive-api.open-meteo.com/v1/archive,2026-09-16T11:06:58.922584+00:00,1.0
doi_pha_hom_pok,2016-01-04T12:00,24.6,51,0.0,7.2,1,open_meteo,https://archive-api.open-meteo.com/v1/archive,2026-09-16T11:06:58.922586+00:00,1.0
doi_pha_hom_pok,2016-01-04T13:00,25.4,47,0.0,7.4,1,open_meteo,https://archive-api.open-meteo.com/v1/archive,2026-09-16T11:06:58.922587+00:00,1.0
doi_pha_hom_pok,2016-01-04T14:00,25.2,46,0.0,8.1,1,open_meteo,https://archive-api.open-meteo.com/v1/archive,2026-09-16T11:06:58.922589+00:00,1.0
doi_pha_hom_pok,2016-01-04T15:00,24.9,46,0.0,7.6,2,open_meteo,https://archive-api.open-meteo.com/v1/archive,2026-09-16T11:06:58.922590+00:00,1.0
doi_pha_hom_pok,2016-01-04T16:00,24.8,46,0.0,6.0,1,open_meteo,https://archive-api.open-meteo.com/v1/archive,2026-09-16T11:06:58.922591+00:00,1.0
doi_pha_hom_pok,2016-01-04T17:00,23.6,58,0.0,4.3,1,open_meteo,https://archive-api.open-meteo.com/v1/archive,2026-09-16T11:06:58.922593+00:00,1.0
doi_pha_hom_pok,2016-01-04T18:00,22.2,70,0.0,3.5,0,open_meteo,https://archive-api.open-meteo.com/v1/archive,2026-09-16T11:06:58.922594+00:00,1.0
doi_pha_hom_pok,2016-01-04T19:00,21.5,69,0.0,1.8,1,open_meteo,https://archive-api.open-meteo.com/v1/archive,2026-09-16T11:06:58.922596+00:00,1.0
doi_pha_hom_pok,2016-01-04T20:00,20.7,69,0.0,1.9,1,open_meteo,https://archive-api.open-meteo.com/v1/archive,2026-09-16T11:06:58.922597+00:00,1.0
doi_pha_hom_pok,2016-01-04T21:00,20.2,68,0.0,1.8,1,open_meteo,https://archive-api.open-meteo.com/v1/archive,2026-09-16T11:06:58.922599+00:00,1.0
doi_pha_hom_pok,2016-01-04T22:00,19.8,68,0.0,1.4,0,open_meteo,https://archive-api.open-meteo.com/v1/archive,2026-09-16T11:06:58.922600+00:00,1.0
doi_pha_hom_pok,2016-01-04T23:00,19.1,70,0.0,1.5,0,open_meteo,https://archive-api.open-meteo.com/v1/archive,2026-09-16T11:06:58.922602+00:00,1.0
doi_pha_hom_pok,2016-01-05T00:00,18.2,75,0.0,2.2,0,open_meteo,https://archive-api.open-meteo.com/v1/archive,2026-09-16T11:06:58.922603+00:00,1.0
doi_pha_hom_pok,2016-01-05T01:00,17.1,79,0.0,2.7,0,open_meteo,https://archive-api.open-meteo.com/v1/archive,2026-09-16T11:06:58.922605+00:00,1.0
doi_pha_hom_pok,2016-01-05T02:00,16.4,82,0.0,4.6,0,open_meteo,https://archive-api.open-meteo.com/v1/archive,2026-09-16T11:06:58.922606+00:00,1.0
doi_pha_hom_pok,2016-01-05T03:00,15.5,85,0.0,5.1,0,open_meteo,https://archive-api.open-meteo.com/v1/archive,2026-09-16T11:06:58.922608+00:00,1.0
doi_pha_hom_pok,2016-01-05T04:00,14.8,88,0.0,5.4,0,open_meteo,https://archive-api.open-meteo.com/v1/archive,2026-09-16T11:06:58.922609+00:00,1.0
doi_pha_hom_pok,2016-01-05T05:00,14.2,89,0.0,4.7,0,open_meteo,https://archive-api.open-meteo.com/v1/archive,2026-09-16T11:06:58.922610+00:00,1.0
doi_pha_hom_pok,2016-01-05T06:00,13.6,91,0.0,4.7,0,open_meteo,https://archive-api.open-meteo.com/v1/archive,2026-09-16T11:06:58.922612+00:00,1.0
doi_pha_hom_pok,2016-01-05T07:00,13.3,92,0.0,5.0,0,open_meteo,https://archive-api.open-meteo.com/v1/archive,2026-09-16T11:06:58.922613+00:00,1.0
doi_pha_hom_pok,2016-01-05T08:00,13.9,92,0.0,4.3,0,open_meteo,https://archive-api.open-meteo.com/v1/archive,2026-09-16T11:06:58.922615+00:00,1.0
doi_pha_hom_pok,2016-01-05T09:00,18.5,77,0.0,2.6,0,open_meteo,https://archive-api.open-meteo.com/v1/archive,2026-09-16T11:06:58.922616+00:00,1.0
doi_pha_hom_pok,2016-01-05T10:00,21.6,61,0.0,3.2,0,open_meteo,https://archive-api.open-meteo.com/v1/archive,2026-09-16T11:06:58.922618+00:00,1.0
doi_pha_hom_pok,2016-01-05T11:00,23.2,51,0.0,2.7,0,open_meteo,https://archive-api.open-meteo.com/v1/archive,2026-09-16T11:06:58.922619+00:00,1.0
doi_pha_hom_pok,2016-01-05T12:00,24.4,44,0.0,1.8,0,open_meteo,https://archive-api.open-meteo.com/v1/archive,2026-09-16T11:06:58.922622+00:00,1.0
doi_pha_hom_pok,2016-01-05T13:00,25.2,40,0.0,0.8,0,open_meteo,https://archive-api.open-meteo.com/v1/archive,2026-09-16T11:06:58.922624+00:00,1.0
doi_pha_hom_pok,2016-01-05T14:00,25.4,38,0.0,0.8,0,open_meteo,https://archive-api.open-meteo.com/v1/archive,2026-09-16T11:06:58.922625+00:00,1.0
doi_pha_hom_pok,2016-01-05T15:00,25.5,37,0.0,1.8,0,open_meteo,https://archive-api.open-meteo.com/v1/archive,2026-09-16T11:06:58.922627+00:00,1.0
doi_pha_hom_pok,2016-01-05T16:00,25.1,38,0.0,2.5,0,open_meteo,https://archive-api.open-meteo.com/v1/archive,2026-09-16T11:06:58.922628+00:00,1.0
doi_pha_hom_pok,2016-01-05T17:00,23.5,51,0.0,3.1,0,open_meteo,https://archive-api.open-meteo.com/v1/archive,2026-09-16T11:06:58.922630+00:00,1.0
doi_pha_hom_pok,2016-01-05T18:00,21.9,62,0.0,3.6,0,open_meteo,https://archive-api.open-meteo.com/v1/archive,2026-09-16T11:06:58.922633+00:00,1.0
doi_pha_hom_pok,2016-01-05T19:00,21.1,64,0.0,4.3,0,open_meteo,https://archive-api.open-meteo.com/v1/archive,2026-09-16T11:06:58.922635+00:00,1.0
doi_pha_hom_pok,2016-01-05T20:00,20.6,63,0.0,4.0,0,open_meteo,https://archive-api.open-meteo.com/v1/archive,2026-09-16T11:06:58.922636+00:00,1.0
doi_pha_hom_pok,2016-01-05T21:00,19.9,67,0.0,3.4,0,open_meteo,https://archive-api.open-meteo.com/v1/archive,2026-09-16T11:06:58.922638+00:00,1.0
doi_pha_hom_pok,2016-01-05T22:00,19.2,70,0.0,2.9,0,open_meteo,https://archive-api.open-meteo.com/v1/archive,2026-09-16T11:06:58.922639+00:00,1.0
doi_pha_hom_pok,2016-01-05T23:00,18.3,74,0.0,3.1,0,open_meteo,https://archive-api.open-meteo.com/v1/archive,2026-09-16T11:06:58.922641+00:00,1.0
doi_pha_hom_pok,2016-01-06T00:00,17.4,78,0.0,3.3,0,open_meteo,https://archive-api.open-meteo.com/v1/archive,2026-09-16T11:06:58.922642+00:00,1.0
doi_pha_hom_pok,2016-01-06T01:00,16.5,81,0.0,3.6,0,open_meteo,https://archive-api.open-meteo.com/v1/archive,2026-09-16T11:06:58.922644+00:00,1.0
doi_pha_hom_pok,2016-01-06T02:00,16.0,82,0.0,3.7,0,open_meteo,https://archive-api.open-meteo.com/v1/archive,2026-09-16T11:06:58.922645+00:00,1.0
doi_pha_hom_pok,2016-01-06T03:00,15.1,85,0.0,4.0,0,open_meteo,https://archive-api.open-meteo.com/v1/archive,2026-09-16T11:06:58.922646+00:00,1.0
doi_pha_hom_pok,2016-01-06T04:00,14.7,86,0.0,4.3,0,open_meteo,https://archive-api.open-meteo.com/v1/archive,2026-09-16T11:06:58.922648+00:00,1.0
doi_pha_hom_pok,2016-01-06T05:00,14.7,85,0.0,4.0,0,open_meteo,https://archive-api.open-meteo.com/v1/archive,2026-09-16T11:06:58.922649+00:00,1.0
doi_pha_hom_pok,2016-01-06T06:00,14.5,85,0.0,4.0,0,open_meteo,https://archive-api.open-meteo.com/v1/archive,2026-09-16T11:06:58.922651+00:00,1.0
doi_pha_hom_pok,2016-01-06T07:00,14.2,85,0.0,2.9,0,open_meteo,https://archive-api.open-meteo.com/v1/archive,2026-09-16T11:06:58.922652+00:00,1.0
doi_pha_hom_pok,2016-01-06T08:00,14.3,85,0.0,2.2,0,open_meteo,https://archive-api.open-meteo.com/v1/archive,2026-09-16T11:06:58.922654+00:00,1.0
doi_pha_hom_pok,2016-01-06T09:00,18.2,77,0.0,1.1,0,open_meteo,https://archive-api.open-meteo.com/v1/archive,2026-09-16T11:06:58.922655+00:00,1.0
doi_pha_hom_pok,2016-01-06T10:00,21.7,62,0.0,2.6,0,open_meteo,https://archive-api.open-meteo.com/v1/archive,2026-09-16T11:06:58.922657+00:00,1.0
doi_pha_hom_pok,2016-01-06T11:00,23.8,51,0.0,3.3,0,open_meteo,https://archive-api.open-meteo.com/v1/archive,2026-09-16T11:06:58.922658+00:00,1.0
doi_pha_hom_pok,2016-01-06T12:00,25.0,44,0.0,4.3,0,open_meteo,https://archive-api.open-meteo.com/v1/archive,2026-09-16T11:06:58.922659+00:00,1.0
doi_pha_hom_pok,2016-01-06T13:00,25.7,41,0.0,4.8,0,open_meteo,https://archive-api.open-meteo.com/v1/archive,2026-09-16T11:06:58.922661+00:00,1.0
doi_pha_hom_pok,2016-01-06T14:00,25.6,42,0.0,5.0,0,open_meteo,https://archive-api.open-meteo.com/v1/archive,2026-09-16T11:06:58.922663+00:00,1.0
doi_pha_hom_pok,2016-01-06T15:00,25.8,41,0.0,5.4,0,open_meteo,https://archive-api.open-meteo.com/v1/archive,2026-09-16T11:06:58.922664+00:00,1.0
doi_pha_hom_pok,2016-01-06T16:00,25.4,41,0.0,5.0,0,open_meteo,https://archive-api.open-meteo.com/v1/archive,2026-09-16T11:06:58.922665+00:00,1.0
doi_pha_hom_pok,2016-01-06T17:00,24.2,54,0.0,4.5,0,open_meteo,https://archive-api.open-meteo.com/v1/archive,2026-09-16T11:06:58.922667+00:00,1.0
doi_pha_hom_pok,2016-01-06T18:00,22.9,61,0.0,5.8,0,open_meteo,https://archive-api.open-meteo.com/v1/archive,2026-09-16T11:06:58.922668+00:00,1.0
doi_pha_hom_pok,2016-01-06T19:00,20.8,70,0.0,6.4,0,open_meteo,https://archive-api.open-meteo.com/v1/archive,2026-09-16T11:06:58.922670+00:00,1.0
doi_pha_hom_pok,2016-01-06T20:00,19.7,72,0.0,5.9,0,open_meteo,https://archive-api.open-meteo.com/v1/archive,2026-09-16T11:06:58.922671+00:00,1.0
doi_pha_hom_pok,2016-01-06T21:00,19.4,70,0.0,4.7,0,open_meteo,https://archive-api.open-meteo.com/v1/archive,2026-09-16T11:06:58.922673+00:00,1.0
doi_pha_hom_pok,2016-01-06T22:00,19.1,70,0.0,4.0,0,open_meteo,https://archive-api.open-meteo.com/v1/archive,2026-09-16T11:06:58.922674+00:00,1.0
doi_pha_hom_pok,2016-01-06T23:00,18.4,74,0.0,3.4,0,open_meteo,https://archive-api.open-meteo.com/v1/archive,2026-09-16T11:06:58.922676+00:00,1.0
doi_pha_hom_pok,2016-01-07T00:00,17.8,76,0.0,3.2,0,open_meteo,https://archive-api.open-meteo.com/v1/archive,2026-09-16T11:06:58.922677+00:00,1.0
doi_pha_hom_pok,2016-01-07T01:00,17.3,78,0.0,2.9,0,open_meteo,https://archive-api.open-meteo.com/v1/archive,2026-09-16T11:06:58.922678+00:00,1.0
doi_pha_hom_pok,2016-01-07T02:00,16.9,79,0.0,2.6,0,open_meteo,https://archive-api.open-meteo.com/v1/archive,2026-09-16T11:06:58.922680+00:00,1.0
doi_pha_hom_pok,2016-01-07T03:00,16.5,80,0.0,1.9,0,open_meteo,https://archive-api.open-meteo.com/v1/archive,2026-09-16T11:06:58.922681+00:00,1.0
doi_pha_hom_pok,2016-01-07T04:00,16.1,81,0.0,1.4,0,open_meteo,https://archive-api.open-meteo.com/v1/archive,2026-09-16T11:06:58.922685+00:00,1.0
doi_pha_hom_pok,2016-01-07T05:00,15.7,83,0.0,0.8,0,open_meteo,https://archive-api.open-meteo.com/v1/archive,2026-09-16T11:06:58.922687+00:00,1.0
doi_pha_hom_pok,2016-01-07T06:00,15.3,83,0.0,0.8,0,open_meteo,https://archive-api.open-meteo.com/v1/archive,2026-09-16T11:06:58.922688+00:00,1.0
doi_pha_hom_pok,2016-01-07T07:00,15.0,84,0.0,0.7,0,open_meteo,https://archive-api.open-meteo.com/v1/archive,2026-09-16T11:06:58.922689+00:00,1.0
doi_pha_hom_pok,2016-01-07T08:00,15.0,84,0.0,1.1,0,open_meteo,https://archive-api.open-meteo.com/v1/archive,2026-09-16T11:06:58.922691+00:00,1.0
doi_pha_hom_pok,2016-01-07T09:00,18.4,78,0.0,0.7,0,open_meteo,https://archive-api.open-meteo.com/v1/archive,2026-09-16T11:06:58.922692+00:00,1.0
doi_pha_hom_pok,2016-01-07T10:00,22.0,61,0.0,2.0,2,open_meteo,https://archive-api.open-meteo.com/v1/archive,2026-09-16T11:06:58.922694+00:00,1.0
doi_pha_hom_pok,2016-01-07T11:00,24.0,52,0.0,4.4,2,open_meteo,https://archive-api.open-meteo.com/v1/archive,2026-09-16T11:06:58.922695+00:00,1.0
doi_pha_hom_pok,2016-01-07T12:00,25.3,44,0.0,5.8,2,open_meteo,https://archive-api.open-meteo.com/v1/archive,2026-09-16T11:06:58.922697+00:00,1.0
doi_pha_hom_pok,2016-01-07T13:00,26.1,39,0.0,5.8,3,open_meteo,https://archive-api.open-meteo.com/v1/archive,2026-09-16T11:06:58.922698+00:00,1.0
doi_pha_hom_pok,2016-01-07T14:00,25.9,39,0.0,5.2,1,open_meteo,https://archive-api.open-meteo.com/v1/archive,2026-09-16T11:06:58.922700+00:00,1.0
doi_pha_hom_pok,2016-01-07T15:00,25.9,38,0.0,5.2,3,open_meteo,https://archive-api.open-meteo.com/v1/archive,2026-09-16T11:06:58.922701+00:00,1.0
doi_pha_hom_pok,2016-01-07T16:00,25.4,40,0.0,5.1,3,open_meteo,https://archive-api.open-meteo.com/v1/archive,2026-09-16T11:06:58.922703+00:00,1.0
doi_pha_hom_pok,2016-01-07T17:00,24.2,53,0.0,4.5,2,open_meteo,https://archive-api.open-meteo.com/v1/archive,2026-09-16T11:06:58.922704+00:00,1.0
doi_pha_hom_pok,2016-01-07T18:00,22.8,59,0.0,6.1,1,open_meteo,https://archive-api.open-meteo.com/v1/archive,2026-09-16T11:06:58.922706+00:00,1.0
doi_pha_hom_pok,2016-01-07T19:00,20.9,67,0.0,6.1,0,open_meteo,https://archive-api.open-meteo.com/v1/archive,2026-09-16T11:06:58.922707+00:00,1.0
doi_pha_hom_pok,2016-01-07T20:00,20.0,67,0.0,5.1,1,open_meteo,https://archive-api.open-meteo.com/v1/archive,2026-09-16T11:06:58.922709+00:00,1.0
doi_pha_hom_pok,2016-01-07T21:00,19.6,65,0.0,4.4,1,open_meteo,https://archive-api.open-meteo.com/v1/archive,2026-09-16T11:06:58.922710+00:00,1.0
doi_pha_hom_pok,2016-01-07T22:00,19.1,66,0.0,3.3,1,open_meteo,https://archive-api.open-meteo.com/v1/archive,2026-09-16T11:06:58.922712+00:00,1.0
doi_pha_hom_pok,2016-01-07T23:00,18.4,69,0.0,2.5,2,open_meteo,https://archive-api.open-meteo.com/v1/archive,2026-09-16T11:06:58.922713+00:00,1.0
pha_daeng,2016-01-01T00:00,19.2,91,0.0,4.0,2,open_meteo,https://archive-api.open-meteo.com/v1/archive,2026-09-16T11:06:58.922715+00:00,1.0
pha_daeng,2016-01-01T01:00,18.4,93,0.0,4.3,2,open_meteo,https://archive-api.open-meteo.com/v1/archive,2026-09-16T11:06:58.922716+00:00,1.0
pha_daeng,2016-01-01T02:00,18.3,93,0.0,4.7,3,open_meteo,https://archive-api.open-meteo.com/v1/archive,2026-09-16T11:06:58.922718+00:00,1.0
pha_daeng,2016-01-01T03:00,18.4,93,0.0,4.7,3,open_meteo,https://archive-api.open-meteo.com/v1/archive,2026-09-16T11:06:58.922719+00:00,1.0
pha_daeng,2016-01-01T04:00,18.6,92,0.0,4.0,3,open_meteo,https://archive-api.open-meteo.com/v1/archive,2026-09-16T11:06:58.922721+00:00,1.0
pha_daeng,2016-01-01T05:00,18.6,92,0.0,3.3,3,open_meteo,https://archive-api.open-meteo.com/v1/archive,2026-09-16T11:06:58.922722+00:00,1.0
pha_daeng,2016-01-01T06:00,18.5,92,0.0,3.6,3,open_meteo,https://archive-api.open-meteo.com/v1/archive,2026-09-16T11:06:58.922724+00:00,1.0
pha_daeng,2016-01-01T07:00,18.4,93,0.0,2.2,3,open_meteo,https://archive-api.open-meteo.com/v1/archive,2026-09-16T11:06:58.922725+00:00,1.0
pha_daeng,2016-01-01T08:00,18.5,93,0.0,1.3,3,open_meteo,https://archive-api.open-meteo.com/v1/archive,2026-09-16T11:06:58.922727+00:00,1.0
pha_daeng,2016-01-01T09:00,21.1,84,0.0,1.5,1,open_meteo,https://archive-api.open-meteo.com/v1/archive,2026-09-16T11:06:58.922728+00:00,1.0
pha_daeng,2016-01-01T10:00,22.6,74,0.0,5.0,1,open_meteo,https://archive-api.open-meteo.com/v1/archive,2026-09-16T11:06:58.922730+00:00,1.0
pha_daeng,2016-01-01T11:00,23.4,67,0.3,7.2,51,open_meteo,https://archive-api.open-meteo.com/v1/archive,2026-09-16T11:06:58.922731+00:00,1.0
pha_daeng,2016-01-01T12:00,23.8,64,0.2,8.0,51,open_meteo,https://archive-api.open-meteo.com/v1/archive,2026-09-16T11:06:58.922733+00:00,1.0
pha_daeng,2016-01-01T13:00,24.4,61,0.2,7.2,51,open_meteo,https://archive-api.open-meteo.com/v1/archive,2026-09-16T11:06:58.922734+00:00,1.0
pha_daeng,2016-01-01T14:00,24.9,58,0.0,7.0,1,open_meteo,https://archive-api.open-meteo.com/v1/archive,2026-09-16T11:06:58.922735+00:00,1.0
pha_daeng,2016-01-01T15:00,24.9,56,0.0,7.3,1,open_meteo,https://archive-api.open-meteo.com/v1/archive,2026-09-16T11:06:58.922737+00:00,1.0
pha_daeng,2016-01-01T16:00,24.9,56,0.0,7.4,0,open_meteo,https://archive-api.open-meteo.com/v1/archive,2026-09-16T11:06:58.922738+00:00,1.0
pha_daeng,2016-01-01T17:00,24.2,62,0.0,4.8,0,open_meteo,https://archive-api.open-meteo.com/v1/archive,2026-09-16T11:06:58.922740+00:00,1.0
pha_daeng,2016-01-01T18:00,23.1,71,0.0,5.5,0,open_meteo,https://archive-api.open-meteo.com/v1/archive,2026-09-16T11:06:58.922741+00:00,1.0
pha_daeng,2016-01-01T19:00,23.4,61,0.0,4.2,1,open_meteo,https://archive-api.open-meteo.com/v1/archive,2026-09-16T11:06:58.922743+00:00,1.0
pha_daeng,2016-01-01T20:00,22.8,62,0.0,2.7,0,open_meteo,https://archive-api.open-meteo.com/v1/archive,2026-09-16T11:06:58.922748+00:00,1.0
pha_daeng,2016-01-01T21:00,22.2,65,0.0,1.4,0,open_meteo,https://archive-api.open-meteo.com/v1/archive,2026-09-16T11:06:58.922750+00:00,1.0
pha_daeng,2016-01-01T22:00,21.4,68,0.0,1.1,0,open_meteo,https://archive-api.open-meteo.com/v1/archive,2026-09-16T11:06:58.922751+00:00,1.0
pha_daeng,2016-01-01T23:00,20.7,71,0.0,1.6,1,open_meteo,https://archive-api.open-meteo.com/v1/archive,2026-09-16T11:06:58.922753+00:00,1.0
pha_daeng,2016-01-02T00:00,20.0,74,0.0,2.3,0,open_meteo,https://archive-api.open-meteo.com/v1/archive,2026-09-16T11:06:58.922754+00:00,1.0
pha_daeng,2016-01-02T01:00,19.4,76,0.0,2.4,1,open_meteo,https://archive-api.open-meteo.com/v1/archive,2026-09-16T11:06:58.922756+00:00,1.0
pha_daeng,2016-01-02T02:00,18.5,82,0.0,2.3,3,open_meteo,https://archive-api.open-meteo.com/v1/archive,2026-09-16T11:06:58.922757+00:00,1.0
pha_daeng,2016-01-02T03:00,18.4,82,0.0,1.8,3,open_meteo,https://archive-api.open-meteo.com/v1/archive,2026-09-16T11:06:58.922759+00:00,1.0
pha_daeng,2016-01-02T04:00,18.3,82,0.0,1.3,3,open_meteo,https://archive-api.open-meteo.com/v1/archive,2026-09-16T11:06:58.922760+00:00,1.0
pha_daeng,2016-01-02T05:00,18.1,83,0.0,1.1,3,open_meteo,https://archive-api.open-meteo.com/v1/archive,2026-09-16T11:06:58.922761+00:00,1.0
pha_daeng,2016-01-02T06:00,17.8,84,0.0,1.9,3,open_meteo,https://archive-api.open-meteo.com/v1/archive,2026-09-16T11:06:58.922763+00:00,1.0
pha_daeng,2016-01-02T07:00,17.5,85,0.0,2.2,3,open_meteo,https://archive-api.open-meteo.com/v1/archive,2026-09-16T11:06:58.922764+00:00,1.0
pha_daeng,2016-01-02T08:00,17.8,85,0.0,1.8,3,open_meteo,https://archive-api.open-meteo.com/v1/archive,2026-09-16T11:06:58.922766+00:00,1.0
pha_daeng,2016-01-02T09:00,20.3,79,0.0,0.8,3,open_meteo,https://archive-api.open-meteo.com/v1/archive,2026-09-16T11:06:58.922767+00:00,1.0
pha_daeng,2016-01-02T10:00,22.6,67,0.0,2.9,2,open_meteo,https://archive-api.open-meteo.com/v1/archive,2026-09-16T11:06:58.922769+00:00,1.0
pha_daeng,2016-01-02T11:00,24.4,59,0.0,7.6,1,open_meteo,https://archive-api.open-meteo.com/v1/archive,2026-09-16T11:06:58.922770+00:00,1.0
pha_daeng,2016-01-02T12:00,25.1,55,0.0,7.6,1,open_meteo,https://archive-api.open-meteo.com/v1/archive,2026-09-16T11:06:58.922772+00:00,1.0
pha_daeng,2016-01-02T13:00,25.7,52,0.0,7.2,1,open_meteo,https://archive-api.open-meteo.com/v1/archive,2026-09-16T11:06:58.922773+00:00,1.0
pha_daeng,2016-01-02T14:00,25.0,56,0.0,6.9,1,open_meteo,https://archive-api.open-meteo.com/v1/archive,2026-09-16T11:06:58.922774+00:00,1.0
pha_daeng,2016-01-02T15:00,25.0,55,0.0,6.8,1,open_meteo,https://archive-api.open-meteo.com/v1/archive,2026-09-16T11:06:58.922776+00:00,1.0
pha_daeng,2016-01-02T16:00,24.6,58,0.0,6.5,1,open_meteo,https://archive-api.open-meteo.com/v1/archive,2026-09-16T11:06:58.922777+00:00,1.0
pha_daeng,2016-01-02T17:00,23.9,63,0.0,4.8,1,open_meteo,https://archive-api.open-meteo.com/v1/archive,2026-09-16T11:06:58.922779+00:00,1.0
pha_daeng,2016-01-02T18:00,23.0,70,0.0,5.8,1,open_meteo,https://archive-api.open-meteo.com/v1/archive,2026-09-16T11:06:58.922780+00:00,1.0
pha_daeng,2016-01-02T19:00,22.3,71,0.0,3.7,1,open_meteo,https://archive-api.open-meteo.com/v1/archive,2026-09-16T11:06:58.922782+00:00,1.0
pha_daeng,2016-01-02T20:00,22.3,68,0.0,2.6,1,open_meteo,https://archive-api.open-meteo.com/v1/archive,2026-09-16T11:06:58.922783+00:00,1.0
pha_daeng,2016-01-02T21:00,21.6,71,0.0,2.3,1,open_meteo,https://archive-api.open-meteo.com/v1/archive,2026-09-16T11:06:58.922785+00:00,1.0
pha_daeng,2016-01-02T22:00,20.9,74,0.0,2.5,1,open_meteo,https://archive-api.open-meteo.com/v1/archive,2026-09-16T11:06:58.922786+00:00,1.0
pha_daeng,2016-01-02T23:00,20.4,76,0.0,2.5,1,open_meteo,https://archive-api.open-meteo.com/v1/archive,2026-09-16T11:06:58.922787+00:00,1.0
pha_daeng,2016-01-03T00:00,20.0,79,0.0,2.5,1,open_meteo,https://archive-api.open-meteo.com/v1/archive,2026-09-16T11:06:58.922789+00:00,1.0
pha_daeng,2016-01-03T01:00,19.5,81,0.0,2.2,2,open_meteo,https://archive-api.open-meteo.com/v1/archive,2026-09-16T11:06:58.922790+00:00,1.0
pha_daeng,2016-01-03T02:00,19.8,78,0.0,1.8,2,open_meteo,https://archive-api.open-meteo.com/v1/archive,2026-09-16T11:06:58.922792+00:00,1.0
pha_daeng,2016-01-03T03:00,19.2,81,0.0,1.3,2,open_meteo,https://archive-api.open-meteo.com/v1/archive,2026-09-16T11:06:58.922793+00:00,1.0
pha_daeng,2016-01-03T04:00,18.5,84,0.0,1.5,1,open_meteo,https://archive-api.open-meteo.com/v1/archive,2026-09-16T11:06:58.922795+00:00,1.0
pha_daeng,2016-01-03T05:00,17.7,87,0.0,2.3,1,open_meteo,https://archive-api.open-meteo.com/v1/archive,2026-09-16T11:06:58.922796+00:00,1.0
pha_daeng,2016-01-03T06:00,17.3,89,0.0,2.7,1,open_meteo,https://archive-api.open-meteo.com/v1/archive,2026-09-16T11:06:58.922798+00:00,1.0
pha_daeng,2016-01-03T07:00,17.1,90,0.0,2.1,1,open_meteo,https://archive-api.open-meteo.com/v1/archive,2026-09-16T11:06:58.922799+00:00,1.0
pha_daeng,2016-01-03T08:00,18.0,88,0.0,2.4,1,open_meteo,https://archive-api.open-meteo.com/v1/archive,2026-09-16T11:06:58.922800+00:00,1.0
pha_daeng,2016-01-03T09:00,20.7,80,0.0,0.8,1,open_meteo,https://archive-api.open-meteo.com/v1/archive,2026-09-16T11:06:58.922802+00:00,1.0
pha_daeng,2016-01-03T10:00,23.1,67,0.0,2.0,1,open_meteo,https://archive-api.open-meteo.com/v1/archive,2026-09-16T11:06:58.922803+00:00,1.0
pha_daeng,2016-01-03T11:00,24.4,61,0.0,4.4,1,open_meteo,https://archive-api.open-meteo.com/v1/archive,2026-09-16T11:06:58.922805+00:00,1.0
pha_daeng,2016-01-03T12:00,25.2,56,0.0,5.0,1,open_meteo,https://archive-api.open-meteo.com/v1/archive,2026-09-16T11:06:58.922809+00:00,1.0
pha_daeng,2016-01-03T13:00,26.4,50,0.0,5.7,1,open_meteo,https://archive-api.open-meteo.com/v1/archive,2026-09-16T11:06:58.922811+00:00,1.0
pha_daeng,2016-01-03T14:00,26.6,50,0.0,5.9,1,open_meteo,https://archive-api.open-meteo.com/v1/archive,2026-09-16T11:06:58.922812+00:00,1.0
pha_daeng,2016-01-03T15:00,26.3,50,0.0,5.9,1,open_meteo,https://archive-api.open-meteo.com/v1/archive,2026-09-16T11:06:58.922814+00:00,1.0
pha_daeng,2016-01-03T16:00,26.1,51,0.0,4.6,1,open_meteo,https://archive-api.open-meteo.com/v1/archive,2026-09-16T11:06:58.922815+00:00,1.0
pha_daeng,2016-01-03T17:00,25.6,57,0.0,4.4,0,open_meteo,https://archive-api.open-meteo.com/v1/archive,2026-09-16T11:06:58.922817+00:00,1.0
pha_daeng,2016-01-03T18:00,24.4,64,0.0,6.3,0,open_meteo,https://archive-api.open-meteo.com/v1/archive,2026-09-16T11:06:58.922818+00:00,1.0
pha_daeng,2016-01-03T19:00,22.8,72,0.0,5.8,1,open_meteo,https://archive-api.open-meteo.com/v1/archive,2026-09-16T11:06:58.922819+00:00,1.0
pha_daeng,2016-01-03T20:00,22.6,67,0.0,4.6,1,open_meteo,https://archive-api.open-meteo.com/v1/archive,2026-09-16T11:06:58.922821+00:00,1.0
pha_daeng,2016-01-03T21:00,22.2,67,0.0,4.1,0,open_meteo,https://archive-api.open-meteo.com/v1/archive,2026-09-16T11:06:58.922822+00:00,1.0
pha_daeng,2016-01-03T22:00,21.2,72,0.0,3.7,1,open_meteo,https://archive-api.open-meteo.com/v1/archive,2026-09-16T11:06:58.922824+00:00,1.0
pha_daeng,2016-01-03T23:00,20.2,76,0.0,3.3,0,open_meteo,https://archive-api.open-meteo.com/v1/archive,2026-09-16T11:06:58.922825+00:00,1.0
pha_daeng,2016-01-04T00:00,19.5,79,0.0,3.6,1,open_meteo,https://archive-api.open-meteo.com/v1/archive,2026-09-16T11:06:58.922827+00:00,1.0
pha_daeng,2016-01-04T01:00,19.1,81,0.0,4.0,1,open_meteo,https://archive-api.open-meteo.com/v1/archive,2026-09-16T11:06:58.922828+00:00,1.0
pha_daeng,2016-01-04T02:00,18.8,81,0.0,4.0,1,open_meteo,https://archive-api.open-meteo.com/v1/archive,2026-09-16T11:06:58.922830+00:00,1.0
pha_daeng,2016-01-04T03:00,18.4,82,0.0,3.4,1,open_meteo,https://archive-api.open-meteo.com/v1/archive,2026-09-16T11:06:58.922831+00:00,1.0
pha_daeng,2016-01-04T04:00,17.8,85,0.0,3.1,1,open_meteo,https://archive-api.open-meteo.com/v1/archive,2026-09-16T11:06:58.922833+00:00,1.0
pha_daeng,2016-01-04T05:00,17.5,86,0.0,2.9,1,open_meteo,https://archive-api.open-meteo.com/v1/archive,2026-09-16T11:06:58.922834+00:00,1.0
pha_daeng,2016-01-04T06:00,16.9,87,0.0,2.3,1,open_meteo,https://archive-api.open-meteo.com/v1/archive,2026-09-16T11:06:58.922835+00:00,1.0
pha_daeng,2016-01-04T07:00,16.4,89,0.0,2.0,1,open_meteo,https://archive-api.open-meteo.com/v1/archive,2026-09-16T11:06:58.922837+00:00,1.0
pha_daeng,2016-01-04T08:00,16.6,90,0.0,2.3,1,open_meteo,https://archive-api.open-meteo.com/v1/archive,2026-09-16T11:06:58.922838+00:00,1.0
pha_daeng,2016-01-04T09:00,20.9,78,0.0,1.1,1,open_meteo,https://archive-api.open-meteo.com/v1/archive,2026-09-16T11:06:58.922840+00:00,1.0
pha_daeng,2016-01-04T10:00,23.8,64,0.0,3.1,0,open_meteo,https://archive-api.open-meteo.com/v1/archive,2026-09-16T11:06:58.922841+00:00,1.0
pha_daeng,2016-01-04T11:00,25.4,54,0.0,5.2,1,open_meteo,https://archive-api.open-meteo.com/v1/archive,2026-09-16T11:06:58.922843+00:00,1.0
pha_daeng,2016-01-04T12:00,26.0,49,0.0,6.6,1,open_meteo,https://archive-api.open-meteo.com/v1/archive,2026-09-16T11:06:58.922844+00:00,1.0
pha_daeng,2016-01-04T13:00,26.7,46,0.0,7.4,1,open_meteo,https://archive-api.open-meteo.com/v1/archive,2026-09-16T11:06:58.922846+00:00,1.0
pha_daeng,2016-01-04T14:00,26.8,45,0.0,7.7,0,open_meteo,https://archive-api.open-meteo.com/v1/archive,2026-09-16T11:06:58.922847+00:00,1.0
pha_daeng,2016-01-04T15:00,26.5,45,0.0,7.5,1,open_meteo,https://archive-api.open-meteo.com/v1/archive,2026-09-16T11:06:58.922849+00:00,1.0
pha_daeng,2016-01-04T16:00,26.4,45,0.0,5.9,1,open_meteo,https://archive-api.open-meteo.com/v1/archive,2026-09-16T11:06:58.922850+00:00,1.0
pha_daeng,2016-01-04T17:00,25.7,51,0.0,3.7,0,open_meteo,https://archive-api.open-meteo.com/v1/archive,2026-09-16T11:06:58.922851+00:00,1.0
pha_daeng,2016-01-04T18:00,23.9,69,0.0,4.1,0,open_meteo,https://archive-api.open-meteo.com/v1/archive,2026-09-16T11:06:58.922853+00:00,1.0
pha_daeng,2016-01-04T19:00,24.4,51,0.0,3.0,0,open_meteo,https://archive-api.open-meteo.com/v1/archive,2026-09-16T11:06:58.922854+00:00,1.0
pha_daeng,2016-01-04T20:00,23.5,54,0.0,3.1,0,open_meteo,https://archive-api.open-meteo.com/v1/archive,2026-09-16T11:06:58.922856+00:00,1.0
pha_daeng,2016-01-04T21:00,21.3,65,0.0,4.0,0,open_meteo,https://archive-api.open-meteo.com/v1/archive,2026-09-16T11:06:58.922857+00:00,1.0
pha_daeng,2016-01-04T22:00,20.0,70,0.0,3.9,0,open_meteo,https://archive-api.open-meteo.com/v1/archive,2026-09-16T11:06:58.922859+00:00,1.0
pha_daeng,2016-01-04T23:00,18.9,74,0.0,3.9,0,open_meteo,https://archive-api.open-meteo.com/v1/archive,2026-09-16T11:06:58.922860+00:00,1.0
pha_daeng,2016-01-05T00:00,18.0,78,0.0,3.9,0,open_meteo,https://archive-api.open-meteo.com/v1/archive,2026-09-16T11:06:58.922862+00:00,1.0
pha_daeng,2016-01-05T01:00,17.0,82,0.0,4.2,0,open_meteo,https://archive-api.open-meteo.com/v1/archive,2026-09-16T11:06:58.922863+00:00,1.0
pha_daeng,2016-01-05T02:00,16.0,84,0.0,5.2,0,open_meteo,https://archive-api.open-meteo.com/v1/archive,2026-09-16T11:06:58.922865+00:00,1.0
pha_daeng,2016-01-05T03:00,15.2,87,0.0,5.1,0,open_meteo,https://archive-api.open-meteo.com/v1/archive,2026-09-16T11:06:58.922866+00:00,1.0
pha_daeng,2016-01-05T04:00,14.6,88,0.0,5.1,0,open_meteo,https://archive-api.open-meteo.com/v1/archive,2026-09-16T11:06:58.922872+00:00,1.0
pha_daeng,2016-01-05T05:00,14.1,90,0.0,4.6,0,open_meteo,https://archive-api.open-meteo.com/v1/archive,2026-09-16T11:06:58.922874+00:00,1.0
pha_daeng,2016-01-05T06:00,13.5,92,0.0,4.3,0,open_meteo,https://archive-api.open-meteo.com/v1/archive,2026-09-16T11:06:58.922875+00:00,1.0
pha_daeng,2016-01-05T07:00,13.0,93,0.0,4.3,0,open_meteo,https://archive-api.open-meteo.com/v1/archive,2026-09-16T11:06:58.922877+00:00,1.0
pha_daeng,2016-01-05T08:00,14.3,91,0.0,5.6,0,open_meteo,https://archive-api.open-meteo.com/v1/archive,2026-09-16T11:06:58.922878+00:00,1.0
pha_daeng,2016-01-05T09:00,19.5,76,0.0,3.2,0,open_meteo,https://archive-api.open-meteo.com/v1/archive,2026-09-16T11:06:58.922880+00:00,1.0
pha_daeng,2016-01-05T10:00,23.2,58,0.0,3.2,0,open_meteo,https://archive-api.open-meteo.com/v1/archive,2026-09-16T11:06:58.922882+00:00,1.0
pha_daeng,2016-01-05T11:00,24.9,49,0.0,3.1,0,open_meteo,https://archive-api.open-meteo.com/v1/archive,2026-09-16T11:06:58.922883+00:00,1.0
pha_daeng,2016-01-05T12:00,26.0,42,0.0,1.8,0,open_meteo,https://archive-api.open-meteo.com/v1/archive,2026-09-16T11:06:58.922884+00:00,1.0
pha_daeng,2016-01-05T13:00,26.8,38,0.0,2.4,0,open_meteo,https://archive-api.open-meteo.com/v1/archive,2026-09-16T11:06:58.922886+00:00,1.0
pha_daeng,2016-01-05T14:00,27.0,37,0.0,2.8,0,open_meteo,https://archive-api.open-meteo.com/v1/archive,2026-09-16T11:06:58.922887+00:00,1.0
pha_daeng,2016-01-05T15:00,27.0,36,0.0,3.7,0,open_meteo,https://archive-api.open-meteo.com/v1/archive,2026-09-16T11:06:58.922889+00:00,1.0
pha_daeng,2016-01-05T16:00,26.7,37,0.0,4.2,0,open_meteo,https://archive-api.open-meteo.com/v1/archive,2026-09-16T11:06:58.922890+00:00,1.0
pha_daeng,2016-01-05T17:00,25.8,44,0.0,4.5,0,open_meteo,https://archive-api.open-meteo.com/v1/archive,2026-09-16T11:06:58.922892+00:00,1.0
pha_daeng,2016-01-05T18:00,24.1,58,0.0,6.0,0,open_meteo,https://archive-api.open-meteo.com/v1/archive,2026-09-16T11:06:58.922893+00:00,1.0
pha_daeng,2016-01-05T19:00,23.5,50,0.0,4.7,0,open_meteo,https://archive-api.open-meteo.com/v1/archive,2026-09-16T11:06:58.922895+00:00,1.0
pha_daeng,2016-01-05T20:00,23.3,46,0.0,3.9,0,open_meteo,https://archive-api.open-meteo.com/v1/archive,2026-09-16T11:06:58.922900+00:00,1.0
pha_daeng,2016-01-05T21:00,22.7,48,0.0,2.8,0,open_meteo,https://archive-api.open-meteo.com/v1/archive,2026-09-16T11:06:58.922901+00:00,1.0
pha_daeng,2016-01-05T22:00,22.1,49,0.0,1.8,0,open_meteo,https://archive-api.open-meteo.com/v1/archive,2026-09-16T11:06:58.922903+00:00,1.0
pha_daeng,2016-01-05T23:00,20.9,54,0.0,0.5,0,open_meteo,https://archive-api.open-meteo.com/v1/archive,2026-09-16T11:06:58.922904+00:00,1.0
pha_daeng,2016-01-06T00:00,19.4,60,0.0,2.3,0,open_meteo,https://archive-api.open-meteo.com/v1/archive,2026-09-16T11:06:58.922906+00:00,1.0
pha_daeng,2016-01-06T01:00,17.4,69,0.0,3.6,0,open_meteo,https://archive-api.open-meteo.com/v1/archive,2026-09-16T11:06:58.922907+00:00,1.0
pha_daeng,2016-01-06T02:00,15.9,77,0.0,4.8,0,open_meteo,https://archive-api.open-meteo.com/v1/archive,2026-09-16T11:06:58.922908+00:00,1.0
pha_daeng,2016-01-06T03:00,15.1,80,0.0,5.9,0,open_meteo,https://archive-api.open-meteo.com/v1/archive,2026-09-16T11:06:58.922910+00:00,1.0
pha_daeng,2016-01-06T04:00,14.8,81,0.0,6.4,0,open_meteo,https://archive-api.open-meteo.com/v1/archive,2026-09-16T11:06:58.922911+00:00,1.0
pha_daeng,2016-01-06T05:00,14.7,82,0.0,5.4,0,open_meteo,https://archive-api.open-meteo.com/v1/archive,2026-09-16T11:06:58.922913+00:00,1.0
pha_daeng,2016-01-06T06:00,14.4,82,0.0,6.2,0,open_meteo,https://archive-api.open-meteo.com/v1/archive,2026-09-16T11:06:58.922914+00:00,1.0
pha_daeng,2016-01-06T07:00,14.3,82,0.0,5.9,0,open_meteo,https://archive-api.open-meteo.com/v1/archive,2026-09-16T11:06:58.922916+00:00,1.0
pha_daeng,2016-01-06T08:00,14.9,82,0.0,4.1,0,open_meteo,https://archive-api.open-meteo.com/v1/archive,2026-09-16T11:06:58.922917+00:00,1.0
pha_daeng,2016-01-06T09:00,19.4,73,0.0,1.8,0,open_meteo,https://archive-api.open-meteo.com/v1/archive,2026-09-16T11:06:58.922919+00:00,1.0
pha_daeng,2016-01-06T10:00,23.1,56,0.0,1.5,0,open_meteo,https://archive-api.open-meteo.com/v1/archive,2026-09-16T11:06:58.922920+00:00,1.0
pha_daeng,2016-01-06T11:00,25.4,45,0.0,3.5,0,open_meteo,https://archive-api.open-meteo.com/v1/archive,2026-09-16T11:06:58.922921+00:00,1.0
pha_daeng,2016-01-06T12:00,26.6,40,0.0,5.9,0,open_meteo,https://archive-api.open-meteo.com/v1/archive,2026-09-16T11:06:58.922923+00:00,1.0
pha_daeng,2016-01-06T13:00,27.3,37,0.0,6.1,0,open_meteo,https://archive-api.open-meteo.com/v1/archive,2026-09-16T11:06:58.922924+00:00,1.0
pha_daeng,2016-01-06T14:00,27.3,37,0.0,6.5,0,open_meteo,https://archive-api.open-meteo.com/v1/archive,2026-09-16T11:06:58.922926+00:00,1.0
pha_daeng,2016-01-06T15:00,27.4,36,0.0,6.5,0,open_meteo,https://archive-api.open-meteo.com/v1/archive,2026-09-16T11:06:58.922927+00:00,1.0
pha_daeng,2016-01-06T16:00,26.9,37,0.0,6.5,0,open_meteo,https://archive-api.open-meteo.com/v1/archive,2026-09-16T11:06:58.922929+00:00,1.0
pha_daeng,2016-01-06T17:00,25.9,45,0.0,5.5,0,open_meteo,https://archive-api.open-meteo.com/v1/archive,2026-09-16T11:06:58.922930+00:00,1.0
pha_daeng,2016-01-06T18:00,24.4,55,0.0,7.3,0,open_meteo,https://archive-api.open-meteo.com/v1/archive,2026-09-16T11:06:58.922932+00:00,1.0
pha_daeng,2016-01-06T19:00,23.7,50,0.0,6.3,0,open_meteo,https://archive-api.open-meteo.com/v1/archive,2026-09-16T11:06:58.922933+00:00,1.0
pha_daeng,2016-01-06T20:00,22.9,50,0.0,4.1,0,open_meteo,https://archive-api.open-meteo.com/v1/archive,2026-09-16T11:06:58.922937+00:00,1.0
pha_daeng,2016-01-06T21:00,21.6,55,0.0,2.5,0,open_meteo,https://archive-api.open-meteo.com/v1/archive,2026-09-16T11:06:58.922939+00:00,1.0
pha_daeng,2016-01-06T22:00,20.9,58,0.0,2.3,0,open_meteo,https://archive-api.open-meteo.com/v1/archive,2026-09-16T11:06:58.922940+00:00,1.0
pha_daeng,2016-01-06T23:00,20.1,61,0.0,2.4,0,open_meteo,https://archive-api.open-meteo.com/v1/archive,2026-09-16T11:06:58.922942+00:00,1.0
pha_daeng,2016-01-07T00:00,19.2,65,0.0,2.0,0,open_meteo,https://archive-api.open-meteo.com/v1/archive,2026-09-16T11:06:58.922943+00:00,1.0
pha_daeng,2016-01-07T01:00,17.9,70,0.0,2.5,0,open_meteo,https://archive-api.open-meteo.com/v1/archive,2026-09-16T11:06:58.922944+00:00,1.0
pha_daeng,2016-01-07T02:00,16.6,76,0.0,2.8,0,open_meteo,https://archive-api.open-meteo.com/v1/archive,2026-09-16T11:06:58.922946+00:00,1.0
pha_daeng,2016-01-07T03:00,15.8,79,0.0,2.9,0,open_meteo,https://archive-api.open-meteo.com/v1/archive,2026-09-16T11:06:58.922947+00:00,1.0
pha_daeng,2016-01-07T04:00,15.4,80,0.0,3.1,0,open_meteo,https://archive-api.open-meteo.com/v1/archive,2026-09-16T11:06:58.922949+00:00,1.0
pha_daeng,2016-01-07T05:00,15.1,80,0.0,2.9,0,open_meteo,https://archive-api.open-meteo.com/v1/archive,2026-09-16T11:06:58.922950+00:00,1.0
pha_daeng,2016-01-07T06:00,14.9,80,0.0,3.1,0,open_meteo,https://archive-api.open-meteo.com/v1/archive,2026-09-16T11:06:58.922952+00:00,1.0
pha_daeng,2016-01-07T07:00,14.5,80,0.0,3.3,0,open_meteo,https://archive-api.open-meteo.com/v1/archive,2026-09-16T11:06:58.922953+00:00,1.0
pha_daeng,2016-01-07T08:00,15.0,81,0.0,2.5,0,open_meteo,https://archive-api.open-meteo.com/v1/archive,2026-09-16T11:06:58.922955+00:00,1.0
pha_daeng,2016-01-07T09:00,19.6,72,0.0,1.3,0,open_meteo,https://archive-api.open-meteo.com/v1/archive,2026-09-16T11:06:58.922956+00:00,1.0
pha_daeng,2016-01-07T10:00,23.4,52,0.0,1.4,0,open_meteo,https://archive-api.open-meteo.com/v1/archive,2026-09-16T11:06:58.922958+00:00,1.0
pha_daeng,2016-01-07T11:00,25.6,45,0.0,5.4,1,open_meteo,https://archive-api.open-meteo.com/v1/archive,2026-09-16T11:06:58.922959+00:00,1.0
pha_daeng,2016-01-07T12:00,26.9,38,0.0,7.2,2,open_meteo,https://archive-api.open-meteo.com/v1/archive,2026-09-16T11:06:58.922960+00:00,1.0
pha_daeng,2016-01-07T13:00,27.6,34,0.0,7.2,1,open_meteo,https://archive-api.open-meteo.com/v1/archive,2026-09-16T11:06:58.922962+00:00,1.0
pha_daeng,2016-01-07T14:00,27.5,34,0.0,6.9,2,open_meteo,https://archive-api.open-meteo.com/v1/archive,2026-09-16T11:06:58.922963+00:00,1.0
pha_daeng,2016-01-07T15:00,27.5,34,0.0,6.5,3,open_meteo,https://archive-api.open-meteo.com/v1/archive,2026-09-16T11:06:58.922965+00:00,1.0
pha_daeng,2016-01-07T16:00,26.9,37,0.0,6.5,3,open_meteo,https://archive-api.open-meteo.com/v1/archive,2026-09-16T11:06:58.922966+00:00,1.0
pha_daeng,2016-01-07T17:00,25.8,45,0.0,5.5,3,open_meteo,https://archive-api.open-meteo.com/v1/archive,2026-09-16T11:06:58.922968+00:00,1.0
pha_daeng,2016-01-07T18:00,24.4,51,0.0,7.3,2,open_meteo,https://archive-api.open-meteo.com/v1/archive,2026-09-16T11:06:58.922969+00:00,1.0
pha_daeng,2016-01-07T19:00,22.5,62,0.0,6.9,0,open_meteo,https://archive-api.open-meteo.com/v1/archive,2026-09-16T11:06:58.922970+00:00,1.0
pha_daeng,2016-01-07T20:00,21.8,58,0.0,5.4,0,open_meteo,https://archive-api.open-meteo.com/v1/archive,2026-09-16T11:06:58.922972+00:00,1.0
pha_daeng,2016-01-07T21:00,21.3,57,0.0,4.5,1,open_meteo,https://archive-api.open-meteo.com/v1/archive,2026-09-16T11:06:58.922973+00:00,1.0
pha_daeng,2016-01-07T22:00,19.7,64,0.0,4.4,2,open_meteo,https://archive-api.open-meteo.com/v1/archive,2026-09-16T11:06:58.922975+00:00,1.0
pha_daeng,2016-01-07T23:00,18.4,70,0.0,3.9,2,open_meteo,https://archive-api.open-meteo.com/v1/archive,2026-09-16T11:06:58.922976+00:00,1.0
khun_khan,2016-01-01T00:00,19.4,66,0.0,1.3,1,open_meteo,https://archive-api.open-meteo.com/v1/archive,2026-09-16T11:06:58.922978+00:00,1.0
khun_khan,2016-01-01T01:00,18.7,69,0.0,1.1,1,open_meteo,https://archive-api.open-meteo.com/v1/archive,2026-09-16T11:06:58.922979+00:00,1.0
khun_khan,2016-01-01T02:00,17.5,73,0.0,1.6,1,open_meteo,https://archive-api.open-meteo.com/v1/archive,2026-09-16T11:06:58.922981+00:00,1.0
khun_khan,2016-01-01T03:00,17.8,72,0.0,2.1,3,open_meteo,https://archive-api.open-meteo.com/v1/archive,2026-09-16T11:06:58.922982+00:00,1.0
khun_khan,2016-01-01T04:00,17.9,70,0.0,2.9,3,open_meteo,https://archive-api.open-meteo.com/v1/archive,2026-09-16T11:06:58.922984+00:00,1.0
khun_khan,2016-01-01T05:00,17.9,71,0.0,2.2,3,open_meteo,https://archive-api.open-meteo.com/v1/archive,2026-09-16T11:06:58.922985+00:00,1.0
khun_khan,2016-01-01T06:00,17.6,73,0.0,3.3,3,open_meteo,https://archive-api.open-meteo.com/v1/archive,2026-09-16T11:06:58.922987+00:00,1.0
khun_khan,2016-01-01T07:00,17.3,75,0.0,2.9,3,open_meteo,https://archive-api.open-meteo.com/v1/archive,2026-09-16T11:06:58.922988+00:00,1.0
khun_khan,2016-01-01T08:00,17.6,75,0.0,2.6,2,open_meteo,https://archive-api.open-meteo.com/v1/archive,2026-09-16T11:06:58.922989+00:00,1.0
khun_khan,2016-01-01T09:00,18.9,76,0.0,3.6,2,open_meteo,https://archive-api.open-meteo.com/v1/archive,2026-09-16T11:06:58.922991+00:00,1.0
khun_khan,2016-01-01T10:00,20.2,69,0.0,8.2,2,open_meteo,https://archive-api.open-meteo.com/v1/archive,2026-09-16T11:06:58.922992+00:00,1.0
khun_khan,2016-01-01T11:00,21.4,63,0.0,9.7,2,open_meteo,https://archive-api.open-meteo.com/v1/archive,2026-09-16T11:06:58.922994+00:00,1.0
khun_khan,2016-01-01T12:00,22.0,60,0.0,8.9,2,open_meteo,https://archive-api.open-meteo.com/v1/archive,2026-09-16T11:06:58.922997+00:00,1.0
khun_khan,2016-01-01T13:00,22.4,58,0.0,7.6,3,open_meteo,https://archive-api.open-meteo.com/v1/archive,2026-09-16T11:06:58.922999+00:00,1.0
khun_khan,2016-01-01T14:00,22.5,57,0.0,6.9,1,open_meteo,https://archive-api.open-meteo.com/v1/archive,2026-09-16T11:06:58.923000+00:00,1.0
khun_khan,2016-01-01T15:00,22.6,56,0.0,7.4,1,open_meteo,https://archive-api.open-meteo.com/v1/archive,2026-09-16T11:06:58.923002+00:00,1.0
khun_khan,2016-01-01T16:00,22.4,57,0.0,7.7,0,open_meteo,https://archive-api.open-meteo.com/v1/archive,2026-09-16T11:06:58.923003+00:00,1.0
khun_khan,2016-01-01T17:00,21.7,63,0.0,4.8,1,open_meteo,https://archive-api.open-meteo.com/v1/archive,2026-09-16T11:06:58.923005+00:00,1.0
khun_khan,2016-01-01T18:00,20.7,67,0.0,5.4,0,open_meteo,https://archive-api.open-meteo.com/v1/archive,2026-09-16T11:06:58.923006+00:00,1.0
khun_khan,2016-01-01T19:00,20.6,62,0.0,4.2,1,open_meteo,https://archive-api.open-meteo.com/v1/archive,2026-09-16T11:06:58.923008+00:00,1.0
khun_khan,2016-01-01T20:00,19.9,63,0.0,3.3,0,open_meteo,https://archive-api.open-meteo.com/v1/archive,2026-09-16T11:06:58.923009+00:00,1.0
khun_khan,2016-01-01T21:00,19.3,66,0.0,2.4,0,open_meteo,https://archive-api.open-meteo.com/v1/archive,2026-09-16T11:06:58.923010+00:00,1.0
khun_khan,2016-01-01T22:00,18.2,71,0.0,2.2,0,open_meteo,https://archive-api.open-meteo.com/v1/archive,2026-09-16T11:06:58.923012+00:00,1.0
khun_khan,2016-01-01T23:00,17.4,74,0.0,2.5,0,open_meteo,https://archive-api.open-meteo.com/v1/archive,2026-09-16T11:06:58.923013+00:00,1.0
khun_khan,2016-01-02T00:00,16.5,78,0.0,2.9,0,open_meteo,https://archive-api.open-meteo.com/v1/archive,2026-09-16T11:06:58.923015+00:00,1.0
khun_khan,2016-01-02T01:00,15.8,81,0.0,3.0,0,open_meteo,https://archive-api.open-meteo.com/v1/archive,2026-09-16T11:06:58.923016+00:00,1.0
khun_khan,2016-01-02T02:00,15.1,85,0.0,2.3,3,open_meteo,https://archive-api.open-meteo.com/v1/archive,2026-09-16T11:06:58.923018+00:00,1.0
khun_khan,2016-01-02T03:00,14.6,88,0.0,1.6,3,open_meteo,https://archive-api.open-meteo.com/v1/archive,2026-09-16T11:06:58.923020+00:00,1.0
khun_khan,2016-01-02T04:00,14.2,89,0.0,1.6,3,open_meteo,https://archive-api.open-meteo.com/v1/archive,2026-09-16T11:06:58.923021+00:00,1.0
khun_khan,2016-01-02T05:00,13.9,90,0.0,2.1,3,open_meteo,https://archive-api.open-meteo.com/v1/archive,2026-09-16T11:06:58.923023+00:00,1.0
khun_khan,2016-01-02T06:00,13.8,91,0.0,2.1,3,open_meteo,https://archive-api.open-meteo.com/v1/archive,2026-09-16T11:06:58.923024+00:00,1.0
khun_khan,2016-01-02T07:00,13.5,91,0.0,1.8,3,open_meteo,https://archive-api.open-meteo.com/v1/archive,2026-09-16T11:06:58.923026+00:00,1.0
khun_khan,2016-01-02T08:00,14.6,92,0.0,2.1,3,open_meteo,https://archive-api.open-meteo.com/v1/archive,2026-09-16T11:06:58.923027+00:00,1.0
khun_khan,2016-01-02T09:00,18.3,77,0.0,0.0,3,open_meteo,https://archive-api.open-meteo.com/v1/archive,2026-09-16T11:06:58.923031+00:00,1.0
khun_khan,2016-01-02T10:00,20.4,66,0.0,3.6,3,open_meteo,https://archive-api.open-meteo.com/v1/archive,2026-09-16T11:06:58.923033+00:00,1.0
khun_khan,2016-01-02T11:00,21.6,61,0.0,6.6,2,open_meteo,https://archive-api.open-meteo.com/v1/archive,2026-09-16T11:06:58.923034+00:00,1.0
khun_khan,2016-01-02T12:00,22.0,59,0.0,7.4,0,open_meteo,https://archive-api.open-meteo.com/v1/archive,2026-09-16T11:06:58.923036+00:00,1.0
khun_khan,2016-01-02T13:00,23.2,54,0.0,7.4,1,open_meteo,https://archive-api.open-meteo.com/v1/archive,2026-09-16T11:06:58.923037+00:00,1.0
khun_khan,2016-01-02T14:00,22.5,57,0.0,7.2,2,open_meteo,https://archive-api.open-meteo.com/v1/archive,2026-09-16T11:06:58.923039+00:00,1.0
khun_khan,2016-01-02T15:00,22.6,56,0.0,6.4,2,open_meteo,https://archive-api.open-meteo.com/v1/archive,2026-09-16T11:06:58.923040+00:00,1.0
khun_khan,2016-01-02T16:00,22.0,60,0.0,5.7,1,open_meteo,https://archive-api.open-meteo.com/v1/archive,2026-09-16T11:06:58.923042+00:00,1.0
khun_khan,2016-01-02T17:00,20.9,71,0.0,2.9,2,open_meteo,https://archive-api.open-meteo.com/v1/archive,2026-09-16T11:06:58.923043+00:00,1.0
khun_khan,2016-01-02T18:00,20.1,79,0.0,2.8,2,open_meteo,https://archive-api.open-meteo.com/v1/archive,2026-09-16T11:06:58.923045+00:00,1.0
khun_khan,2016-01-02T19:00,19.1,83,0.0,3.8,2,open_meteo,https://archive-api.open-meteo.com/v1/archive,2026-09-16T11:06:58.923046+00:00,1.0
khun_khan,2016-01-02T20:00,18.5,85,0.0,4.0,2,open_meteo,https://archive-api.open-meteo.com/v1/archive,2026-09-16T11:06:58.923048+00:00,1.0
khun_khan,2016-01-02T21:00,17.9,86,0.0,4.0,1,open_meteo,https://archive-api.open-meteo.com/v1/archive,2026-09-16T11:06:58.923049+00:00,1.0
khun_khan,2016-01-02T22:00,17.4,86,0.0,3.7,2,open_meteo,https://archive-api.open-meteo.com/v1/archive,2026-09-16T11:06:58.923050+00:00,1.0
khun_khan,2016-01-02T23:00,17.2,86,0.0,3.6,2,open_meteo,https://archive-api.open-meteo.com/v1/archive,2026-09-16T11:06:58.923052+00:00,1.0
khun_khan,2016-01-03T00:00,16.9,87,0.0,3.2,2,open_meteo,https://archive-api.open-meteo.com/v1/archive,2026-09-16T11:06:58.923053+00:00,1.0
khun_khan,2016-01-03T01:00,16.6,87,0.0,2.5,2,open_meteo,https://archive-api.open-meteo.com/v1/archive,2026-09-16T11:06:58.923055+00:00,1.0
khun_khan,2016-01-03T02:00,16.8,85,0.0,2.2,2,open_meteo,https://archive-api.open-meteo.com/v1/archive,2026-09-16T11:06:58.923056+00:00,1.0
khun_khan,2016-01-03T03:00,16.3,86,0.0,1.5,1,open_meteo,https://archive-api.open-meteo.com/v1/archive,2026-09-16T11:06:58.923058+00:00,1.0
khun_khan,2016-01-03T04:00,15.5,89,0.0,1.1,1,open_meteo,https://archive-api.open-meteo.com/v1/archive,2026-09-16T11:06:58.923062+00:00,1.0
khun_khan,2016-01-03T05:00,14.8,91,0.0,1.9,1,open_meteo,https://archive-api.open-meteo.com/v1/archive,2026-09-16T11:06:58.923063+00:00,1.0
khun_khan,2016-01-03T06:00,14.3,94,0.0,2.1,1,open_meteo,https://archive-api.open-meteo.com/v1/archive,2026-09-16T11:06:58.923065+00:00,1.0
khun_khan,2016-01-03T07:00,14.0,96,0.0,2.4,1,open_meteo,https://archive-api.open-meteo.com/v1/archive,2026-09-16T11:06:58.923066+00:00,1.0
khun_khan,2016-01-03T08:00,15.1,95,0.0,3.2,1,open_meteo,https://archive-api.open-meteo.com/v1/archive,2026-09-16T11:06:58.923067+00:00,1.0
khun_khan,2016-01-03T09:00,18.7,81,0.0,1.8,1,open_meteo,https://archive-api.open-meteo.com/v1/archive,2026-09-16T11:06:58.923069+00:00,1.0
khun_khan,2016-01-03T10:00,20.5,68,0.0,1.8,1,open_meteo,https://archive-api.open-meteo.com/v1/archive,2026-09-16T11:06:58.923070+00:00,1.0
khun_khan,2016-01-03T11:00,21.9,62,0.0,2.3,1,open_meteo,https://archive-api.open-meteo.com/v1/archive,2026-09-16T11:06:58.923072+00:00,1.0
khun_khan,2016-01-03T12:00,22.9,57,0.0,3.3,1,open_meteo,https://archive-api.open-meteo.com/v1/archive,2026-09-16T11:06:58.923073+00:00,1.0
khun_khan,2016-01-03T13:00,24.1,52,0.0,4.0,1,open_meteo,https://archive-api.open-meteo.com/v1/archive,2026-09-16T11:06:58.923075+00:00,1.0
khun_khan,2016-01-03T14:00,24.0,53,0.0,3.5,2,open_meteo,https://archive-api.open-meteo.com/v1/archive,2026-09-16T11:06:58.923076+00:00,1.0
khun_khan,2016-01-03T15:00,24.0,55,0.0,3.3,1,open_meteo,https://archive-api.open-meteo.com/v1/archive,2026-09-16T11:06:58.923077+00:00,1.0
khun_khan,2016-01-03T16:00,23.5,60,0.0,4.3,1,open_meteo,https://archive-api.open-meteo.com/v1/archive,2026-09-16T11:06:58.923079+00:00,1.0
khun_khan,2016-01-03T17:00,22.9,65,0.0,4.1,1,open_meteo,https://archive-api.open-meteo.com/v1/archive,2026-09-16T11:06:58.923080+00:00,1.0
khun_khan,2016-01-03T18:00,21.7,71,0.0,4.7,1,open_meteo,https://archive-api.open-meteo.com/v1/archive,2026-09-16T11:06:58.923082+00:00,1.0
khun_khan,2016-01-03T19:00,20.1,79,0.0,2.6,1,open_meteo,https://archive-api.open-meteo.com/v1/archive,2026-09-16T11:06:58.923083+00:00,1.0
khun_khan,2016-01-03T20:00,18.6,83,0.0,1.8,1,open_meteo,https://archive-api.open-meteo.com/v1/archive,2026-09-16T11:06:58.923085+00:00,1.0
khun_khan,2016-01-03T21:00,17.5,85,0.0,1.9,1,open_meteo,https://archive-api.open-meteo.com/v1/archive,2026-09-16T11:06:58.923086+00:00,1.0
khun_khan,2016-01-03T22:00,16.5,89,0.0,1.9,1,open_meteo,https://archive-api.open-meteo.com/v1/archive,2026-09-16T11:06:58.923088+00:00,1.0
khun_khan,2016-01-03T23:00,15.7,93,0.0,1.8,0,open_meteo,https://archive-api.open-meteo.com/v1/archive,2026-09-16T11:06:58.923089+00:00,1.0
khun_khan,2016-01-04T00:00,15.1,96,0.0,2.2,1,open_meteo,https://archive-api.open-meteo.com/v1/archive,2026-09-16T11:06:58.923091+00:00,1.0
khun_khan,2016-01-04T01:00,14.8,96,0.0,2.5,1,open_meteo,https://archive-api.open-meteo.com/v1/archive,2026-09-16T11:06:58.923092+00:00,1.0
khun_khan,2016-01-04T02:00,15.7,89,0.0,2.5,0,open_meteo,https://archive-api.open-meteo.com/v1/archive,2026-09-16T11:06:58.923094+00:00,1.0
khun_khan,2016-01-04T03:00,14.9,90,0.0,1.5,1,open_meteo,https://archive-api.open-meteo.com/v1/archive,2026-09-16T11:06:58.923095+00:00,1.0
khun_khan,2016-01-04T04:00,14.5,92,0.0,1.9,0,open_meteo,https://archive-api.open-meteo.com/v1/archive,2026-09-16T11:06:58.923097+00:00,1.0
khun_khan,2016-01-04T05:00,13.7,95,0.0,3.1,0,open_meteo,https://archive-api.open-meteo.com/v1/archive,2026-09-16T11:06:58.923098+00:00,1.0
khun_khan,2016-01-04T06:00,13.1,96,0.0,3.9,0,open_meteo,https://archive-api.open-meteo.com/v1/archive,2026-09-16T11:06:58.923100+00:00,1.0
khun_khan,2016-01-04T07:00,12.8,97,0.0,3.9,0,open_meteo,https://archive-api.open-meteo.com/v1/archive,2026-09-16T11:06:58.923101+00:00,1.0
khun_khan,2016-01-04T08:00,13.6,96,0.0,4.1,0,open_meteo,https://archive-api.open-meteo.com/v1/archive,2026-09-16T11:06:58.923102+00:00,1.0
khun_khan,2016-01-04T09:00,18.9,77,0.0,1.6,0,open_meteo,https://archive-api.open-meteo.com/v1/archive,2026-09-16T11:06:58.923104+00:00,1.0
khun_khan,2016-01-04T10:00,21.1,64,0.0,1.1,0,open_meteo,https://archive-api.open-meteo.com/v1/archive,2026-09-16T11:06:58.923105+00:00,1.0
khun_khan,2016-01-04T11:00,22.5,57,0.0,3.2,1,open_meteo,https://archive-api.open-meteo.com/v1/archive,2026-09-16T11:06:58.923107+00:00,1.0
khun_khan,2016-01-04T12:00,23.2,53,0.0,4.5,1,open_meteo,https://archive-api.open-meteo.com/v1/archive,2026-09-16T11:06:58.923108+00:00,1.0
khun_khan,2016-01-04T13:00,24.1,49,0.0,4.6,1,open_meteo,https://archive-api.open-meteo.com/v1/archive,2026-09-16T11:06:58.923110+00:00,1.0
khun_khan,2016-01-04T14:00,24.5,47,0.0,4.2,0,open_meteo,https://archive-api.open-meteo.com/v1/archive,2026-09-16T11:06:58.923111+00:00,1.0
khun_khan,2016-01-04T15:00,24.6,45,0.0,4.1,1,open_meteo,https://archive-api.open-meteo.com/v1/archive,2026-09-16T11:06:58.923113+00:00,1.0
khun_khan,2016-01-04T16:00,24.4,46,0.0,3.4,1,open_meteo,https://archive-api.open-meteo.com/v1/archive,2026-09-16T11:06:58.923114+00:00,1.0
khun_khan,2016-01-04T17:00,23.1,57,0.0,2.2,0,open_meteo,https://archive-api.open-meteo.com/v1/archive,2026-09-16T11:06:58.923115+00:00,1.0
khun_khan,2016-01-04T18:00,22.2,62,0.0,1.9,1,open_meteo,https://archive-api.open-meteo.com/v1/archive,2026-09-16T11:06:58.923117+00:00,1.0
khun_khan,2016-01-04T19:00,20.0,73,0.0,1.8,0,open_meteo,https://archive-api.open-meteo.com/v1/archive,2026-09-16T11:06:58.923118+00:00,1.0
khun_khan,2016-01-04T20:00,18.7,73,0.0,3.4,0,open_meteo,https://archive-api.open-meteo.com/v1/archive,2026-09-16T11:06:58.923123+00:00,1.0
khun_khan,2016-01-04T21:00,16.8,82,0.0,6.4,0,open_meteo,https://archive-api.open-meteo.com/v1/archive,2026-09-16T11:06:58.923125+00:00,1.0
khun_khan,2016-01-04T22:00,15.5,87,0.0,6.6,0,open_meteo,https://archive-api.open-meteo.com/v1/archive,2026-09-16T11:06:58.923126+00:00,1.0
khun_khan,2016-01-04T23:00,14.9,88,0.0,6.5,0,open_meteo,https://archive-api.open-meteo.com/v1/archive,2026-09-16T11:06:58.923128+00:00,1.0
khun_khan,2016-01-05T00:00,14.4,89,0.0,6.2,0,open_meteo,https://archive-api.open-meteo.com/v1/archive,2026-09-16T11:06:58.923129+00:00,1.0
khun_khan,2016-01-05T01:00,13.9,89,0.0,6.2,0,open_meteo,https://archive-api.open-meteo.com/v1/archive,2026-09-16T11:06:58.923131+00:00,1.0
khun_khan,2016-01-05T02:00,13.6,89,0.0,7.0,0,open_meteo,https://archive-api.open-meteo.com/v1/archive,2026-09-16T11:06:58.923132+00:00,1.0
khun_khan,2016-01-05T03:00,13.1,89,0.0,7.6,0,open_meteo,https://archive-api.open-meteo.com/v1/archive,2026-09-16T11:06:58.923133+00:00,1.0
khun_khan,2016-01-05T04:00,12.8,89,0.0,7.9,0,open_meteo,https://archive-api.open-meteo.com/v1/archive,2026-09-16T11:06:58.923135+00:00,1.0
khun_khan,2016-01-05T05:00,12.5,88,0.0,7.4,0,open_meteo,https://archive-api.open-meteo.com/v1/archive,2026-09-16T11:06:58.923136+00:00,1.0
khun_khan,2016-01-05T06:00,12.2,88,0.0,7.4,0,open_meteo,https://archive-api.open-meteo.com/v1/archive,2026-09-16T11:06:58.923138+00:00,1.0
khun_khan,2016-01-05T07:00,12.0,88,0.0,7.4,0,open_meteo,https://archive-api.open-meteo.com/v1/archive,2026-09-16T11:06:58.923139+00:00,1.0
khun_khan,2016-01-05T08:00,13.1,87,0.0,7.1,0,open_meteo,https://archive-api.open-meteo.com/v1/archive,2026-09-16T11:06:58.923141+00:00,1.0
khun_khan,2016-01-05T09:00,17.2,76,0.0,3.9,0,open_meteo,https://archive-api.open-meteo.com/v1/archive,2026-09-16T11:06:58.923142+00:00,1.0
khun_khan,2016-01-05T10:00,20.4,61,0.0,2.5,0,open_meteo,https://archive-api.open-meteo.com/v1/archive,2026-09-16T11:06:58.923144+00:00,1.0
khun_khan,2016-01-05T11:00,22.1,51,0.0,3.8,0,open_meteo,https://archive-api.open-meteo.com/v1/archive,2026-09-16T11:06:58.923145+00:00,1.0
khun_khan,2016-01-05T12:00,23.2,46,0.0,3.7,0,open_meteo,https://archive-api.open-meteo.com/v1/archive,2026-09-16T11:06:58.923146+00:00,1.0
khun_khan,2016-01-05T13:00,23.9,43,0.0,3.8,0,open_meteo,https://archive-api.open-meteo.com/v1/archive,2026-09-16T11:06:58.923148+00:00,1.0
khun_khan,2016-01-05T14:00,24.0,42,0.0,3.7,0,open_meteo,https://archive-api.open-meteo.com/v1/archive,2026-09-16T11:06:58.923149+00:00,1.0
khun_khan,2016-01-05T15:00,24.0,42,0.0,4.4,0,open_meteo,https://archive-api.open-meteo.com/v1/archive,2026-09-16T11:06:58.923151+00:00,1.0
khun_khan,2016-01-05T16:00,23.6,45,0.0,5.3,0,open_meteo,https://archive-api.open-meteo.com/v1/archive,2026-09-16T11:06:58.923152+00:00,1.0
khun_khan,2016-01-05T17:00,22.7,54,0.0,5.8,0,open_meteo,https://archive-api.open-meteo.com/v1/archive,2026-09-16T11:06:58.923154+00:00,1.0
khun_khan,2016-01-05T18:00,21.3,57,0.0,5.5,0,open_meteo,https://archive-api.open-meteo.com/v1/archive,2026-09-16T11:06:58.923155+00:00,1.0
khun_khan,2016-01-05T19:00,20.7,52,0.0,4.0,0,open_meteo,https://archive-api.open-meteo.com/v1/archive,2026-09-16T11:06:58.923157+00:00,1.0
khun_khan,2016-01-05T20:00,19.2,62,0.0,0.8,0,open_meteo,https://archive-api.open-meteo.com/v1/archive,2026-09-16T11:06:58.923158+00:00,1.0
khun_khan,2016-01-05T21:00,17.1,72,0.0,1.5,0,open_meteo,https://archive-api.open-meteo.com/v1/archive,2026-09-16T11:06:58.923159+00:00,1.0
khun_khan,2016-01-05T22:00,15.9,75,0.0,1.9,0,open_meteo,https://archive-api.open-meteo.com/v1/archive,2026-09-16T11:06:58.923161+00:00,1.0
khun_khan,2016-01-05T23:00,15.2,78,0.0,1.9,0,open_meteo,https://archive-api.open-meteo.com/v1/archive,2026-09-16T11:06:58.923162+00:00,1.0
khun_khan,2016-01-06T00:00,14.0,85,0.0,3.2,0,open_meteo,https://archive-api.open-meteo.com/v1/archive,2026-09-16T11:06:58.923164+00:00,1.0
khun_khan,2016-01-06T01:00,13.1,90,0.0,4.2,0,open_meteo,https://archive-api.open-meteo.com/v1/archive,2026-09-16T11:06:58.923165+00:00,1.0
khun_khan,2016-01-06T02:00,12.5,94,0.0,5.2,0,open_meteo,https://archive-api.open-meteo.com/v1/archive,2026-09-16T11:06:58.923167+00:00,1.0
khun_khan,2016-01-06T03:00,12.3,94,0.0,5.5,0,open_meteo,https://archive-api.open-meteo.com/v1/archive,2026-09-16T11:06:58.923168+00:00,1.0
khun_khan,2016-01-06T04:00,12.0,94,0.0,5.8,0,open_meteo,https://archive-api.open-meteo.com/v1/archive,2026-09-16T11:06:58.923169+00:00,1.0
khun_khan,2016-01-06T05:00,11.7,94,0.0,5.0,0,open_meteo,https://archive-api.open-meteo.com/v1/archive,2026-09-16T11:06:58.923171+00:00,1.0
khun_khan,2016-01-06T06:00,11.5,93,0.0,5.5,0,open_meteo,https://archive-api.open-meteo.com/v1/archive,2026-09-16T11:06:58.923172+00:00,1.0
khun_khan,2016-01-06T07:00,11.3,93,0.0,5.5,0,open_meteo,https://archive-api.open-meteo.com/v1/archive,2026-09-16T11:06:58.923174+00:00,1.0
khun_khan,2016-01-06T08:00,12.1,93,0.0,5.4,0,open_meteo,https://archive-api.open-meteo.com/v1/archive,2026-09-16T11:06:58.923175+00:00,1.0
khun_khan,2016-01-06T09:00,17.7,76,0.0,2.5,0,open_meteo,https://archive-api.open-meteo.com/v1/archive,2026-09-16T11:06:58.923177+00:00,1.0
khun_khan,2016-01-06T10:00,20.5,56,0.0,1.5,0,open_meteo,https://archive-api.open-meteo.com/v1/archive,2026-09-16T11:06:58.923178+00:00,1.0
khun_khan,2016-01-06T11:00,22.2,48,0.0,4.1,0,open_meteo,https://archive-api.open-meteo.com/v1/archive,2026-09-16T11:06:58.923180+00:00,1.0
khun_khan,2016-01-06T12:00,23.4,43,0.0,6.2,0,open_meteo,https://archive-api.open-meteo.com/v1/archive,2026-09-16T11:06:58.923183+00:00,1.0
khun_khan,2016-01-06T13:00,24.1,40,0.0,6.5,0,open_meteo,https://archive-api.open-meteo.com/v1/archive,2026-09-16T11:06:58.923184+00:00,1.0
khun_khan,2016-01-06T14:00,24.2,41,0.0,6.3,0,open_meteo,https://archive-api.open-meteo.com/v1/archive,2026-09-16T11:06:58.923186+00:00,1.0
khun_khan,2016-01-06T15:00,24.3,41,0.0,6.5,0,open_meteo,https://archive-api.open-meteo.com/v1/archive,2026-09-16T11:06:58.923187+00:00,1.0
khun_khan,2016-01-06T16:00,23.9,44,0.0,7.1,0,open_meteo,https://archive-api.open-meteo.com/v1/archive,2026-09-16T11:06:58.923189+00:00,1.0
khun_khan,2016-01-06T17:00,22.6,52,0.0,6.8,0,open_meteo,https://archive-api.open-meteo.com/v1/archive,2026-09-16T11:06:58.923190+00:00,1.0
khun_khan,2016-01-06T18:00,21.2,54,0.0,6.8,0,open_meteo,https://archive-api.open-meteo.com/v1/archive,2026-09-16T11:06:58.923192+00:00,1.0
khun_khan,2016-01-06T19:00,20.8,49,0.0,4.3,0,open_meteo,https://archive-api.open-meteo.com/v1/archive,2026-09-16T11:06:58.923193+00:00,1.0
khun_khan,2016-01-06T20:00,20.0,52,0.0,1.9,0,open_meteo,https://archive-api.open-meteo.com/v1/archive,2026-09-16T11:06:58.923194+00:00,1.0
khun_khan,2016-01-06T21:00,17.4,68,0.0,1.6,0,open_meteo,https://archive-api.open-meteo.com/v1/archive,2026-09-16T11:06:58.923196+00:00,1.0
khun_khan,2016-01-06T22:00,16.2,71,0.0,1.9,0,open_meteo,https://archive-api.open-meteo.com/v1/archive,2026-09-16T11:06:58.923197+00:00,1.0
khun_khan,2016-01-06T23:00,15.4,73,0.0,2.3,0,open_meteo,https://archive-api.open-meteo.com/v1/archive,2026-09-16T11:06:58.923199+00:00,1.0
khun_khan,2016-01-07T00:00,14.2,80,0.0,3.1,0,open_meteo,https://archive-api.open-meteo.com/v1/archive,2026-09-16T11:06:58.923200+00:00,1.0
khun_khan,2016-01-07T01:00,13.2,87,0.0,3.4,0,open_meteo,https://archive-api.open-meteo.com/v1/archive,2026-09-16T11:06:58.923202+00:00,1.0
khun_khan,2016-01-07T02:00,12.5,94,0.0,3.4,0,open_meteo,https://archive-api.open-meteo.com/v1/archive,2026-09-16T11:06:58.923203+00:00,1.0
khun_khan,2016-01-07T03:00,12.2,94,0.0,3.4,0,open_meteo,https://archive-api.open-meteo.com/v1/archive,2026-09-16T11:06:58.923205+00:00,1.0
khun_khan,2016-01-07T04:00,11.9,94,0.0,3.4,0,open_meteo,https://archive-api.open-meteo.com/v1/archive,2026-09-16T11:06:58.923206+00:00,1.0
khun_khan,2016-01-07T05:00,11.5,95,0.0,3.0,0,open_meteo,https://archive-api.open-meteo.com/v1/archive,2026-09-16T11:06:58.923208+00:00,1.0
khun_khan,2016-01-07T06:00,11.2,95,0.0,3.7,0,open_meteo,https://archive-api.open-meteo.com/v1/archive,2026-09-16T11:06:58.923209+00:00,1.0
khun_khan,2016-01-07T07:00,10.8,94,0.0,3.8,0,open_meteo,https://archive-api.open-meteo.com/v1/archive,2026-09-16T11:06:58.923211+00:00,1.0
khun_khan,2016-01-07T08:00,11.9,93,0.0,4.1,0,open_meteo,https://archive-api.open-meteo.com/v1/archive,2026-09-16T11:06:58.923215+00:00,1.0
khun_khan,2016-01-07T09:00,17.8,76,0.0,2.6,0,open_meteo,https://archive-api.open-meteo.com/v1/archive,2026-09-16T11:06:58.923216+00:00,1.0
khun_khan,2016-01-07T10:00,20.7,57,0.0,0.8,0,open_meteo,https://archive-api.open-meteo.com/v1/archive,2026-09-16T11:06:58.923218+00:00,1.0
khun_khan,2016-01-07T11:00,22.5,50,0.0,3.9,0,open_meteo,https://archive-api.open-meteo.com/v1/archive,2026-09-16T11:06:58.923219+00:00,1.0
khun_khan,2016-01-07T12:00,23.8,43,0.0,6.3,1,open_meteo,https://archive-api.open-meteo.com/v1/archive,2026-09-16T11:06:58.923221+00:00,1.0
khun_khan,2016-01-07T13:00,24.6,39,0.0,6.6,2,open_meteo,https://archive-api.open-meteo.com/v1/archive,2026-09-16T11:06:58.923222+00:00,1.0
khun_khan,2016-01-07T14:00,24.5,40,0.0,6.1,2,open_meteo,https://archive-api.open-meteo.com/v1/archive,2026-09-16T11:06:58.923224+00:00,1.0
khun_khan,2016-01-07T15:00,24.6,40,0.0,6.0,1,open_meteo,https://archive-api.open-meteo.com/v1/archive,2026-09-16T11:06:58.923225+00:00,1.0
khun_khan,2016-01-07T16:00,24.1,45,0.0,6.7,3,open_meteo,https://archive-api.open-meteo.com/v1/archive,2026-09-16T11:06:58.923227+00:00,1.0
khun_khan,2016-01-07T17:00,22.6,56,0.0,5.6,3,open_meteo,https://archive-api.open-meteo.com/v1/archive,2026-09-16T11:06:58.923228+00:00,1.0
khun_khan,2016-01-07T18:00,21.4,59,0.0,5.4,3,open_meteo,https://archive-api.open-meteo.com/v1/archive,2026-09-16T11:06:58.923229+00:00,1.0
khun_khan,2016-01-07T19:00,20.2,65,0.0,2.3,2,open_meteo,https://archive-api.open-meteo.com/v1/archive,2026-09-16T11:06:58.923231+00:00,1.0
khun_khan,2016-01-07T20:00,18.7,68,0.0,2.9,0,open_meteo,https://archive-api.open-meteo.com/v1/archive,2026-09-16T11:06:58.923232+00:00,1.0
khun_khan,2016-01-07T21:00,17.3,74,0.0,2.7,1,open_meteo,https://archive-api.open-meteo.com/v1/archive,2026-09-16T11:06:58.923234+00:00,1.0
khun_khan,2016-01-07T22:00,15.7,84,0.0,4.2,1,open_meteo,https://archive-api.open-meteo.com/v1/archive,2026-09-16T11:06:58.923235+00:00,1.0
khun_khan,2016-01-07T23:00,14.4,92,0.0,4.9,2,open_meteo,https://archive-api.open-meteo.com/v1/archive,2026-09-16T11:06:58.923237+00:00,1.0
mae_wang,2016-01-01T00:00,19.2,75,0.0,4.8,1,open_meteo,https://archive-api.open-meteo.com/v1/archive,2026-09-16T11:06:58.923238+00:00,1.0
mae_wang,2016-01-01T01:00,18.5,79,0.0,4.2,1,open_meteo,https://archive-api.open-meteo.com/v1/archive,2026-09-16T11:06:58.923240+00:00,1.0
mae_wang,2016-01-01T02:00,18.1,81,0.0,4.1,1,open_meteo,https://archive-api.open-meteo.com/v1/archive,2026-09-16T11:06:58.923241+00:00,1.0
mae_wang,2016-01-01T03:00,17.7,82,0.0,4.1,2,open_meteo,https://archive-api.open-meteo.com/v1/archive,2026-09-16T11:06:58.923243+00:00,1.0
mae_wang,2016-01-01T04:00,18.1,78,0.0,4.4,2,open_meteo,https://archive-api.open-meteo.com/v1/archive,2026-09-16T11:06:58.923246+00:00,1.0
mae_wang,2016-01-01T05:00,18.6,74,0.0,3.7,2,open_meteo,https://archive-api.open-meteo.com/v1/archive,2026-09-16T11:06:58.923248+00:00,1.0
mae_wang,2016-01-01T06:00,19.0,71,0.0,3.1,3,open_meteo,https://archive-api.open-meteo.com/v1/archive,2026-09-16T11:06:58.923249+00:00,1.0
mae_wang,2016-01-01T07:00,18.6,73,0.0,2.9,3,open_meteo,https://archive-api.open-meteo.com/v1/archive,2026-09-16T11:06:58.923251+00:00,1.0
mae_wang,2016-01-01T08:00,19.0,76,0.0,2.6,3,open_meteo,https://archive-api.open-meteo.com/v1/archive,2026-09-16T11:06:58.923252+00:00,1.0
mae_wang,2016-01-01T09:00,21.2,66,0.0,1.8,3,open_meteo,https://archive-api.open-meteo.com/v1/archive,2026-09-16T11:06:58.923253+00:00,1.0
mae_wang,2016-01-01T10:00,22.6,60,0.0,4.3,3,open_meteo,https://archive-api.open-meteo.com/v1/archive,2026-09-16T11:06:58.923255+00:00,1.0
mae_wang,2016-01-01T11:00,24.0,54,0.0,6.0,2,open_meteo,https://archive-api.open-meteo.com/v1/archive,2026-09-16T11:06:58.923256+00:00,1.0
mae_wang,2016-01-01T12:00,24.6,51,0.0,5.3,3,open_meteo,https://archive-api.open-meteo.com/v1/archive,2026-09-16T11:06:58.923258+00:00,1.0
mae_wang,2016-01-01T13:00,25.1,49,0.0,5.2,3,open_meteo,https://archive-api.open-meteo.com/v1/archive,2026-09-16T11:06:58.923259+00:00,1.0
mae_wang,2016-01-01T14:00,25.1,49,0.0,4.6,3,open_meteo,https://archive-api.open-meteo.com/v1/archive,2026-09-16T11:06:58.923261+00:00,1.0
mae_wang,2016-01-01T15:00,25.1,48,0.0,4.3,3,open_meteo,https://archive-api.open-meteo.com/v1/archive,2026-09-16T11:06:58.923262+00:00,1.0
mae_wang,2016-01-01T16:00,25.2,48,0.0,5.1,3,open_meteo,https://archive-api.open-meteo.com/v1/archive,2026-09-16T11:06:58.923264+00:00,1.0
mae_wang,2016-01-01T17:00,24.5,52,0.0,4.1,2,open_meteo,https://archive-api.open-meteo.com/v1/archive,2026-09-16T11:06:58.923265+00:00,1.0
mae_wang,2016-01-01T18:00,23.2,63,0.0,4.0,1,open_meteo,https://archive-api.open-meteo.com/v1/archive,2026-09-16T11:06:58.923267+00:00,1.0
mae_wang,2016-01-01T19:00,23.4,52,0.0,1.4,0,open_meteo,https://archive-api.open-meteo.com/v1/archive,2026-09-16T11:06:58.923268+00:00,1.0
mae_wang,2016-01-01T20:00,21.4,69,0.0,2.3,0,open_meteo,https://archive-api.open-meteo.com/v1/archive,2026-09-16T11:06:58.923269+00:00,1.0
mae_wang,2016-01-01T21:00,20.2,76,0.0,4.0,0,open_meteo,https://archive-api.open-meteo.com/v1/archive,2026-09-16T11:06:58.923271+00:00,1.0
mae_wang,2016-01-01T22:00,19.6,76,0.0,4.6,0,open_meteo,https://archive-api.open-meteo.com/v1/archive,2026-09-16T11:06:58.923272+00:00,1.0
mae_wang,2016-01-01T23:00,18.9,78,0.0,4.5,0,open_meteo,https://archive-api.open-meteo.com/v1/archive,2026-09-16T11:06:58.923274+00:00,1.0
mae_wang,2016-01-02T00:00,18.2,79,0.0,4.4,0,open_meteo,https://archive-api.open-meteo.com/v1/archive,2026-09-16T11:06:58.923275+00:00,1.0
mae_wang,2016-01-02T01:00,17.7,80,0.0,4.7,0,open_meteo,https://archive-api.open-meteo.com/v1/archive,2026-09-16T11:06:58.923277+00:00,1.0
mae_wang,2016-01-02T02:00,17.5,81,0.0,4.8,1,open_meteo,https://archive-api.open-meteo.com/v1/archive,2026-09-16T11:06:58.923278+00:00,1.0
mae_wang,2016-01-02T03:00,16.9,83,0.0,4.2,2,open_meteo,https://archive-api.open-meteo.com/v1/archive,2026-09-16T11:06:58.923280+00:00,1.0
mae_wang,2016-01-02T04:00,16.3,86,0.0,3.9,3,open_meteo,https://archive-api.open-meteo.com/v1/archive,2026-09-16T11:06:58.923281+00:00,1.0
mae_wang,2016-01-02T05:00,16.0,87,0.0,2.9,3,open_meteo,https://archive-api.open-meteo.com/v1/archive,2026-09-16T11:06:58.923283+00:00,1.0
mae_wang,2016-01-02T06:00,15.9,88,0.0,2.8,3,open_meteo,https://archive-api.open-meteo.com/v1/archive,2026-09-16T11:06:58.923284+00:00,1.0
mae_wang,2016-01-02T07:00,15.6,88,0.0,3.1,3,open_meteo,https://archive-api.open-meteo.com/v1/archive,2026-09-16T11:06:58.923286+00:00,1.0
mae_wang,2016-01-02T08:00,16.7,87,0.0,2.8,3,open_meteo,https://archive-api.open-meteo.com/v1/archive,2026-09-16T11:06:58.923287+00:00,1.0
mae_wang,2016-01-02T09:00,20.5,68,0.0,1.8,3,open_meteo,https://archive-api.open-meteo.com/v1/archive,2026-09-16T11:06:58.923288+00:00,1.0
mae_wang,2016-01-02T10:00,22.6,58,0.0,1.8,3,open_meteo,https://archive-api.open-meteo.com/v1/archive,2026-09-16T11:06:58.923290+00:00,1.0
mae_wang,2016-01-02T11:00,24.0,54,0.0,3.2,3,open_meteo,https://archive-api.open-meteo.com/v1/archive,2026-09-16T11:06:58.923291+00:00,1.0
mae_wang,2016-01-02T12:00,24.7,50,0.0,4.1,1,open_meteo,https://archive-api.open-meteo.com/v1/archive,2026-09-16T11:06:58.923293+00:00,1.0
mae_wang,2016-01-02T13:00,25.8,45,0.0,4.5,1,open_meteo,https://archive-api.open-meteo.com/v1/archive,2026-09-16T11:06:58.923294+00:00,1.0
mae_wang,2016-01-02T14:00,25.4,47,0.0,4.7,1,open_meteo,https://archive-api.open-meteo.com/v1/archive,2026-09-16T11:06:58.923296+00:00,1.0
mae_wang,2016-01-02T15:00,25.7,46,0.0,5.2,1,open_meteo,https://archive-api.open-meteo.com/v1/archive,2026-09-16T11:06:58.923297+00:00,1.0
mae_wang,2016-01-02T16:00,25.1,47,0.0,6.1,1,open_meteo,https://archive-api.open-meteo.com/v1/archive,2026-09-16T11:06:58.923299+00:00,1.0
mae_wang,2016-01-02T17:00,23.9,57,0.0,5.9,2,open_meteo,https://archive-api.open-meteo.com/v1/archive,2026-09-16T11:06:58.923300+00:00,1.0
mae_wang,2016-01-02T18:00,22.9,69,0.0,4.4,2,open_meteo,https://archive-api.open-meteo.com/v1/archive,2026-09-16T11:06:58.923302+00:00,1.0
mae_wang,2016-01-02T19:00,22.2,69,0.0,2.2,1,open_meteo,https://archive-api.open-meteo.com/v1/archive,2026-09-16T11:06:58.923303+00:00,1.0
mae_wang,2016-01-02T20:00,21.5,73,0.0,4.0,1,open_meteo,https://archive-api.open-meteo.com/v1/archive,2026-09-16T11:06:58.923306+00:00,1.0
mae_wang,2016-01-02T21:00,20.9,75,0.0,4.0,1,open_meteo,https://archive-api.open-meteo.com/v1/archive,2026-09-16T11:06:58.923308+00:00,1.0
mae_wang,2016-01-02T22:00,20.4,78,0.0,4.0,2,open_meteo,https://archive-api.open-meteo.com/v1/archive,2026-09-16T11:06:58.923309+00:00,1.0
mae_wang,2016-01-02T23:00,19.8,81,0.0,4.0,2,open_meteo,https://archive-api.open-meteo.com/v1/archive,2026-09-16T11:06:58.923311+00:00,1.0
mae_wang,2016-01-03T00:00,19.4,83,0.0,4.0,1,open_meteo,https://archive-api.open-meteo.com/v1/archive,2026-09-16T11:06:58.923312+00:00,1.0
mae_wang,2016-01-03T01:00,19.0,85,0.0,3.6,1,open_meteo,https://archive-api.open-meteo.com/v1/archive,2026-09-16T11:06:58.923314+00:00,1.0
mae_wang,2016-01-03T02:00,19.4,78,0.0,2.9,1,open_meteo,https://archive-api.open-meteo.com/v1/archive,2026-09-16T11:06:58.923315+00:00,1.0
mae_wang,2016-01-03T03:00,18.6,81,0.0,2.5,1,open_meteo,https://archive-api.open-meteo.com/v1/archive,2026-09-16T11:06:58.923316+00:00,1.0
mae_wang,2016-01-03T04:00,17.9,84,0.0,2.2,1,open_meteo,https://archive-api.open-meteo.com/v1/archive,2026-09-16T11:06:58.923318+00:00,1.0
mae_wang,2016-01-03T05:00,17.0,87,0.0,2.9,1,open_meteo,https://archive-api.open-meteo.com/v1/archive,2026-09-16T11:06:58.923319+00:00,1.0
mae_wang,2016-01-03T06:00,16.3,89,0.0,2.3,1,open_meteo,https://archive-api.open-meteo.com/v1/archive,2026-09-16T11:06:58.923321+00:00,1.0
mae_wang,2016-01-03T07:00,16.2,90,0.0,2.4,1,open_meteo,https://archive-api.open-meteo.com/v1/archive,2026-09-16T11:06:58.923322+00:00,1.0
mae_wang,2016-01-03T08:00,17.5,86,0.0,2.8,1,open_meteo,https://archive-api.open-meteo.com/v1/archive,2026-09-16T11:06:58.923324+00:00,1.0
mae_wang,2016-01-03T09:00,20.9,71,0.0,2.2,0,open_meteo,https://archive-api.open-meteo.com/v1/archive,2026-09-16T11:06:58.923325+00:00,1.0
mae_wang,2016-01-03T10:00,23.0,60,0.0,1.8,0,open_meteo,https://archive-api.open-meteo.com/v1/archive,2026-09-16T11:06:58.923327+00:00,1.0
mae_wang,2016-01-03T11:00,24.9,52,0.0,1.8,1,open_meteo,https://archive-api.open-meteo.com/v1/archive,2026-09-16T11:06:58.923328+00:00,1.0
mae_wang,2016-01-03T12:00,26.3,47,0.0,1.8,1,open_meteo,https://archive-api.open-meteo.com/v1/archive,2026-09-16T11:06:58.923330+00:00,1.0
mae_wang,2016-01-03T13:00,27.2,42,0.0,3.2,0,open_meteo,https://archive-api.open-meteo.com/v1/archive,2026-09-16T11:06:58.923331+00:00,1.0
mae_wang,2016-01-03T14:00,27.0,43,0.0,4.7,1,open_meteo,https://archive-api.open-meteo.com/v1/archive,2026-09-16T11:06:58.923333+00:00,1.0
mae_wang,2016-01-03T15:00,27.3,41,0.0,5.4,1,open_meteo,https://archive-api.open-meteo.com/v1/archive,2026-09-16T11:06:58.923334+00:00,1.0
mae_wang,2016-01-03T16:00,26.9,41,0.0,5.9,1,open_meteo,https://archive-api.open-meteo.com/v1/archive,2026-09-16T11:06:58.923335+00:00,1.0
mae_wang,2016-01-03T17:00,26.3,45,0.0,5.4,0,open_meteo,https://archive-api.open-meteo.com/v1/archive,2026-09-16T11:06:58.923337+00:00,1.0
mae_wang,2016-01-03T18:00,24.9,54,0.0,6.0,0,open_meteo,https://archive-api.open-meteo.com/v1/archive,2026-09-16T11:06:58.923338+00:00,1.0
mae_wang,2016-01-03T19:00,22.9,68,0.0,5.1,0,open_meteo,https://archive-api.open-meteo.com/v1/archive,2026-09-16T11:06:58.923340+00:00,1.0
mae_wang,2016-01-03T20:00,22.2,66,0.0,3.7,0,open_meteo,https://archive-api.open-meteo.com/v1/archive,2026-09-16T11:06:58.923341+00:00,1.0
mae_wang,2016-01-03T21:00,20.8,72,0.0,1.3,0,open_meteo,https://archive-api.open-meteo.com/v1/archive,2026-09-16T11:06:58.923343+00:00,1.0
mae_wang,2016-01-03T22:00,19.6,76,0.0,0.5,0,open_meteo,https://archive-api.open-meteo.com/v1/archive,2026-09-16T11:06:58.923344+00:00,1.0
mae_wang,2016-01-03T23:00,18.5,80,0.0,1.1,0,open_meteo,https://archive-api.open-meteo.com/v1/archive,2026-09-16T11:06:58.923346+00:00,1.0
mae_wang,2016-01-04T00:00,17.7,84,0.0,2.2,0,open_meteo,https://archive-api.open-meteo.com/v1/archive,2026-09-16T11:06:58.923347+00:00,1.0
mae_wang,2016-01-04T01:00,17.2,86,0.0,2.5,0,open_meteo,https://archive-api.open-meteo.com/v1/archive,2026-09-16T11:06:58.923348+00:00,1.0
mae_wang,2016-01-04T02:00,18.0,79,0.0,3.2,0,open_meteo,https://archive-api.open-meteo.com/v1/archive,2026-09-16T11:06:58.923350+00:00,1.0
mae_wang,2016-01-04T03:00,17.3,81,0.0,3.6,0,open_meteo,https://archive-api.open-meteo.com/v1/archive,2026-09-16T11:06:58.923351+00:00,1.0
mae_wang,2016-01-04T04:00,16.5,85,0.0,4.0,0,open_meteo,https://archive-api.open-meteo.com/v1/archive,2026-09-16T11:06:58.923353+00:00,1.0
mae_wang,2016-01-04T05:00,15.7,88,0.0,4.1,0,open_meteo,https://archive-api.open-meteo.com/v1/archive,2026-09-16T11:06:58.923354+00:00,1.0
mae_wang,2016-01-04T06:00,15.1,90,0.0,4.1,0,open_meteo,https://archive-api.open-meteo.com/v1/archive,2026-09-16T11:06:58.923356+00:00,1.0
mae_wang,2016-01-04T07:00,14.8,90,0.0,3.7,0,open_meteo,https://archive-api.open-meteo.com/v1/archive,2026-09-16T11:06:58.923357+00:00,1.0
mae_wang,2016-01-04T08:00,15.9,88,0.0,3.6,0,open_meteo,https://archive-api.open-meteo.com/v1/archive,2026-09-16T11:06:58.923359+00:00,1.0
mae_wang,2016-01-04T09:00,20.9,68,0.0,1.4,0,open_meteo,https://archive-api.open-meteo.com/v1/archive,2026-09-16T11:06:58.923360+00:00,1.0
mae_wang,2016-01-04T10:00,23.4,54,0.0,1.1,0,open_meteo,https://archive-api.open-meteo.com/v1/archive,2026-09-16T11:06:58.923361+00:00,1.0
mae_wang,2016-01-04T11:00,25.1,47,0.0,3.3,0,open_meteo,https://archive-api.open-meteo.com/v1/archive,2026-09-16T11:06:58.923363+00:00,1.0
mae_wang,2016-01-04T12:00,26.3,41,0.0,5.3,0,open_meteo,https://archive-api.open-meteo.com/v1/archive,2026-09-16T11:06:58.923367+00:00,1.0
mae_wang,2016-01-04T13:00,27.1,36,0.0,6.2,0,open_meteo,https://archive-api.open-meteo.com/v1/archive,2026-09-16T11:06:58.923369+00:00,1.0
mae_wang,2016-01-04T14:00,27.5,36,0.0,6.4,0,open_meteo,https://archive-api.open-meteo.com/v1/archive,2026-09-16T11:06:58.923370+00:00,1.0
mae_wang,2016-01-04T15:00,27.7,33,0.0,6.6,0,open_meteo,https://archive-api.open-meteo.com/v1/archive,2026-09-16T11:06:58.923371+00:00,1.0
mae_wang,2016-01-04T16:00,27.5,32,0.0,6.1,0,open_meteo,https://archive-api.open-meteo.com/v1/archive,2026-09-16T11:06:58.923373+00:00,1.0
mae_wang,2016-01-04T17:00,26.7,38,0.0,5.2,0,open_meteo,https://archive-api.open-meteo.com/v1/archive,2026-09-16T11:06:58.923374+00:00,1.0
mae_wang,2016-01-04T18:00,24.8,60,0.0,4.2,0,open_meteo,https://archive-api.open-meteo.com/v1/archive,2026-09-16T11:06:58.923376+00:00,1.0
mae_wang,2016-01-04T19:00,22.9,61,0.0,4.4,0,open_meteo,https://archive-api.open-meteo.com/v1/archive,2026-09-16T11:06:58.923377+00:00,1.0
mae_wang,2016-01-04T20:00,21.7,58,0.0,6.0,0,open_meteo,https://archive-api.open-meteo.com/v1/archive,2026-09-16T11:06:58.923379+00:00,1.0
mae_wang,2016-01-04T21:00,19.8,62,0.0,6.5,0,open_meteo,https://archive-api.open-meteo.com/v1/archive,2026-09-16T11:06:58.923380+00:00,1.0
mae_wang,2016-01-04T22:00,17.9,71,0.0,5.8,0,open_meteo,https://archive-api.open-meteo.com/v1/archive,2026-09-16T11:06:58.923382+00:00,1.0
mae_wang,2016-01-04T23:00,17.5,72,0.0,5.5,0,open_meteo,https://archive-api.open-meteo.com/v1/archive,2026-09-16T11:06:58.923383+00:00,1.0
mae_wang,2016-01-05T00:00,16.8,76,0.0,5.2,0,open_meteo,https://archive-api.open-meteo.com/v1/archive,2026-09-16T11:06:58.923385+00:00,1.0
mae_wang,2016-01-05T01:00,16.4,77,0.0,4.8,0,open_meteo,https://archive-api.open-meteo.com/v1/archive,2026-09-16T11:06:58.923386+00:00,1.0
mae_wang,2016-01-05T02:00,15.9,79,0.0,5.1,0,open_meteo,https://archive-api.open-meteo.com/v1/archive,2026-09-16T11:06:58.923387+00:00,1.0
mae_wang,2016-01-05T03:00,15.4,81,0.0,5.2,0,open_meteo,https://archive-api.open-meteo.com/v1/archive,2026-09-16T11:06:58.923389+00:00,1.0
mae_wang,2016-01-05T04:00,14.8,83,0.0,5.9,0,open_meteo,https://archive-api.open-meteo.com/v1/archive,2026-09-16T11:06:58.923390+00:00,1.0
mae_wang,2016-01-05T05:00,14.4,84,0.0,6.0,0,open_meteo,https://archive-api.open-meteo.com/v1/archive,2026-09-16T11:06:58.923392+00:00,1.0
mae_wang,2016-01-05T06:00,14.0,85,0.0,5.6,0,open_meteo,https://archive-api.open-meteo.com/v1/archive,2026-09-16T11:06:58.923393+00:00,1.0
mae_wang,2016-01-05T07:00,13.6,86,0.0,5.2,0,open_meteo,https://archive-api.open-meteo.com/v1/archive,2026-09-16T11:06:58.923395+00:00,1.0
mae_wang,2016-01-05T08:00,14.7,85,0.0,4.5,0,open_meteo,https://archive-api.open-meteo.com/v1/archive,2026-09-16T11:06:58.923396+00:00,1.0
mae_wang,2016-01-05T09:00,19.8,66,0.0,2.3,0,open_meteo,https://archive-api.open-meteo.com/v1/archive,2026-09-16T11:06:58.923398+00:00,1.0
mae_wang,2016-01-05T10:00,22.8,52,0.0,1.8,0,open_meteo,https://archive-api.open-meteo.com/v1/archive,2026-09-16T11:06:58.923399+00:00,1.0
mae_wang,2016-01-05T11:00,24.5,45,0.0,3.6,0,open_meteo,https://archive-api.open-meteo.com/v1/archive,2026-09-16T11:06:58.923400+00:00,1.0
mae_wang,2016-01-05T12:00,25.7,40,0.0,4.2,0,open_meteo,https://archive-api.open-meteo.com/v1/archive,2026-09-16T11:06:58.923402+00:00,1.0
mae_wang,2016-01-05T13:00,26.5,37,0.0,4.0,0,open_meteo,https://archive-api.open-meteo.com/v1/archive,2026-09-16T11:06:58.923403+00:00,1.0
mae_wang,2016-01-05T14:00,26.7,36,0.0,3.2,0,open_meteo,https://archive-api.open-meteo.com/v1/archive,2026-09-16T11:06:58.923405+00:00,1.0
mae_wang,2016-01-05T15:00,26.8,35,0.0,3.0,0,open_meteo,https://archive-api.open-meteo.com/v1/archive,2026-09-16T11:06:58.923406+00:00,1.0
mae_wang,2016-01-05T16:00,26.6,35,0.0,3.4,0,open_meteo,https://archive-api.open-meteo.com/v1/archive,2026-09-16T11:06:58.923408+00:00,1.0
mae_wang,2016-01-05T17:00,25.9,39,0.0,4.6,0,open_meteo,https://archive-api.open-meteo.com/v1/archive,2026-09-16T11:06:58.923409+00:00,1.0
mae_wang,2016-01-05T18:00,24.5,45,0.0,5.2,0,open_meteo,https://archive-api.open-meteo.com/v1/archive,2026-09-16T11:06:58.923411+00:00,1.0
mae_wang,2016-01-05T19:00,22.9,52,0.0,4.1,0,open_meteo,https://archive-api.open-meteo.com/v1/archive,2026-09-16T11:06:58.923412+00:00,1.0
mae_wang,2016-01-05T20:00,21.2,61,0.0,2.6,0,open_meteo,https://archive-api.open-meteo.com/v1/archive,2026-09-16T11:06:58.923414+00:00,1.0
mae_wang,2016-01-05T21:00,19.9,64,0.0,3.1,0,open_meteo,https://archive-api.open-meteo.com/v1/archive,2026-09-16T11:06:58.923415+00:00,1.0
mae_wang,2016-01-05T22:00,19.0,64,0.0,3.4,0,open_meteo,https://archive-api.open-meteo.com/v1/archive,2026-09-16T11:06:58.923416+00:00,1.0
mae_wang,2016-01-05T23:00,17.7,70,0.0,4.3,0,open_meteo,https://archive-api.open-meteo.com/v1/archive,2026-09-16T11:06:58.923418+00:00,1.0
mae_wang,2016-01-06T00:00,16.5,77,0.0,4.7,0,open_meteo,https://archive-api.open-meteo.com/v1/archive,2026-09-16T11:06:58.923421+00:00,1.0
mae_wang,2016-01-06T01:00,15.6,81,0.0,4.6,1,open_meteo,https://archive-api.open-meteo.com/v1/archive,2026-09-16T11:06:58.923423+00:00,1.0
mae_wang,2016-01-06T02:00,15.1,83,0.0,4.9,2,open_meteo,https://archive-api.open-meteo.com/v1/archive,2026-09-16T11:06:58.923424+00:00,1.0
mae_wang,2016-01-06T03:00,14.6,85,0.0,4.6,2,open_meteo,https://archive-api.open-meteo.com/v1/archive,2026-09-16T11:06:58.923426+00:00,1.0
mae_wang,2016-01-06T04:00,14.3,86,0.0,4.5,1,open_meteo,https://archive-api.open-meteo.com/v1/archive,2026-09-16T11:06:58.923434+00:00,1.0
mae_wang,2016-01-06T05:00,13.9,87,0.0,4.5,0,open_meteo,https://archive-api.open-meteo.com/v1/archive,2026-09-16T11:06:58.923435+00:00,1.0
mae_wang,2016-01-06T06:00,13.6,88,0.0,4.7,0,open_meteo,https://archive-api.open-meteo.com/v1/archive,2026-09-16T11:06:58.923437+00:00,1.0
mae_wang,2016-01-06T07:00,13.4,87,0.0,4.3,0,open_meteo,https://archive-api.open-meteo.com/v1/archive,2026-09-16T11:06:58.923438+00:00,1.0
mae_wang,2016-01-06T08:00,14.4,87,0.0,3.9,0,open_meteo,https://archive-api.open-meteo.com/v1/archive,2026-09-16T11:06:58.923440+00:00,1.0
mae_wang,2016-01-06T09:00,19.8,67,0.0,2.3,0,open_meteo,https://archive-api.open-meteo.com/v1/archive,2026-09-16T11:06:58.923441+00:00,1.0
mae_wang,2016-01-06T10:00,22.8,48,0.0,1.5,0,open_meteo,https://archive-api.open-meteo.com/v1/archive,2026-09-16T11:06:58.923442+00:00,1.0
mae_wang,2016-01-06T11:00,24.8,40,0.0,1.8,0,open_meteo,https://archive-api.open-meteo.com/v1/archive,2026-09-16T11:06:58.923444+00:00,1.0
mae_wang,2016-01-06T12:00,26.1,35,0.0,4.1,0,open_meteo,https://archive-api.open-meteo.com/v1/archive,2026-09-16T11:06:58.923445+00:00,1.0
mae_wang,2016-01-06T13:00,26.9,32,0.0,4.8,0,open_meteo,https://archive-api.open-meteo.com/v1/archive,2026-09-16T11:06:58.923447+00:00,1.0
mae_wang,2016-01-06T14:00,27.0,33,0.0,4.9,0,open_meteo,https://archive-api.open-meteo.com/v1/archive,2026-09-16T11:06:58.923448+00:00,1.0
mae_wang,2016-01-06T15:00,27.2,32,0.0,5.2,0,open_meteo,https://archive-api.open-meteo.com/v1/archive,2026-09-16T11:06:58.923450+00:00,1.0
mae_wang,2016-01-06T16:00,26.9,32,0.0,6.1,0,open_meteo,https://archive-api.open-meteo.com/v1/archive,2026-09-16T11:06:58.923451+00:00,1.0
mae_wang,2016-01-06T17:00,25.9,38,0.0,7.0,0,open_meteo,https://archive-api.open-meteo.com/v1/archive,2026-09-16T11:06:58.923453+00:00,1.0
mae_wang,2016-01-06T18:00,24.5,43,0.0,7.4,0,open_meteo,https://archive-api.open-meteo.com/v1/archive,2026-09-16T11:06:58.923454+00:00,1.0
mae_wang,2016-01-06T19:00,23.1,50,0.0,5.5,0,open_meteo,https://archive-api.open-meteo.com/v1/archive,2026-09-16T11:06:58.923456+00:00,1.0
mae_wang,2016-01-06T20:00,21.5,58,0.0,2.9,0,open_meteo,https://archive-api.open-meteo.com/v1/archive,2026-09-16T11:06:58.923457+00:00,1.0
mae_wang,2016-01-06T21:00,20.2,59,0.0,3.3,0,open_meteo,https://archive-api.open-meteo.com/v1/archive,2026-09-16T11:06:58.923458+00:00,1.0
mae_wang,2016-01-06T22:00,19.2,60,0.0,4.0,0,open_meteo,https://archive-api.open-meteo.com/v1/archive,2026-09-16T11:06:58.923460+00:00,1.0
mae_wang,2016-01-06T23:00,17.8,67,0.0,4.5,0,open_meteo,https://archive-api.open-meteo.com/v1/archive,2026-09-16T11:06:58.923461+00:00,1.0
mae_wang,2016-01-07T00:00,16.6,73,0.0,4.0,0,open_meteo,https://archive-api.open-meteo.com/v1/archive,2026-09-16T11:06:58.923463+00:00,1.0
mae_wang,2016-01-07T01:00,15.8,78,0.0,4.0,0,open_meteo,https://archive-api.open-meteo.com/v1/archive,2026-09-16T11:06:58.923464+00:00,1.0
mae_wang,2016-01-07T02:00,15.3,81,0.0,4.0,0,open_meteo,https://archive-api.open-meteo.com/v1/archive,2026-09-16T11:06:58.923466+00:00,1.0
mae_wang,2016-01-07T03:00,14.9,82,0.0,4.0,0,open_meteo,https://archive-api.open-meteo.com/v1/archive,2026-09-16T11:06:58.923467+00:00,1.0
mae_wang,2016-01-07T04:00,14.4,84,0.0,4.0,0,open_meteo,https://archive-api.open-meteo.com/v1/archive,2026-09-16T11:06:58.923469+00:00,1.0
mae_wang,2016-01-07T05:00,14.1,84,0.0,4.0,0,open_meteo,https://archive-api.open-meteo.com/v1/archive,2026-09-16T11:06:58.923470+00:00,1.0
mae_wang,2016-01-07T06:00,13.8,84,0.0,4.1,0,open_meteo,https://archive-api.open-meteo.com/v1/archive,2026-09-16T11:06:58.923472+00:00,1.0
mae_wang,2016-01-07T07:00,13.5,84,0.0,4.1,0,open_meteo,https://archive-api.open-meteo.com/v1/archive,2026-09-16T11:06:58.923473+00:00,1.0
mae_wang,2016-01-07T08:00,14.4,84,0.0,4.1,0,open_meteo,https://archive-api.open-meteo.com/v1/archive,2026-09-16T11:06:58.923474+00:00,1.0
mae_wang,2016-01-07T09:00,19.8,65,0.0,2.3,0,open_meteo,https://archive-api.open-meteo.com/v1/archive,2026-09-16T11:06:58.923476+00:00,1.0
mae_wang,2016-01-07T10:00,22.9,48,0.0,1.1,0,open_meteo,https://archive-api.open-meteo.com/v1/archive,2026-09-16T11:06:58.923477+00:00,1.0
mae_wang,2016-01-07T11:00,24.9,41,0.0,1.8,0,open_meteo,https://archive-api.open-meteo.com/v1/archive,2026-09-16T11:06:58.923479+00:00,1.0
mae_wang,2016-01-07T12:00,26.4,34,0.0,4.7,0,open_meteo,https://archive-api.open-meteo.com/v1/archive,2026-09-16T11:06:58.923480+00:00,1.0
mae_wang,2016-01-07T13:00,27.4,30,0.0,6.2,2,open_meteo,https://archive-api.open-meteo.com/v1/archive,2026-09-16T11:06:58.923482+00:00,1.0
mae_wang,2016-01-07T14:00,27.4,32,0.0,6.3,3,open_meteo,https://archive-api.open-meteo.com/v1/archive,2026-09-16T11:06:58.923483+00:00,1.0
mae_wang,2016-01-07T15:00,27.6,32,0.0,5.9,2,open_meteo,https://archive-api.open-meteo.com/v1/archive,2026-09-16T11:06:58.923485+00:00,1.0
mae_wang,2016-01-07T16:00,27.4,32,0.0,5.5,2,open_meteo,https://archive-api.open-meteo.com/v1/archive,2026-09-16T11:06:58.923486+00:00,1.0
mae_wang,2016-01-07T17:00,26.3,40,0.0,5.2,3,open_meteo,https://archive-api.open-meteo.com/v1/archive,2026-09-16T11:06:58.923488+00:00,1.0
mae_wang,2016-01-07T18:00,24.9,45,0.0,5.9,3,open_meteo,https://archive-api.open-meteo.com/v1/archive,2026-09-16T11:06:58.923489+00:00,1.0
mae_wang,2016-01-07T19:00,22.9,60,0.0,4.3,3,open_meteo,https://archive-api.open-meteo.com/v1/archive,2026-09-16T11:06:58.923491+00:00,1.0
mae_wang,2016-01-07T20:00,22.1,55,0.0,2.6,3,open_meteo,https://archive-api.open-meteo.com/v1/archive,2026-09-16T11:06:58.923494+00:00,1.0
mae_wang,2016-01-07T21:00,20.5,61,0.0,3.7,2,open_meteo,https://archive-api.open-meteo.com/v1/archive,2026-09-16T11:06:58.923495+00:00,1.0
mae_wang,2016-01-07T22:00,18.6,70,0.0,4.5,1,open_meteo,https://archive-api.open-meteo.com/v1/archive,2026-09-16T11:06:58.923497+00:00,1.0
mae_wang,2016-01-07T23:00,17.4,76,0.0,4.5,1,open_meteo,https://archive-api.open-meteo.com/v1/archive,2026-09-16T11:06:58.923498+00:00,1.0
huai_nam_dang,2016-01-01T00:00,13.5,93,0.0,3.3,2,open_meteo,https://archive-api.open-meteo.com/v1/archive,2026-09-16T11:06:58.923500+00:00,1.0
huai_nam_dang,2016-01-01T01:00,13.2,94,0.0,3.3,2,open_meteo,https://archive-api.open-meteo.com/v1/archive,2026-09-16T11:06:58.923501+00:00,1.0
huai_nam_dang,2016-01-01T02:00,13.1,92,0.0,3.2,2,open_meteo,https://archive-api.open-meteo.com/v1/archive,2026-09-16T11:06:58.923503+00:00,1.0
huai_nam_dang,2016-01-01T03:00,13.0,93,0.0,3.6,3,open_meteo,https://archive-api.open-meteo.com/v1/archive,2026-09-16T11:06:58.923504+00:00,1.0
huai_nam_dang,2016-01-01T04:00,12.6,94,0.0,4.0,3,open_meteo,https://archive-api.open-meteo.com/v1/archive,2026-09-16T11:06:58.923506+00:00,1.0
huai_nam_dang,2016-01-01T05:00,12.4,94,0.0,3.7,3,open_meteo,https://archive-api.open-meteo.com/v1/archive,2026-09-16T11:06:58.923507+00:00,1.0
huai_nam_dang,2016-01-01T06:00,12.1,95,0.0,4.9,3,open_meteo,https://archive-api.open-meteo.com/v1/archive,2026-09-16T11:06:58.923509+00:00,1.0
huai_nam_dang,2016-01-01T07:00,12.0,95,0.0,5.0,2,open_meteo,https://archive-api.open-meteo.com/v1/archive,2026-09-16T11:06:58.923510+00:00,1.0
huai_nam_dang,2016-01-01T08:00,12.6,94,0.0,4.7,1,open_meteo,https://archive-api.open-meteo.com/v1/archive,2026-09-16T11:06:58.923512+00:00,1.0
huai_nam_dang,2016-01-01T09:00,15.3,80,0.0,5.2,1,open_meteo,https://archive-api.open-meteo.com/v1/archive,2026-09-16T11:06:58.923513+00:00,1.0
huai_nam_dang,2016-01-01T10:00,16.6,70,0.0,10.0,2,open_meteo,https://archive-api.open-meteo.com/v1/archive,2026-09-16T11:06:58.923515+00:00,1.0
huai_nam_dang,2016-01-01T11:00,17.8,63,0.0,10.5,2,open_meteo,https://archive-api.open-meteo.com/v1/archive,2026-09-16T11:06:58.923516+00:00,1.0
huai_nam_dang,2016-01-01T12:00,18.5,58,0.0,8.9,3,open_meteo,https://archive-api.open-meteo.com/v1/archive,2026-09-16T11:06:58.923518+00:00,1.0
huai_nam_dang,2016-01-01T13:00,19.1,54,0.0,7.7,3,open_meteo,https://archive-api.open-meteo.com/v1/archive,2026-09-16T11:06:58.923519+00:00,1.0
huai_nam_dang,2016-01-01T14:00,19.3,54,0.0,7.3,3,open_meteo,https://archive-api.open-meteo.com/v1/archive,2026-09-16T11:06:58.923521+00:00,1.0
huai_nam_dang,2016-01-01T15:00,19.3,53,0.0,7.2,2,open_meteo,https://archive-api.open-meteo.com/v1/archive,2026-09-16T11:06:58.923522+00:00,1.0
huai_nam_dang,2016-01-01T16:00,18.8,55,0.0,7.7,1,open_meteo,https://archive-api.open-meteo.com/v1/archive,2026-09-16T11:06:58.923524+00:00,1.0
huai_nam_dang,2016-01-01T17:00,18.0,62,0.0,5.6,1,open_meteo,https://archive-api.open-meteo.com/v1/archive,2026-09-16T11:06:58.923525+00:00,1.0
huai_nam_dang,2016-01-01T18:00,16.9,67,0.0,4.5,1,open_meteo,https://archive-api.open-meteo.com/v1/archive,2026-09-16T11:06:58.923526+00:00,1.0
huai_nam_dang,2016-01-01T19:00,15.6,78,0.0,4.1,1,open_meteo,https://archive-api.open-meteo.com/v1/archive,2026-09-16T11:06:58.923528+00:00,1.0
huai_nam_dang,2016-01-01T20:00,14.8,79,0.0,3.8,1,open_meteo,https://archive-api.open-meteo.com/v1/archive,2026-09-16T11:06:58.923531+00:00,1.0
huai_nam_dang,2016-01-01T21:00,14.7,76,0.0,3.8,0,open_meteo,https://archive-api.open-meteo.com/v1/archive,2026-09-16T11:06:58.923533+00:00,1.0
huai_nam_dang,2016-01-01T22:00,14.2,77,0.0,2.3,1,open_meteo,https://archive-api.open-meteo.com/v1/archive,2026-09-16T11:06:58.923534+00:00,1.0
huai_nam_dang,2016-01-01T23:00,13.9,77,0.0,3.2,1,open_meteo,https://archive-api.open-meteo.com/v1/archive,2026-09-16T11:06:58.923535+00:00,1.0
huai_nam_dang,2016-01-02T00:00,13.6,76,0.0,2.8,1,open_meteo,https://archive-api.open-meteo.com/v1/archive,2026-09-16T11:06:58.923537+00:00,1.0
huai_nam_dang,2016-01-02T01:00,13.2,77,0.0,3.3,1,open_meteo,https://archive-api.open-meteo.com/v1/archive,2026-09-16T11:06:58.923538+00:00,1.0
huai_nam_dang,2016-01-02T02:00,12.9,79,0.0,2.8,3,open_meteo,https://archive-api.open-meteo.com/v1/archive,2026-09-16T11:06:58.923540+00:00,1.0
huai_nam_dang,2016-01-02T03:00,12.7,80,0.0,2.8,3,open_meteo,https://archive-api.open-meteo.com/v1/archive,2026-09-16T11:06:58.923541+00:00,1.0
huai_nam_dang,2016-01-02T04:00,12.5,80,0.0,3.1,3,open_meteo,https://archive-api.open-meteo.com/v1/archive,2026-09-16T11:06:58.923543+00:00,1.0
huai_nam_dang,2016-01-02T05:00,12.3,80,0.0,1.5,3,open_meteo,https://archive-api.open-meteo.com/v1/archive,2026-09-16T11:06:58.923544+00:00,1.0
huai_nam_dang,2016-01-02T06:00,12.1,81,0.0,1.8,3,open_meteo,https://archive-api.open-meteo.com/v1/archive,2026-09-16T11:06:58.923546+00:00,1.0
huai_nam_dang,2016-01-02T07:00,12.0,81,0.0,1.6,3,open_meteo,https://archive-api.open-meteo.com/v1/archive,2026-09-16T11:06:58.923547+00:00,1.0
huai_nam_dang,2016-01-02T08:00,11.9,84,0.0,2.7,3,open_meteo,https://archive-api.open-meteo.com/v1/archive,2026-09-16T11:06:58.923549+00:00,1.0
huai_nam_dang,2016-01-02T09:00,14.5,75,0.0,2.7,3,open_meteo,https://archive-api.open-meteo.com/v1/archive,2026-09-16T11:06:58.923550+00:00,1.0
huai_nam_dang,2016-01-02T10:00,16.9,64,0.0,4.4,2,open_meteo,https://archive-api.open-meteo.com/v1/archive,2026-09-16T11:06:58.923552+00:00,1.0
huai_nam_dang,2016-01-02T11:00,18.2,58,0.0,6.7,1,open_meteo,https://archive-api.open-meteo.com/v1/archive,2026-09-16T11:06:58.923553+00:00,1.0
huai_nam_dang,2016-01-02T12:00,18.8,55,0.0,6.4,2,open_meteo,https://archive-api.open-meteo.com/v1/archive,2026-09-16T11:06:58.923556+00:00,1.0
huai_nam_dang,2016-01-02T13:00,19.8,50,0.0,5.0,3,open_meteo,https://archive-api.open-meteo.com/v1/archive,2026-09-16T11:06:58.923557+00:00,1.0
huai_nam_dang,2016-01-02T14:00,19.2,54,0.0,4.8,2,open_meteo,https://archive-api.open-meteo.com/v1/archive,2026-09-16T11:06:58.923559+00:00,1.0
huai_nam_dang,2016-01-02T15:00,19.1,54,0.0,4.0,2,open_meteo,https://archive-api.open-meteo.com/v1/archive,2026-09-16T11:06:58.923560+00:00,1.0
huai_nam_dang,2016-01-02T16:00,18.4,59,0.0,4.0,2,open_meteo,https://archive-api.open-meteo.com/v1/archive,2026-09-16T11:06:58.923562+00:00,1.0
huai_nam_dang,2016-01-02T17:00,17.4,67,0.0,4.7,2,open_meteo,https://archive-api.open-meteo.com/v1/archive,2026-09-16T11:06:58.923563+00:00,1.0
huai_nam_dang,2016-01-02T18:00,16.6,70,0.0,3.8,1,open_meteo,https://archive-api.open-meteo.com/v1/archive,2026-09-16T11:06:58.923565+00:00,1.0
huai_nam_dang,2016-01-02T19:00,15.5,81,0.0,3.0,1,open_meteo,https://archive-api.open-meteo.com/v1/archive,2026-09-16T11:06:58.923566+00:00,1.0
huai_nam_dang,2016-01-02T20:00,15.1,79,0.0,3.5,1,open_meteo,https://archive-api.open-meteo.com/v1/archive,2026-09-16T11:06:58.923568+00:00,1.0
huai_nam_dang,2016-01-02T21:00,14.9,78,0.0,4.0,2,open_meteo,https://archive-api.open-meteo.com/v1/archive,2026-09-16T11:06:58.923569+00:00,1.0
huai_nam_dang,2016-01-02T22:00,14.6,78,0.0,4.0,2,open_meteo,https://archive-api.open-meteo.com/v1/archive,2026-09-16T11:06:58.923571+00:00,1.0
huai_nam_dang,2016-01-02T23:00,14.3,81,0.0,3.6,2,open_meteo,https://archive-api.open-meteo.com/v1/archive,2026-09-16T11:06:58.923572+00:00,1.0
huai_nam_dang,2016-01-03T00:00,14.0,82,0.0,2.2,2,open_meteo,https://archive-api.open-meteo.com/v1/archive,2026-09-16T11:06:58.923574+00:00,1.0
huai_nam_dang,2016-01-03T01:00,13.6,84,0.0,1.4,2,open_meteo,https://archive-api.open-meteo.com/v1/archive,2026-09-16T11:06:58.923575+00:00,1.0
huai_nam_dang,2016-01-03T02:00,13.8,81,0.0,2.2,1,open_meteo,https://archive-api.open-meteo.com/v1/archive,2026-09-16T11:06:58.923577+00:00,1.0
huai_nam_dang,2016-01-03T03:00,13.3,84,0.0,1.8,1,open_meteo,https://archive-api.open-meteo.com/v1/archive,2026-09-16T11:06:58.923578+00:00,1.0
huai_nam_dang,2016-01-03T04:00,12.8,87,0.0,1.1,1,open_meteo,https://archive-api.open-meteo.com/v1/archive,2026-09-16T11:06:58.923579+00:00,1.0
huai_nam_dang,2016-01-03T05:00,12.3,89,0.0,1.8,3,open_meteo,https://archive-api.open-meteo.com/v1/archive,2026-09-16T11:06:58.923581+00:00,1.0
huai_nam_dang,2016-01-03T06:00,11.9,91,0.0,1.4,3,open_meteo,https://archive-api.open-meteo.com/v1/archive,2026-09-16T11:06:58.923582+00:00,1.0
huai_nam_dang,2016-01-03T07:00,11.6,92,0.0,0.4,3,open_meteo,https://archive-api.open-meteo.com/v1/archive,2026-09-16T11:06:58.923584+00:00,1.0
huai_nam_dang,2016-01-03T08:00,12.1,92,0.0,0.4,3,open_meteo,https://archive-api.open-meteo.com/v1/archive,2026-09-16T11:06:58.923585+00:00,1.0
huai_nam_dang,2016-01-03T09:00,14.9,80,0.0,0.4,1,open_meteo,https://archive-api.open-meteo.com/v1/archive,2026-09-16T11:06:58.923587+00:00,1.0
huai_nam_dang,2016-01-03T10:00,17.2,66,0.1,0.8,51,open_meteo,https://archive-api.open-meteo.com/v1/archive,2026-09-16T11:06:58.923588+00:00,1.0
huai_nam_dang,2016-01-03T11:00,18.3,59,0.0,3.3,1,open_meteo,https://archive-api.open-meteo.com/v1/archive,2026-09-16T11:06:58.923590+00:00,1.0
huai_nam_dang,2016-01-03T12:00,18.9,55,0.0,5.6,1,open_meteo,https://archive-api.open-meteo.com/v1/archive,2026-09-16T11:06:58.923591+00:00,1.0
huai_nam_dang,2016-01-03T13:00,20.2,49,0.0,6.5,1,open_meteo,https://archive-api.open-meteo.com/v1/archive,2026-09-16T11:06:58.923593+00:00,1.0
huai_nam_dang,2016-01-03T14:00,20.4,47,0.0,6.9,1,open_meteo,https://archive-api.open-meteo.com/v1/archive,2026-09-16T11:06:58.923594+00:00,1.0
huai_nam_dang,2016-01-03T15:00,19.9,48,0.0,7.6,1,open_meteo,https://archive-api.open-meteo.com/v1/archive,2026-09-16T11:06:58.923596+00:00,1.0
huai_nam_dang,2016-01-03T16:00,19.7,50,0.0,6.8,0,open_meteo,https://archive-api.open-meteo.com/v1/archive,2026-09-16T11:06:58.923597+00:00,1.0
huai_nam_dang,2016-01-03T17:00,18.9,58,0.0,4.3,1,open_meteo,https://archive-api.open-meteo.com/v1/archive,2026-09-16T11:06:58.923599+00:00,1.0
huai_nam_dang,2016-01-03T18:00,17.7,68,0.0,2.3,1,open_meteo,https://archive-api.open-meteo.com/v1/archive,2026-09-16T11:06:58.923600+00:00,1.0
huai_nam_dang,2016-01-03T19:00,16.4,77,0.0,3.0,0,open_meteo,https://archive-api.open-meteo.com/v1/archive,2026-09-16T11:06:58.923601+00:00,1.0
huai_nam_dang,2016-01-03T20:00,15.4,80,0.0,2.7,0,open_meteo,https://archive-api.open-meteo.com/v1/archive,2026-09-16T11:06:58.923603+00:00,1.0
huai_nam_dang,2016-01-03T21:00,14.9,78,0.0,1.9,0,open_meteo,https://archive-api.open-meteo.com/v1/archive,2026-09-16T11:06:58.923604+00:00,1.0
huai_nam_dang,2016-01-03T22:00,14.4,78,0.0,1.3,0,open_meteo,https://archive-api.open-meteo.com/v1/archive,2026-09-16T11:06:58.923606+00:00,1.0
huai_nam_dang,2016-01-03T23:00,13.7,80,0.0,0.8,0,open_meteo,https://archive-api.open-meteo.com/v1/archive,2026-09-16T11:06:58.923607+00:00,1.0
huai_nam_dang,2016-01-04T00:00,13.1,82,0.0,1.3,0,open_meteo,https://archive-api.open-meteo.com/v1/archive,2026-09-16T11:06:58.923609+00:00,1.0
huai_nam_dang,2016-01-04T01:00,12.6,83,0.0,1.5,0,open_meteo,https://archive-api.open-meteo.com/v1/archive,2026-09-16T11:06:58.923610+00:00,1.0
huai_nam_dang,2016-01-04T02:00,12.6,83,0.0,1.5,0,open_meteo,https://archive-api.open-meteo.com/v1/archive,2026-09-16T11:06:58.923612+00:00,1.0
huai_nam_dang,2016-01-04T03:00,12.3,84,0.0,0.8,0,open_meteo,https://archive-api.open-meteo.com/v1/archive,2026-09-16T11:06:58.923613+00:00,1.0
huai_nam_dang,2016-01-04T04:00,12.0,85,0.0,0.5,0,open_meteo,https://archive-api.open-meteo.com/v1/archive,2026-09-16T11:06:58.923616+00:00,1.0
huai_nam_dang,2016-01-04T05:00,11.5,87,0.0,0.4,0,open_meteo,https://archive-api.open-meteo.com/v1/archive,2026-09-16T11:06:58.923618+00:00,1.0
huai_nam_dang,2016-01-04T06:00,11.1,88,0.0,0.4,0,open_meteo,https://archive-api.open-meteo.com/v1/archive,2026-09-16T11:06:58.923619+00:00,1.0
huai_nam_dang,2016-01-04T07:00,10.8,89,0.0,0.7,0,open_meteo,https://archive-api.open-meteo.com/v1/archive,2026-09-16T11:06:58.923620+00:00,1.0
huai_nam_dang,2016-01-04T08:00,11.0,89,0.0,0.8,0,open_meteo,https://archive-api.open-meteo.com/v1/archive,2026-09-16T11:06:58.923622+00:00,1.0
huai_nam_dang,2016-01-04T09:00,15.2,73,0.0,1.1,0,open_meteo,https://archive-api.open-meteo.com/v1/archive,2026-09-16T11:06:58.923623+00:00,1.0
huai_nam_dang,2016-01-04T10:00,17.5,60,0.0,3.3,0,open_meteo,https://archive-api.open-meteo.com/v1/archive,2026-09-16T11:06:58.923625+00:00,1.0
huai_nam_dang,2016-01-04T11:00,18.9,52,0.0,5.4,1,open_meteo,https://archive-api.open-meteo.com/v1/archive,2026-09-16T11:06:58.923626+00:00,1.0
huai_nam_dang,2016-01-04T12:00,19.0,50,0.0,6.5,1,open_meteo,https://archive-api.open-meteo.com/v1/archive,2026-09-16T11:06:58.923628+00:00,1.0
huai_nam_dang,2016-01-04T13:00,19.9,45,0.0,7.8,1,open_meteo,https://archive-api.open-meteo.com/v1/archive,2026-09-16T11:06:58.923629+00:00,1.0
huai_nam_dang,2016-01-04T14:00,20.0,44,0.0,8.4,0,open_meteo,https://archive-api.open-meteo.com/v1/archive,2026-09-16T11:06:58.923631+00:00,1.0
huai_nam_dang,2016-01-04T15:00,19.9,44,0.0,9.0,1,open_meteo,https://archive-api.open-meteo.com/v1/archive,2026-09-16T11:06:58.923632+00:00,1.0
huai_nam_dang,2016-01-04T16:00,19.8,44,0.0,8.6,0,open_meteo,https://archive-api.open-meteo.com/v1/archive,2026-09-16T11:06:58.923634+00:00,1.0
huai_nam_dang,2016-01-04T17:00,18.8,50,0.0,7.1,0,open_meteo,https://archive-api.open-meteo.com/v1/archive,2026-09-16T11:06:58.923635+00:00,1.0
huai_nam_dang,2016-01-04T18:00,17.4,58,0.0,5.3,0,open_meteo,https://archive-api.open-meteo.com/v1/archive,2026-09-16T11:06:58.923637+00:00,1.0
huai_nam_dang,2016-01-04T19:00,15.9,68,0.0,5.6,0,open_meteo,https://archive-api.open-meteo.com/v1/archive,2026-09-16T11:06:58.923638+00:00,1.0
huai_nam_dang,2016-01-04T20:00,14.9,69,0.0,6.6,0,open_meteo,https://archive-api.open-meteo.com/v1/archive,2026-09-16T11:06:58.923640+00:00,1.0
huai_nam_dang,2016-01-04T21:00,13.7,76,0.0,6.2,0,open_meteo,https://archive-api.open-meteo.com/v1/archive,2026-09-16T11:06:58.923641+00:00,1.0
huai_nam_dang,2016-01-04T22:00,12.8,80,0.0,5.1,0,open_meteo,https://archive-api.open-meteo.com/v1/archive,2026-09-16T11:06:58.923642+00:00,1.0
huai_nam_dang,2016-01-04T23:00,12.0,82,0.0,4.2,0,open_meteo,https://archive-api.open-meteo.com/v1/archive,2026-09-16T11:06:58.923644+00:00,1.0
huai_nam_dang,2016-01-05T00:00,11.3,83,0.0,3.3,0,open_meteo,https://archive-api.open-meteo.com/v1/archive,2026-09-16T11:06:58.923645+00:00,1.0
huai_nam_dang,2016-01-05T01:00,10.6,85,0.0,3.3,0,open_meteo,https://archive-api.open-meteo.com/v1/archive,2026-09-16T11:06:58.923647+00:00,1.0
huai_nam_dang,2016-01-05T02:00,10.0,86,0.0,3.7,0,open_meteo,https://archive-api.open-meteo.com/v1/archive,2026-09-16T11:06:58.923648+00:00,1.0
huai_nam_dang,2016-01-05T03:00,9.4,87,0.0,4.2,0,open_meteo,https://archive-api.open-meteo.com/v1/archive,2026-09-16T11:06:58.923650+00:00,1.0
huai_nam_dang,2016-01-05T04:00,8.9,89,0.0,4.2,0,open_meteo,https://archive-api.open-meteo.com/v1/archive,2026-09-16T11:06:58.923651+00:00,1.0
huai_nam_dang,2016-01-05T05:00,8.5,89,0.0,3.2,0,open_meteo,https://archive-api.open-meteo.com/v1/archive,2026-09-16T11:06:58.923653+00:00,1.0
huai_nam_dang,2016-01-05T06:00,8.2,90,0.0,3.9,0,open_meteo,https://archive-api.open-meteo.com/v1/archive,2026-09-16T11:06:58.923654+00:00,1.0
huai_nam_dang,2016-01-05T07:00,7.9,91,0.0,3.5,0,open_meteo,https://archive-api.open-meteo.com/v1/archive,2026-09-16T11:06:58.923656+00:00,1.0
huai_nam_dang,2016-01-05T08:00,8.9,88,0.0,1.8,0,open_meteo,https://archive-api.open-meteo.com/v1/archive,2026-09-16T11:06:58.923657+00:00,1.0
huai_nam_dang,2016-01-05T09:00,13.7,72,0.0,1.8,0,open_meteo,https://archive-api.open-meteo.com/v1/archive,2026-09-16T11:06:58.923658+00:00,1.0
huai_nam_dang,2016-01-05T10:00,16.8,56,0.0,3.0,0,open_meteo,https://archive-api.open-meteo.com/v1/archive,2026-09-16T11:06:58.923660+00:00,1.0
huai_nam_dang,2016-01-05T11:00,18.4,46,0.0,2.9,0,open_meteo,https://archive-api.open-meteo.com/v1/archive,2026-09-16T11:06:58.923661+00:00,1.0
huai_nam_dang,2016-01-05T12:00,19.6,40,0.0,2.7,0,open_meteo,https://archive-api.open-meteo.com/v1/archive,2026-09-16T11:06:58.923663+00:00,1.0
huai_nam_dang,2016-01-05T13:00,20.4,37,0.0,2.5,0,open_meteo,https://archive-api.open-meteo.com/v1/archive,2026-09-16T11:06:58.923664+00:00,1.0
huai_nam_dang,2016-01-05T14:00,20.6,35,0.0,2.4,0,open_meteo,https://archive-api.open-meteo.com/v1/archive,2026-09-16T11:06:58.923666+00:00,1.0
huai_nam_dang,2016-01-05T15:00,20.7,35,0.0,2.3,0,open_meteo,https://archive-api.open-meteo.com/v1/archive,2026-09-16T11:06:58.923667+00:00,1.0
huai_nam_dang,2016-01-05T16:00,20.2,37,0.0,2.3,0,open_meteo,https://archive-api.open-meteo.com/v1/archive,2026-09-16T11:06:58.923669+00:00,1.0
huai_nam_dang,2016-01-05T17:00,19.0,48,0.0,2.1,0,open_meteo,https://archive-api.open-meteo.com/v1/archive,2026-09-16T11:06:58.923670+00:00,1.0
huai_nam_dang,2016-01-05T18:00,17.1,59,0.0,1.8,0,open_meteo,https://archive-api.open-meteo.com/v1/archive,2026-09-16T11:06:58.923671+00:00,1.0
huai_nam_dang,2016-01-05T19:00,15.7,65,0.0,1.1,0,open_meteo,https://archive-api.open-meteo.com/v1/archive,2026-09-16T11:06:58.923673+00:00,1.0
huai_nam_dang,2016-01-05T20:00,15.0,66,0.0,2.1,0,open_meteo,https://archive-api.open-meteo.com/v1/archive,2026-09-16T11:06:58.923678+00:00,1.0
huai_nam_dang,2016-01-05T21:00,14.7,64,0.0,1.6,0,open_meteo,https://archive-api.open-meteo.com/v1/archive,2026-09-16T11:06:58.923680+00:00,1.0
huai_nam_dang,2016-01-05T22:00,14.0,66,0.0,1.8,0,open_meteo,https://archive-api.open-meteo.com/v1/archive,2026-09-16T11:06:58.923681+00:00,1.0
huai_nam_dang,2016-01-05T23:00,13.2,70,0.0,1.5,0,open_meteo,https://archive-api.open-meteo.com/v1/archive,2026-09-16T11:06:58.923683+00:00,1.0
huai_nam_dang,2016-01-06T00:00,12.2,75,0.0,1.1,0,open_meteo,https://archive-api.open-meteo.com/v1/archive,2026-09-16T11:06:58.923684+00:00,1.0
huai_nam_dang,2016-01-06T01:00,11.3,80,0.0,0.8,0,open_meteo,https://archive-api.open-meteo.com/v1/archive,2026-09-16T11:06:58.923686+00:00,1.0
huai_nam_dang,2016-01-06T02:00,10.5,86,0.0,0.8,0,open_meteo,https://archive-api.open-meteo.com/v1/archive,2026-09-16T11:06:58.923687+00:00,1.0
huai_nam_dang,2016-01-06T03:00,9.9,87,0.0,0.7,0,open_meteo,https://archive-api.open-meteo.com/v1/archive,2026-09-16T11:06:58.923689+00:00,1.0
huai_nam_dang,2016-01-06T04:00,9.4,88,0.0,0.7,0,open_meteo,https://archive-api.open-meteo.com/v1/archive,2026-09-16T11:06:58.923690+00:00,1.0
huai_nam_dang,2016-01-06T05:00,9.1,88,0.0,1.5,0,open_meteo,https://archive-api.open-meteo.com/v1/archive,2026-09-16T11:06:58.923691+00:00,1.0
huai_nam_dang,2016-01-06T06:00,8.9,87,0.0,0.5,0,open_meteo,https://archive-api.open-meteo.com/v1/archive,2026-09-16T11:06:58.923693+00:00,1.0
huai_nam_dang,2016-01-06T07:00,8.8,86,0.0,0.5,0,open_meteo,https://archive-api.open-meteo.com/v1/archive,2026-09-16T11:06:58.923694+00:00,1.0
huai_nam_dang,2016-01-06T08:00,9.3,84,0.0,1.1,0,open_meteo,https://archive-api.open-meteo.com/v1/archive,2026-09-16T11:06:58.923696+00:00,1.0
huai_nam_dang,2016-01-06T09:00,13.9,71,0.0,1.1,0,open_meteo,https://archive-api.open-meteo.com/v1/archive,2026-09-16T11:06:58.923697+00:00,1.0
huai_nam_dang,2016-01-06T10:00,17.2,51,0.0,3.1,0,open_meteo,https://archive-api.open-meteo.com/v1/archive,2026-09-16T11:06:58.923699+00:00,1.0
huai_nam_dang,2016-01-06T11:00,18.9,43,0.0,4.8,0,open_meteo,https://archive-api.open-meteo.com/v1/archive,2026-09-16T11:06:58.923700+00:00,1.0
huai_nam_dang,2016-01-06T12:00,20.0,40,0.0,5.2,0,open_meteo,https://archive-api.open-meteo.com/v1/archive,2026-09-16T11:06:58.923702+00:00,1.0
huai_nam_dang,2016-01-06T13:00,20.7,38,0.0,4.2,0,open_meteo,https://archive-api.open-meteo.com/v1/archive,2026-09-16T11:06:58.923703+00:00,1.0
huai_nam_dang,2016-01-06T14:00,20.8,39,0.0,3.6,0,open_meteo,https://archive-api.open-meteo.com/v1/archive,2026-09-16T11:06:58.923705+00:00,1.0
huai_nam_dang,2016-01-06T15:00,20.9,39,0.0,3.3,0,open_meteo,https://archive-api.open-meteo.com/v1/archive,2026-09-16T11:06:58.923706+00:00,1.0
huai_nam_dang,2016-01-06T16:00,20.5,40,0.0,2.5,0,open_meteo,https://archive-api.open-meteo.com/v1/archive,2026-09-16T11:06:58.923707+00:00,1.0
huai_nam_dang,2016-01-06T17:00,19.0,52,0.0,0.5,0,open_meteo,https://archive-api.open-meteo.com/v1/archive,2026-09-16T11:06:58.923709+00:00,1.0
huai_nam_dang,2016-01-06T18:00,17.5,61,0.0,0.5,0,open_meteo,https://archive-api.open-meteo.com/v1/archive,2026-09-16T11:06:58.923710+00:00,1.0
huai_nam_dang,2016-01-06T19:00,15.6,76,0.0,1.3,0,open_meteo,https://archive-api.open-meteo.com/v1/archive,2026-09-16T11:06:58.923712+00:00,1.0
huai_nam_dang,2016-01-06T20:00,15.0,70,0.0,1.8,0,open_meteo,https://archive-api.open-meteo.com/v1/archive,2026-09-16T11:06:58.923713+00:00,1.0
huai_nam_dang,2016-01-06T21:00,15.1,63,0.0,2.1,0,open_meteo,https://archive-api.open-meteo.com/v1/archive,2026-09-16T11:06:58.923715+00:00,1.0
huai_nam_dang,2016-01-06T22:00,14.3,65,0.0,1.9,0,open_meteo,https://archive-api.open-meteo.com/v1/archive,2026-09-16T11:06:58.923716+00:00,1.0
huai_nam_dang,2016-01-06T23:00,13.4,69,0.0,1.8,0,open_meteo,https://archive-api.open-meteo.com/v1/archive,2026-09-16T11:06:58.923718+00:00,1.0
huai_nam_dang,2016-01-07T00:00,12.5,75,0.0,1.3,0,open_meteo,https://archive-api.open-meteo.com/v1/archive,2026-09-16T11:06:58.923719+00:00,1.0
huai_nam_dang,2016-01-07T01:00,11.7,79,0.0,1.3,0,open_meteo,https://archive-api.open-meteo.com/v1/archive,2026-09-16T11:06:58.923720+00:00,1.0
huai_nam_dang,2016-01-07T02:00,10.9,85,0.0,1.6,0,open_meteo,https://archive-api.open-meteo.com/v1/archive,2026-09-16T11:06:58.923722+00:00,1.0
huai_nam_dang,2016-01-07T03:00,10.3,86,0.0,1.8,0,open_meteo,https://archive-api.open-meteo.com/v1/archive,2026-09-16T11:06:58.923723+00:00,1.0
huai_nam_dang,2016-01-07T04:00,9.9,86,0.0,1.8,0,open_meteo,https://archive-api.open-meteo.com/v1/archive,2026-09-16T11:06:58.923725+00:00,1.0
huai_nam_dang,2016-01-07T05:00,9.6,86,0.0,2.5,0,open_meteo,https://archive-api.open-meteo.com/v1/archive,2026-09-16T11:06:58.923726+00:00,1.0
huai_nam_dang,2016-01-07T06:00,9.4,85,0.0,1.8,0,open_meteo,https://archive-api.open-meteo.com/v1/archive,2026-09-16T11:06:58.923728+00:00,1.0
huai_nam_dang,2016-01-07T07:00,9.3,84,0.0,2.3,0,open_meteo,https://archive-api.open-meteo.com/v1/archive,2026-09-16T11:06:58.923729+00:00,1.0
huai_nam_dang,2016-01-07T08:00,9.8,83,0.0,2.1,0,open_meteo,https://archive-api.open-meteo.com/v1/archive,2026-09-16T11:06:58.923731+00:00,1.0
huai_nam_dang,2016-01-07T09:00,14.1,73,0.0,1.5,0,open_meteo,https://archive-api.open-meteo.com/v1/archive,2026-09-16T11:06:58.923732+00:00,1.0
huai_nam_dang,2016-01-07T10:00,17.4,53,0.0,2.6,0,open_meteo,https://archive-api.open-meteo.com/v1/archive,2026-09-16T11:06:58.923734+00:00,1.0
huai_nam_dang,2016-01-07T11:00,19.1,46,0.0,4.2,1,open_meteo,https://archive-api.open-meteo.com/v1/archive,2026-09-16T11:06:58.923735+00:00,1.0
huai_nam_dang,2016-01-07T12:00,20.3,40,0.0,4.1,3,open_meteo,https://archive-api.open-meteo.com/v1/archive,2026-09-16T11:06:58.923740+00:00,1.0
huai_nam_dang,2016-01-07T13:00,21.1,37,0.0,3.6,1,open_meteo,https://archive-api.open-meteo.com/v1/archive,2026-09-16T11:06:58.923742+00:00,1.0
huai_nam_dang,2016-01-07T14:00,21.0,38,0.0,3.1,2,open_meteo,https://archive-api.open-meteo.com/v1/archive,2026-09-16T11:06:58.923743+00:00,1.0
huai_nam_dang,2016-01-07T15:00,21.0,38,0.0,3.4,2,open_meteo,https://archive-api.open-meteo.com/v1/archive,2026-09-16T11:06:58.923745+00:00,1.0
huai_nam_dang,2016-01-07T16:00,20.4,40,0.0,3.9,3,open_meteo,https://archive-api.open-meteo.com/v1/archive,2026-09-16T11:06:58.923746+00:00,1.0
huai_nam_dang,2016-01-07T17:00,19.1,51,0.0,1.5,3,open_meteo,https://archive-api.open-meteo.com/v1/archive,2026-09-16T11:06:58.923748+00:00,1.0
huai_nam_dang,2016-01-07T18:00,18.0,56,0.0,1.5,3,open_meteo,https://archive-api.open-meteo.com/v1/archive,2026-09-16T11:06:58.923749+00:00,1.0
huai_nam_dang,2016-01-07T19:00,17.1,54,0.0,2.7,1,open_meteo,https://archive-api.open-meteo.com/v1/archive,2026-09-16T11:06:58.923751+00:00,1.0
huai_nam_dang,2016-01-07T20:00,16.3,57,0.0,3.0,0,open_meteo,https://archive-api.open-meteo.com/v1/archive,2026-09-16T11:06:58.923752+00:00,1.0
huai_nam_dang,2016-01-07T21:00,15.1,61,0.0,2.9,1,open_meteo,https://archive-api.open-meteo.com/v1/archive,2026-09-16T11:06:58.923753+00:00,1.0
huai_nam_dang,2016-01-07T22:00,13.0,77,0.0,3.1,2,open_meteo,https://archive-api.open-meteo.com/v1/archive,2026-09-16T11:06:58.923755+00:00,1.0
huai_nam_dang,2016-01-07T23:00,11.9,82,0.0,2.8,3,open_meteo,https://archive-api.open-meteo.com/v1/archive,2026-09-16T11:06:58.923756+00:00,1.0
mae_ping,2016-01-01T00:00,19.8,67,0.0,2.2,0,open_meteo,https://archive-api.open-meteo.com/v1/archive,2026-09-16T11:06:58.923758+00:00,1.0
mae_ping,2016-01-01T01:00,19.2,71,0.0,2.4,0,open_meteo,https://archive-api.open-meteo.com/v1/archive,2026-09-16T11:06:58.923760+00:00,1.0
mae_ping,2016-01-01T02:00,18.7,74,0.0,2.3,0,open_meteo,https://archive-api.open-meteo.com/v1/archive,2026-09-16T11:06:58.923761+00:00,1.0
mae_ping,2016-01-01T03:00,18.2,77,0.0,3.0,1,open_meteo,https://archive-api.open-meteo.com/v1/archive,2026-09-16T11:06:58.923762+00:00,1.0
mae_ping,2016-01-01T04:00,17.9,78,0.0,3.3,1,open_meteo,https://archive-api.open-meteo.com/v1/archive,2026-09-16T11:06:58.923764+00:00,1.0
mae_ping,2016-01-01T05:00,17.5,80,0.0,2.9,1,open_meteo,https://archive-api.open-meteo.com/v1/archive,2026-09-16T11:06:58.923765+00:00,1.0
mae_ping,2016-01-01T06:00,17.4,81,0.0,3.1,1,open_meteo,https://archive-api.open-meteo.com/v1/archive,2026-09-16T11:06:58.923767+00:00,1.0
mae_ping,2016-01-01T07:00,17.2,83,0.0,2.8,2,open_meteo,https://archive-api.open-meteo.com/v1/archive,2026-09-16T11:06:58.923768+00:00,1.0
mae_ping,2016-01-01T08:00,17.4,84,0.0,2.1,3,open_meteo,https://archive-api.open-meteo.com/v1/archive,2026-09-16T11:06:58.923770+00:00,1.0
mae_ping,2016-01-01T09:00,19.9,70,0.0,3.0,3,open_meteo,https://archive-api.open-meteo.com/v1/archive,2026-09-16T11:06:58.923771+00:00,1.0
mae_ping,2016-01-01T10:00,21.5,60,0.0,7.9,3,open_meteo,https://archive-api.open-meteo.com/v1/archive,2026-09-16T11:06:58.923773+00:00,1.0
mae_ping,2016-01-01T11:00,22.6,56,0.0,7.6,3,open_meteo,https://archive-api.open-meteo.com/v1/archive,2026-09-16T11:06:58.923774+00:00,1.0
mae_ping,2016-01-01T12:00,23.4,52,0.0,8.2,3,open_meteo,https://archive-api.open-meteo.com/v1/archive,2026-09-16T11:06:58.923775+00:00,1.0
mae_ping,2016-01-01T13:00,23.9,49,0.0,8.2,3,open_meteo,https://archive-api.open-meteo.com/v1/archive,2026-09-16T11:06:58.923777+00:00,1.0
mae_ping,2016-01-01T14:00,24.2,48,0.0,7.1,3,open_meteo,https://archive-api.open-meteo.com/v1/archive,2026-09-16T11:06:58.923778+00:00,1.0
mae_ping,2016-01-01T15:00,24.1,48,0.0,6.5,3,open_meteo,https://archive-api.open-meteo.com/v1/archive,2026-09-16T11:06:58.923780+00:00,1.0
mae_ping,2016-01-01T16:00,23.9,48,0.0,5.9,3,open_meteo,https://archive-api.open-meteo.com/v1/archive,2026-09-16T11:06:58.923781+00:00,1.0
mae_ping,2016-01-01T17:00,23.1,53,0.0,5.8,2,open_meteo,https://archive-api.open-meteo.com/v1/archive,2026-09-16T11:06:58.923783+00:00,1.0
mae_ping,2016-01-01T18:00,22.1,57,0.0,5.6,1,open_meteo,https://archive-api.open-meteo.com/v1/archive,2026-09-16T11:06:58.923784+00:00,1.0
mae_ping,2016-01-01T19:00,21.1,62,0.0,5.7,0,open_meteo,https://archive-api.open-meteo.com/v1/archive,2026-09-16T11:06:58.923786+00:00,1.0
mae_ping,2016-01-01T20:00,19.7,73,0.0,4.5,0,open_meteo,https://archive-api.open-meteo.com/v1/archive,2026-09-16T11:06:58.923787+00:00,1.0
mae_ping,2016-01-01T21:00,20.1,65,0.0,3.4,0,open_meteo,https://archive-api.open-meteo.com/v1/archive,2026-09-16T11:06:58.923789+00:00,1.0
mae_ping,2016-01-01T22:00,20.1,64,0.0,3.2,0,open_meteo,https://archive-api.open-meteo.com/v1/archive,2026-09-16T11:06:58.923790+00:00,1.0
mae_ping,2016-01-01T23:00,19.4,67,0.0,3.3,0,open_meteo,https://archive-api.open-meteo.com/v1/archive,2026-09-16T11:06:58.923791+00:00,1.0
mae_ping,2016-01-02T00:00,18.6,72,0.0,4.0,0,open_meteo,https://archive-api.open-meteo.com/v1/archive,2026-09-16T11:06:58.923793+00:00,1.0
mae_ping,2016-01-02T01:00,18.1,75,0.0,4.3,0,open_meteo,https://archive-api.open-meteo.com/v1/archive,2026-09-16T11:06:58.923794+00:00,1.0
mae_ping,2016-01-02T02:00,17.5,78,0.0,4.3,0,open_meteo,https://archive-api.open-meteo.com/v1/archive,2026-09-16T11:06:58.923796+00:00,1.0
mae_ping,2016-01-02T03:00,17.2,80,0.0,3.7,0,open_meteo,https://archive-api.open-meteo.com/v1/archive,2026-09-16T11:06:58.923797+00:00,1.0
mae_ping,2016-01-02T04:00,16.9,82,0.0,3.0,1,open_meteo,https://archive-api.open-meteo.com/v1/archive,2026-09-16T11:06:58.923802+00:00,1.0
mae_ping,2016-01-02T05:00,16.7,83,0.0,2.7,1,open_meteo,https://archive-api.open-meteo.com/v1/archive,2026-09-16T11:06:58.923803+00:00,1.0
mae_ping,2016-01-02T06:00,16.5,84,0.0,2.5,1,open_meteo,https://archive-api.open-meteo.com/v1/archive,2026-09-16T11:06:58.923805+00:00,1.0
mae_ping,2016-01-02T07:00,16.3,84,0.0,2.9,2,open_meteo,https://archive-api.open-meteo.com/v1/archive,2026-09-16T11:06:58.923806+00:00,1.0
mae_ping,2016-01-02T08:00,16.6,84,0.0,2.3,2,open_meteo,https://archive-api.open-meteo.com/v1/archive,2026-09-16T11:06:58.923808+00:00,1.0
mae_ping,2016-01-02T09:00,19.4,71,0.0,1.8,3,open_meteo,https://archive-api.open-meteo.com/v1/archive,2026-09-16T11:06:58.923809+00:00,1.0
mae_ping,2016-01-02T10:00,21.3,63,0.0,3.3,3,open_meteo,https://archive-api.open-meteo.com/v1/archive,2026-09-16T11:06:58.923811+00:00,1.0
mae_ping,2016-01-02T11:00,22.8,56,0.0,4.8,3,open_meteo,https://archive-api.open-meteo.com/v1/archive,2026-09-16T11:06:58.923812+00:00,1.0
mae_ping,2016-01-02T12:00,23.7,51,0.0,4.2,2,open_meteo,https://archive-api.open-meteo.com/v1/archive,2026-09-16T11:06:58.923814+00:00,1.0
mae_ping,2016-01-02T13:00,24.5,47,0.0,3.8,1,open_meteo,https://archive-api.open-meteo.com/v1/archive,2026-09-16T11:06:58.923815+00:00,1.0
mae_ping,2016-01-02T14:00,23.9,50,0.0,3.3,1,open_meteo,https://archive-api.open-meteo.com/v1/archive,2026-09-16T11:06:58.923817+00:00,1.0
mae_ping,2016-01-02T15:00,24.3,47,0.0,3.8,0,open_meteo,https://archive-api.open-meteo.com/v1/archive,2026-09-16T11:06:58.923822+00:00,1.0
mae_ping,2016-01-02T16:00,23.9,48,0.0,5.0,0,open_meteo,https://archive-api.open-meteo.com/v1/archive,2026-09-16T11:06:58.923823+00:00,1.0
mae_ping,2016-01-02T17:00,23.3,52,0.0,4.9,1,open_meteo,https://archive-api.open-meteo.com/v1/archive,2026-09-16T11:06:58.923824+00:00,1.0
mae_ping,2016-01-02T18:00,22.2,57,0.0,5.9,1,open_meteo,https://archive-api.open-meteo.com/v1/archive,2026-09-16T11:06:58.923826+00:00,1.0
mae_ping,2016-01-02T19:00,21.2,66,0.0,4.3,1,open_meteo,https://archive-api.open-meteo.com/v1/archive,2026-09-16T11:06:58.923827+00:00,1.0
mae_ping,2016-01-02T20:00,21.5,58,0.0,3.6,1,open_meteo,https://archive-api.open-meteo.com/v1/archive,2026-09-16T11:06:58.923829+00:00,1.0
mae_ping,2016-01-02T21:00,21.1,60,0.0,3.8,1,open_meteo,https://archive-api.open-meteo.com/v1/archive,2026-09-16T11:06:58.923830+00:00,1.0
mae_ping,2016-01-02T22:00,20.7,61,0.0,4.3,1,open_meteo,https://archive-api.open-meteo.com/v1/archive,2026-09-16T11:06:58.923832+00:00,1.0
mae_ping,2016-01-02T23:00,20.3,63,0.0,4.7,0,open_meteo,https://archive-api.open-meteo.com/v1/archive,2026-09-16T11:06:58.923833+00:00,1.0
mae_ping,2016-01-03T00:00,19.9,65,0.0,3.5,1,open_meteo,https://archive-api.open-meteo.com/v1/archive,2026-09-16T11:06:58.923835+00:00,1.0
mae_ping,2016-01-03T01:00,19.4,67,0.0,3.3,1,open_meteo,https://archive-api.open-meteo.com/v1/archive,2026-09-16T11:06:58.923836+00:00,1.0
mae_ping,2016-01-03T02:00,18.8,70,0.0,3.3,1,open_meteo,https://archive-api.open-meteo.com/v1/archive,2026-09-16T11:06:58.923838+00:00,1.0
mae_ping,2016-01-03T03:00,18.3,72,0.0,3.4,1,open_meteo,https://archive-api.open-meteo.com/v1/archive,2026-09-16T11:06:58.923839+00:00,1.0
mae_ping,2016-01-03T04:00,18.0,74,0.0,3.4,1,open_meteo,https://archive-api.open-meteo.com/v1/archive,2026-09-16T11:06:58.923840+00:00,1.0
mae_ping,2016-01-03T05:00,17.6,77,0.0,3.4,0,open_meteo,https://archive-api.open-meteo.com/v1/archive,2026-09-16T11:06:58.923842+00:00,1.0
mae_ping,2016-01-03T06:00,17.2,79,0.0,2.9,1,open_meteo,https://archive-api.open-meteo.com/v1/archive,2026-09-16T11:06:58.923843+00:00,1.0
mae_ping,2016-01-03T07:00,17.0,80,0.0,2.9,1,open_meteo,https://archive-api.open-meteo.com/v1/archive,2026-09-16T11:06:58.923845+00:00,1.0
mae_ping,2016-01-03T08:00,17.1,81,0.0,2.6,0,open_meteo,https://archive-api.open-meteo.com/v1/archive,2026-09-16T11:06:58.923847+00:00,1.0
mae_ping,2016-01-03T09:00,20.0,70,0.0,1.1,0,open_meteo,https://archive-api.open-meteo.com/v1/archive,2026-09-16T11:06:58.923849+00:00,1.0
mae_ping,2016-01-03T10:00,22.3,55,0.0,1.3,0,open_meteo,https://archive-api.open-meteo.com/v1/archive,2026-09-16T11:06:58.923850+00:00,1.0
mae_ping,2016-01-03T11:00,23.8,48,0.0,1.8,0,open_meteo,https://archive-api.open-meteo.com/v1/archive,2026-09-16T11:06:58.923852+00:00,1.0
mae_ping,2016-01-03T12:00,24.8,44,0.0,1.4,0,open_meteo,https://archive-api.open-meteo.com/v1/archive,2026-09-16T11:06:58.923853+00:00,1.0
mae_ping,2016-01-03T13:00,25.4,41,0.0,1.8,0,open_meteo,https://archive-api.open-meteo.com/v1/archive,2026-09-16T11:06:58.923855+00:00,1.0
mae_ping,2016-01-03T14:00,25.4,41,0.0,2.4,0,open_meteo,https://archive-api.open-meteo.com/v1/archive,2026-09-16T11:06:58.923856+00:00,1.0
mae_ping,2016-01-03T15:00,25.7,39,0.0,3.6,2,open_meteo,https://archive-api.open-meteo.com/v1/archive,2026-09-16T11:06:58.923858+00:00,1.0
mae_ping,2016-01-03T16:00,25.6,38,0.0,4.0,2,open_meteo,https://archive-api.open-meteo.com/v1/archive,2026-09-16T11:06:58.923859+00:00,1.0
mae_ping,2016-01-03T17:00,24.8,45,0.0,4.3,1,open_meteo,https://archive-api.open-meteo.com/v1/archive,2026-09-16T11:06:58.923860+00:00,1.0
mae_ping,2016-01-03T18:00,23.4,49,0.0,7.0,0,open_meteo,https://archive-api.open-meteo.com/v1/archive,2026-09-16T11:06:58.923862+00:00,1.0
mae_ping,2016-01-03T19:00,21.6,58,0.0,6.7,1,open_meteo,https://archive-api.open-meteo.com/v1/archive,2026-09-16T11:06:58.923863+00:00,1.0
mae_ping,2016-01-03T20:00,20.6,63,0.0,6.4,0,open_meteo,https://archive-api.open-meteo.com/v1/archive,2026-09-16T11:06:58.923866+00:00,1.0
mae_ping,2016-01-03T21:00,19.5,66,0.0,6.4,0,open_meteo,https://archive-api.open-meteo.com/v1/archive,2026-09-16T11:06:58.923867+00:00,1.0
mae_ping,2016-01-03T22:00,18.7,69,0.0,6.5,0,open_meteo,https://archive-api.open-meteo.com/v1/archive,2026-09-16T11:06:58.923869+00:00,1.0
mae_ping,2016-01-03T23:00,18.3,70,0.0,6.2,0,open_meteo,https://archive-api.open-meteo.com/v1/archive,2026-09-16T11:06:58.923871+00:00,1.0
mae_ping,2016-01-04T00:00,18.0,70,0.0,5.6,0,open_meteo,https://archive-api.open-meteo.com/v1/archive,2026-09-16T11:06:58.923872+00:00,1.0
mae_ping,2016-01-04T01:00,17.9,69,0.0,5.0,0,open_meteo,https://archive-api.open-meteo.com/v1/archive,2026-09-16T11:06:58.923873+00:00,1.0
mae_ping,2016-01-04T02:00,17.8,70,0.0,4.6,0,open_meteo,https://archive-api.open-meteo.com/v1/archive,2026-09-16T11:06:58.923875+00:00,1.0
mae_ping,2016-01-04T03:00,18.1,68,0.0,3.9,0,open_meteo,https://archive-api.open-meteo.com/v1/archive,2026-09-16T11:06:58.923876+00:00,1.0
mae_ping,2016-01-04T04:00,17.7,70,0.0,3.7,0,open_meteo,https://archive-api.open-meteo.com/v1/archive,2026-09-16T11:06:58.923878+00:00,1.0
mae_ping,2016-01-04T05:00,17.2,74,0.0,3.6,0,open_meteo,https://archive-api.open-meteo.com/v1/archive,2026-09-16T11:06:58.923880+00:00,1.0
mae_ping,2016-01-04T06:00,16.7,77,0.0,3.6,0,open_meteo,https://archive-api.open-meteo.com/v1/archive,2026-09-16T11:06:58.923881+00:00,1.0
mae_ping,2016-01-04T07:00,16.3,79,0.0,3.6,0,open_meteo,https://archive-api.open-meteo.com/v1/archive,2026-09-16T11:06:58.923882+00:00,1.0
mae_ping,2016-01-04T08:00,16.4,81,0.0,3.6,0,open_meteo,https://archive-api.open-meteo.com/v1/archive,2026-09-16T11:06:58.923884+00:00,1.0
mae_ping,2016-01-04T09:00,19.7,68,0.0,1.8,0,open_meteo,https://archive-api.open-meteo.com/v1/archive,2026-09-16T11:06:58.923885+00:00,1.0
mae_ping,2016-01-04T10:00,22.5,52,0.0,1.1,0,open_meteo,https://archive-api.open-meteo.com/v1/archive,2026-09-16T11:06:58.923887+00:00,1.0
mae_ping,2016-01-04T11:00,24.0,46,0.0,2.6,0,open_meteo,https://archive-api.open-meteo.com/v1/archive,2026-09-16T11:06:58.923888+00:00,1.0
mae_ping,2016-01-04T12:00,25.0,41,0.0,4.6,0,open_meteo,https://archive-api.open-meteo.com/v1/archive,2026-09-16T11:06:58.923890+00:00,1.0
mae_ping,2016-01-04T13:00,25.8,37,0.0,6.0,1,open_meteo,https://archive-api.open-meteo.com/v1/archive,2026-09-16T11:06:58.923891+00:00,1.0
mae_ping,2016-01-04T14:00,26.0,37,0.0,6.5,0,open_meteo,https://archive-api.open-meteo.com/v1/archive,2026-09-16T11:06:58.923893+00:00,1.0
mae_ping,2016-01-04T15:00,26.2,35,0.0,7.0,0,open_meteo,https://archive-api.open-meteo.com/v1/archive,2026-09-16T11:06:58.923894+00:00,1.0
mae_ping,2016-01-04T16:00,25.9,35,0.0,7.2,0,open_meteo,https://archive-api.open-meteo.com/v1/archive,2026-09-16T11:06:58.923895+00:00,1.0
mae_ping,2016-01-04T17:00,25.0,40,0.0,5.9,0,open_meteo,https://archive-api.open-meteo.com/v1/archive,2026-09-16T11:06:58.923897+00:00,1.0
mae_ping,2016-01-04T18:00,23.4,44,0.0,7.1,0,open_meteo,https://archive-api.open-meteo.com/v1/archive,2026-09-16T11:06:58.923898+00:00,1.0
mae_ping,2016-01-04T19:00,21.4,50,0.0,7.1,0,open_meteo,https://archive-api.open-meteo.com/v1/archive,2026-09-16T11:06:58.923900+00:00,1.0
mae_ping,2016-01-04T20:00,19.5,60,0.0,7.2,0,open_meteo,https://archive-api.open-meteo.com/v1/archive,2026-09-16T11:06:58.923901+00:00,1.0
mae_ping,2016-01-04T21:00,18.9,60,0.0,6.8,0,open_meteo,https://archive-api.open-meteo.com/v1/archive,2026-09-16T11:06:58.923903+00:00,1.0
mae_ping,2016-01-04T22:00,18.0,63,0.0,6.6,0,open_meteo,https://archive-api.open-meteo.com/v1/archive,2026-09-16T11:06:58.923904+00:00,1.0
mae_ping,2016-01-04T23:00,17.1,67,0.0,6.5,0,open_meteo,https://archive-api.open-meteo.com/v1/archive,2026-09-16T11:06:58.923906+00:00,1.0
mae_ping,2016-01-05T00:00,16.5,70,0.0,6.5,0,open_meteo,https://archive-api.open-meteo.com/v1/archive,2026-09-16T11:06:58.923907+00:00,1.0
mae_ping,2016-01-05T01:00,16.0,72,0.0,6.5,0,open_meteo,https://archive-api.open-meteo.com/v1/archive,2026-09-16T11:06:58.923909+00:00,1.0
mae_ping,2016-01-05T02:00,15.6,76,0.0,5.8,0,open_meteo,https://archive-api.open-meteo.com/v1/archive,2026-09-16T11:06:58.923910+00:00,1.0
mae_ping,2016-01-05T03:00,15.3,78,0.0,5.5,0,open_meteo,https://archive-api.open-meteo.com/v1/archive,2026-09-16T11:06:58.923911+00:00,1.0
mae_ping,2016-01-05T04:00,15.0,80,0.0,5.1,0,open_meteo,https://archive-api.open-meteo.com/v1/archive,2026-09-16T11:06:58.923913+00:00,1.0
mae_ping,2016-01-05T05:00,14.5,82,0.0,4.7,0,open_meteo,https://archive-api.open-meteo.com/v1/archive,2026-09-16T11:06:58.923914+00:00,1.0
mae_ping,2016-01-05T06:00,14.0,84,0.0,5.1,0,open_meteo,https://archive-api.open-meteo.com/v1/archive,2026-09-16T11:06:58.923916+00:00,1.0
mae_ping,2016-01-05T07:00,14.0,85,0.0,4.7,0,open_meteo,https://archive-api.open-meteo.com/v1/archive,2026-09-16T11:06:58.923917+00:00,1.0
mae_ping,2016-01-05T08:00,14.6,86,0.0,4.0,0,open_meteo,https://archive-api.open-meteo.com/v1/archive,2026-09-16T11:06:58.923919+00:00,1.0
mae_ping,2016-01-05T09:00,18.8,69,0.0,2.3,0,open_meteo,https://archive-api.open-meteo.com/v1/archive,2026-09-16T11:06:58.923920+00:00,1.0
mae_ping,2016-01-05T10:00,21.6,53,0.0,2.7,0,open_meteo,https://archive-api.open-meteo.com/v1/archive,2026-09-16T11:06:58.923922+00:00,1.0
mae_ping,2016-01-05T11:00,23.2,44,0.0,3.7,0,open_meteo,https://archive-api.open-meteo.com/v1/archive,2026-09-16T11:06:58.923923+00:00,1.0
mae_ping,2016-01-05T12:00,24.4,39,0.0,3.9,0,open_meteo,https://archive-api.open-meteo.com/v1/archive,2026-09-16T11:06:58.923928+00:00,1.0
mae_ping,2016-01-05T13:00,25.2,36,0.0,3.3,0,open_meteo,https://archive-api.open-meteo.com/v1/archive,2026-09-16T11:06:58.923929+00:00,1.0
mae_ping,2016-01-05T14:00,25.4,34,0.0,2.8,0,open_meteo,https://archive-api.open-meteo.com/v1/archive,2026-09-16T11:06:58.923931+00:00,1.0
mae_ping,2016-01-05T15:00,25.5,34,0.0,2.1,0,open_meteo,https://archive-api.open-meteo.com/v1/archive,2026-09-16T11:06:58.923932+00:00,1.0
mae_ping,2016-01-05T16:00,25.3,33,0.0,2.4,0,open_meteo,https://archive-api.open-meteo.com/v1/archive,2026-09-16T11:06:58.923934+00:00,1.0
mae_ping,2016-01-05T17:00,24.0,43,0.0,3.3,0,open_meteo,https://archive-api.open-meteo.com/v1/archive,2026-09-16T11:06:58.923935+00:00,1.0
mae_ping,2016-01-05T18:00,22.0,59,0.0,4.3,0,open_meteo,https://archive-api.open-meteo.com/v1/archive,2026-09-16T11:06:58.923937+00:00,1.0
mae_ping,2016-01-05T19:00,21.6,54,0.0,3.6,0,open_meteo,https://archive-api.open-meteo.com/v1/archive,2026-09-16T11:06:58.923938+00:00,1.0
mae_ping,2016-01-05T20:00,21.1,56,0.0,1.0,0,open_meteo,https://archive-api.open-meteo.com/v1/archive,2026-09-16T11:06:58.923940+00:00,1.0
mae_ping,2016-01-05T21:00,20.8,56,0.0,0.5,0,open_meteo,https://archive-api.open-meteo.com/v1/archive,2026-09-16T11:06:58.923941+00:00,1.0
mae_ping,2016-01-05T22:00,20.1,59,0.0,2.2,0,open_meteo,https://archive-api.open-meteo.com/v1/archive,2026-09-16T11:06:58.923943+00:00,1.0
mae_ping,2016-01-05T23:00,19.1,63,0.0,3.2,1,open_meteo,https://archive-api.open-meteo.com/v1/archive,2026-09-16T11:06:58.923944+00:00,1.0
mae_ping,2016-01-06T00:00,18.1,68,0.0,4.0,3,open_meteo,https://archive-api.open-meteo.com/v1/archive,2026-09-16T11:06:58.923946+00:00,1.0
mae_ping,2016-01-06T01:00,17.3,72,0.0,4.0,3,open_meteo,https://archive-api.open-meteo.com/v1/archive,2026-09-16T11:06:58.923947+00:00,1.0
mae_ping,2016-01-06T02:00,16.5,74,0.0,4.7,3,open_meteo,https://archive-api.open-meteo.com/v1/archive,2026-09-16T11:06:58.923949+00:00,1.0
mae_ping,2016-01-06T03:00,15.8,77,0.0,4.3,3,open_meteo,https://archive-api.open-meteo.com/v1/archive,2026-09-16T11:06:58.923950+00:00,1.0
mae_ping,2016-01-06T04:00,15.1,79,0.0,4.3,3,open_meteo,https://archive-api.open-meteo.com/v1/archive,2026-09-16T11:06:58.923952+00:00,1.0
mae_ping,2016-01-06T05:00,14.8,80,0.0,4.3,3,open_meteo,https://archive-api.open-meteo.com/v1/archive,2026-09-16T11:06:58.923953+00:00,1.0
mae_ping,2016-01-06T06:00,14.6,80,0.0,4.4,2,open_meteo,https://archive-api.open-meteo.com/v1/archive,2026-09-16T11:06:58.923954+00:00,1.0
mae_ping,2016-01-06T07:00,14.8,78,0.0,4.7,0,open_meteo,https://archive-api.open-meteo.com/v1/archive,2026-09-16T11:06:58.923956+00:00,1.0
mae_ping,2016-01-06T08:00,14.8,80,0.0,4.3,0,open_meteo,https://archive-api.open-meteo.com/v1/archive,2026-09-16T11:06:58.923957+00:00,1.0
mae_ping,2016-01-06T09:00,18.6,69,0.0,2.8,0,open_meteo,https://archive-api.open-meteo.com/v1/archive,2026-09-16T11:06:58.923959+00:00,1.0
mae_ping,2016-01-06T10:00,21.9,50,0.0,2.2,0,open_meteo,https://archive-api.open-meteo.com/v1/archive,2026-09-16T11:06:58.923960+00:00,1.0
mae_ping,2016-01-06T11:00,23.8,42,0.0,2.9,0,open_meteo,https://archive-api.open-meteo.com/v1/archive,2026-09-16T11:06:58.923962+00:00,1.0
mae_ping,2016-01-06T12:00,25.0,35,0.0,4.5,0,open_meteo,https://archive-api.open-meteo.com/v1/archive,2026-09-16T11:06:58.923963+00:00,1.0
mae_ping,2016-01-06T13:00,25.7,32,0.0,4.8,0,open_meteo,https://archive-api.open-meteo.com/v1/archive,2026-09-16T11:06:58.923965+00:00,1.0
mae_ping,2016-01-06T14:00,25.7,34,0.0,4.6,0,open_meteo,https://archive-api.open-meteo.com/v1/archive,2026-09-16T11:06:58.923967+00:00,1.0
mae_ping,2016-01-06T15:00,25.8,33,0.0,4.4,0,open_meteo,https://archive-api.open-meteo.com/v1/archive,2026-09-16T11:06:58.923968+00:00,1.0
mae_ping,2016-01-06T16:00,25.6,33,0.0,4.6,0,open_meteo,https://archive-api.open-meteo.com/v1/archive,2026-09-16T11:06:58.923969+00:00,1.0
mae_ping,2016-01-06T17:00,24.5,40,0.0,5.0,0,open_meteo,https://archive-api.open-meteo.com/v1/archive,2026-09-16T11:06:58.923971+00:00,1.0
mae_ping,2016-01-06T18:00,22.8,52,0.0,7.6,0,open_meteo,https://archive-api.open-meteo.com/v1/archive,2026-09-16T11:06:58.923972+00:00,1.0
mae_ping,2016-01-06T19:00,21.1,56,0.0,6.6,0,open_meteo,https://archive-api.open-meteo.com/v1/archive,2026-09-16T11:06:58.923974+00:00,1.0
mae_ping,2016-01-06T20:00,21.6,48,0.0,5.4,0,open_meteo,https://archive-api.open-meteo.com/v1/archive,2026-09-16T11:06:58.923975+00:00,1.0
mae_ping,2016-01-06T21:00,20.9,50,0.0,4.2,0,open_meteo,https://archive-api.open-meteo.com/v1/archive,2026-09-16T11:06:58.923977+00:00,1.0
mae_ping,2016-01-06T22:00,20.3,52,0.0,3.6,0,open_meteo,https://archive-api.open-meteo.com/v1/archive,2026-09-16T11:06:58.923978+00:00,1.0
mae_ping,2016-01-06T23:00,19.7,54,0.0,3.1,0,open_meteo,https://archive-api.open-meteo.com/v1/archive,2026-09-16T11:06:58.923981+00:00,1.0
mae_ping,2016-01-07T00:00,19.1,56,0.0,2.9,0,open_meteo,https://archive-api.open-meteo.com/v1/archive,2026-09-16T11:06:58.923983+00:00,1.0
mae_ping,2016-01-07T01:00,18.7,58,0.0,3.1,0,open_meteo,https://archive-api.open-meteo.com/v1/archive,2026-09-16T11:06:58.923984+00:00,1.0
mae_ping,2016-01-07T02:00,18.2,60,0.0,3.3,0,open_meteo,https://archive-api.open-meteo.com/v1/archive,2026-09-16T11:06:58.923985+00:00,1.0
mae_ping,2016-01-07T03:00,17.5,64,0.0,3.6,0,open_meteo,https://archive-api.open-meteo.com/v1/archive,2026-09-16T11:06:58.923987+00:00,1.0
mae_ping,2016-01-07T04:00,16.8,68,0.0,3.6,0,open_meteo,https://archive-api.open-meteo.com/v1/archive,2026-09-16T11:06:58.923992+00:00,1.0
mae_ping,2016-01-07T05:00,15.8,73,0.0,4.0,0,open_meteo,https://archive-api.open-meteo.com/v1/archive,2026-09-16T11:06:58.923993+00:00,1.0
mae_ping,2016-01-07T06:00,15.3,75,0.0,3.6,0,open_meteo,https://archive-api.open-meteo.com/v1/archive,2026-09-16T11:06:58.923995+00:00,1.0
mae_ping,2016-01-07T07:00,15.2,76,0.0,3.6,1,open_meteo,https://archive-api.open-meteo.com/v1/archive,2026-09-16T11:06:58.923996+00:00,1.0
mae_ping,2016-01-07T08:00,15.0,79,0.0,3.3,0,open_meteo,https://archive-api.open-meteo.com/v1/archive,2026-09-16T11:06:58.923998+00:00,1.0
mae_ping,2016-01-07T09:00,18.8,68,0.0,1.5,0,open_meteo,https://archive-api.open-meteo.com/v1/archive,2026-09-16T11:06:58.923999+00:00,1.0
mae_ping,2016-01-07T10:00,22.2,51,0.0,1.0,0,open_meteo,https://archive-api.open-meteo.com/v1/archive,2026-09-16T11:06:58.924001+00:00,1.0
mae_ping,2016-01-07T11:00,24.3,41,0.0,4.4,0,open_meteo,https://archive-api.open-meteo.com/v1/archive,2026-09-16T11:06:58.924002+00:00,1.0
mae_ping,2016-01-07T12:00,25.5,34,0.0,6.4,0,open_meteo,https://archive-api.open-meteo.com/v1/archive,2026-09-16T11:06:58.924007+00:00,1.0
mae_ping,2016-01-07T13:00,26.3,31,0.0,6.9,0,open_meteo,https://archive-api.open-meteo.com/v1/archive,2026-09-16T11:06:58.924008+00:00,1.0
mae_ping,2016-01-07T14:00,26.3,34,0.0,6.8,0,open_meteo,https://archive-api.open-meteo.com/v1/archive,2026-09-16T11:06:58.924010+00:00,1.0
mae_ping,2016-01-07T15:00,26.4,33,0.0,6.5,2,open_meteo,https://archive-api.open-meteo.com/v1/archive,2026-09-16T11:06:58.924011+00:00,1.0
mae_ping,2016-01-07T16:00,26.3,33,0.0,5.8,2,open_meteo,https://archive-api.open-meteo.com/v1/archive,2026-09-16T11:06:58.924013+00:00,1.0
mae_ping,2016-01-07T17:00,25.6,40,0.0,4.3,3,open_meteo,https://archive-api.open-meteo.com/v1/archive,2026-09-16T11:06:58.924014+00:00,1.0
mae_ping,2016-01-07T18:00,24.0,52,0.0,5.2,2,open_meteo,https://archive-api.open-meteo.com/v1/archive,2026-09-16T11:06:58.924016+00:00,1.0
mae_ping,2016-01-07T19:00,23.8,40,0.0,5.2,3,open_meteo,https://archive-api.open-meteo.com/v1/archive,2026-09-16T11:06:58.924017+00:00,1.0
mae_ping,2016-01-07T20:00,22.6,44,0.0,4.8,3,open_meteo,https://archive-api.open-meteo.com/v1/archive,2026-09-16T11:06:58.924019+00:00,1.0
mae_ping,2016-01-07T21:00,21.5,49,0.0,4.9,3,open_meteo,https://archive-api.open-meteo.com/v1/archive,2026-09-16T11:06:58.924020+00:00,1.0
mae_ping,2016-01-07T22:00,20.6,53,0.0,4.7,3,open_meteo,https://archive-api.open-meteo.com/v1/archive,2026-09-16T11:06:58.924022+00:00,1.0
mae_ping,2016-01-07T23:00,19.8,56,0.0,4.3,2,open_meteo,https://archive-api.open-meteo.com/v1/archive,2026-09-16T11:06:58.924023+00:00,1.0
